method,step,time_s,lambda_req,lambda_des,lambda2_pre,lambda2_post,connectivity_safety_margin,lambda3_post,fiedler_gap_post,exact_global_matrix_margin,minimum_local_matrix_margin,minimum_inner_local_matrix_margin,master_residual_eta_q,allocation_inner_iterations,control_correction,task_error,active_edge_count,edge_appearances,edge_disappearances,cumulative_edge_appearances,cumulative_edge_disappearances,consensus_step,consensus_contraction,resource_zero_sum_error,p1_x_m,p1_y_m,p2_x_m,p2_y_m,p3_x_m,p3_y_m,p4_x_m,p4_y_m,p5_x_m,p5_y_m,p6_x_m,p6_y_m
nominal,0,0.025,0.195,0.205,0.9528077435349479,0.8342327942230464,0.6392327942230465,0.8715806917707243,0.037347897547677866,-2.5159180573615023,,,,,0.0,28.835790122119743,15,0,0,0,0,0.1,0.9165767205776953,,12.90543503491553,0.15747969394741762,6.0172722125,10.6527074375,-6.1439318625,10.8792142875,-12.35893805,-0.0768666125,-6.2839585375,-10.408779825,6.1673634625,-10.5778495625
nominal,1,0.05,0.195,0.205,0.8342327942230462,0.7208639582375774,0.5258639582375775,0.7851777308177449,0.06431377258016746,-2.7546501786486335,,,,,0.0,27.754447992540253,15,0,0,0,0,0.1,0.9279136041762422,,13.769631093521728,0.22222773687180708,6.16662450453125,10.90274995859375,-6.25402729265625,11.13949862671875,-12.645021010625001,-0.10015873953125,-6.44574952984375,-10.6544866565625,6.32236587015625,-10.824055678906252
nominal,2,0.07500000000000001,0.195,0.205,0.7208639582375774,0.6204127372584882,0.4254127372584882,0.7043727214194875,0.08395998416099926,-2.6864215671562506,,,,,0.0,26.713656192819993,15,0,0,0,0,0.1,0.9379587262741512,,14.601419799930193,0.28454772818653196,6.3103760856113285,11.143415885146485,-6.35999414418164,11.390022303216796,-12.920375860226564,-0.12257741179882813,-6.60147335997461,-10.890979481941407,6.47155568752539,-11.061029065947267
nominal,3,0.1,0.195,0.205,0.6204127372584881,0.5362012952199602,0.3412012952199602,0.6306519391059725,0.09445064388601232,-2.3915795281971928,,,,,0.0,25.711894085589243,15,0,0,0,0,0.1,0.946379870478004,,15.402016429848342,0.34453071982695466,6.448736982400904,11.375056839453492,-6.461987238774829,11.631151341846167,-13.185404902968067,-0.14415538385637208,-6.751357546475562,-11.118603826368604,6.615150886743188,-11.289115950974244
nominal,4,0.125,0.195,0.205,0.5362012952199599,0.46837697811949897,0.27337697811949896,0.5649616558745708,0.09658467775507185,-1.9838511686480604,,,,,0.0,24.747698057379644,15,0,0,0,0,0.1,0.9531623021880501,,16.17259068614456,0.4022643492808615,6.58190934556087,11.598011257973987,-6.560155592320773,11.863238041526936,-13.440495356606764,-0.16492418196175812,-6.895621075982729,-11.337692257879782,6.753361265990319,-11.50864957781271
nominal,5,0.15000000000000002,0.195,0.205,0.46837697811949897,0.414544684615811,0.219544684615811,0.507637408875957,0.09309272426014598,-1.5788603975977942,,,,,0.0,23.819659380227908,14,0,1,0,1,0.1,0.9585455315384189,,16.914268407829667,0.45783296763024683,6.710087745102338,11.812604885799962,-6.654642632608744,12.086621489969675,-13.68601991823401,-0.18491415013819218,-7.034474723133377,-11.54856487320929,6.886388756015681,-11.719950693644734
nominal,6,0.17500000000000002,0.195,0.205,0.4145446846158109,0.37294161684438887,0.17794161684438886,0.45847491301179283,0.08553329616740396,-1.242931006392589,,,,,0.0,22.92642215346936,14,0,0,0,1,0.1,0.9627058383155611,,17.628133214951585,0.5113177627915302,6.833459454661,12.019151252582462,-6.7455864088859165,12.301628059095812,-13.922337308800234,-0.20415449450801,-7.168121358515875,-11.751529765463943,7.014427715165093,-11.923328017633056
nominal,7,0.2,0.195,0.205,0.3729416168443888,0.3422754051133857,0.14727540511338572,0.4168406275945018,0.07456522248111608,-1.0171648933288655,,,,,0.0,22.06668132271426,14,0,0,0,1,0.1,0.9657724594886614,,18.315228091806432,0.5627968781342655,6.952204725111212,12.21795213061062,-6.833119793552695,12.50857188187972,-14.149792797220226,-0.2226733259639596,-7.2967562450715295,-11.946883474259044,7.137665213346402,-12.119078691971817
nominal,8,0.225,0.195,0.205,0.34227540511338583,0.32018824690585923,0.12518824690585922,0.38179192951438773,0.0616036826085285,-0.863632322402474,,,,,0.0,21.239180773112473,14,0,0,0,1,0.1,0.9679811753094141,,18.97655691077922,0.6123455266516482,7.066497047919541,12.409297975712722,-6.9173706762944684,12.70775531130923,-14.368718704824467,-0.2404977012403111,-7.420567323381348,-12.13491141897433,7.256281305345912,-12.307488716022874
nominal,9,0.25,0.195,0.205,0.32018824690585923,0.3036677319048224,0.10866773190482237,0.3522158573462973,0.04854812544147491,-0.7337596241145,,,,,0.0,20.442711494120758,13,0,1,0,2,0.1,0.9696332268095178,,19.613085899040527,0.660036100849629,7.176503408622558,12.593468351623494,-6.998462150933426,12.899469362135134,-14.579434890893548,-0.25765366244379945,-7.539735486254547,-12.315888315762793,7.37044929389544,-12.488833364172017
nominal,10,0.275,0.195,0.205,0.3036677319048223,0.28985841589997957,0.09485841589997956,0.326997414997244,0.037138999097264425,-0.6372709107525454,,,,,0.0,19.67610981309123,13,0,0,0,2,0.1,0.971014158410002,,20.225745050242036,0.7059382785151856,7.282384530799212,12.770732338437613,-7.076512695273422,13.083994136055066,-14.78224921998504,-0.27416627510215696,-7.6544348430200015,-12.490078578921688,7.480335982874362,-12.663377588015566
nominal,11,0.30000000000000004,0.195,0.205,0.28985841589997946,0.2772136747135595,0.0822136747135595,0.30515648173706317,0.027942807023503657,-0.5732310593132763,,,,,0.0,18.93825569510031,12,0,1,0,3,0.1,0.9722786325286441,,20.81542948327349,0.7501191245182838,7.384295110894242,12.941348925746203,-7.151636344200669,13.261599230953001,-14.977458011735601,-0.29005966478582607,-7.764832973906752,-12.657736707212125,7.586101921016573,-12.831376403464983
nominal,12,0.325,0.195,0.205,0.2772136747135595,0.2650678604668837,0.07006786046688368,0.286113421307816,0.021045560840932287,-0.5346499609300939,,,,,0.0,18.228071106534045,10,0,2,0,5,0.1,0.9734932139533117,,21.383000750066266,0.7926431887962657,7.482384044235708,13.10556739103072,-7.223942856293144,13.432544134792263,-15.165346473795516,-0.3053570523563576,-7.871091174885248,-12.81910765569167,7.687901636478452,-12.993075263335045
nominal,13,0.35000000000000003,0.195,0.205,0.2650678604668836,0.25287679717145556,0.05787679717145555,0.26974354365538755,0.016866746483931994,-0.5149667649498906,,,,,0.0,17.544518440039017,10,0,0,0,5,0.1,0.9747123202828545,,21.929288094354312,0.8335726006638234,7.5767946425768695,13.263627663867068,-7.293537874182151,13.597078604737552,-15.346189118528184,-0.32008078789299416,-7.973364693327052,-12.974427193603233,7.78588386261051,-13.14871041595998
nominal,14,0.375,0.195,0.205,0.2528767971714555,0.2402532608945174,0.045253260894517394,0.25609085953611027,0.01583759864159287,-0.5021396278099678,,,,,0.0,16.886598998537558,10,0,0,0,5,0.1,0.9759746739105483,,22.455089663231554,0.8729671595863477,7.667664843480237,13.415760676472052,-7.360523078900321,13.755443032059894,-15.520250164083377,-0.33425238334700685,-8.071802954827287,-13.123922248843112,7.880191755262616,-13.298509250361482
nominal,15,0.4,0.195,0.205,0.24025326089451743,0.2273527479343719,0.0323527479343719,0.24473367946431057,0.017380931529938665,-0.4925648361700705,,,,,0.0,16.253351536092396,10,0,0,0,5,0.1,0.9772647252065628,,22.9611736732759,0.9108844225492774,7.755127411849728,13.56218870110435,-7.4249963384415585,13.907868793357649,-15.68778392043025,-0.3478925439714941,-8.166549781521264,-13.267811239511495,7.970963101940268,-13.442690628472926
nominal,16,0.42500000000000004,0.195,0.205,0.227352747934372,0.2147009670682201,0.019700967068220082,0.23490896622973753,0.020207999161517443,-0.4852546783714081,,,,,0.0,15.643850853488932,10,0,0,0,5,0.1,0.978529903293178,,23.448279532943584,0.9473797881510971,7.8393101339053635,13.703125674812938,-7.48705185075,14.054578588606736,-15.849035160914116,-0.3610211985725631,-8.257743602214216,-13.406304393029814,8.058330523117508,-13.581465204905191
nominal,17,0.45,0.195,0.205,0.21470096706822012,0.20266142170148413,0.007661421701484122,0.22602723263427726,0.023365810932793135,-0.47967478605133956,,,,,0.0,15.057206446483097,10,0,0,0,5,0.1,0.9797338578298516,,23.91711892287373,0.9825065775428486,7.920336003883913,13.838777512007454,-7.546780281346876,14.195786766533983,-16.004239479879836,-0.373657528626092,-8.345517654631182,-13.539604053291196,8.142421666000601,-13.715035734721246
nominal,18,0.47500000000000003,0.195,0.205,0.20266142170148418,0.19136717308941878,-0.003632826910581227,0.21773422700839373,0.026367053918974953,-0.4756155633740779,,,,,0.0,14.492561204739982,10,0,0,0,5,0.1,0.9808632826910582,,24.368376835681495,1.0163161123324094,7.998323403738266,13.969342405307174,-7.604268895796368,14.331699637788958,-16.15362363688434,-0.38581999630261354,-8.430000180082512,-13.667904976292776,8.223359391025578,-13.8435973696692
nominal,19,0.5,0.195,0.205,0.1913671730894188,0.18082900751623188,-0.01417099248376813,0.20980281215861757,0.028973804642385692,-0.4731322405752743,,,,,0.0,13.949090159562234,10,0,0,0,5,0.1,0.9819170992483768,,24.802712576758967,1.0488577895673616,8.07338627609808,14.095011115108155,-7.659601687204004,14.462515776371871,-16.297405888001176,-0.3975263714412655,-8.511314610829418,-13.791394614681797,8.30126195136212,-13.967337943306605
nominal,20,0.525,0.195,0.205,0.18082900751623193,0.17100334904894934,-0.023996650951050663,0.20206922434194924,0.031065875292999895,-0.47254497492192615,,,,,0.0,13.42599927857865,10,0,0,0,5,0.1,0.9828996650951051,,25.220760727546036,1.0801791539060033,8.145634290744402,14.2159672482916,-7.712859498933854,14.588426309757926,-16.43579630470113,-0.4087937575122181,-8.589579750423315,-13.91025339163123,8.37624316568604,-14.086438245432607
nominal,21,0.55,0.195,0.205,0.17100334904894937,0.16182133358547016,-0.03317866641452985,0.19441085904772018,0.032589525462250024,-0.474491636736898,,,,,0.0,12.92252430563195,10,0,0,0,5,0.1,0.983817866641453,,25.62313207267859,1.1103259670819459,8.215173004841487,14.332387526480664,-7.764120142723835,14.709615198142004,-16.56899708077484,-0.4196386166055099,-8.66490994728244,-14.024654964445059,8.448412584472813,-14.201072286228884
nominal,22,0.5750000000000001,0.195,0.205,0.16182133358547018,0.15320035200212812,-0.04179964799787189,0.1867431344897381,0.03354278248760997,-0.479995803849973,,,,,0.0,12.43792964417075,10,0,0,0,5,0.1,0.9846799647997871,,26.010414492368675,1.1393422747637905,8.28210401715993,14.44444204423764,-7.813458512371691,14.826259503211679,-16.697202827745784,-0.43007679348280325,-8.737415261759349,-14.134766478278369,8.517875650055082,-14.311407550495302
nominal,23,0.6000000000000001,0.195,0.205,0.1532003520021282,0.1450486121323614,-0.049951387867638614,0.17902350318402657,0.03397489105166518,-0.49038184152933717,,,,,0.0,11.971507282514345,10,0,0,0,5,0.1,0.9854951387867639,,26.38317382132038,1.1672704709075659,8.346525116516434,14.552294517578728,-7.860946693157752,14.938529646841241,-16.820600859205317,-0.4401235387271981,-8.807201626943373,-14.24074881034293,8.584733850678017,-14.417605242351728
nominal,24,0.625,0.195,0.205,0.14504861213236137,0.1372674237041473,-0.05773257629585271,0.17125608742271123,0.03398866371856393,-0.5066868496349519,,,,,0.0,11.522575759420057,10,0,0,0,5,0.1,0.9862732576295853,,26.741954675436396,1.1941513596959499,8.408530424647067,14.656102523169526,-7.906654067164336,15.046589660084694,-16.939371464485117,-0.4497935310249282,-8.874371003432996,-14.342756804955071,8.64908486877759,-14.519820520763538
nominal,25,0.65,0.195,0.205,0.13726742370414735,0.1297538464363035,-0.06524615356369651,0.1634922314789366,0.0337383850426331,-0.5286302978751838,,,,,0.0,11.090479168441805,10,0,0,0,5,0.1,0.9870246153563697,,27.087281247523062,1.2200242151547693,8.468210533722802,14.756017728550669,-7.950647414645673,15.150597422831517,-17.053688172066924,-0.4591008986114934,-8.93902152830426,-14.440939499769256,8.71102272369843,-14.618202726234905
nominal,26,0.675,0.195,0.205,0.1297538464363036,0.12240497124658642,-0.07259502875341359,0.15582308492627353,0.03341811367968711,-0.5543123217212154,,,,,0.0,10.674586199625239,10,0,0,0,5,0.1,0.9877595028753413,,27.419658073156477,1.2449268385338832,8.525652638708197,14.852186113730019,-7.992991011596461,15.250704894475335,-17.163718003114415,-0.4680592399135624,-9.001247658492849,-14.535440343527908,8.77063790905974,-14.712895599001097
nominal,27,0.7000000000000001,0.195,0.205,0.12240497124658639,0.11512934984935519,-0.07987065015064482,0.1483623342687722,0.03323298441941702,-0.5811433466750582,,,,,0.0,10.274289217139291,9,0,1,0,6,0.1,0.9884870650150644,,27.73957076782864,1.26889561353628,8.580940664756639,14.944748184465142,-8.033746723661594,15.34705833593251,-17.269621715497625,-0.4766816434168038,-9.061140308799366,-14.626397405645612,8.828017524969999,-14.804037489038556
nominal,28,0.7250000000000001,0.195,0.205,0.11512934984935526,0.10786806788809397,-0.08713193211190604,0.14122258409749636,0.033354516209402385,-0.6067400828607519,,,,,0.0,9.889003371496567,8,0,1,0,7,0.1,0.9892131932111906,,28.047486736450594,1.2919655594760873,8.634155389828265,15.0338391775477,-8.072974096524284,15.43979852333504,-17.371554038666464,-0.48498070678867367,-9.11878698471939,-14.713943577933902,8.883245405283624,-14.89176155819961
nominal,29,0.75,0.195,0.205,0.107868067888094,0.10060641367313967,-0.09439358632686033,0.13449653639572684,0.033890122722587165,-0.6293434350607507,,,,,0.0,9.518165745065446,6,0,2,0,9,0.1,0.989939358632686,,28.343855856249228,1.3141703824431517,8.685374562709706,15.119589258389661,-8.110730442904623,15.529060953709976,-17.469663899716473,-0.4929685552840984,-9.174271910292413,-14.79820676876138,8.936402240085489,-14.976195974767124
nominal,30,0.775,0.195,0.205,0.10060641367313969,0.09337125600813703,-0.10162874399186297,0.12825049196660973,0.0348792359584727,-0.6481967119039086,,,,,0.0,9.161234529625492,6,0,0,0,9,0.1,0.9906628743991863,,28.62911113405541,1.3355425245489512,8.734673016608092,15.202123711200048,-8.1470709262957,15.614976042945852,-17.564094640977103,-0.5006568594609447,-9.227676151156448,-14.879310089932828,8.987565693582283,-15.057464100713357
nominal,31,0.8,0.195,0.205,0.09337125600813696,0.0862196201516553,-0.10878037984834471,0.12251828643136241,0.03629866627970711,-0.6630763403964068,,,,,0.0,8.817688234764537,6,0,0,0,9,0.1,0.9913780379848345,,28.90366933894386,1.3561132113257832,8.782122778485288,15.281563122030047,-8.182048641559613,15.697669316335382,-17.654984229440462,-0.5080568522311593,-9.279077732988082,-14.957372036560347,9.036810517572947,-15.135684671936607
nominal,32,0.8250000000000001,0.195,0.205,0.08621962015165534,0.07922247303079735,-0.11577752696920265,0.11729962229378822,0.03807714926299087,-0.6741552593952687,,,,,0.0,8.487024925960869,6,0,0,0,9,0.1,0.9920777526969202,,29.167931611148994,1.375912497348484,8.82779317429209,15.35802355495392,-8.215714692501127,15.777261591972806,-17.742465458336444,-0.5151793452724908,-9.328551755501028,-15.032506660189334,9.084208660663961,-15.210971971738985
nominal,33,0.8500000000000001,0.195,0.205,0.07922247303079734,0.07245259064554282,-0.12254740935445718,0.11257110961042657,0.04011851896488375,-0.6818069509845504,,,,,0.0,8.168761491237335,6,0,0,0,9,0.1,0.9927547409354457,,29.422284048146437,1.3949693101453335,8.871750930256136,15.431616721643149,-8.248118266532334,15.853869157273826,-17.826666141148827,-0.5220347448247724,-9.376170502169739,-15.104823735432234,9.129829373389063,-15.283435997798772
nominal,34,0.875,0.195,0.205,0.07245259064554284,0.06597464287479103,-0.12902535712520896,0.10829728292620489,0.042322640051413854,-0.6865030381231961,,,,,0.0,7.862432935315935,6,0,0,0,9,0.1,0.9934025357125209,,29.667098268756476,1.4133114924623011,8.91406027037153,15.50245014458153,-8.27930670653737,15.927603938876057,-17.907709298355748,-0.5286330668938435,-9.422003545838374,-15.174428920353526,9.173739309386972,-15.353182622881318
nominal,35,0.9,0.195,0.205,0.06597464287479102,0.05983949749710486,-0.13516050250289513,0.10443853605582375,0.044599038558718884,-0.688743039557639,,,,,0.0,7.567591700241587,6,0,0,0,9,0.1,0.9940160502502895,,29.90273195609364,1.4309658429423824,8.954783010232598,15.570627314159722,-8.30932558004222,15.998573666168205,-17.985713337167407,-0.5349839518853243,-9.466117850369434,-15.241423910840268,9.216002622784961,-15.420313749523268
nominal,36,0.925,0.195,0.205,0.05983949749710486,0.054082442123923324,-0.14091755787607668,0.10095569456755853,0.0468732524436352,-0.6890083887887317,,,,,0.0,7.283807011482527,6,0,0,0,9,0.1,0.9945917557876076,,30.129529380155656,1.4479581552794607,8.993978647348875,15.636247839878733,-8.338218745790636,16.066882028686898,-18.06079222452363,-0.5410966786896246,-9.50857786848058,-15.305906589183758,9.256681061930525,-15.484927458916147
nominal,37,0.9500000000000001,0.195,0.205,0.054082442123923304,0.04872398465241216,-0.14627601534758786,0.09781214149971436,0.0490881568473022,-0.6877362877895883,,,,,0.0,7.010664248551934,6,0,0,0,9,0.1,0.9951276015347588,,30.347821900815347,1.4643132559038985,9.031704448073292,15.69940759588328,-8.366028417823488,16.13262882761114,-18.133055653603996,-0.5469801782387637,-9.549445635912559,-15.367971167089367,9.295834059608131,-15.54711815420679
nominal,38,0.9750000000000001,0.195,0.205,0.04872398465241215,0.043771936263879783,-0.15122806373612022,0.09497452213636025,0.051202585872480465,-0.68530778747505,,,,,0.0,6.747764339231238,6,0,0,0,9,0.1,0.995622806373612,,30.5579284519503,1.48005504025492,9.068015531270543,15.760198861037656,-8.392795227155107,16.19591012157572,-18.202609204093847,-0.55264304655481,-9.588780862065837,-15.427708323323516,9.333518819872825,-15.606976698424036
nominal,39,1.0,0.195,0.205,0.043771936263879825,0.039223900326678045,-0.15577609967332195,0.09241275622149576,0.05318885589481772,-0.6820450720200267,,,,,0.0,6.494723176510067,6,0,0,0,9,0.1,0.9960776099673322,,30.76015600741769,1.495206507692778,9.102964948847898,15.818710453748745,-8.41855828113679,16.25681836701663,-18.26955449644033,-0.5580935573090047,-9.626641017238368,-15.485205336198884,9.369790401627595,-15.664590547233136
nominal,40,1.0250000000000001,0.195,0.205,0.039223900326678066,0.03506968749173106,-0.15993031250826895,0.09009977404111669,0.055030086549385626,-0.6782141233427452,,,,,0.0,6.2511710573909385,6,0,0,0,9,0.1,0.9964930312508269,,30.95480002955506,1.5097897951017165,9.136603763266102,15.875027861733166,-8.44335522059416,16.315442553253508,-18.333989340323814,-0.563339673909917,-9.663081416591929,-15.540546211091426,9.40470179906656,-15.720043876711893
nominal,41,1.05,0.195,0.205,0.03506968749173106,0.03129344244209654,-0.16370655755790348,0.08801118115845799,0.05671773871636145,-0.6740301418293562,,,,,0.0,6.0167521427387785,6,0,0,0,9,0.1,0.9968706557557904,,31.142144900862274,1.5238262092328199,9.168981122143624,15.929233366918172,-8.467222274821879,16.3718683325065,-18.396007877561672,-0.5683890611382951,-9.69815530096973,-15.593811803175498,9.438304019101563,-15.773417706335197
nominal,42,1.075,0.195,0.205,0.03129344244209657,0.02787541641578079,-0.16712458358421922,0.08612493836050256,0.05824952194472177,-0.6696640611045066,,,,,0.0,5.791123937386074,6,0,0,0,9,0.1,0.9972124583584219,,31.32246433949547,1.5373362578340068,9.200144330063237,15.981406165658742,-8.490194314516058,16.426178145037508,-18.45570071965311,-0.573249096345609,-9.731913914683366,-15.645079935556417,9.470646155885255,-15.824790017347627
nominal,43,1.1,0.195,0.205,0.027875416415780792,0.024793392773350274,-0.17020660722664974,0.08442108523521252,0.05962769246186225,-0.6652491798963085,,,,,0.0,5.573956789734097,6,0,0,0,9,0.1,0.997520660722665,,31.496021799179918,1.5503396796126492,9.230138917685865,16.03162248444654,-8.512304902721706,16.4784513395986,-18.51315508016612,-0.5779268802326487,-9.76440658038274,-15.694425512973051,9.501775462539559,-15.874235866697092
nominal,44,1.125,0.195,0.205,0.0247933927733503,0.022023803734397076,-0.17297619626560293,0.08288151041381704,0.06085770667941996,-0.6608873858187052,,,,,0.0,5.364933410119067,6,0,0,0,9,0.1,0.9977976196265603,,31.6630708541262,1.5628554730745925,9.259008708272646,16.079955691279796,-8.533586343869642,16.528764289363654,-18.56845490215989,-0.5824292472239244,-9.795680771118388,-15.741920631236562,9.531737420194325,-15.92182749669595
nominal,45,1.1500000000000001,0.195,0.205,0.022023803734397097,0.019542585700150817,-0.17545741429984918,0.08148976219118487,0.06194717649103405,-0.656654726385616,,,,,0.0,5.163748407239603,6,0,0,0,9,0.1,0.9980457414299849,,31.823855569512,1.5749019242817128,9.286795881712422,16.126476402856802,-8.55406973097453,16.577190503512515,-18.62168098082889,-0.5867627754530272,-9.825782179701449,-15.78763468256519,9.560575804437038,-15.967634440569853
nominal,46,1.175,0.195,0.205,0.01954258570015083,0.01732581981276092,-0.17767418018723907,0.08023089108931306,0.06290507127655214,-0.6526062473323713,,,,,0.0,4.97010784196812,6,0,0,0,9,0.1,0.9982674180187239,,31.978610858070827,1.5864966335685662,9.313541036148205,16.171252587749674,-8.573784991062986,16.623800734630795,-18.67291108154781,-0.5909337963735387,-9.854754785462644,-15.831634456968995,9.588332749270648,-16.011723624048482
nominal,47,1.2000000000000002,0.195,0.205,0.017325819812760927,0.01535019951030939,-0.17964980048969062,0.07909131660961774,0.06374111709930835,-0.6487801091664331,,,,,0.0,4.783728797894313,6,0,0,0,9,0.1,0.9984649800489691,,32.1275628233087,1.5976565412571626,9.339283247292647,16.21434966570906,-8.592760928898125,16.66866308208214,-18.722220053489767,-0.594948404009531,-9.882640918507795,-15.873984239832659,9.615048808672999,-16.054159463146664
nominal,48,1.225,0.195,0.205,0.015350199510309403,0.013593360712338316,-0.18140663928766168,0.07805871195723353,0.06446535124489522,-0.645201038548088,,,,,0.0,4.604338967973273,6,0,0,0,9,0.1,0.9986406639287662,,32.270929089850156,1.6083979524074365,9.364060125519172,16.255830603244974,-8.611025269064445,16.71184309150406,-18.769679938983902,-0.5988124638591735,-9.909481321563753,-15.914745905838934,9.640763015847762,-16.095003958278664
nominal,49,1.25,0.195,0.205,0.0135933607123383,0.012034104207271891,-0.18296589579272812,0.07712190160427411,0.06508779739700221,-0.6418831902820024,,,,,0.0,4.431676256674279,6,0,0,0,9,0.1,0.9987965895792729,,32.4089191213963,1.6187365606395754,9.387907870812203,16.295756005623286,-8.628604696474529,16.75340385057266,-18.815360078772006,-0.6025316214644545,-9.935315209505113,-15.953979009369974,9.665512940253471,-16.134316784843215
nominal,50,1.2750000000000001,0.195,0.205,0.01203410420727188,0.010652534176650802,-0.1843474658233492,0.0762707610334692,0.06561822685681841,-0.638832501299446,,,,,0.0,4.265488397048992,6,0,0,0,9,0.1,0.9989347465823349,,32.54173452675947,1.628687471063009,9.410861325656745,16.334184205412413,-8.645524895356735,16.793406081176187,-18.859327213318057,-0.6061113106595375,-9.960180326648672,-15.9917408715186,9.689334742493966,-16.172155380411596
nominal,51,1.3,0.195,0.205,0.01065253417665081,0.009430133329575829,-0.1855698666704242,0.07549613558830383,0.066066002258728,-0.6360486109671992,,,,,0.0,4.105532582159654,6,0,0,0,9,0.1,0.9990569866670425,,32.66956935442152,1.6382652223455638,9.432954025944618,16.37117134770945,-8.661810586780858,16.83190822813208,-18.90164558031863,-0.6095567615098049,-9.984113001899347,-16.028086663836653,9.712263227150443,-16.208575028646163
nominal,52,1.3250000000000002,0.195,0.205,0.009430133329575818,0.008349789407455004,-0.186650210592545,0.07478977126746968,0.06643998186001468,-0.633526409054834,,,,,0.0,3.951575110328667,6,0,0,0,9,0.1,0.9991650210592545,,32.79261037604624,1.647483807955023,9.454218249971694,16.406771472170345,-8.677485564776575,16.868966544577127,-18.94237700855668,-0.6128730079531872,-10.007148201828121,-16.06306948894278,9.734331893632302,-16.243628940071932
nominal,53,1.35,0.195,0.205,0.008349789407455012,0.0073957852326061455,-0.18760421476739386,0.0741442420529698,0.06674845682036365,-0.6312573004957934,,,,,0.0,3.803391043691342,6,0,0,0,9,0.1,0.9992604214767394,,32.91103735936004,1.6563566966041272,9.474685065597756,16.441036591963957,-8.692572731097453,16.904635174155484,-18.981581008235803,-0.6160648951549427,-10.029319581759566,-16.096740458107426,9.75557298512109,-16.277368329819236
nominal,54,1.375,0.195,0.205,0.007395785232606159,0.006553762698801401,-0.1884462373011986,0.07355288142348837,0.06699911872468697,-0.6292302091021794,,,,,0.0,3.6607638795529187,6,0,0,0,9,0.1,0.9993446237301199,,33.02502333079956,1.66489685192889,9.49438437563784,16.47401676976531,-8.707094128681298,16.938966230124652,-19.01931485792696,-0.6191370865866324,-10.050659534943582,-16.1291487659284,9.776017535679049,-16.309842492451015
nominal,55,1.4000000000000001,0.195,0.205,0.0065537626988013955,0.0058106683991782085,-0.1891893316008218,0.07300971799873111,0.0671990495995529,-0.6274323754797726,,,,,0.0,3.523485234069684,6,0,0,0,9,0.1,0.9994189331600822,,33.13473482831011,1.6731167514289742,9.51334496155142,16.50576019089911,-8.721070973855749,16.97200987149498,-19.0556336882547,-0.6220940708396336,-10.071199239883198,-16.160341762206084,9.795695415591085,-16.3410988739841
nominal,56,1.425,0.195,0.205,0.005810668399178213,0.00515468688884603,-0.189845313111154,0.07250941508684278,0.06735472819799675,-0.625849987226117,,,,,0.0,3.39135453779207,6,0,0,0,9,0.1,0.9994845313111154,,33.24033214466401,1.6810284046978052,9.531594525493242,16.536313233740394,-8.734523687336159,17.00381437631392,-19.09059056244515,-0.6249401681831473,-10.090968705887578,-16.190365021123355,9.81463537500642,-16.3711831412097
nominal,57,1.4500000000000002,0.195,0.205,0.0051546868888460206,0.0045751662264189846,-0.19042483377358102,0.07204721386166955,0.06747204763525057,-0.6244686720927537,,,,,0.0,3.2641787426248694,6,0,0,0,9,0.1,0.9995424833773581,,33.341969561654636,1.6886433709690551,9.549159730787245,16.56572053747513,-8.747471924061053,17.034426212202145,-19.124236553853457,-0.6276795368762793,-10.109996816916794,-16.21926240783123,9.832865085943679,-16.400139248414334
nominal,58,1.475,0.195,0.205,0.004575166226418987,0.004062539350113055,-0.19093746064988695,0.07161887350678403,0.06755633415667098,-0.6232738796440256,,,,,0.0,3.1417720397764395,6,0,0,0,9,0.1,0.9995937460649887,,33.439795575508114,1.6959727760051333,9.566066240882723,16.594025067319812,-8.759934601908762,17.063890104244564,-19.156620820583953,-0.6303161792434189,-10.128311373782415,-16.24707614253756,9.85041118272079,-16.428009501598797
nominal,59,1.5,0.195,0.205,0.0040625393501130605,0.003608243991250069,-0.19139175600874994,0.07122062035707688,0.06761237636582682,-0.6222511727010074,,,,,0.0,3.0239555882848235,6,0,0,0,9,0.1,0.999639175600875,,33.53395311384209,1.7030273283523585,9.582338756849621,16.62126817729532,-8.771929929337183,17.092249100335394,-19.187790677312055,-0.6328539475217907,-10.145939134765575,-16.2738468621924,9.867299300868762,-16.454834620288842
nominal,60,1.5250000000000001,0.195,0.205,0.00360824399125007,0.0032046431237595947,-0.1917953568762404,0.0708491133981064,0.06764447027434681,-0.6213864446718833,,,,,0.0,2.91055725372414,6,0,0,0,9,0.1,0.999679535687624,,33.62457974448854,1.7098173349865626,9.59800105346776,16.647489670646745,-8.78347543198704,17.119544634072817,-19.217791664412854,-0.6352965494897236,-10.162905854711866,-16.299613679860183,9.883554114586182,-16.480653797028012
nominal,61,1.55,0.195,0.205,0.0032046431237596038,0.002844947394305994,-0.19215505260569402,0.07050140184147793,0.06765645444717194,-0.6206660794513954,,,,,0.0,2.801411356709486,6,0,0,0,9,0.1,0.9997155052605694,,33.71180787648575,1.7163527163719843,9.613076013962718,16.672727857997494,-8.794587978287526,17.145816585295087,-19.246667614497373,-0.637647553883859,-10.179236322660172,-16.324414241865426,9.8991993727892,-16.50550475463946
nominal,62,1.5750000000000002,0.195,0.205,0.0028449473943059833,0.0025232901290000455,-0.19247670987099996,0.07017492575333818,0.06765163562433814,-0.6200770640093939,,,,,0.0,2.696358430832878,5,0,1,0,10,0.1,0.9997476709871,,33.795764953533066,1.7226430209554524,9.627585663439117,16.69701961332259,-8.805283804101743,17.171103338346523,-19.27446071645372,-0.6399103956132143,-10.194954398060416,-16.348284782795474,9.914257933809605,-16.52942380134048
nominal,63,1.6,0.195,0.205,0.0025232901290000325,0.0022355502092265946,-0.19276444979077342,0.06986772723321047,0.06763217702398387,-0.6195854761473217,,,,,0.0,2.5952449896766456,5,0,0,0,10,0.1,0.9997764449790774,,33.876573640191104,1.7286974391170407,9.64155120106015,16.72040042782299,-8.815578536447928,17.19544183815853,-19.301211577086708,-0.6420883807777188,-10.21008304563315,-16.371260178440643,9.928751798791744,-16.552445883790213
nominal,64,1.625,0.195,0.205,0.0022355502092265825,0.001978462162068988,-0.19302153783793102,0.06957820072115953,0.06759973855909054,-0.6191383948252528,,,,,0.0,2.4979233025637733,5,0,0,0,10,0.1,0.9998021537837931,,33.954352001099465,1.7345248165975693,9.654993031020394,16.742904461779627,-8.825487216331132,17.218867644227586,-19.326959280445955,-0.6441846914985543,-10.224644368921906,-16.39337399674912,9.942702143837053,-16.57460463814808
nominal,65,1.6500000000000001,0.195,0.205,0.001978462162069009,0.0017490300638787865,-0.19325096993612123,0.06930491458853749,0.0675558845246587,-0.6187311545759433,,,,,0.0,2.4042511787176344,5,0,0,0,10,0.1,0.9998250969936121,,34.02921367347376,1.740133667422578,9.66793079235713,16.76456459446289,-8.835024320718714,17.24141498256905,-19.35174144492923,-0.6462023905673585,-10.238659642587335,-16.414658546871028,9.956129350943163,-16.595932439217528
nominal,66,1.675,0.195,0.205,0.0017490300638787642,0.001544511378230437,-0.19345548862176956,0.06904658836097931,0.06750207698274888,-0.6183607439652867,,,,,0.0,2.3140917595157227,5,0,0,0,10,0.1,0.9998455488621769,,34.101268033134026,1.745532186341649,9.680383387643737,16.78541247217053,-8.844203783691762,17.263116795722713,-19.375594278244385,-0.6481444259210826,-10.25214934349031,-16.435144926363364,9.969053037782794,-16.61646044774687
nominal,67,1.7000000000000002,0.195,0.205,0.0015445113782304326,0.0013624024280004374,-0.19363759757199958,0.06880207387330418,0.06743967144530374,-0.6180242852536576,,,,,0.0,2.2273133185338807,5,0,0,0,10,0.1,0.9998637597572,,34.17062035430703,1.7507282608012549,9.692369010607097,16.805478554464138,-8.853039016803322,17.28400479088311,-19.39855263031022,-0.650013634949042,-10.265133180609423,-16.45486306662474,9.98149208636594,-16.636218655956363
nominal,68,1.725,0.195,0.205,0.0013624024280004506,0.0012004232368103506,-0.19379957676318965,0.06857033908866678,0.06736991585185642,-0.617719048439731,,,,,0.0,2.1437890690888612,5,0,0,0,10,0.1,0.999879957676319,,34.23737196343605,1.7557294824686254,9.70390517270933,16.824792158671734,-8.861542928673197,17.30410948622499,-19.420650044173588,-0.6518127486384528,-10.27763012383657,-16.473841776626312,9.993464670627217,-16.655235931358
nominal,69,1.75,0.195,0.205,0.0012004232368103681,0.0010565021753642827,-0.1939434978246357,0.06835045416317102,0.06729395198780674,-0.6174424595001775,,,,,0.0,2.063396978998027,5,0,0,0,10,0.1,0.9998943497824636,,34.30162038722273,1.7605431583234696,9.71500872873273,16.843381502721545,-8.869727943847952,17.323460255491554,-19.441918805017078,-0.6535443955645108,-10.289658431692699,-16.492108785002824,10.004988282978697,-16.673540058932076
nominal,70,1.7750000000000001,0.195,0.205,0.0010565021753643055,0.0009287607406943856,-0.1940712392593056,0.06814157940820603,0.06721281866751165,-0.6171921041054693,,,,,0.0,1.986019592285602,5,0,0,0,10,0.1,0.9999071239259305,,34.363459495117404,1.7651763213337572,9.725695901405253,16.861273746369488,-8.877606020953653,17.34208537091062,-19.462389987328937,-0.6552111057308416,-10.301235678004222,-16.50969078056522,10.016079759866996,-16.691157781722122
nominal,71,1.8,0.195,0.205,0.0009287607406944134,0.0008154987101695776,-0.19418450128983042,0.06794295486130003,0.06712745615113046,-0.6169657278539773,,,,,0.0,1.911543857574891,5,0,0,0,10,0.1,0.9999184501289831,,34.42297963646603,1.769635740731159,9.735982305102556,16.878495030880632,-8.88518867016789,17.360012044501474,-19.482093500304103,-0.6568153142659351,-10.312378777579063,-16.526613451294022,10.026755306371983,-16.70811483990754
nominal,72,1.8250000000000002,0.195,0.205,0.0008154987101695841,0.0007151798435412973,-0.1942848201564587,0.06775389122450191,0.06703871138096061,-0.6167612338690154,,,,,0.0,1.839860962915834,5,0,0,0,10,0.1,0.9999284820156459,,34.48026777251408,1.773927931901158,9.74588296866121,16.89507051722261,-8.892486970036595,17.37726646783267,-19.5010581315427,-0.6583593649809625,-10.323104010919849,-16.542901521870498,10.037030519883034,-16.724436008411008
nominal,73,1.85,0.195,0.205,0.0007151798435413012,0.0006264182520642835,-0.19437358174793573,0.06757376196902637,0.06694734371696208,-0.6165766784401325,,,,,0.0,1.770866176806489,5,0,0,0,10,0.1,0.9999373581747936,,34.535407603460335,1.7780591659022822,9.755412357336414,16.911024422826763,-8.899511583660223,17.393873850288944,-19.519311589109847,-0.6598455137941764,-10.333427048010355,-16.558578789800354,10.04692041288742,-16.740145133095595
nominal,74,1.875,0.195,0.205,0.0006264182520642944,0.0005479655112155697,-0.19445203448878443,0.06740199643765597,0.0668540309264404,-0.6164102652553152,,,,,0.0,1.7044586951762433,5,0,0,0,10,0.1,0.9999452034488785,,34.588479690746105,1.7820354786283643,9.7645843939363,16.92638005697076,-8.906272774272965,17.40985845590311,-19.536880542018228,-0.6612759320268948,-10.343362971209967,-16.57366816018284,10.056439434904142,-16.75526516560451
nominal,75,1.9000000000000001,0.195,0.205,0.0005479655112155604,0.0004786985604859123,-0.1945213014395141,0.06723807380343191,0.066759375242946,-0.6162603386600546,,,,,0.0,1.640541494107132,5,0,0,0,10,0.1,0.9999521301439515,,34.63956157475866,1.7858626796272183,9.773412479163689,16.941159854834357,-8.912780420237729,17.42524363880674,-19.553790659192543,-0.6626527095758863,-10.352926297289592,-16.588191679175985,10.065601493595237,-16.76981819689434
nominal,76,1.925,0.195,0.205,0.0004786985604859017,0.0004176084083694699,-0.19458239159163054,0.06708151776553074,0.06666390935716128,-0.6161253762885612,,,,,0.0,1.5790211880781146,5,0,0,0,10,0.1,0.999958239159163,,34.68872788812074,1.7895463605886153,9.78190951119505,16.95538541027807,-8.919044029478814,17.44005187735149,-19.570066646972823,-0.6639778579667905,-10.362130998641232,-16.602170566206887,10.074419975085416,-16.783825489510804
nominal,77,1.9500000000000002,0.195,0.205,0.0004176084083694686,0.0003637896414572628,-0.19463621035854275,0.06693189188173504,0.06656810224027777,-0.6160039813382435,,,,,0.0,1.5198078935251849,5,0,0,0,10,0.1,0.9999636210358542,,34.73605046473174,1.7930919035139599,9.790087904525235,16.96907750739264,-8.925072753373358,17.45430480695081,-19.585732285211343,-0.6652533132930359,-10.370990523692186,-16.61562524497413,10.082907763519712,-16.79730750865415
nominal,78,1.975,0.195,0.205,0.0003637896414572763,0.00031643072228518314,-0.19468356927771482,0.06678879545228876,0.06647236473000358,-0.6158948746982423,,,,,0.0,1.4628150975179932,5,0,0,0,10,0.1,0.9999683569277715,,34.781598444719826,1.796504488579604,9.797959608105538,16.982256150865418,-8.930875400121858,17.468023251690152,-19.600810462015918,-0.6664809390445471,-10.37951781655373,-16.6285753732876,10.091077259887722,-16.81028395207962
nominal,79,2.0,0.195,0.205,0.0003164307222851822,0.00027480505026449535,-0.1947251949497355,0.0666518598827134,0.0663770548324489,-0.6157968870937972,,,,,0.0,1.4079595313610687,5,0,0,0,10,0.1,0.9999725194949736,,34.82543837545836,1.7997891017052865,9.80553612280158,16.994940595207964,-8.936460447617288,17.481227254751772,-19.615323207190322,-0.6676625288303766,-10.387725335932965,-16.641039871789314,10.098940400141933,-16.822773778876634
nominal,80,2.025,0.195,0.205,0.00027480505026449226,0.00023826275277025026,-0.19476173724722975,0.06652074546382748,0.06628248271105723,-0.6157089513685319,,,,,0.0,1.3551610489350285,5,0,0,0,10,0.1,0.999976173724723,,34.8676343087942,1.802950541838756,9.812828518196522,17.007149372887667,-8.94183605583164,17.49393610769858,-19.629291724420685,-0.6687998089992374,-10.395625073335479,-16.653036951597215,10.106508672636611,-16.83479523716876
nominal,81,2.0500000000000003,0.195,0.205,0.00023826275277024896,0.00020622316872396536,-0.19479377683127605,0.06639513851614372,0.06618891534741975,-0.6156300949949441,,,,,0.0,1.3043425095999626,5,0,0,0,10,0.1,0.9999793776831276,,34.90824789462995,1.8059934279672203,9.819847448764152,17.01890032140438,-8.947010078737954,17.506168378659883,-19.64273642225491,-0.669894441161766,-10.403228570585398,-16.66458414091232,10.113793134912738,-16.84636589077493
nominal,82,2.075,0.195,0.205,0.00020622316872396674,0.00017816798409296946,-0.19482183201590703,0.06627474885329,0.06609658086919704,-0.6155594328776767,,,,,0.0,1.255429665489961,5,0,0,0,10,0.1,0.9999821832015907,,34.94733847099686,1.8089222058658672,9.826603169435497,17.030210609351716,-8.95199007578528,17.517941939460137,-19.65567694392035,-0.6709480246181998,-10.410546936688446,-16.67569831062811,10.12080442985351,-16.85750264487087
nominal,83,2.1,0.195,0.205,0.0001781679840929649,0.00015363497736056158,-0.19484636502263944,0.06615930752541443,0.06600567254805387,-0.6154961604938993,,,,,0.0,1.2083510530340846,5,0,0,0,10,0.1,0.999984636502264,,34.98496315075001,1.8117411545933149,9.833105550581665,17.041096761501027,-8.956783322943332,17.52927399173038,-19.66813219602334,-0.6719620986950173,-10.41759086406263,-16.686395698979556,10.127552801234003,-16.868221770688212
nominal,84,2.125,0.195,0.205,0.0001536349773605682,0.00013221233269534915,-0.19486778766730467,0.06604856480883468,0.06591635247613933,-0.6154395473988974,,,,,0.0,1.1630378885453052,5,0,0,0,10,0.1,0.9999867787667305,,35.02117690501242,1.8144543927434833,9.839364092434852,17.05157468294474,-8.961396823332958,17.54018109204049,-19.680120376172464,-0.6729381449939542,-10.424370644160282,-16.696691935267822,10.134048108687729,-16.878538929287405
nominal,85,2.15,0.195,0.205,0.00013221233269535647,0.00011353347912998316,-0.19488646652087002,0.0659422884127063,0.06582875493357632,-0.6153889311124198,,,,,0.0,1.1194239677248523,5,0,0,0,10,0.1,0.999988646652087,,35.056032643489985,1.8170658844630203,9.845387938968546,17.061659682334312,-8.965837317457972,17.550679176088973,-19.691658999566,-0.673877589556681,-10.430896182504272,-16.70660206269528,10.14029984211194,-16.88846919443913
nominal,86,2.1750000000000003,0.195,0.205,0.000113533479129965,9.727241519115068e-05,-0.19490272758480887,0.06584026187730564,0.06574298946211449,-0.6153437113914181,,,,,0.0,1.0774455689351696,5,0,0,0,10,0.1,0.9999902727584808,,35.08958129177464,1.8195794452430747,9.851185891257225,17.071366494246774,-8.970111293053298,17.560783581985635,-19.702764924582272,-0.6747818049483054,-10.437177013160362,-16.716140560344204,10.146317135532742,-16.89802707464766
nominal,87,2.2,0.195,0.205,9.72724151911385e-05,8.313948003546035e-05,-0.19491686051996454,0.06574228314178396,0.06565914366174849,-0.615303344887362,,,,,0.0,1.0370413601001005,5,0,0,0,10,0.1,0.9999916860519965,,35.12187186574862,1.821998747493877,9.856766420335079,17.08070930071252,-8.9742249945638,17.570509072661174,-19.713454377410436,-0.675652112262744,-10.443222312666848,-16.725321364331297,10.152108780450265,-16.907226534348375
nominal,88,2.225,0.195,0.205,8.313948003546338e-05,7.087753401918969e-05,-0.19492912246598082,0.06564816326204535,0.06557728572802617,-0.6152673401805798,,,,,0.0,0.9981523090963432,5,0,0,0,10,0.1,0.999992912246598,,35.15295154319858,1.8243273259102744,9.862137679572514,17.089701751935802,-8.978184432267657,17.579869857436382,-19.723742975757546,-0.6764897830528911,-10.449040913441841,-16.734157888168873,10.15768323868338,-16.91608101431031
nominal,89,2.25,0.195,0.205,7.087753401921012e-05,6.025851371458892e-05,-0.19493974148628543,0.06555772526179357,0.06549746674807898,-0.6152352531799365,,,,,0.0,0.9607215975052276,5,0,0,0,10,0.1,0.9999939741486286,,35.18286573274417,1.8265685826360567,9.867307516588545,17.09835698623821,-8.98199539105762,17.588879612782517,-19.73364575166664,-0.6772960411884077,-10.454641316687772,-16.74266304236254,10.163048654732753,-16.924603451273676
nominal,90,2.275,0.195,0.205,6.025851371457576e-05,5.108032854878267e-05,-0.19494891967145123,0.06547080310186223,0.06541972277331345,-0.615206682873146,,,,,0.0,0.9246945375987838,5,0,0,0,10,0.1,0.9999948919671451,,35.21165814018179,1.8287257922346223,9.872283484716474,17.106687649254276,-8.985663438892958,17.597551502303173,-19.74317717347914,-0.6780720646438424,-10.46003170481198,-16.750849253273945,10.168212867680275,-16.932806296850913
nominal,91,2.3000000000000003,0.195,0.205,5.10803285487744e-05,4.316406845628359e-05,-0.19495683593154373,0.06538724075472277,0.06534407668626649,-0.6151812674110047,,,,,0.0,0.8900184924388264,5,0,0,0,10,0.1,0.9999956835931544,,35.239370832340505,1.8308021064732416,9.877072854039607,17.114705912407242,-8.989193934934471,17.605898195966805,-19.75235116697367,-0.6788189872196984,-10.465219953381531,-16.758728481276172,10.173183422642264,-16.940701535719004
nominal,92,2.325,0.195,0.205,4.316406845627099e-05,3.635149412564539e-05,-0.19496364850587436,0.06530689137261957,0.06527053987849392,-0.6151586805075456,,,,,0.0,0.856642798972371,5,0,0,0,10,0.1,0.9999963648505874,,35.266044298543264,1.8328005589279126,9.881682622013122,17.122423490691972,-8.992592037374429,17.61393188861805,-19.76118113571216,-0.6795379001989597,-10.470213642629725,-16.766312238228316,10.17796758179318,-16.94830070312954
nominal,93,2.35,0.195,0.205,3.63514941256467e-05,3.050278356827886e-05,-0.19496949721643173,0.06522961653912132,0.06519911375555304,-0.615138628137438,,,,,0.0,0.8245186940109063,5,0,0,0,10,0.1,0.9999969497216432,,35.29171750976342,1.8347240694155336,9.88611952368763,17.129851659791022,-8.995862710972888,17.621664317794874,-19.769679980622954,-0.6802298539414987,-10.47502006853111,-16.773611604294754,10.182572334975935,-16.955614901762182
nominal,94,2.375,0.195,0.205,3.050278356826906e-05,2.5494510808811045e-05,-0.1949745054891912,0.06515528559505813,0.06512979108424932,-0.615120845511734,,,,,0.0,0.7935992429854977,5,0,0,0,10,0.1,0.9999974505489191,,35.316427975562824,1.8365754482598686,9.890390041549344,17.137001272548858,-8.999010734311405,17.629106780877567,-19.777860118849592,-0.6808958594186925,-10.479646253461194,-16.7806372441337,10.187004409914337,-16.9626548179461
nominal,95,2.4000000000000004,0.195,0.205,2.5494510808802863e-05,2.1217834468313154e-05,-0.1949787821655317,0.06508377503083981,0.0650625571963715,-0.6151050943131878,,,,,0.0,0.7638392713735408,5,0,0,0,10,0.1,0.9999978782165532,,35.34021179889475,1.8383574003975411,9.894500414991244,17.143882774828274,-9.002040706774727,17.63627015159466,-19.785733501892732,-0.6815368896904915,-10.4840989564564,-16.787399422478686,10.191270282042549,-16.96943073727312
nominal,96,2.4250000000000003,0.195,0.205,2.1217834468308635e-05,1.7576875890914034e-05,-0.1949824231241091,0.06501496793805274,0.06499739106216182,-0.6150911601727783,,,,,0.0,0.7351952986970322,5,0,0,0,10,0.1,0.9999982423124109,,35.363103728851726,1.840072529330051,9.898456649429072,17.150506220772215,-9.004957055270674,17.64316489590986,-19.793311633071756,-0.6821538813270981,-10.488384683089285,-16.793908019135735,10.195376183965953,-16.97595255962538
nominal,97,2.45,0.195,0.205,1.757687589092061e-05,1.4487268212999401e-05,-0.19498551273178702,0.06494875351402647,0.06493426624581347,-0.6150788503696392,,,,,0.0,0.7076254749958952,5,0,0,0,10,0.1,0.9999985512731787,,35.385137211435314,1.8417233409275917,9.902264525075482,17.156881287493256,-9.007764040698024,17.64980108731324,-19.800605584331564,-0.6827477357773319,-10.492509694973437,-16.800172543418146,10.19932811456723,-16.982229813639428
nominal,98,2.475,0.195,0.205,1.4487268212996968e-05,1.1874859431223886e-05,-0.1949881251405688,0.06488502661375867,0.06487315175432744,-0.6150679917373605,,,,,0.0,0.6810895196835504,5,0,0,0,10,0.1,0.9999988125140569,,35.40634443842202,1.8433122470902246,9.905929605385152,17.16301728921226,-9.01046576417185,17.656188421538992,-19.80762601241913,-0.683319320685682,-10.496480018911933,-16.806202148039965,10.203131847770958,-16.98827167062795
nominal,99,2.5,0.195,0.205,1.1874859431242925e-05,9.67455405065732e-06,-0.19499032544594935,0.0648236873442083,0.06481401279015765,-0.615058428760415,,,,,0.0,0.6555486626954192,5,0,0,0,10,0.1,0.9999990325445949,,35.42675639439672,1.8448415692717588,9.909457245183209,17.1689231908668,-9.013066173015405,17.66233623073128,-19.814383174453415,-0.683869471159969,-10.500301455702736,-16.812005642488465,10.206792940979547,-16.994086957979402
nominal,100,2.5250000000000004,0.195,0.205,9.67455405066352e-06,7.829279303797002e-06,-0.19499217072069622,0.06476464069650473,0.06475681141720092,-0.6150500218453585,,,,,0.0,0.6309655878443415,5,0,0,0,10,0.1,0.9999992170720696,,35.44640290202237,1.8463135418714856,9.912852598488838,17.174607621209294,-9.015569066527327,17.668253497078858,-19.82088694291141,-0.6843989909914702,-10.503979588613884,-16.817591505895148,10.210316743192815,-16.999684172055176
nominal,101,2.5500000000000003,0.195,0.205,7.829279303808743e-06,6.289063257360912e-06,-0.19499371093674264,0.0647077962121154,0.06470150714885804,-0.6150426457523928,,,,,0.0,0.6073043783001805,5,0,0,0,10,0.1,0.9999993710936743,,35.46531266561206,1.8477303154987226,9.916120626045506,17.180078885413945,-9.017978101532552,17.6739488659384,-19.82714682005223,-0.68490865382929,-10.507519791540863,-16.82296789942408,10.213708402823084,-17.005071490603108
nominal,102,2.575,0.195,0.205,6.289063257336056e-06,5.0102133071449544e-06,-0.19499498978669286,0.06465306767943263,0.06464805746612548,-0.6150361881737425,,,,,0.0,0.5845304641139263,5,0,0,0,10,0.1,0.9999994989786692,,35.483513313067135,1.849093960114938,9.9192661025688,17.18534497721092,-9.020296797725083,17.67943065846571,-19.833171951800274,-0.6853992043106917,-10.51092723685808,-16.828142678195675,10.216972875217218,-17.01025678470549
nominal,103,2.6,0.195,0.205,5.010213307158337e-06,3.9545846740222375e-06,-0.19499604541532597,0.06460037285762915,0.06459641827295513,-0.6150305484462693,,,,,0.0,0.5626105717096528,5,0,0,0,10,0.1,0.9999996045415326,,35.50103143624265,1.8504064680580457,9.92229362372247,17.190413590565512,-9.022528542810392,17.684706883773245,-19.838971141107763,-0.6858713591490407,-10.514206902975902,-16.833123402763338,10.220114929896573,-17.015247630279035
nominal,104,2.625,0.195,0.205,3.954584674039934e-06,3.088929525743882e-06,-0.19499691107047426,0.06454963322496934,0.0645465442954436,-0.6150256363866153,,,,,0.0,0.5415126752705406,5,0,0,0,10,0.1,0.9999996911070475,,35.51789262979908,1.8516697569532865,9.925207612832878,17.195292130919306,-9.024676597455002,17.689785250631747,-19.844552860816222,-0.6863258081809517,-10.517363581614305,-16.837917350159714,10.223139157525452,-17.020051319143572
nominal,105,2.6500000000000004,0.195,0.205,3.088929525755921e-06,2.3843182596147046e-06,-0.1949976156817404,0.06450077374906164,0.06449838943080202,-0.6150213712380163,,,,,0.0,0.5212059499478988,5,0,0,0,10,0.1,0.999999761568174,,35.53412152859714,1.8528856725149558,9.928012327351645,17.19998772600983,-9.02674410005044,17.694673178733055,-19.849925266035612,-0.686763215374166,-10.520401884803768,-16.842531524528724,10.226049976618247,-17.02467486967569
nominal,106,2.6750000000000003,0.195,0.205,2.384318259627025e-06,1.8156253283857206e-06,-0.19499818437467162,0.0644537226768112,0.0644519070514828,-0.6150176807187913,,,,,0.0,0.5016607268248527,5,0,0,0,10,0.1,0.9999998184374672,,35.54974184369028,1.8540559912430625,9.930711865075958,17.20450723628446,-9.028734071298548,17.699377809530564,-19.855096206059276,-0.6871842197976348,-10.523326251623626,-16.846972667358898,10.228851639995064,-17.02912503706285
nominal,107,2.7,0.195,0.205,1.8156253284007232e-06,1.3610727533315216e-06,-0.19499863892724667,0.06440841134206865,0.06440705026931531,-0.6150145001632725,,,,,0.0,0.48284844956891815,5,0,0,0,10,0.1,0.9999998638927247,,35.564776396967424,1.8551824230188654,9.93331017013561,17.208857264923793,-9.030649418624852,17.703906016673166,-19.860073235832054,-0.6875894365552234,-10.52614095468774,-16.85124726733294,10.231548240995249,-17.033408323172996
nominal,108,2.725,0.195,0.205,1.3610727533191566e-06,1.0018251516025339e-06,-0.1949989981748484,0.06436477398918515,0.06436377216403355,-0.6150117717466911,,,,,0.0,0.46474163271008256,5,0,0,0,10,0.1,0.9999998998174848,,35.57924715449668,1.8562666136030757,9.935811038755524,17.21304416748915,-9.03249294042642,17.70826441604792,-19.864863626988353,-0.6879794576844025,-10.52885010638695,-16.855361569807954,10.234143719457927,-17.03753098605401
nominal,109,2.75,0.195,0.205,1.0018251516004385e-06,7.216307504678748e-07,-0.19499927836924955,0.06432274761087639,0.06432202598012593,-0.6150094437862544,,,,,0.0,0.4473138214834566,5,0,0,0,10,0.1,0.9999999278369249,,35.59317525861858,1.857310147040378,9.938218124802193,17.217074061208308,-9.03426733016043,17.712459375446123,-19.86947437847629,-0.6883548530212374,-10.531457664897438,-16.859321585940155,10.236641867478255,-17.041499049076982
nominal,110,2.7750000000000004,0.195,0.205,7.216307504621316e-07,5.065034010774062e-07,-0.19499949349659892,0.06428227179896435,0.06428176529556327,-0.6150074701112582,,,,,0.0,0.43053955317782594,5,0,0,0,10,0.1,0.9999999493496599,,35.606581058835914,1.8583145479737813,9.94053494512211,17.220952833912996,-9.035975180279415,17.716497023866893,-19.87391222678343,-0.688716171032941,-10.533967439963785,-16.863133101467398,10.23904633494782,-17.045318309736597
nominal,111,2.8000000000000003,0.195,0.205,5.065034010881303e-07,3.4444114744930536e-07,-0.19499965555885257,0.06424328860672324,0.06424294416557579,-0.6150058094957659,,,,,0.0,0.4143943199336604,5,0,0,0,10,0.1,0.9999999655558852,,35.619484141545094,1.8592812838721822,9.942764884680031,17.224686152641258,-9.037618986018938,17.720383260471884,-19.87818365577905,-0.6890639396192058,-10.536383098465143,-16.86680168516237,10.241360634887277,-17.048994348121475
nominal,112,2.825,0.195,0.205,3.4444114744315177e-07,2.2517734576606913e-07,-0.19499977482265424,0.0642057424216857,0.06420551724433993,-0.6150044251478652,,,,,0.0,0.3988545329361444,5,0,0,0,10,0.1,0.9999999774822654,,35.631903358652686,1.860211767174393,9.94491120150453,17.22827947191721,-9.039201149043228,17.72412376320419,-19.882294906187337,-0.6893986668834855,-10.5387081697727,-16.87033269696878,10.243588148579004,-17.05253253506692
nominal,113,2.85,0.195,0.205,2.25177345765357e-07,1.3996076125653743e-07,-0.19499986003923875,0.06416957984789336,0.0641694398871321,-0.6150032842501107,,,,,0.0,0.38389748795103734,5,0,0,0,10,0.1,0.9999999860039239,,35.64385685511874,1.8611073573527708,9.94697703144811,17.231738041720316,-9.040723980954107,17.727723997084034,-19.88625198470531,-0.6897208418753548,-10.540946050906225,-16.873731295832453,10.24573213050729,-17.05593804000191
nominal,114,2.875,0.195,0.205,1.3996076124372523e-07,8.136143485458129e-08,-0.19499991863856514,0.0641347495966757,0.06413466823524085,-0.6150023575461997,,,,,0.0,0.36950133215287306,5,0,0,0,10,0.1,0.9999999918638565,,35.65536209546732,1.8619693628994596,9.948965392768805,17.235066915155805,-9.042189706668328,17.731189222193382,-19.890060672778862,-0.6900309353050289,-10.543100011497241,-16.877002447238738,10.247795713113268,-17.05921583850184
nominal,115,2.9000000000000004,0.195,0.205,8.13614348588568e-08,4.309945962499962e-08,-0.1949999569005404,0.06410120238514497,0.06410115928568534,-0.6150016189694152,,,,,0.0,0.35564503219713967,5,0,0,0,10,0.1,0.999999995690054,,35.666435889302825,1.8627990432381474,9.950879190539975,17.23827095583746,-9.043600467668266,17.73452450136113,-19.893726535049655,-0.6903294002310904,-10.545173198566095,-16.880150930467284,10.249781911371521,-17.062370719558018
nominal,116,2.9250000000000003,0.195,0.205,4.309945963996174e-08,1.9894111711182092e-08,-0.1949999801058883,0.06406889084167988,0.06406887094756818,-0.6150010453087442,,,,,0.0,0.3423083434897485,5,0,0,0,10,0.1,0.9999999980105888,,35.6770944158695,1.8635976105641345,9.952721220894727,17.241354844993555,-9.044958325130706,17.737734707560087,-19.897254927485292,-0.6906166727224244,-10.547168641119868,-16.883181345574762,10.251693627195088,-17.06540729257459
nominal,117,2.95,0.195,0.205,1.989411171214702e-08,7.331039147965281e-09,-0.19499999266896087,0.06403776941774193,0.06403776208670278,-0.6150006159089694,,,,,0.0,0.32947178060888394,5,0,0,0,10,0.1,0.9999999992668961,,35.68735324768992,1.864366231615397,9.954494175111174,17.2443230883063,-9.046265262938304,17.740824531026583,-19.900651005204594,-0.6908931724953336,-10.549089254577872,-16.886098120115708,10.253533653675273,-17.068329994103042
nominal,118,2.975,0.195,0.205,7.331039139959468e-09,1.745480221764237e-09,-0.19499999825451977,0.06400779430544574,0.06400779255996553,-0.6150003124014077,,,,,0.0,0.3171165888360518,5,0,0,0,10,0.1,0.999999999825452,,35.69722737331708,1.8651060293772372,9.956200643544506,17.247180022494813,-9.047523190578117,17.743798486113086,-19.90391973000942,-0.6911593035267586,-10.550937845031202,-16.88890551561137,10.25530467916245,-17.071143094324178
nominal,119,3.0,0.195,0.205,1.7454802354944306e-09,1.1968435719699727e-10,-0.19499999988031566,0.06397892336035933,0.06397892324067497,-0.6150001184622298,,,,,0.0,0.30522471675470253,5,0,0,0,10,0.1,0.9999999999880316,,35.70673121923321,1.8658180847230086,9.957843119411587,17.249929821651257,-9.048733945931437,17.746660917883844,-19.907065877634068,-0.6914154546445052,-10.552717113342531,-16.891607633775944,10.257009291193858,-17.07385070328702
nominal,120,3.0250000000000004,0.195,0.205,1.1968434217258142e-10,6.726927502730419e-18,-0.195,0.06395111603117777,0.06395111603117777,-0.6150000195956307,,,,,0.0,0.2937787898764025,4,0,1,0,11,0.1,1.0,,35.715878670927495,1.8665034379933134,9.959424002433652,17.252576503339334,-9.049899297959008,17.7494160084632,-19.91009404472279,-0.6916620000953362,-10.554429659092186,-16.894208422509347,10.25864998027409,-17.07645677691376
nominal,121,3.0500000000000003,0.195,0.205,2.4724722629675e-17,4.302225381822172e-17,-0.19499999999999995,0.06392433346490488,0.06392433346490484,-0.615,,,,,0.0,0.2827620852560361,4,0,0,0,11,0.1,1.0,,35.724683093183245,1.8671630905159817,9.96094560234239,17.25512393446411,-9.051020949285546,17.75206778314583,-19.913008655545685,-0.691899300091761,-10.556077984376229,-16.89671168166525,10.260229143513811,-17.078965122779493
nominal,122,3.075,0.195,0.205,4.0203328379280867e-17,0.0,-0.195,0.06389853852266113,0.06389853852266113,-0.6149999999999999,,,,,0.0,0.27215850705893296,4,0,0,0,11,0.1,1.0,,35.733157349604404,1.86779800606905,9.96241014225455,17.257575836921706,-9.052100538687338,17.75462011627786,-19.91581396846272,-0.69212770133832,-10.55766449746212,-16.899121068602803,10.261749088132044,-17.081379405675264
nominal,123,3.1,0.195,0.205,4.095624277520997e-17,1.2943189959951097e-19,-0.195,0.06387369539563291,0.06387369539563291,-0.615,,,,,0.0,0.26195256304422293,4,0,0,0,11,0.1,1.0,,35.74131382140977,1.8684091122888782,9.963819761920004,17.259935793037144,-9.053139643486562,17.75707673691744,-19.918514082145368,-0.692347537538133,-10.55919151630729,-16.9014401035302,10.263212034827092,-17.083703152962443
nominal,124,3.125,0.195,0.205,0.0,0.0,-0.195,0.0638497695279679,0.0638497695279679,-0.615,,,,,0.0,0.25212934193006525,4,0,0,0,11,0.1,1.0,,35.74916442552243,1.8689973020254629,9.965176520848003,17.26220725079825,-9.054139781855815,17.759441234283038,-19.921112941564918,-0.6925591298804531,-10.560661271945767,-16.903672174647816,10.264620121021077,-17.08593975972635
nominal,125,3.1500000000000004,0.195,0.205,0.0,0.0,-0.195,0.06382672757634857,0.06382672757634857,-0.615,,,,,0.0,0.24267449160768637,4,0,0,0,11,0.1,1.0,,35.75672063198087,1.8695634346469256,9.966482401316203,17.26439352889332,-9.055102415036222,17.761717062997423,-19.923614343756235,-0.6927627875099361,-10.562075911747801,-16.905820543098525,10.265975403982786,-17.088092493736614
nominal,126,3.1750000000000003,0.195,0.205,0.0,3.5685407598983143e-17,-0.19499999999999998,0.06380453737060514,0.0638045373706051,-0.615,,,,,0.0,0.23357419817239652,4,0,0,0,11,0.1,1.0,,35.76399348069712,1.8701083372950835,9.967739311266845,17.26649782155982,-9.056028949472363,17.76390754813502,-19.926021943365377,-0.6929588079783136,-10.563437502557258,-16.90788834773233,10.267279863833432,-17.09016450022149
nominal,127,3.2,0.195,0.205,5.194844221423146e-17,1.2553486726906393e-17,-0.195,0.06378316787536477,0.06378316787536475,-0.615,,,,,0.0,0.22481516574093205,4,0,0,0,11,0.1,1.0,,35.770993597586504,1.8706328060939355,9.96894908709434,17.268523203251327,-9.05692073886715,17.766015890079956,-19.928339257989176,-0.6931474776791268,-10.56474803371136,-16.90987860969237,10.268535406439678,-17.092158806463186
nominal,128,3.225,0.195,0.205,6.915667407802782e-18,7.821873317741354e-18,-0.195,0.0637625891527282,0.06376258915272819,-0.615,,,,,0.0,0.21638459702564625,4,0,0,0,11,0.1,1.0,,35.77773121009254,1.8711376073128305,9.9701134963283,17.2704726331294,-9.057779086159632,17.768045169201958,-19.930569673314583,-0.6933290722661595,-10.566009419947184,-16.911794236828907,10.26974386619819,-17.094078326220817
nominal,129,3.25,0.195,0.205,3.7745857645172325e-17,4.432833997087444e-17,-0.19499999999999995,0.06374277232596616,0.06374277232596612,-0.615,,,,,0.0,0.20827017463718195,4,0,0,0,11,0.1,1.0,,35.7842161621296,1.871623478486017,9.97123424021599,17.27234895938705,-9.058605245428646,17.769998350356886,-19.932716448065285,-0.6935038570561785,-10.567223504199164,-16.913638027947822,10.270907008715758,-17.095925863987535
nominal,130,3.2750000000000004,0.195,0.205,8.899746895978447e-17,9.79247867267295e-18,-0.195,0.06372368954422358,0.06372368954422357,-0.615,,,,,0.0,0.2004600430882872,4,0,0,0,11,0.1,1.0,,35.79045792846527,1.8720911294902092,9.97231295620789,17.274154923410034,-9.059400423725073,17.771878287218502,-19.934782718762836,-0.6936720874165717,-10.568392060291696,-16.91541267689978,10.272026533388917,-17.097704119088004
nominal,131,3.3000000000000003,0.195,0.205,1.4562944478641282e-17,0.0,-0.195,0.06370531394822049,0.06370531394822049,-0.615,,,,,0.0,0.1929427914724765,4,0,0,0,11,0.1,1.0,,35.796465628563354,1.872541243581744,9.973351220350095,17.275893163782158,-9.060165782835382,17.773687726447807,-19.93677150430923,-0.6938340091384503,-10.569516795530758,-16.91712077651604,10.273104075886833,-17.099415689622205
nominal,132,3.325,0.195,0.205,0.0,3.4467519487863216e-17,-0.19499999999999998,0.06368761963693445,0.06368761963693442,-0.615,,,,,0.0,0.18570743679225793,4,0,0,0,11,0.1,1.0,,35.80224803990776,1.872974478394846,9.974350549586966,17.277566220140326,-9.060902440979055,17.775429311706013,-19.938685710397635,-0.6939898587957584,-10.570599353198354,-16.91876482239669,10.274141210541076,-17.101063076261372
nominal,133,3.35,0.195,0.205,0.0,0.0,-0.195,0.06367058163525112,0.06367058163525112,-0.615,,,,,0.0,0.17874340791254764,4,0,0,0,11,0.1,1.0,,35.80781361082675,1.873391466902457,9.975312403977455,17.279176536885064,-9.06161147444234,17.77710558751704,-19.940528133757724,-0.6941398640909174,-10.571641314953416,-16.920347216556813,10.275139452645785,-17.10264868590157
nominal,134,3.375,0.195,0.205,0.0,0.0,-0.195,0.06365417586256612,0.06365417586256612,-0.615,,,,,0.0,0.17204053011582576,4,0,0,0,11,0.1,1.0,,35.813170472836276,1.8737928183410324,9.976238188828301,17.280726466751876,-9.062293919150752,17.77871900298515,-19.94230146624181,-0.694284244187508,-10.572644203142662,-16.921870270935933,10.276100260671567,-17.104174835180263
nominal,135,3.4000000000000004,0.195,0.205,0.0,0.0,-0.195,0.0636383791023218,0.0636383791023218,-0.615,,,,,0.0,0.16558901023648265,4,0,0,0,11,0.1,1.0,,35.818326452520445,1.8741791191006614,9.97712925674724,17.28221827424868,-9.0629507721826,17.780271915373206,-19.94400829875774,-0.6944232100304765,-10.573609483024812,-16.923336210775837,10.277025038396383,-17.105643753861003
nominal,136,3.4250000000000003,0.195,0.205,0.0,0.0,-0.195,0.06362316897246131,0.06362316897246131,-0.615,,,,,0.0,0.15937942235261146,4,0,0,0,11,0.1,1.0,,35.82328908296646,1.8745509335818042,9.977986909619219,17.283654138964355,-9.063582993225753,17.78176659354671,-19.945651125054326,-0.6945569646543336,-10.574538564911382,-16.924747177871744,10.27791513695652,-17.107057588091216
nominal,137,3.45,0.195,0.205,4.152332268727925e-18,2.307924483785409e-18,-0.195,0.06360852389678227,0.06360852389678227,-0.6149999999999999,,,,,0.0,0.15340269401438833,4,0,0,0,11,0.1,1.0,,35.82806561477075,1.8749088050199043,9.978812400508499,17.28503615875319,-9.064191505979787,17.783205221288707,-19.94723234536479,-0.6946857034797961,-10.575432806227205,-16.926105233701552,10.278771856820649,-17.108418403537794
nominal,138,3.475,0.195,0.205,5.391600412904848e-17,0.0,-0.195,0.06359442307717077,0.06359442307717077,-0.615,,,,,0.0,0.14765009298885076,4,0,0,0,11,0.1,1.0,,35.832663026632375,1.8752532562790756,9.97960693548943,17.286366352799945,-9.064777199505546,17.78458990049038,-19.94875426991361,-0.6948096145993037,-10.576293513493685,-16.927412362437742,10.279596449689874,-17.109728188405125
nominal,139,3.5,0.195,0.205,0.0,2.147723697221479e-17,-0.19499999999999998,0.0635808464666978,0.06358084646669777,-0.615,,,,,0.0,0.14211321450176556,4,0,0,0,11,0.1,1.0,,35.83708803554919,1.875584790616028,9.980371675408577,17.287646664569948,-9.065340929524087,17.78592265422199,-19.950219122291852,-0.6949288790518298,-10.577121944237671,-16.928670473846328,10.280390120326505,-17.110988856339933
nominal,140,3.5250000000000004,0.195,0.205,7.35189675330827e-17,0.0,-0.195,0.06356777474355761,0.06356777474355761,-0.615,,,,,0.0,0.1367839689579488,4,0,0,0,11,0.1,1.0,,35.84134710663163,1.8759038924153444,9.981107737580755,17.288878964648575,-9.065883519666933,17.787205429688665,-19.951629042705907,-0.6950436710873862,-10.577919308828758,-16.92988140607709,10.28115402831426,-17.112202249227185
nominal,141,3.5500000000000003,0.195,0.205,9.199123825556103e-18,0.0,-0.195,0.06355518928582937,0.06355518928582937,-0.615,,,,,0.0,0.13165457012202542,4,0,0,0,11,0.1,1.0,,35.84544646254847,1.8762110278971866,9.981816197421477,17.290065053474255,-9.066405762679423,17.78844010107534,-19.952986091104435,-0.6951541584216092,-10.578686772247679,-16.9310469283492,10.281889289752476,-17.113370139881166
nominal,142,3.575,0.195,0.205,5.257869301777635e-19,0.0,-0.195,0.06354307214704252,0.06354307214704252,-0.615,,,,,0.0,0.1267175237424471,4,0,0,0,11,0.1,1.0,,35.84939209261844,1.8765066457984598,9.982498090018172,17.29120666396897,-9.066908421578946,17.789628472285017,-19.95429225018802,-0.6952605024807988,-10.57942545578839,-16.932168743536106,10.282596978886758,-17.11449423463562
nominal,143,3.6,0.195,0.205,1.5196960400933512e-17,0.0,-0.195,0.06353140603252552,0.06353140603252552,-0.615,,,,,0.0,0.12196561660210302,4,0,0,0,11,0.1,1.0,,35.85318976156078,1.8767911780284352,9.983154411642492,17.292305464070136,-9.067392230769736,17.79077227957433,-19.955549428305968,-0.6953628586377689,-10.580136438696327,-16.9332484906535,10.283278129678505,-17.115576175836786
nominal,144,3.625,0.195,0.205,0.0,0.0,-0.195,0.06352017427651852,0.06352017427651852,-0.615,,,,,0.0,0.11739190597952497,4,0,0,0,11,0.1,1.0,,35.85684501791778,1.8770650402997866,9.983786121205899,17.293363059167504,-9.067857897115871,17.791873194090293,-19.956759462244495,-0.6954613764388526,-10.580820759745215,-16.934287747253993,10.28393373731556,-17.116617544242906
nominal,145,3.6500000000000004,0.195,0.205,0.0,2.6457249385565453e-18,-0.195,0.06350936082003099,0.06350936082003099,-0.615,,,,,0.0,0.11298970950529484,4,0,0,0,11,0.1,1.0,,35.86036320216139,1.8773286327359622,9.984394141660678,17.294380994448723,-9.068306100974027,17.792932824311908,-19.957924119910327,-0.6955561998223957,-10.58147941875477,-16.935288031731968,10.284564759666226,-17.117619861333797
nominal,146,3.6750000000000003,0.195,0.205,6.552947652180202e-17,0.0,-0.195,0.0634989501894232,0.0634989501894232,-0.615,,,,,0.0,0.10875259539884406,4,0,0,0,11,0.1,1.0,,35.86374945449587,1.8775823404557812,9.984979361348403,17.295360757156896,-9.0687374971875,17.793952718400213,-19.95904510291369,-0.6956474673290558,-10.582113378051465,-16.93625080554202,10.285172118678743,-17.11858459153378
nominal,147,3.7,0.195,0.205,1.1565240051238466e-17,0.0,-0.195,0.06348892747569387,0.06348892747569387,-0.615,,,,,0.0,0.10467437307138872,4,0,0,0,11,0.1,1.0,,35.8670087223678,1.8778265341361071,9.985542635297838,17.296303778763512,-9.06915271604297,17.794934366460204,-19.96012404905443,-0.6957353123042163,-10.582723563874536,-16.937177475334195,10.285756701728289,-17.119513144351263
nominal,148,3.725,0.195,0.205,0.0,0.0,-0.195,0.06347927831445313,0.06347927831445313,-0.615,,,,,0.0,0.10074908408121207,4,0,0,0,11,0.1,1.0,,35.87014576769454,1.8780615705534207,9.98608478647417,17.29721143705988,-9.069552364191358,17.795879202717945,-19.961162534714887,-0.6958198630928082,-10.58331086772924,-16.938069395009162,10.286319362913478,-17.12040687643809
nominal,149,3.75,0.195,0.205,3.110155380070006e-17,3.3758128182746415e-18,-0.195,0.06346998886656259,0.06346998886656259,-0.615,,,,,0.0,0.09697099342816955,4,0,0,0,11,0.1,1.0,,35.87316517382152,1.878287793105085,9.986606606981388,17.298085058170134,-9.069937025534182,17.796788607616023,-19.96216207716308,-0.6959012432268279,-10.583876147689393,-16.938927867696318,10.286860924304221,-17.12126709357166
nominal,150,3.7750000000000004,0.195,0.205,1.595252008178844e-17,2.4311675298606225e-17,-0.19499999999999998,0.06346104579942376,0.06346104579942373,-0.615,,,,,0.0,0.09333458117461171,4,0,0,0,11,0.1,1.0,,35.876071352218744,1.878505532311062,9.987108859219585,17.298925918488752,-9.07030726207665,17.797663909830423,-19.963124136769462,-0.6959795716058218,-10.584420229651041,-16.939754147657705,10.287382177142813,-17.122095052562724
nominal,151,3.8000000000000003,0.195,0.205,0.0,2.830272307471829e-17,-0.19499999999999998,0.06345243626889537,0.06345243626889534,-0.615,,,,,0.0,0.08983453438056296,4,0,0,0,11,0.1,1.0,,35.87886854892607,1.8787151062968148,9.987592276998852,17.299735246545424,-9.070663614748776,17.79850638821178,-19.96405011914061,-0.6960549626706035,-10.584943908539127,-16.940549442120542,10.287883882999958,-17.12289196309162
nominal,152,3.825,0.195,0.205,0.0,0.0,-0.195,0.06344414790182222,0.06344414790182222,-0.615,,,,,0.0,0.08646573934128882,4,0,0,0,11,0.1,1.0,,35.88156085075688,1.878916821258102,9.988057566611396,17.300514224799972,-9.071006604195697,17.799317273653838,-19.964941377172835,-0.6961275265704558,-10.58544794946891,-16.941314913041023,10.28836677488746,-17.123658989475686
nominal,153,3.85,0.195,0.205,0.0,2.2206464263906657e-17,-0.19499999999999998,0.06343616877915702,0.06343616877915699,-0.615,,,,,0.0,0.08322327411599124,4,0,0,0,11,0.1,1.0,,35.884152191269024,1.8791109719083408,9.988505407863467,17.30126399136997,-9.071336731538358,17.80009775089182,-19.965799213028852,-0.6961973693240637,-10.585933088863827,-16.942051678801985,10.28883155832918,-17.124397252370347
nominal,154,3.875,0.195,0.205,0.0,0.0,-0.195,0.06342848741965747,0.06342848741965747,-0.615,,,,,0.0,0.08010240133663889,4,0,0,0,11,0.1,1.0,,35.88664635651197,1.8792978419091957,9.988936455068588,17.301985641693598,-9.07165447910567,17.800848960233377,-19.96662488004027,-0.6962645929744113,-10.586400035531433,-16.94276081584691,10.289278912391836,-17.12510783040646
nominal,155,3.9000000000000004,0.195,0.205,8.467969895851239e-17,5.5801533108685035e-18,-0.195,0.06342109276414173,0.06342109276414173,-0.6149999999999999,,,,,0.0,0.07709856128651335,4,0,0,0,11,0.1,1.0,,35.8890469905583,1.8794777042850186,9.989351338003516,17.30268023013009,-9.071960311139208,17.801571999224628,-19.96741958453876,-0.696329295737871,-10.586849471699004,-16.94344336025265,10.289709490677142,-17.12579176176622
nominal,156,3.9250000000000003,0.195,0.205,0.0,2.3691407234517874e-17,-0.19499999999999998,0.06341397416028474,0.06341397416028471,-0.615,,,,,0.0,0.07420736523826647,4,0,0,0,11,0.1,1.0,,35.891357600827895,1.879650821821748,9.989750662828385,17.30334877150021,-9.072254674471488,17.802267924253705,-19.968184487618558,-0.6963915721477008,-10.587282054010291,-16.944100309243176,10.290123922276749,-17.126450045699986
nominal,157,3.95,0.195,0.205,6.3441415053580856e-18,0.0,-0.195,0.06340712134793862,0.06340712134793862,-0.615,,,,,0.0,0.07142458904183216,4,0,0,0,11,0.1,1.0,,35.89358156321238,1.8798174474508502,9.99013501297232,17.303992242568953,-9.072537999178806,17.80293775209419,-19.96892070683286,-0.696451513192162,-10.587698414484905,-16.944732622646555,10.290522812691371,-17.127083643986236
nominal,158,3.975,0.195,0.205,0.0,0.0,-0.195,0.06340052444496176,0.06340052444496176,-0.615,,,,,0.0,0.06874616695276266,4,0,0,0,11,0.1,1.0,,35.895722127007446,1.879977824618861,9.990504949985858,17.304611583472617,-9.072810699209601,17.803582461390658,-19.96962931782663,-0.696509206447456,-10.58809916144172,-16.94534122429731,10.290906744715445,-17.127693482336753
nominal,159,4.0,0.195,0.205,0.0,0.0,-0.195,0.06339417393353938,0.06339417393353938,-0.615,,,,,0.0,0.06616818569203392,4,0,0,0,11,0.1,1.0,,35.897782419660196,1.8801321876430714,9.99086101436139,17.305207699092396,-9.073073172989242,17.80420299408851,-19.97031135590813,-0.6965647362056764,-10.588484880387655,-16.94592700338616,10.291276279288615,-17.128280451749124
nominal,160,4.025,0.195,0.205,3.706579736940486e-17,0.0,-0.195,0.06338806064698115,0.06338806064698115,-0.615,,,,,0.0,0.06368687872858346,4,0,0,0,11,0.1,1.0,,35.89976545133847,1.880280762053874,9.991203726322837,17.30578146037643,-9.073325804002145,17.80480025681019,-19.970967817561576,-0.6966181835979636,-10.588856134873119,-16.94649081575918,10.291631956315292,-17.12884540980853
nominal,161,4.05,0.195,0.205,0.0,0.0,-0.195,0.06338217575697945,0.06338217575697945,-0.615,,,,,0.0,0.06129862077626261,4,0,0,0,11,0.1,1.0,,35.9016741193288,1.8804237649242712,9.991533586585732,17.306333705612314,-9.073568961352064,17.805375122179807,-19.971599661903017,-0.6966696267130399,-10.589213467315377,-16.947033485168213,10.29197429545347,-17.12938918194071
nominal,162,4.075,0.195,0.205,5.4253502775583237e-17,9.158740271697664e-18,-0.195,0.06337651076131526,0.06337651076131524,-0.615,,,,,0.0,0.058999922497155605,4,0,0,0,11,0.1,1.0,,35.9035112122695,1.8805614051870287,9.991851077088766,17.306865241651852,-9.073803000301362,17.805928430098064,-19.972207812081653,-0.6967191407113009,-10.58955739979105,-16.947555804474405,10.292303796873965,-17.129912562617932
nominal,163,4.1000000000000005,0.195,0.205,0.0,7.540641052282864e-18,-0.195,0.06337105747199483,0.06337105747199481,-0.615,,,,,0.0,0.05678742540351363,4,0,0,0,11,0.1,1.0,,35.90527941422492,1.8806938839399328,9.992156661697937,17.30737684508991,-9.074028262790062,17.806460988969388,-19.97279315662859,-0.6967667979346271,-10.589888434798885,-16.948058536806613,10.29262094199119,-17.13041631651976
nominal,164,4.125,0.195,0.205,0.0,2.096714246998872e-17,-0.19499999999999998,0.06336580800380542,0.0633658080038054,-0.615,,,,,0.0,0.054657896950882676,4,0,0,0,11,0.1,1.0,,35.906981308607016,1.8808213947396029,9.992450786884264,17.307869263399038,-9.074245077935435,17.806973576883035,-19.973356550755017,-0.6968126680120786,-10.590207055993927,-16.948542416676364,10.29292619416652,-17.13090117965027
nominal,165,4.15,0.195,0.205,0.0,3.18410287494653e-17,-0.19499999999999998,0.06336075476327453,0.0633607547632745,-0.615,,,,,0.0,0.052608225815223626,4,0,0,0,11,0.1,1.0,,35.908619381949784,1.8809441238842854,9.992733882376104,17.308343216021573,-9.074453762512857,17.807466942749922,-19.973898817601704,-0.6968568179616257,-10.590513728894155,-16.949008151051,10.293219999385276,-17.131367860413384
nominal,166,4.175,0.195,0.205,2.013172000974823e-17,0.0,-0.195,0.06335589043802063,0.06335589043802063,-0.615,,,,,0.0,0.050635417347150415,4,0,0,0,11,0.1,1.0,,35.9101960275422,1.8810622506860424,9.993006361787,17.308799395420763,-9.074654621418624,17.8079418073968,-19.97442074944164,-0.6968993122880647,-10.590808901560624,-16.94945642038659,10.293502786908327,-17.13181704064788
nominal,167,4.2,0.195,0.205,0.0,4.0126445177869963e-17,-0.19499999999999998,0.06335120798648176,0.06335120798648172,-0.615,,,,,0.0,0.04873658919663385,4,0,0,0,11,0.1,1.0,,35.911713548924894,1.8811759477327334,9.993268623219988,17.309238468092484,-9.074847948115426,17.80839886461942,-19.97492310883758,-0.6969402130772623,-10.591093005252102,-16.949887879622093,10.293774969899264,-17.132249376623587
nominal,168,4.2250000000000005,0.195,0.205,0.0,4.261768272553446e-18,-0.195,0.06334670062800911,0.06334670062800911,-0.615,,,,,0.0,0.046908967101760984,4,0,0,0,11,0.1,1.0,,35.91317416325574,1.8812853811401735,9.993521049849239,17.309661075539015,-9.075034025061099,17.80883878219619,-19.97540662975617,-0.696979580086865,-10.591366455055148,-16.950303159136265,10.294036946028042,-17.132665500000204
nominal,169,4.25,0.195,0.205,1.0091441605452509e-18,1.5519019912681068e-17,-0.19499999999999998,0.06334236183331432,0.0633423618333143,-0.615,,,,,0.0,0.04514988083544383,4,0,0,0,11,0.1,1.0,,35.91458000454918,1.8813907107948347,9.993764010479893,17.3100678352063,-9.075213124121307,17.809262202863835,-19.975872018640313,-0.6970174708336075,-10.59162965049058,-16.950702865668656,10.29428909805199,-17.133066018750196
nominal,170,4.275,0.195,0.205,5.563443874683338e-17,0.0,-0.195,0.06333818531525767,0.06333818531525767,-0.615,,,,,0.0,0.04345676030411463,4,0,0,0,11,0.1,1.0,,35.915933126794116,1.881492090587446,9.993997860086896,17.310459341386064,-9.075385506966757,17.80966974525644,-19.9763199554413,-0.6970539406773473,-10.591882976097184,-16.951087583206082,10.294531794375041,-17.133451518047064
nominal,171,4.3,0.195,0.205,2.873029534797278e-17,3.8620920524126735e-17,-0.19499999999999998,0.063334165019966,0.06333416501996596,-0.615,,,,,0.0,0.04182713179270889,4,0,0,0,11,0.1,1.0,,35.91723550695487,1.8815896686378344,9.994222940333637,17.310836166084087,-9.075551425455505,17.81006200480932,-19.976751094612254,-0.6970890429019467,-10.592126801993539,-16.951457873835853,10.294765389585978,-17.1338225611203
nominal,172,4.325,0.195,0.205,0.0,0.0,-0.195,0.06333029511826921,0.06333029511826921,-0.615,,,,,0.0,0.04025861435048278,4,0,0,0,11,0.1,1.0,,35.91848904785959,1.8816835875113331,9.994439580071125,17.311198859855935,-9.075711122000923,17.81043955462897,-19.977166066064296,-0.6971228287931237,-10.592361484418781,-16.95181427856701,10.294990224976504,-17.13417969007829
nominal,173,4.3500000000000005,0.195,0.205,0.0,6.416486279969866e-19,-0.195,0.06332656999744418,0.06332656999744418,-0.615,,,,,0.0,0.03874891631234083,4,0,0,0,11,0.1,1.0,,35.91969558098038,1.8817739844270758,9.994648095818459,17.31154795261134,-9.075864829925889,17.810802946330384,-19.977565476086884,-0.6971553477133816,-10.592587366253078,-16.952157318120747,10.295206629039885,-17.134523426700355
nominal,174,4.375,0.195,0.205,6.070631814930789e-17,3.9123201000678685e-17,-0.19499999999999998,0.06332298425325615,0.06332298425325611,-0.615,,,,,0.0,0.03729583195062967,4,0,0,0,11,0.1,1.0,,35.920856869109144,1.881860991458478,9.994848792225266,17.311883954388414,-9.076012773803669,17.811152710842993,-19.977949908233626,-0.6971866471741298,-10.592804777518587,-16.95248749369122,10.29541491795089,-17.134854273199092
nominal,175,4.4,0.195,0.205,1.5921381633720106e-17,0.0,-0.195,0.06331953268228636,0.06331953268228636,-0.615,,,,,0.0,0.03589723825247817,4,0,0,0,11,0.1,1.0,,35.921974608933084,1.8819447357262027,9.995041962516819,17.31220735609885,-9.07615516978603,17.811489359186382,-19.978319924174865,-0.6972167729051,-10.593014035861641,-16.952805287677798,10.295615396027731,-17.135172712954127
nominal,176,4.425,0.195,0.205,2.537631531956864e-17,0.0,-0.195,0.06331621027453734,0.06331621027453734,-0.615,,,,,0.0,0.03455109181800975,4,0,0,0,11,0.1,1.0,,35.92305043351362,1.8820253395838877,9.995227888922438,17.312518630245144,-9.076292225919055,17.811813383216894,-19.978676064518307,-0.6972457689211587,-10.59321544701683,-16.95311116438988,10.29580835617669,-17.135479211218346
nominal,177,4.45,0.195,0.205,5.1244922992894416e-17,0.0,-0.195,0.06331301220630477,0.06331301220630477,-0.6149999999999999,,,,,0.0,0.03325542587483759,4,0,0,0,11,0.1,1.0,,35.92408591467239,1.8821029207969096,9.995406843087846,17.31281823161095,-9.07642414244709,17.81212525634626,-19.97901884959887,-0.6972736775866153,-10.593409305253699,-16.95340557072526,10.295994080320066,-17.135774215797657
nominal,178,4.4750000000000005,0.195,0.205,2.252000543335543e-17,0.0,-0.195,0.06330993383330814,0.06330993383330814,-0.615,,,,,0.0,0.03200834740453228,4,0,0,0,11,0.1,1.0,,35.9250825652877,1.882177592714443,9.995579086472052,17.31310659792554,-9.076551112105324,17.812425434233276,-19.97934878023891,-0.6973005396771172,-10.593595893806686,-16.953688936823063,10.296172839808063,-17.136058157705243
nominal,179,4.5,0.195,0.205,2.6916657906133462e-17,0.0,-0.195,0.06330697068406999,0.06330697068406999,-0.615,,,,,0.0,0.03080803437686502,4,0,0,0,11,0.1,1.0,,35.92604184150494,1.8822494644350691,9.99574487072935,17.31338415050333,-9.076673320401374,17.81271435544953,-19.97966633847995,-0.6973263944392254,-10.593775485288935,-16.9539616766922,10.296344895815261,-17.136331451791296
nominal,180,4.525,0.195,0.205,7.730786169194893e-18,0.0,-0.195,0.0633041184535356,0.0633041184535356,-0.615,,,,,0.0,0.029652733087732495,4,0,0,0,11,0.1,1.0,,35.926965144864035,1.8823186409661716,9.995904438077,17.313651294859458,-9.076790945886323,17.812992442120173,-19.97997198828695,-0.6973512796477545,-10.5939483420906,-16.95422418881624,10.296510499722189,-17.136594497349122
nominal,181,4.55,0.195,0.205,0.0,7.195236803546526e-19,-0.195,0.06330137299692484,0.06330137299692484,-0.615,,,,,0.0,0.02854075559694522,4,0,0,0,11,0.1,1.0,,35.92785382434716,1.882385223377358,9.996058021649112,17.313908421302227,-9.076904160415586,17.813260100540667,-19.98026617622619,-0.6973752316609637,-10.594114716762203,-16.95447685673563,10.296669893482607,-17.13684767869853
nominal,182,4.575,0.195,0.205,5.818222402744818e-17,3.542464042670043e-17,-0.19499999999999998,0.06329873032380734,0.0632987303238073,-0.615,,,,,0.0,0.02747047726206047,4,0,0,0,11,0.1,1.0,,35.92870917834967,1.8824493089481247,9.99620584583727,17.314155905503394,-9.077013129400001,17.813517721770392,-19.980549332117707,-0.6973982854736775,-10.59427485238362,-16.954720049608046,10.29682330997701,-17.137091365747334
nominal,183,4.6000000000000005,0.195,0.205,2.870256509062137e-17,0.0,-0.195,0.0632961865923939,0.0632961865923939,-0.615,,,,,0.0,0.02644033436473358,4,0,0,0,11,0.1,1.0,,35.929532456577085,1.8825109913099876,9.996348126618372,17.31439410904702,-9.077118012047501,17.813765682204004,-19.980821869663295,-0.6974204747684146,-10.594428982919235,-16.954954122747743,10.296970973352872,-17.13732591453181
nominal,184,4.625,0.195,0.205,0.0,0.0,-0.195,0.06329373810403593,0.06329373810403593,-0.615,,,,,0.0,0.02544882182605821,4,0,0,0,11,0.1,1.0,,35.93032486187097,1.8825703605832806,9.996485071870183,17.314623379957755,-9.07721896159572,17.814004344121354,-19.98108418705092,-0.6974418319645991,-10.594577333559764,-16.955179418144702,10.297113099352138,-17.13755166773687
nominal,185,4.65,0.195,0.205,0.0,0.0,-0.195,0.0632913812979261,0.0632913812979261,-0.615,,,,,0.0,0.024494491007579316,4,0,0,0,11,0.1,1.0,,35.93108755196634,1.8826275035088254,9.99661688167505,17.314844053209338,-9.077316125535882,17.814234056216804,-19.98133666753651,-0.6974623882659267,-10.594720121051273,-16.955396264964275,10.297249895626432,-17.137768955196737
nominal,186,4.675,0.195,0.205,0.0,0.0,-0.195,0.06328911274599194,0.06328911274599194,-0.615,,,,,0.0,0.02357594759479618,4,0,0,0,11,0.1,1.0,,35.931821641183134,1.882682503574662,9.996743748612236,17.315056451213987,-9.077409645828286,17.814455154108675,-19.98157968000389,-0.6974821737059544,-10.59485755401185,-16.955604980028113,10.29738156204044,-17.13797809437686
nominal,187,4.7,0.195,0.205,4.273994246475605e-17,0.0,-0.195,0.06328692914797726,0.06328692914797726,-0.615,,,,,0.0,0.022691849559989107,4,0,0,0,11,0.1,1.0,,35.9325282020543,1.8827354411380297,9.996865858039277,17.315260884293462,-9.077499659109726,17.8146679608296,-19.981813579503743,-0.6975012171919811,-10.594989833236406,-16.955805868277057,10.297508290963924,-17.138179390837728
nominal,188,4.7250000000000005,0.195,0.205,0.0,3.3084093026947045e-17,-0.19499999999999998,0.06328482732670293,0.0632848273267029,-0.615,,,,,0.0,0.021840905201490433,4,0,0,0,11,0.1,1.0,,35.93320826689279,1.8827863935427713,9.996983388362803,17.31545765113246,-9.077586296893111,17.81487278729849,-19.982038707772354,-0.6975195465472818,-10.59511715199004,-16.95599922321667,10.297630267552776,-17.138373138681313
nominal,189,4.75,0.195,0.205,5.476809894596217e-17,0.0,-0.195,0.06328280422350176,0.06328280422350176,-0.6149999999999999,,,,,0.0,0.02102187125643429,4,0,0,0,11,0.1,1.0,,35.93386282929984,1.882835435232335,9.997096511299198,17.31564703921499,-9.07766968575962,17.815069932774797,-19.98225539373089,-0.6975371885517587,-10.595239696290413,-16.956185327346045,10.297747670019547,-17.138559620980764
nominal,190,4.775,0.195,0.205,2.517079042282415e-17,4.341295713373061e-17,-0.19499999999999995,0.06328085689382103,0.06328085689382099,-0.615,,,,,0.0,0.020233551084319755,4,0,0,0,11,0.1,1.0,,35.934492845616624,1.8828826378585402,9.997205392125478,17.31582932524443,-9.077749947543634,17.815259685295743,-19.982463953965983,-0.6975541689810678,-10.595357645179522,-16.95636445257057,10.297860669893813,-17.138739110193985
nominal,191,4.800000000000001,0.195,0.205,0.0,0.0,-0.195,0.06327898250298589,0.06327898250298589,-0.615,,,,,0.0,0.019474792918655073,4,0,0,0,11,0.1,1.0,,35.935099236321534,1.8829280703862625,9.997310189920773,17.316004775547764,-9.077827199510747,17.81544232209715,-19.98266469319226,-0.6975705126442777,-10.59547117098529,-16.956536860599172,10.297969432272795,-17.13891186856171
nominal,192,4.825,0.195,0.205,0.0,4.847817809416558e-17,-0.19499999999999995,0.06327717832211918,0.06327717832211914,-0.615,,,,,0.0,0.018744488184203142,4,0,0,0,11,0.1,1.0,,35.93568288737501,1.8829717991941952,9.997411057798743,17.316173646464723,-9.077901554529094,17.81561811001851,-19.98285790469755,-0.6975862434201173,-10.595580439573341,-16.956702803326703,10.298074116062566,-17.139078148490647
nominal,193,4.8500000000000005,0.195,0.205,0.0,1.8950080468390134e-17,-0.19499999999999998,0.06327544172421098,0.06327544172421097,-0.615,,,,,0.0,0.018041569877295993,4,0,0,0,11,0.1,1.0,,35.936244651513974,1.8830138881718306,9.99750814313129,17.316336184722296,-9.077973121234253,17.815787305892815,-19.983043870771393,-0.6976013842918629,-10.59568561058934,-16.956862523201952,10.29817487421022,-17.13923819292225
nominal,194,4.875,0.195,0.205,0.0,1.2582239215209903e-17,-0.195,0.06327377018033266,0.06327377018033264,-0.615,,,,,0.0,0.017365011006894318,4,0,0,0,11,0.1,1.0,,35.93678534949773,1.8830543988128046,9.997601587763866,17.31649262779521,-9.078042004187969,17.815950156921836,-19.983222863117465,-0.6976159573809181,-10.59578683769224,-16.95701625358188,10.298271853927337,-17.139392235687666
nominal,195,4.9,0.195,0.205,7.161240565510397e-18,0.0,-0.195,0.06327216125599076,0.06327216125599076,-0.615,,,,,0.0,0.016713823094137537,4,0,0,0,11,0.1,1.0,,35.937305771307095,1.883093390304742,9.99769152822272,17.31664320425289,-9.07810830403092,17.816106901037266,-19.98339514325056,-0.6976299839791337,-10.59588426877878,-16.95716421907256,10.298365196905062,-17.13954050184938
nominal,196,4.925000000000001,0.195,0.205,0.0,0.0,-0.195,0.06327061260761496,0.06327061260761496,-0.615,,,,,0.0,0.01608705472810659,4,0,0,0,11,0.1,1.0,,35.93780667729861,1.8831309196157318,9.997778095914368,17.316788134093407,-9.07817211762976,17.816257767248366,-19.983560962878666,-0.6976434845799162,-10.595978046199576,-16.95730663585734,10.298455039521121,-17.139683208030025
nominal,197,4.95,0.195,0.205,6.4583851979133735e-18,0.0,-0.195,0.06326912197917584,0.06326912197917584,-0.615,,,,,0.0,0.015483790175801232,4,0,0,0,11,0.1,1.0,,35.938288799315444,1.8831670415775594,9.99786141731758,17.316927629064903,-9.078233538218644,17.81640297597655,-19.983720564270715,-0.6976564789081694,-10.596068306967092,-16.95744371201269,10.29854151303908,-17.1398205627289
nominal,198,4.9750000000000005,0.195,0.205,2.8063308680264994e-17,1.0599291407683576e-17,-0.195,0.06326768719892718,0.06326768719892717,-0.615,,,,,0.0,0.014903148044207374,4,0,0,0,11,0.1,1.0,,35.938752841756646,1.8832018089658187,9.997941614168171,17.31706189297497,-9.078292655535444,17.816542739377432,-19.983874180610563,-0.6976689859491131,-10.596155182955826,-16.957575647812213,10.298624743800115,-17.139952766626568
nominal,199,5.0,0.195,0.205,0.0,0.0,-0.195,0.06326630617626891,0.06326630617626891,-0.615,,,,,0.0,0.014344279992551511,4,0,0,0,11,0.1,1.0,,35.9391994826063,1.883235272577018,9.998018803636866,17.317191121988408,-9.078349555952865,17.816677261650778,-19.984022036337667,-0.6976810239760214,-10.596238801094982,-16.957702636019256,10.29870485340761,-17.140080012878073
nominal,200,5.025,0.195,0.205,9.723143409492878e-17,5.2736154331381265e-17,-0.19499999999999995,0.06326497689872553,0.06326497689872547,-0.615,,,,,0.0,0.013806369492829611,4,0,0,0,11,0.1,1.0,,35.939629374424094,1.8832674813027974,9.998093098500483,17.317315504913843,-9.078404322604634,17.816806739338872,-19.984164347475005,-0.6976926105769206,-10.59631928355392,-16.957824862168533,10.298781958904824,-17.140202487395147
nominal,201,5.050000000000001,0.195,0.205,0.0,2.352716911530544e-17,-0.19499999999999998,0.06326369742903683,0.0632636974290368,-0.615,,,,,0.0,0.013288630636850927,4,0,0,0,11,0.1,1.0,,35.940043145298716,1.88329848220136,9.998164607306714,17.317435223479574,-9.07845703550696,17.816931361613666,-19.98430132194469,-0.697703762680286,-10.596396747920647,-16.957942504837213,10.298856172945893,-17.14032036911783
nominal,202,5.075,0.195,0.205,3.610396265097024e-17,0.0,-0.195,0.06326246590235568,0.06326246590235568,-0.615,,,,,0.0,0.012790306987966338,4,0,0,0,11,0.1,1.0,,35.94044139976555,1.8833283205662268,9.998233434532713,17.31755045259909,-9.078507771675449,17.817051310553154,-19.984433159871767,-0.6977144965797752,-10.596471307373623,-16.958055735905816,10.298927603960422,-17.140433830275914
nominal,203,5.1000000000000005,0.195,0.205,0.0,2.914321103130836e-17,-0.19499999999999998,0.0632612805235498,0.06326128052354978,-0.615,,,,,0.0,0.01231067047591652,4,0,0,0,11,0.1,1.0,,35.94082471968987,1.8833570399924109,9.998299680737736,17.317661360626623,-9.078556605237619,17.81716676140741,-19.984560053876574,-0.6977248279580337,-10.596543070847112,-16.958164720809346,10.298996356311907,-17.140543036640565
nominal,204,5.125,0.195,0.205,4.7357796126553767e-17,0.0,-0.195,0.06326013956460345,0.06326013956460345,-0.6149999999999999,,,,,0.0,0.011849020333066998,4,0,0,0,11,0.1,1.0,,35.941193665117034,1.883384682440113,9.99836344271007,17.317768109603126,-9.078603607541208,17.817277882854633,-19.984682189356203,-0.6977347719096074,-10.596612143190345,-16.958269618778996,10.299062530450211,-17.140648147766544
nominal,205,5.15,0.195,0.205,1.385869201702507e-18,0.0,-0.195,0.06325904136211541,0.06325904136211541,-0.615,,,,,0.0,0.011404682070577706,4,0,0,0,11,0.1,1.0,,35.94154877509067,1.8834112882960263,9.998424813608443,17.31787085549301,-9.078648847258412,17.817384837247584,-19.984799744755346,-0.6977443429629971,-10.596678625320708,-16.95837058307478,10.299126223058328,-17.1407493172253
nominal,206,5.175000000000001,0.195,0.205,0.0,0.0,-0.195,0.06325798431488953,0.06325798431488953,-0.615,,,,,0.0,0.010977006492932892,4,0,0,0,11,0.1,1.0,,35.9418905684403,1.883436896432343,9.998483883098126,17.317969748412022,-9.078692390486221,17.8174877808508,-19.98491289182702,-0.6977535551018847,-10.596742614371182,-16.958467761209477,10.299187527193642,-17.140846692829353
nominal,207,5.2,0.195,0.205,1.1500777223179309e-16,7.529535388689548e-18,-0.195,0.06325696688161471,0.0632569668816147,-0.615,,,,,0.0,0.010565368749446842,4,0,0,0,11,0.1,1.0,,35.94221954453932,1.8834615442635476,9.998540737481946,17.31806493284657,-9.078734300842989,17.817586864068897,-19.985021795883505,-0.697762421785564,-10.596804203832264,-16.95856129516412,10.29924653242388,-17.140940416848252
nominal,208,5.2250000000000005,0.195,0.205,0.0,0.0,-0.195,0.06325598757863103,0.06325598757863103,-0.615,,,,,0.0,0.010169167421344164,4,0,0,0,11,0.1,1.0,,35.94253618403462,1.8834852678010823,9.998595459826372,17.318156547864824,-9.078774639561377,17.817682231666314,-19.985126616037874,-0.6977709559686054,-10.596863483688553,-16.958651321595465,10.299303324957984,-17.141030626216445
nominal,209,5.25,0.195,0.205,1.319590766401744e-17,0.0,-0.195,0.06325504497777876,0.06325504497777876,-0.615,,,,,0.0,0.009787823643043878,4,0,0,0,11,0.1,1.0,,35.94284094954885,1.8835081017059594,9.998648130082884,17.318244727319893,-9.078813465577825,17.817774022978828,-19.985227505436455,-0.6977791701197826,-10.596920540550233,-16.958737972035635,10.29935798777206,-17.14111745273333
nominal,210,5.275,0.195,0.205,0.0,0.0,-0.195,0.0632541377043271,0.0632541377043271,-0.615,,,,,0.0,0.009420780256431388,4,0,0,0,11,0.1,1.0,,35.9431342863563,1.8835300793394036,9.998698825204777,17.3183296000454,-9.078850835618656,17.817862372117123,-19.98532461148259,-0.6977870762402908,-10.5969754577796,-16.958821373084298,10.299410600730608,-17.141201023255828
nominal,211,5.300000000000001,0.195,0.205,1.7804228830600918e-17,0.0,-0.195,0.06325326443497996,0.06325326443497996,-0.615,,,,,0.0,0.009067500996816368,4,0,0,0,11,0.1,1.0,,35.943416623033464,1.8835512328115935,9.998747619259598,17.318411290043695,-9.078886804282957,17.81794740816273,-19.985418076051992,-0.6977946858812799,-10.597028315612864,-16.958901646593638,10.299461240703211,-17.141281459883736
nominal,212,5.325,0.195,0.205,0.0,2.7393205672910237e-17,-0.19499999999999998,0.06325242389595588,0.06325242389595585,-0.615,,,,,0.0,0.008727469709434887,4,0,0,0,11,0.1,1.0,,35.94368837208524,1.8835715930285764,9.998794583537363,17.318489916667055,-9.078921424122347,17.818029255356628,-19.985508035700043,-0.697802010160732,-10.59707919127738,-16.958978909846376,10.29950998167684,-17.141358880138096
nominal,213,5.3500000000000005,0.195,0.205,1.0263686754184098e-16,4.6978939347657805e-17,-0.19499999999999995,0.0632516148611392,0.06325161486113916,-0.615,,,,,0.0,0.008400189595329956,4,0,0,0,11,0.1,1.0,,35.943949930547575,1.8835911897374225,9.998839786654711,17.31856559479204,-9.078954745717759,17.818108033280755,-19.985594621861292,-0.6978090597797045,-10.597128159104479,-16.959053275727136,10.299556894863958,-17.141433397132918
nominal,214,5.375,0.195,0.205,0.0,8.809365096184583e-18,-0.195,0.06325083615030001,0.0632508361503,-0.615,,,,,0.0,0.00808518248550392,4,0,0,0,11,0.1,1.0,,35.94420168056757,1.8836100515696867,9.99888329465516,17.31863843498734,-9.078986817753343,17.818183857032725,-19.985677961041493,-0.6978158450379656,-10.597175290638061,-16.959124852887367,10.299602048806559,-17.141505119740433
nominal,215,5.4,0.195,0.205,0.0,0.0,-0.195,0.06325008662738033,0.06325008662738033,-0.615,,,,,0.0,0.007781988142296714,4,0,0,0,11,0.1,1.0,,35.94444398996182,1.8836282060832412,9.998925171105592,17.318708543675314,-9.079017687087592,17.818256837394,-19.985758175002438,-0.6978223758490418,-10.597220654739134,-16.95919374590409,10.299645509476314,-17.141574152750167
nominal,216,5.425000000000001,0.195,0.205,0.0,0.0,-0.195,0.06324936519884411,0.06324936519884411,-0.615,,,,,0.0,0.007490163586959332,4,0,0,0,11,0.1,1.0,,35.94467721275378,1.8836456798025374,9.998965477189133,17.31877602328749,-9.079047398821809,17.818327080991725,-19.985835380939847,-0.6978286617547028,-10.597264317686417,-16.959260055432686,10.299687340370951,-17.141640597022036
nominal,217,5.45,0.195,0.205,0.0,1.8362939274504376e-17,-0.19499999999999998,0.06324867081208846,0.06324867081208844,-0.615,,,,,0.0,0.00720928245244925,4,0,0,0,11,0.1,1.0,,35.944901689691044,1.88366249825736,9.99900427179454,17.31884097241421,-9.07907599636599,17.818394690454536,-19.9859096916546,-0.6978347119389015,-10.597306343273177,-16.95932387835396,10.29972760260704,-17.141704549633708
nominal,218,5.4750000000000005,0.195,0.205,0.0,3.154382837681043e-17,-0.19499999999999998,0.06324800245391425,0.06324800245391422,-0.615,,,,,0.0,0.006938934360483477,4,0,0,0,11,0.1,1.0,,35.94511774874316,1.8836786860201267,9.999041611602244,17.318903485948677,-9.079103521502265,17.81845976456249,-19.985981215717555,-0.6978405352411926,-10.597346792900433,-16.959385307915685,10.299766355009277,-17.141766104022444
nominal,219,5.5,0.195,0.205,0.0,0.0,-0.195,0.06324735914905338,0.06324735914905338,-0.615,,,,,0.0,0.006678724321963464,4,0,0,0,11,0.1,1.0,,35.94532570558082,1.8836942667417895,9.99907755116716,17.318963655225602,-9.07913001444593,17.818522398391398,-19.986050057628148,-0.6978461401696479,-10.597385725666667,-16.959444433868846,10.29980365419643,-17.141825350121604
nominal,220,5.525,0.195,0.205,0.0,1.0808593813618012e-17,-0.195,0.06324673995875126,0.06324673995875124,-0.615,,,,,0.0,0.006428272159887255,4,0,0,0,11,0.1,1.0,,35.94552586403707,1.88370926318639,9.999112142998392,17.319021568154643,-9.079155513904208,17.81858268345172,-19.98611631796709,-0.6978515349132861,-10.597423198454168,-16.959501342598763,10.299839554664063,-17.141882374492045
nominal,221,5.550000000000001,0.195,0.205,0.0,3.6350896317221525e-17,-0.19499999999999998,0.06324614397940169,0.06324614397940165,-0.615,,,,,0.0,0.006187211953893145,4,0,0,0,11,0.1,1.0,,35.94571851655121,1.883723697264318,9.999145437635953,17.319077309348845,-9.0791800571328,17.81864070782228,-19.986180093543325,-0.6978567273540379,-10.597459266012137,-16.95955611725131,10.29987410886416,-17.141937260448593
nominal,222,5.575,0.195,0.205,1.8136329991564518e-17,0.0,-0.195,0.06324557034123302,0.06324557034123302,-0.615,,,,,0.0,0.005955191505622743,4,0,0,0,11,0.1,1.0,,35.94590394459607,1.8837375900643238,9.999177483724605,17.319130960248263,-9.079203679990322,17.818696556278944,-19.98624147753545,-0.6978617250782615,-10.597493981036683,-16.959608837854386,10.299907367281753,-17.14199008818177
nominal,223,5.6000000000000005,0.195,0.205,9.930523749182592e-17,0.0,-0.195,0.06324501820704295,0.06324501820704295,-0.615,,,,,0.0,0.005731871824163107,4,0,0,0,11,0.1,1.0,,35.946082419089244,1.8837509618843293,9.999208328084933,17.319182599238953,-9.079226416990684,17.818750310418483,-19.98630055962787,-0.6978665353878267,-10.597527394247807,-16.959659581434845,10.299939378508688,-17.142040934874956
nominal,224,5.625,0.195,0.205,0.0,0.0,-0.195,0.06324448677098078,0.06324448677098078,-0.615,,,,,0.0,0.005516926630755528,4,0,0,0,11,0.1,1.0,,35.94625420078893,1.8837638322610846,9.999238015781748,17.319232301767492,-9.079248301353534,17.81880204877779,-19.986357426141826,-0.6978711653107832,-10.597559554463514,-16.95970842213104,10.299970189314612,-17.142089874817145
nominal,225,5.65,0.195,0.205,1.86100007432905e-18,0.0,-0.195,0.0632439752573748,0.0632439752573748,-0.615,,,,,0.0,0.005310041882101829,4,0,0,0,11,0.1,1.0,,35.946419540674874,1.8837762199987116,9.999266590189931,17.319280140451212,-9.079269365052776,17.818851846948622,-19.986412160161507,-0.6978756216116289,-10.597590508671132,-16.959755431301126,10.299999844715314,-17.142136979511502
nominal,226,5.675000000000001,0.195,0.205,5.24858429416601e-17,1.201226564562384e-17,-0.195,0.06324348291960356,0.06324348291960355,-0.615,,,,,0.0,0.005110915311520328,4,0,0,0,11,0.1,1.0,,35.9465786803151,1.8837881431961776,9.99929409305781,17.31932618518429,-9.079289638863296,17.81889977768805,-19.98646484165545,-0.6978799108011928,-10.597620302095965,-16.959800677627335,10.30002838803849,-17.14218231777982
nominal,227,5.7,0.195,0.205,0.0,0.0,-0.195,0.06324300903900937,0.06324300903900937,-0.615,,,,,0.0,0.004919255987340244,4,0,0,0,11,0.1,1.0,,35.94673185221881,1.8837996192737385,9.99932056456814,17.31937050323988,-9.079309152405923,17.81894591102475,-19.98651554759337,-0.697884039146148,-10.597648978267367,-16.95984422721631,10.300055860987046,-17.142225955863076
nominal,228,5.7250000000000005,0.195,0.205,4.0485781707211715e-17,0.0,-0.195,0.0632425529238521,0.0632425529238521,-0.615,,,,,0.0,0.004734783887816299,4,0,0,0,11,0.1,1.0,,35.946879280176134,1.883810664998391,9.999346043396836,17.319413159368384,-9.079327934190701,17.81899031436132,-19.98656435205862,-0.6978880126781675,-10.597676579082341,-16.959886143695698,10.300082303700032,-17.14226795751821
nominal,229,5.75,0.195,0.205,0.0,2.063815678806902e-18,-0.195,0.06324211390830199,0.06324211390830199,-0.615,,,,,0.0,0.004557229492024476,4,0,0,0,11,0.1,1.0,,35.94702117958506,1.883821296508369,9.999370566769453,17.31945421589207,-9.079346011658549,17.81903305257277,-19.98661132635642,-0.6978918372027362,-10.597703144866752,-16.959926488307108,10.30010775481128,-17.142308384111278
nominal,230,5.775,0.195,0.205,2.15793773647115e-17,4.340312005762955e-17,-0.19499999999999995,0.06324169135147055,0.06324169135147051,-0.615,,,,,0.0,0.004386333386073686,4,0,0,0,11,0.1,1.0,,35.94715775776615,1.8838315293367227,9.999394170515599,17.319493732796115,-9.079363411221353,17.81907418810129,-19.986656539118055,-0.6978955183076335,-10.597728714434249,-16.95996531999559,10.300132251505858,-17.142347294707104
nominal,231,5.800000000000001,0.195,0.205,0.0,4.1645589397658355e-17,-0.19499999999999995,0.06324128463647702,0.06324128463647698,-0.615,,,,,0.0,0.004221845884097493,4,0,0,0,11,0.1,1.0,,35.947289214265446,1.8838413784340133,9.999416889121264,17.31953176781626,-9.079380158300552,17.81911378104749,-19.986700056401126,-0.6978990613710973,-10.597753325142964,-16.960002695495756,10.300155829574388,-17.14238474615559
nominal,232,5.825,0.195,0.205,6.072751689160735e-17,0.0,-0.195,0.06324089316954999,0.06324089316954999,-0.6149999999999999,,,,,0.0,0.004063526663441424,4,0,0,0,11,0.1,1.0,,35.947415741146024,1.8838508581901554,9.999438755779217,17.31956837652315,-9.079396277364282,17.81915188925821,-19.986741941786086,-0.6979024715696811,-10.597777012950102,-16.960038669414665,10.300178523465348,-17.142420793174754
nominal,233,5.8500000000000005,0.195,0.205,1.1333752032408066e-17,0.0,-0.195,0.06324051637916273,0.06324051637916273,-0.615,,,,,0.0,0.003911144413560157,4,0,0,0,11,0.1,1.0,,35.94753752326858,1.8838599824554423,9.999459802437496,17.319603612403533,-9.079411791963121,17.81918856841103,-19.98678225646911,-0.6979057538858181,-10.597799812464473,-16.960073294311616,10.300200366335398,-17.142455488430702
nominal,234,5.875,0.195,0.205,9.293578560268052e-18,0.0,-0.195,0.0632401537152002,0.0632401537152002,-0.615,,,,,0.0,0.003764476498050393,4,0,0,0,11,0.1,1.0,,35.94765473856154,1.8838687645607808,9.99948005984609,17.3196375269384,-9.079426724764504,17.819223872095616,-19.986821059351517,-0.6979089131151,-10.597821756997055,-16.96010662077493,10.300221390097821,-17.14248888261455
nominal,235,5.9,0.195,0.205,0.0,4.0206620708974277e-17,-0.19499999999999998,0.06323980464815819,0.06323980464815815,-0.615,,,,,0.0,0.003623308629376237,4,0,0,0,11,0.1,1.0,,35.94776755828101,1.8838772173371692,9.99949955760186,17.31967016967821,-9.079441097585836,17.81925785189203,-19.986858407125833,-0.6979119538732838,-10.597842878609665,-16.96013869749587,10.300241625469154,-17.142521024516505
nominal,236,5.925000000000001,0.195,0.205,0.0,5.909026012457523e-17,-0.19499999999999995,0.0632394686683713,0.06323946866837124,-0.615,,,,,0.0,0.0034874345557749428,4,0,0,0,11,0.1,1.0,,35.947876147261,1.883885353134443,9.99951832419179,17.31970158831528,-9.079454931426367,17.819290557446077,-19.986894354358615,-0.6979148806030356,-10.597863208161803,-16.960169571339776,10.30026110201406,-17.142551961097137
nominal,237,5.95,0.195,0.205,1.2252674122755576e-17,0.0,-0.195,0.06323914528527046,0.06323914528527046,-0.615,,,,,0.0,0.003356655759930993,4,0,0,0,11,0.1,1.0,,35.947980664154244,1.8838931838393191,9.999536387034597,17.319731828753458,-9.079468246497878,17.81932203654185,-19.986928953570168,-0.6979176975804218,-10.597882775355735,-16.960199287414536,10.300279848188532,-17.142581737555993
nominal,238,5.9750000000000005,0.195,0.205,9.367599260356157e-18,0.0,-0.195,0.06323883402666809,0.06323883402666809,-0.615,,,,,0.0,0.003230781168935157,4,0,0,0,11,0.1,1.0,,35.94808126166399,1.8839007208927623,9.9995537725208,17.319760935175204,-9.079481062254208,17.81935233517153,-19.986962255311287,-0.6979204089211559,-10.597901608779896,-16.96022788913649,10.300297891381463,-17.142610397397643
nominal,239,6.0,0.195,0.205,4.1537257251416105e-17,4.827402968805951e-17,-0.19499999999999995,0.0632385344380697,0.06323853443806966,-0.615,,,,,0.0,0.003109626875100989,4,0,0,0,11,0.1,1.0,,35.948178086767115,1.8839079753067014,9.99957050605127,17.319788950106133,-9.079493397419675,17.8193814976026,-19.986994308237115,-0.6979230185866125,-10.59791973595065,-16.960255418293873,10.300315257954658,-17.14263798249523
centralized,0,0.025,0.195,0.205,0.9528077435349479,0.8960229751145191,0.7010229751145192,0.909961930663558,0.0139389555490389,-6.094430515801719e-14,,,,,21.183338026396278,29.30969268846603,15,0,0,0,0,0.1,0.9103977024885481,,12.598749405717738,0.1451493657531283,5.880066295057219,10.559892370540034,-6.028770298912534,10.803243608897168,-12.05821704719892,-0.06428410446540461,-6.1387978494914295,-10.314835271306766,6.050211754743454,-10.503260550470742
centralized,1,0.05,0.195,0.205,0.8960229751145189,0.8437567213549393,0.6487567213549392,0.8618240871446115,0.018067365789672163,1.0278236595162582e-13,,,,,22.90535397887449,28.736565584240253,15,0,0,0,0,0.1,0.9156243278645061,,13.117488200805944,0.19403774621228134,5.902077069481495,10.716352802037587,-6.012412564120107,10.98331822704776,-12.052520804391072,-0.074307815997366,-6.1392401226703415,-10.459512765338191,6.098431855978308,-10.674112946777765
centralized,2,0.07500000000000001,0.195,0.205,0.8437567213549391,0.7958445588863811,0.6008445588863811,0.8174865427608808,0.02164198387449978,1.275195227190551e-13,,,,,24.029585527644166,28.2202278449389,15,0,0,0,0,0.1,0.920415544111362,,13.579552254660745,0.23804740662365861,5.9303835339891116,10.864621334112888,-5.983671450941097,11.15148164906358,-12.054802333516939,-0.08334527066409002,-6.122364838023214,-10.591047836033791,6.15241104251549,-10.836357326239932
centralized,3,0.1,0.195,0.205,0.7958445588863812,0.7518803250849662,0.5568803250849661,0.776257181416208,0.02437685633124187,1.310791752917595e-13,,,,,24.70827375380583,27.745287654705475,15,0,0,0,0,0.1,0.9248119674915034,,13.999054586791008,0.27816832856247004,5.964714474788689,11.005885652024267,-5.945700018293661,11.309699404035399,-12.069737843800242,-0.09165945584099928,-6.092826242956028,-10.712162863517921,6.211649654244207,-10.99106732533582
centralized,4,0.125,0.195,0.205,0.7518803250849657,0.7114635584733514,0.5164635584733515,0.7377060418543213,0.026242483380969905,-1.5815994347523343e-13,,,,,25.069458150681847,27.30059994344875,15,0,0,0,0,0.1,0.9288536441526649,,14.38727861503423,0.31514744030288133,6.003685742880808,11.140665152535734,-5.901028716789317,11.459399150798587,-12.09897343000287,-0.09934137635737861,-6.054182836733199,-10.824796547464272,6.274809898395826,-11.138826188688018
centralized,5,0.15000000000000002,0.195,0.205,0.7114635584733514,0.674247986152968,0.479247986152968,0.7015499213398512,0.027301935186883175,1.872651339551723e-13,,,,,25.202293123411877,26.87817266411736,15,0,0,0,0,0.1,0.9325752013847032,,14.75291685570086,0.3495461029509428,6.04564936862259,11.269147626137745,-5.851525203547397,11.601606687666113,-12.14282123191043,-0.10641408093316446,-6.008998357912898,-10.930324218664197,6.3403862040188255,-11.27993249074977
centralized,6,0.17500000000000002,0.195,0.205,0.6742479861529681,0.6399381217984523,0.4449381217984523,0.6675792712852036,0.027641149486751226,-5.741934705483231e-16,,,,,25.163407853302058,26.472075376057724,15,0,0,0,0,0.1,0.9360061878201548,,15.102713341034196,0.38180091860379295,6.0890669150433,11.391383302355917,-5.798561010726294,11.737100686584839,-12.201119727726812,-0.11287778118372933,-5.959131490832924,-11.029773614006984,6.407007281784182,-11.414548715489037
centralized,7,0.2,0.195,0.205,0.6399381217984527,0.6082767420621652,0.4132767420621652,0.6356161733887548,0.02733943132658956,2.75601915421253e-13,,,,,24.987786046741117,26.077671625337796,15,0,0,0,0,0.1,0.9391723257937835,,15.44203704664929,0.4122630914783804,6.132630819936316,11.50738751855815,-5.743206125562714,11.866535686530638,-12.273561953654282,-0.1187236038534781,-5.906009722294797,-11.123983355348628,6.473539129345777,-11.542793938935278
centralized,8,0.225,0.195,0.205,0.6082767420621651,0.5790329409770767,0.3840329409770767,0.6054943313420141,0.026461390364937443,4.0150413375961147e-13,,,,,24.698456278337453,25.69118199880627,15,0,0,0,0,0.1,0.9420967059022923,,15.775251875660345,0.4412182731928134,6.175280598123228,11.617195288291107,-5.686398088893339,11.990531282945526,-12.359716757179081,-0.12393195546366967,-5.850844646338264,-11.213711518091072,6.539105578171497,-11.664800393438618
centralized,9,0.25,0.195,0.205,0.579032940977076,0.5519918775801209,0.3569918775801209,0.5770551854761778,0.02506330789605693,-5.30643291894034e-13,,,,,24.314978305850307,25.309541305148343,15,0,0,0,0,0.1,0.9448008122419879,,16.10585307252359,0.4688931562189567,6.216183213833799,11.720890286755244,-5.629074981138251,12.1097330631395,-12.458843714677595,-0.12846276605415166,-5.794792372547175,-11.299708569984523,6.603080855482632,-11.780746697845377
centralized,10,0.275,0.195,0.205,0.5519918775801209,0.5269461535366982,0.33194615353669815,0.5501579406872652,0.023211787150567043,-6.431386456381971e-13,,,,,23.862155377802292,24.93054860493745,15,0,0,0,0,0.1,0.9473053846463302,,16.436347287093515,0.49545566347833375,6.254703459161884,11.818614194119663,-5.572261546168707,12.224843642798183,-12.569528842208506,-0.1322418001000821,-5.739060952738382,-11.382760538728121,6.665069400497339,-11.89086885059952
centralized,11,0.30000000000000004,0.195,0.205,0.5269461535366982,0.503690340179761,0.308690340179761,0.5247025160067338,0.02101217582697279,7.851571913044066e-13,,,,,23.37973754836775,24.55332658386649,15,0,0,0,0,0.1,0.9496309659820239,,16.767857178252175,0.5210179754135278,6.290370790734693,11.910552573729955,-5.517084765022872,12.336613744530117,-12.689155297382879,-0.13514843089206097,-5.684954409254253,-11.463700536010574,6.724865688014416,-11.995440821016409
centralized,12,0.325,0.195,0.205,0.503690340179761,0.48202843308840615,0.28702843308840614,0.5011239533881517,0.019095520299745594,2.039493985783153e-16,,,,,22.932450782671708,24.179666183347326,15,0,0,0,0,0.1,0.9517971566911594,,17.10135413350253,0.5465238183412021,6.323441343255428,11.994310084623335,-5.465159011105886,12.442530233862248,-12.813003480755217,-0.13759409724599933,-5.635575570051703,-11.540774392951588,6.781848510961362,-12.091780903393019
centralized,13,0.35000000000000003,0.195,0.205,0.48202843308840604,0.4618282303059561,0.2668282303059561,0.4793066012007283,0.01747837089477222,-9.493547725247561e-17,,,,,22.606172075243112,23.813119695962943,14,0,1,0,1,0.1,0.9538171769694044,,17.43281353866001,0.5719579133566273,6.353736398624363,12.070792296027333,-5.417409045220586,12.544198451619822,-12.934379894157942,-0.13934113109773247,-5.592012136268394,-11.615605694420774,6.836126051866849,-12.180941363673037
centralized,14,0.375,0.195,0.205,0.46182823030595604,0.44316336888694535,0.24816336888694535,0.4591195129293154,0.015956144042370057,6.609296443471635e-16,,,,,22.377156213050537,23.45643685787593,14,0,0,0,1,0.1,0.9556836631113055,,17.758849737321256,0.5972620639068634,6.381039342904399,12.140937428243726,-5.374522948963126,12.64322668937659,-13.047727742105122,-0.14010592583325773,-5.555074201134936,-11.689870652272631,6.8878058761409475,-12.263962617854592
centralized,15,0.4,0.195,0.205,0.44316336888694524,0.4259287889755762,0.23092878897557617,0.44044138560428653,0.01451259662871035,-1.5381465931658877e-17,,,,,22.06719599863754,23.10705831868149,14,0,0,0,1,0.1,0.9574071211024424,,18.08184667375247,0.6227197269369971,6.405288330149971,12.20474554800321,-5.337197712127879,12.74006744859822,-13.15291565143894,-0.13988195022476263,-5.5259026509841425,-11.764261819992978,6.93681515732134,-12.34084144826532
centralized,16,0.42500000000000004,0.195,0.205,0.4259287889755762,0.41002410686808827,0.21502410686808826,0.42316133605621814,0.013137229188129873,-8.125202208954919e-16,,,,,21.65691914487728,22.761927239669255,14,0,0,0,1,0.1,0.9589975893131911,,18.40469022220459,0.6487085992702732,6.426523679218057,12.262144433854054,-5.306295859639002,12.835113112396892,-13.24996043701726,-0.13871379610027204,-5.50595706281981,-11.839487648481528,6.983089034141544,-12.411471445876213
centralized,17,0.45,0.195,0.205,0.41002410686808793,0.3953608256919683,0.20036082569196828,0.4071783961818903,0.011817570489921991,-1.7084337502701404e-18,,,,,21.121431777997984,22.41733004970002,14,0,0,0,1,0.1,0.9604639174308032,,18.73089550271381,0.6757266646049698,6.4449593138697825,12.313021435136996,-5.2829762935207745,12.928715572900984,-13.338939168544234,-0.13673031669551727,-5.497182216742045,-11.91630008944962,7.026582039123804,-12.475659727052058
centralized,18,0.47500000000000003,0.195,0.205,0.39536082569196834,0.38186243134072395,0.18686243134072394,0.39240114530824105,0.0105387139675171,4.4236121020950344e-16,,,,,20.42175292198315,22.068459310487796,14,0,0,0,1,0.1,0.9618137568659276,,19.064989434312423,0.7044282439201084,6.461142841933453,12.357258669290301,-5.26890621268662,13.021153978338406,-13.420115155242806,-0.13422219471546482,-5.50224673308384,-11.995452948456695,7.067302742449498,-12.533129935212703
centralized,19,0.5,0.195,0.205,0.3818624313407241,0.369462784649783,0.174462784649783,0.3787465303701832,0.009283745720400194,4.173264195209082e-16,,,,,19.49889890776039,21.70874656609078,14,0,0,0,1,0.1,0.9630537215350217,,19.41304806280104,0.735635659484582,6.47628393813903,12.394830580121004,-5.2666227718118925,13.112549428765227,-13.494242179739993,-0.13178478782932054,-5.5248527743807205,-12.077540846059625,7.105424343177095,-12.583564282864145
centralized,20,0.525,0.195,0.205,0.36946278464978344,0.35807958623780595,0.16307958623780594,0.36612522971923456,0.00804564348142861,4.4204621282847206e-16,,,,,18.278699291867973,21.32921171302,14,0,0,0,1,0.1,0.9641920413762194,,19.783017336053664,0.7699343645113292,6.492815186500078,12.426063302215145,-5.28010537953182,13.20271581032315,-13.563246159728214,-0.13049572231856824,-5.569942362312651,-12.162572241033734,7.14186400893711,-12.626558196317845
centralized,21,0.55,0.195,0.205,0.3580795862378059,0.3476225731555493,0.15262257315554928,0.35445667620991833,0.006834103054369045,-4.048769705325886e-16,,,,,16.74116209629351,20.919653418643474,14,0,0,0,1,0.1,0.9652377426844451,,20.182872145761976,0.8055654253480632,6.514578175240322,12.45212077356709,-5.315204460231842,13.291101688151008,-13.631312132767693,-0.1315779467481901,-5.642767638699133,-12.249144878252014,7.180524401908133,-12.661102237640794
centralized,22,0.5750000000000001,0.195,0.205,0.3476225731555492,0.3379190909173938,0.1429190909173938,0.3436454296178088,0.005726338700415001,-1.6698398574997477e-16,,,,,14.956583596768542,20.470356053583806,14,0,0,0,1,0.1,0.9662080909082607,,20.618942108687374,0.8388627571001773,6.5462807680031405,12.47518998029937,-5.3789269868046645,13.376041169003546,-13.705999209193468,-0.13537921861775168,-5.746283448517427,-12.33280436084156,7.228304325531895,-12.688117326987145
centralized,23,0.6000000000000001,0.195,0.205,0.33791909091739375,0.3285972881528256,0.13359728815282557,0.33355207348478405,0.004954785331958478,4.419241645015093e-16,,,,,13.363917853941784,19.982927896248817,13,0,1,0,2,0.1,0.9671402711847175,,21.086488397500595,0.8649157329140238,6.589600226207647,12.49724985323591,-5.473640395345935,13.455159415382017,-13.795229423078652,-0.13882044686413825,-5.875542896333106,-12.407383703268431,7.294007700257822,-12.7115038074937
centralized,24,0.625,0.195,0.205,0.3285972881528254,0.3194668072106089,0.12446680721060888,0.3240807647901616,0.004613957579552741,5.975182583439881e-16,,,,,12.74385690358917,19.487440106831446,13,0,0,0,2,0.1,0.9680533192789391,,21.557779410304086,0.8790282542218327,6.634858160063601,12.517703875020134,-5.586820218626957,13.530430396111862,-13.893156568801801,-0.13521711404579598,-6.012955981490933,-12.474432802591798,7.379468632330592,-12.7330399225096
centralized,25,0.65,0.195,0.205,0.31946680721060877,0.3107741805668987,0.1157741805668987,0.315221655076119,0.004447474509220284,-1.111351637017259e-16,,,,,12.969153004078793,19.01798221148843,12,0,1,0,3,0.1,0.9689225819433102,,22.003586525763318,0.8842669874033066,6.6760336247481105,12.53541840614392,-5.699991706210867,13.607333781946966,-13.983404369282582,-0.12687217677595639,-6.144896793781227,-12.54353654422701,7.471830108690668,-12.748214212569923
centralized,26,0.675,0.195,0.205,0.3107741805668986,0.30273866325911086,0.10773866325911086,0.3070309592256611,0.00429229596655023,-3.3312106465975787e-16,,,,,13.509027387697012,18.5885178599807,12,0,0,0,3,0.1,0.9697261336740889,,22.410245564027598,0.8870997698323391,6.71714436442785,12.549933381692957,-5.80382168581919,13.688867862916457,-14.05807692779779,-0.11971148597175608,-6.26799822783141,-12.620517611197673,7.560498860713613,-12.754249252975653
centralized,27,0.7000000000000001,0.195,0.205,0.3027386632591109,0.29532613009688113,0.10032613009688113,0.2994709727530274,0.004144842656146286,2.179901735919225e-16,,,,,14.040897289870413,18.1960451191769,12,0,0,0,3,0.1,0.9704673869903119,,22.77801488783964,0.8889134602950862,6.761747341414527,12.561637191320418,-5.899234179518059,13.774720296166256,-14.120030519150223,-0.1140218404599737,-6.383381164567697,-12.705062341887727,7.646903843578489,-12.752601169601094
centralized,28,0.7250000000000001,0.195,0.205,0.29532613009688097,0.28849428946816236,0.09349428946816235,0.29249752022602454,0.004003230757862186,-4.1085955853425987e-16,,,,,14.523431628408643,17.836178664398197,12,0,0,0,3,0.1,0.9711505710531838,,23.109122813459496,0.8906207556821842,6.812093904525797,12.571283625534615,-5.987469844809497,13.864193866512275,-14.172475666729493,-0.1095950831688622,-6.492293998903875,-12.796379619078266,7.7325952041099,-12.745206128045298
centralized,29,0.75,0.195,0.205,0.2884942894681622,0.2821976986241171,0.08719769862411708,0.2860643244089214,0.0038666257848042895,3.266413866900193e-16,,,,,14.936982016644967,17.504254660787147,11,0,1,0,4,0.1,0.9717802301375883,,23.40707797244032,0.8927631104510656,6.869012503418112,12.579829118813217,-6.069649185209517,13.956435652540792,-14.218146115442865,-0.10609460097979635,-6.5958201647412755,-12.893486034781775,7.818491395666121,-12.733997950313311
centralized,30,0.775,0.195,0.205,0.28219769862411737,0.2763916570255207,0.0813916570255207,0.2801305260476033,0.0037388690220825915,-1.418523708572548e-16,,,,,15.28054385685922,17.19612502851093,11,0,0,0,4,0.1,0.9723608342974479,,23.675788081893444,0.8956229851518567,6.932194097286378,12.588232908175483,-6.146585512984521,14.050684462387675,-14.258941068938842,-0.10321145242230434,-6.694703859398719,-12.995427376049888,7.904756387958777,-12.720690298655096
centralized,31,0.8,0.195,0.205,0.27639165702552076,0.27103383390030955,0.07603383390030954,0.27465332800533493,0.003619494105025378,-1.3901971639496457e-16,,,,,15.562606446022444,16.908465671322134,11,0,0,0,4,0.1,0.9728966166099691,,23.918842006210138,0.8992736705553146,7.000583927633487,12.597360203239793,-6.218816241993896,14.146515704303082,-14.29595189709435,-0.10065824800830564,-6.789300395774277,-13.101401161324924,7.991134632032826,-12.706858079801856
centralized,32,0.8250000000000001,0.195,0.205,0.2710338339003095,0.2660857713158454,0.07108577131584537,0.26959218050709666,0.0035064091912512807,-1.0943334211521862e-16,,,,,15.798505200081413,16.6388423514861,11,0,0,0,4,0.1,0.9733914228684155,,24.139265369448864,0.9037131238234131,7.072852272843885,12.607908933378374,-6.286608893513845,14.243619166291918,-14.329707027942094,-0.09822522899565228,-6.879674514033286,-13.210678530187284,8.077074332962908,-12.693797797236362
centralized,33,0.8500000000000001,0.195,0.205,0.2660857713158454,0.2615130683717501,0.06651306837175008,0.26490964450350013,0.00339657613175004,-4.759018728938248e-16,,,,,16.003254339119863,16.38556240751604,11,0,0,0,4,0.1,0.973848693162825,,24.339512008861725,0.9088983507821048,7.147624255567155,12.620385565262513,-6.350059698605577,14.34169186802882,-14.360399286369068,-0.09575943534289336,-6.965701390881318,-13.322504255027166,8.161933553367804,-12.682551382696847
centralized,34,0.875,0.195,0.205,0.2615130683717498,0.25728496877449014,0.062284968774490135,0.2605711381350216,0.0032861693605314435,-8.3711172654324e-17,,,,,16.189383396442125,16.147489941892466,11,0,0,0,4,0.1,0.974271503122551,,24.52158201226512,0.9147498505164405,7.223579790155502,12.63508747506767,-6.409191975809444,14.440352000832382,-14.38805002286188,-0.09313724095195164,-7.0471615625257185,-13.436010051447175,8.245120056559895,-12.67392106822616
centralized,35,0.9,0.195,0.205,0.25728496877449003,0.25337385618630487,0.05837385618630486,0.25654490695899745,0.003171050772692585,4.638734676448898e-16,,,,,16.36642614035816,15.923880024187342,11,0,0,0,4,0.1,0.9746626143813695,,24.68717610922743,0.9211484722186887,7.299493077471143,12.652078342259424,-6.4640349380384725,14.539082696581135,-14.412614562655486,-0.09024343016232832,-7.12382491009506,-13.55017205031482,8.32616604562257,-12.668448819560647
centralized,36,0.925,0.195,0.205,0.253373856186305,0.2497549108923696,0.054754910892369585,0.2528028396718064,0.003047928779436798,7.926339434797371e-17,,,,,16.540824363573165,15.714236447273171,10,0,1,0,5,0.1,0.9750245089107631,,24.837835013371226,0.9279344888380585,7.374252842222937,12.671164492586731,-6.514680530266092,14.637226059268057,-14.434048501476086,-0.086958926838278,-7.195519443969547,-13.663828131168517,8.404760870757762,-12.666380685630486
centralized,37,0.9500000000000001,0.195,0.205,0.24975491089236965,0.24640720090828913,0.051407200908289125,0.24932872128673197,0.0029215203784428434,-4.321450519686398e-16,,,,,16.714679953236733,15.518145749594979,10,0,0,0,5,0.1,0.975359279909171,,24.97501170052636,0.9349428196771442,7.446948507880749,12.691970200501004,-6.561301022881406,14.73404794946133,-14.452345936487061,-0.08317917017193374,-7.262203196906615,-13.77582721834935,8.480720649024695,-12.667674401254791
centralized,38,0.9750000000000001,0.195,0.205,0.24640720090828905,0.2433104523813886,0.04831045238138859,0.24610249551469632,0.00279204313330772,-8.711209332980146e-17,,,,,16.881692965897315,15.33498556221622,10,0,0,0,5,0.1,0.9756689547618611,,25.099988011384927,0.942148787361631,7.51719208481844,12.714343845290925,-6.604083497215631,14.828893304557775,-14.46754788675749,-0.0789166369156167,-7.3240877471036745,-13.88546279162819,8.553816544652303,-12.672170554100582
centralized,39,1.0,0.195,0.205,0.24331045238138865,0.24044576769595138,0.04544576769595138,0.24315221465711573,0.002706446961164344,-1.3733073207946147e-11,,,,,17.04097178075234,15.164026215076776,10,0,0,0,5,0.1,0.9759554232304049,,25.214760693031284,0.949598489133269,7.584975069891692,12.737042653936545,-6.643669697000552,14.920842601937364,-14.479915537536723,-0.0743283111425045,-7.381939497775833,-13.991736304456596,8.62394653246783,-12.67857324169094
centralized,40,1.0250000000000001,0.195,0.205,0.24044576769595125,0.23779579709415896,0.042795797094158955,0.24055793632831718,0.0027621392341582174,-1.0315824695248397e-11,,,,,17.1902743580337,15.00439031593854,10,0,0,0,5,0.1,0.9762204202905841,,25.322129132143345,0.9573602939218107,7.650623122926925,12.757564119136983,-6.681199738037305,15.008907625418248,-14.489979795920798,-0.06970540749836807,-7.4370964766117496,-14.093495078160911,8.691203369877398,-12.6843011044426
centralized,41,1.05,0.195,0.205,0.23779579709415896,0.2353440933809354,0.04034409338093539,0.23826764151695023,0.0029235481360148363,-1.0265036928379812e-11,,,,,17.32993121399253,14.855413720751422,10,0,0,0,5,0.1,0.9764655906619064,,25.42266149970078,0.9653350338789315,7.713969816511103,12.776109431750717,-6.716717246476502,15.093207087996625,-14.497867483776732,-0.06502193982424995,-7.489641799658279,-14.190897959803548,8.755639802453809,-12.689422315989965
centralized,42,1.075,0.195,0.205,0.23534409338093548,0.23307555138476213,0.038075551384762124,0.23623552669987394,0.003159975315111807,-1.069037240187306e-11,,,,,17.460879241884587,14.716466955473743,10,0,0,0,5,0.1,0.9766924448615237,,25.516863095368844,0.9734402208529848,7.774905674397502,12.792856911892159,-6.750275680551735,15.173861245456482,-14.503710097640328,-0.060257718629305144,-7.539661805272552,-14.284101685189663,8.817324690289693,-12.693997455102048
centralized,43,1.1,0.195,0.205,0.2330755513847621,0.23097633718099297,0.03597633718099297,0.23442149713129953,0.003445159950306559,-1.137636759427317e-11,,,,,17.583872225263345,14.586951859140816,10,0,0,0,5,0.1,0.9769023662819007,,25.60518809724651,0.9816078626628301,7.83336599082755,12.807965345385192,-6.781936446131506,15.250991240979493,-14.507640196233787,-0.05539714221161722,-7.587245088124701,-14.373260683836111,8.876337258550706,-12.698081379224783
centralized,44,1.125,0.195,0.205,0.23097633718099297,0.22903375359364023,0.03403375359364022,0.23279071058568504,0.003756956992044813,-1.2375240053899301e-11,,,,,17.699528691691622,14.466299304188315,10,0,0,0,5,0.1,0.977096624640636,,25.688048380179236,0.9897825335077427,7.889321329774743,12.821576642260895,-6.811767221451109,15.324718535811495,-14.509788786102574,-0.05042832186450539,-7.63248171168667,-14.4585268581965,8.93276297473162,-12.701724452957519
centralized,45,1.1500000000000001,0.195,0.205,0.22903375359364023,0.22723610746529802,0.03223610746529801,0.23131312006361435,0.004077012598316332,-1.3750673322698252e-11,,,,,17.80836583808826,14.353967573901656,10,0,0,0,5,0.1,0.9772763892534702,,25.765820196125325,0.9979196451140947,7.942770076537087,12.833818015733486,-6.839840492232379,15.3951644072295,-14.510283523359547,-0.04534243150968396,-7.675462571620793,-14.540049358178617,8.986690678706887,-12.704973346325811
centralized,46,1.175,0.195,0.205,0.227236107465298,0.22557260524025513,0.030572605240255124,0.22996351151076672,0.004390906270511585,-3.207883177841486e-17,,,,,17.910824119744507,14.249441144800112,9,0,1,0,6,0.1,0.9774427394759745,,25.83884928329869,1.0059838938366692,7.993732566029031,12.844803806706501,-6.866232279423993,15.462449503209816,-14.509247548476194,-0.040133213977527,-7.716278875997218,-14.617974365454135,9.038210639985921,-12.7078715457633
centralized,47,1.2000000000000002,0.195,0.205,0.22557260524025496,0.22403328773158498,0.029033287731584978,0.2287265183517439,0.004693230620158917,-1.3231020988873287e-11,,,,,18.007252933251284,14.152228458022456,9,0,0,0,6,0.1,0.9775966712268415,,25.907454094193415,1.013952857843478,8.042252033369264,12.854636002003895,-6.8910202522583175,15.526696769281596,-14.506798961569928,-0.03480034637731724,-7.755021808209151,-14.692446883630282,9.087407872853376,-12.710461217061853
centralized,48,1.225,0.195,0.205,0.2240332877315851,0.22260891677771405,0.027608916777714043,0.22759262740470257,0.004983710626988519,-1.1268344693075123e-11,,,,,18.097888222129033,14.061858481856497,9,0,0,0,6,0.1,0.9777391083222285,,25.971927282815336,1.0218262831505507,8.088402591356937,12.863403501150161,-6.914280594711538,15.588038663949215,-14.503050806390494,-0.029357665154349538,-7.791782788353357,-14.763615036346966,9.134350016888105,-12.71278642756891
centralized,49,1.25,0.195,0.205,0.22260891677771394,0.22129093489800322,0.026290934898003215,0.22655321617530377,0.005262281277300551,-1.2828693120231152e-11,,,,,18.183055173999563,13.977884964293022,9,0,0,0,6,0.1,0.9778709065101997,,26.032540962694377,1.0296053010834043,8.132264261815463,12.871187955926839,-6.936089314120954,15.646604757810973,-14.498110009157834,-0.023819926895953476,-7.826653386685456,-14.831622582430086,9.179107433164738,-12.714886504337297
centralized,50,1.2750000000000001,0.195,0.205,0.22129093489800328,0.2200714191515188,0.02507141915151878,0.22560039504839427,0.005528975896875482,-1.087169913458349e-11,,,,,18.263058138512896,13.899885977035371,9,0,0,0,6,0.1,0.9779928580848481,,26.089548842226687,1.037290613939011,8.173919665330509,12.878064882617517,-6.956521983969963,15.702520544323233,-14.492077378903758,-0.018201567734227448,-7.859724751862909,-14.896608312867547,9.22175376676616,-12.716795965216109
centralized,51,1.3,0.195,0.205,0.22007141915151865,0.2189430346401111,0.023943034640111105,0.22472694436693916,0.005783909726828046,-1.2206616749696085e-11,,,,,18.338175744145705,13.827463033824536,9,0,0,0,6,0.1,0.9781056965359889,,26.143187753008913,1.0448825292033272,8.21345305276464,12.884104230898629,-6.975653346542637,15.755907397714916,-14.485047807065468,-0.012516667631501811,-7.89108709115088,-14.958706134298072,9.262364877503186,-12.718545011692823
centralized,52,1.3250000000000002,0.195,0.205,0.21894303464011097,0.21789899112198532,0.022898991121985318,0.22392625771096766,0.0060272665889823385,-1.3569418118108568e-11,,,,,18.408666071789842,13.760240234249403,9,0,0,0,6,0.1,0.9782101008878015,,26.19367892811237,1.0523809872164338,8.250949533129786,12.889370880024964,-6.993556959410373,15.806882543643592,-14.47711052488035,-0.006778918795834117,-7.92082921566276,-15.018045148029671,9.301017983200195,-12.720159956324888
centralized,53,1.35,0.195,0.205,0.21789899112198505,0.21693300268456475,0.021933002684564745,0.22319229045786182,0.0062592877732970675,-1.1276934990735661e-11,,,,,18.47477063904166,13.69786342227505,9,0,0,0,6,0.1,0.9783066997315435,,26.241229094909514,1.0597855864613663,8.286494444276617,12.89392507412076,-7.0103048809921695,15.855559041482229,-14.468349387090225,-0.00100159631549735,-7.949038142418626,-15.074749725875506,9.337790960300953,-12.721663600231384
centralized,54,1.375,0.195,0.205,0.21693300268456472,0.21603925034326785,0.02103925034326784,0.22251951289641012,0.006480262553142269,-1.2293000741383259e-11,,,,,18.53671743163642,13.63999935179497,9,0,0,0,6,0.1,0.9783960749656733,,26.28603143018679,1.0670956091141268,8.320172829083589,12.897822806248953,-7.025967392322877,15.902045777870311,-14.458843161400937,0.004802469833282902,-7.975798747803805,-15.128939584237429,9.372761762821858,-12.723075571976432
centralized,55,1.4000000000000001,0.195,0.205,0.21603925034326762,0.21521234739692024,0.02021234739692024,0.22190286731299677,0.006690519916076526,-1.3248069623392955e-11,,,,,18.59472317348013,13.586334854188623,9,0,0,0,6,0.1,0.978478765260308,,26.328266412534578,1.0743100483511046,8.352068991595965,12.90111615919471,-7.040612753382276,15.946447471608641,-14.448665810972281,0.010620921563759416,-8.00119346884504,-15.180729857917205,9.406007932528027,-12.72441263600776
centralized,56,1.425,0.195,0.205,0.2152123473969202,0.21444730735619635,0.019447307356196347,0.22133772858088718,0.006890421224690829,-1.4113720570497052e-11,,,,,18.648994988133005,13.536576005077652,9,0,0,0,6,0.1,0.9785552692643804,,26.368102597469132,1.0814276380703,8.382266115938183,12.90385360951701,-7.0543069930420055,15.98886469018574,-14.437886762737987,0.016441897995097828,-8.025302049834929,-15.230231175095891,9.437606181702396,-12.725688976436336
centralized,57,1.4500000000000002,0.195,0.205,0.21444730735619624,0.21373951426293014,0.018739514262930135,0.2208198678777946,0.007080353614864449,-1.1323598099029587e-11,,,,,18.699731583661364,13.490447289481164,9,0,0,0,6,0.1,0.9786260485737069,,26.405697333466218,1.0884468851054252,8.410845936684405,12.906080300230375,-7.06711373196951,16.029393878244075,-14.426571158065064,0.02225405884988184,-8.048201332379259,-15.277549734789392,9.467632035817475,-12.726916460115874
centralized,58,1.475,0.195,0.205,0.21373951426293022,0.21308469522359058,0.018084695223590574,0.22034541922876436,0.007260724005173774,-1.1810305518761562e-11,,,,,18.747124066499623,13.447690766105096,9,0,0,0,6,0.1,0.9786915304776409,,26.441197431714805,1.0953661036140478,8.437888453332645,12.907838286540848,-7.079094037842421,16.068127398187922,-14.414780084737986,0.028046605407277377,-8.069965087119432,-15.322787387895158,9.496159527488897,-12.728104881665196
centralized,59,1.5,0.195,0.205,0.21308469522359075,0.21247889499132983,0.01747889499132982,0.2199108486306518,0.007431953639321975,-1.2179245830905924e-11,,,,,18.79135647632671,13.408065232789623,9,0,0,0,6,0.1,0.978752110500867,,26.47473979833419,1.102183451083732,8.463471684131262,12.909166758251533,-7.090306312037306,16.10515358294095,-14.402570790758725,0.03380929850669247,-8.090663885291425,-15.366041722700073,9.523260935767675,-12.72926219210279
centralized,60,1.5250000000000001,0.195,0.205,0.21247889499132983,0.21191845244023766,0.016918452440237652,0.21951292555549098,0.007594473115253325,-1.2421550004438571e-11,,,,,18.832606112362768,13.37134539592926,9,0,0,0,6,0.1,0.9788081547559763,,26.50645203492196,1.108896965258798,8.487671456100617,12.91010224185292,-7.10080620668379,16.140556800629604,-14.389996881377048,0.039532473181089135,-8.110365008071287,-15.407406155459293,9.549006566540285,-12.730394712134906
centralized,61,1.55,0.195,0.205,0.21191845244023774,0.21139997878810257,0.016399978788102565,0.21914869666418704,0.007748717876084471,-1.2532156549249256e-11,,,,,18.87104371375559,13.33732104729523,9,0,0,0,6,0.1,0.9788600021211897,,26.536453011138747,1.1155046012490102,8.510561229020508,12.910678784778542,-7.110646570637208,16.174417530719307,-14.377108501181139,0.04520704960874546,-8.129132391359976,-15.446970026382566,9.573464570811682,-12.731507330697216
centralized,62,1.5750000000000002,0.195,0.205,0.2113999787881026,0.21092033743449054,0.015920337434490534,0.21881546158422846,0.00789512414973792,-1.2510991490350807e-11,,,,,18.90683354149947,13.305796251933433,9,0,0,0,6,0.1,0.978907966256551,,26.564853411578497,1.1220042680915543,8.532211951598168,12.910928123910114,-7.1198774226014,16.206812450896656,-14.363952503232683,0.0508245401979056,-8.147026603372483,-15.484818701107564,9.596700798195824,-12.732603689113269
centralized,63,1.6,0.195,0.205,0.21092033743449048,0.21047662529153022,0.01547662529153021,0.21851075062122988,0.00803412532969966,-1.2362777131291855e-11,,,,,18.94013340030214,13.276588550845801,9,0,0,0,6,0.1,0.978952337470847,,26.591756258175693,1.1283938640934146,8.552691948180803,12.910879840091159,-7.128545949343942,16.237814533785023,-14.350572607182356,0.05637705274214173,-8.16410485214064,-15.521033677504759,9.618778683185672,-12.733686351116992
centralized,64,1.625,0.195,0.205,0.21047662529153024,0.21006613394581222,0.015066133945812216,0.21823230412195002,0.0081661701761378,1.4174789322857336e-16,,,,,18.971094630493052,13.249528182017691,9,0,0,0,6,0.1,0.9789933866054188,,26.61725740875806,1.1346713103767005,8.572066834358667,12.910561500142201,-7.136696526710761,16.267493152416,-14.337009548133377,0.06185728968960289,-8.180421019842308,-15.55569269745318,9.639759161827659,-12.734756958962294
centralized,65,1.6500000000000001,0.195,0.205,0.2100661339458123,0.20968634485654924,0.014686344856549238,0.2179777598453791,0.008291414988829848,-1.1663221878754038e-11,,,,,18.999984296530535,13.224462860405765,9,0,0,0,6,0.1,0.9790313655143451,,26.641448666152108,1.1408255608788993,8.5903894968701,12.910001787000335,-7.144372180542656,16.295913008930473,-14.323301813301905,0.06726495477171882,-8.195991268005917,-15.588865669204559,9.659675507367066,-12.735819774578257
centralized,66,1.675,0.195,0.205,0.2096863448565491,0.20933497488450448,0.01433497488450447,0.21774472244288334,0.008409747558378866,-1.4347655435951536e-11,,,,,19.027023010196707,13.20125473084481,9,0,0,0,6,0.1,0.9790665025115496,,26.66441586805259,1.1468383509621318,8.607705196701415,12.909230187182217,-7.15161508403818,16.323134972191575,-14.30948801166638,0.07260471426646076,-8.210803304434949,-15.620615911848164,9.678542388519626,-12.736880658550643
centralized,67,1.7000000000000002,0.195,0.205,0.2093349748845045,0.20900990862606075,0.014009908626060746,0.21753109107605423,0.008521182449993475,-1.3380197854975368e-11,,,,,19.052287358912167,13.179773252505809,9,0,0,0,6,0.1,0.9790990091373939,,26.686235286998453,1.152694064882013,8.624064200855667,12.908273867111422,-7.158465393682042,16.349217754652287,-14.295607666585958,0.07787867474173306,-8.22485541940594,-15.651005050655506,9.696385615376942,-12.737943062113589
centralized,68,1.725,0.195,0.205,0.2090099086260607,0.20870918624804163,0.013709186248041627,0.2173350192549636,0.008625833006921962,-1.2293945192225051e-11,,,,,19.0758572863961,13.159895271352827,9,0,0,0,6,0.1,0.9791290813751958,,26.70697546373616,1.1583797485536245,8.639519307913298,12.90715774411339,-7.164960766132498,16.374217662585707,-14.281699658438765,0.0830869167531089,-8.238154635762418,-15.680092821211062,9.713238998773482,-12.739008580052177
centralized,69,1.75,0.195,0.205,0.2087091862480416,0.20843099225925615,0.013430992259256147,0.21715488019574797,0.008723887936491814,-1.4422479903680114e-11,,,,,19.097815305596832,13.141504989316198,9,0,0,0,6,0.1,0.9791569007740744,,26.72669861259118,1.163885020868686,8.654124026133056,12.905904577934518,-7.171136077969402,16.398188444899166,-14.267801159084605,0.0882279598969044,-8.250715035326431,-15.707936928849488,9.729141852032646,-12.740077397712625
centralized,70,1.7750000000000001,0.195,0.205,0.208430992259256,0.20817364510880543,0.01317364510880542,0.21698923685697283,0.0088155917481674,-1.2864764274411564e-11,,,,,19.11824548188447,13.12449384474993,9,0,0,0,6,0.1,0.9791826354891194,,26.74546170478071,1.169201917586753,8.667931255606348,12.904535078221974,-7.17702329914822,16.421181219096507,-14.253946936697503,0.09329916403665353,-8.262556267724369,-15.734592954904665,9.74413701328589,-12.741148653441538
centralized,71,1.8,0.195,0.205,0.20817364510880554,0.20793558752738264,0.012935587527382636,0.216836816035552,0.008901228508169351,-1.4636811387200416e-11,,,,,19.137232371250082,13.108760320665104,9,0,0,0,6,0.1,0.9792064412472617,,26.763317307219914,1.1743246936404075,8.680992359962904,12.90306802304859,-7.18265148062378,16.44324445693113,-14.240168937604027,0.0982970712996531,-8.27370224214082,-15.760114302390347,9.758269293075337,-12.742220731883668
centralized,72,1.8250000000000002,0.195,0.205,0.20793558752738264,0.20771537754783911,0.012715377547839107,0.2166964860292062,0.008981108481367073,-1.2661870472336769e-11,,,,,19.15486002638811,13.094209697204837,9,0,0,0,6,0.1,0.9792284622452161,,26.780314234383468,1.1792496032438031,8.693356538296705,12.901520383846776,-7.188046824453456,16.46442401546272,-14.226496073061682,0.10321769356168307,-8.284179997128032,-15.78455217453919,9.771584270522197,-12.743291499881826
centralized,73,1.85,0.195,0.205,0.20771537754783911,0.20751168015039426,0.01251168015039425,0.216567237438187,0.009055557287792754,-1.3935365242769224e-11,,,,,19.171211122983443,13.080753763396487,9,0,0,0,6,0.1,0.9792488319849606,,26.796498056709712,1.1839746720510356,8.705070426969163,12.899907452821337,-7.193232811208831,16.484763201835214,-14.212954155367195,0.10805675036607663,-8.29401873913612,-15.807955580311983,9.784127374937029,-12.74435849443382
centralized,74,1.875,0.195,0.205,0.20751168015039428,0.2073232594888361,0.012323259488836086,0.2164481667265612,0.009124907237725105,-1.162781559630931e-11,,,,,19.186366236546842,13.068310501488575,9,0,0,0,6,0.1,0.9792676740511164,,26.811911498645372,1.188499471575339,8.716177875640406,12.89824296961835,-7.19823036489746,16.504302862257624,-14.199565940338411,0.11280986238780541,-8.303249037096895,-15.830371361603577,9.795943200132383,-12.745419070547559
centralized,75,1.9000000000000001,0.195,0.205,0.20732325948883615,0.2071489716567822,0.012148971656782193,0.21633846219137629,0.009189490534594086,-1.226840146982706e-11,,,,,19.200403268316588,13.05680375496129,9,0,0,0,6,0.1,0.9792851028343218,,26.826594751930983,1.1928249028881508,8.726719853401121,12.896539244839206,-7.2030580400884086,16.523081487506154,-14.18635124321463,0.11747270560570208,-8.311902158314947,-15.851844237487143,9.807075007083604,-12.746470515729966
centralized,76,1.925,0.195,0.205,0.20714897165678217,0.20698775795975324,0.011987757959753237,0.21623739202048672,0.00924963406073348,-1.2578475253132882e-11,,,,,19.213397017142462,13.046162889373461,9,0,0,0,6,0.1,0.9793012242040247,,26.84058572389099,1.1969529941755652,8.736734450118826,12.894807278616906,-7.207732219599172,16.541135328812704,-14.173327102776657,0.12204113124595463,-8.320009529885668,-15.87241686142676,9.817564377560018,-12.747510136890678
centralized,77,1.9500000000000002,0.195,0.205,0.20698775795975327,0.20683863865947014,0.01183863865947013,0.21614429414494743,0.009305655485477293,-1.2408331102755179e-11,,,,,19.22541887802142,13.036322453192634,9,0,0,0,6,0.1,0.979316136134053,,26.853920236173323,1.2008867148464253,8.746256945535395,12.893056873095214,-7.212267314124805,16.558498519320874,-14.160507974693791,0.12651125634037685,-8.32760230975596,-15.892129887975395,9.82745098736564,-12.748535324691401
centralized,78,1.975,0.195,0.205,0.2068386386594702,0.20670070716032007,0.011700707160320067,0.2160585676228486,0.009357860462528539,-1.4955049166278242e-11,,,,,19.236536651809967,13.027221844134115,9,0,0,0,6,0.1,0.979329929283968,,26.86663218590371,1.2046298074996353,8.755319924700181,12.89129673809499,-7.216675957605094,16.575203197389406,-14.147905939931585,0.13087952941502842,-8.334711052083602,-15.91102204602313,9.836772473037977,-12.74954359965252
centralized,79,2.0,0.195,0.205,0.20670070716032007,0.2065731246097841,0.011573124609784102,0.2159796653209954,0.009406540711211303,-1.266519398398224e-11,,,,,19.246814447737474,13.01880498510065,9,0,0,0,6,0.1,0.9793426875390215,,26.878753678520443,1.2081866380465185,8.763953423220553,12.889534589617,-7.220969194051122,16.59127962893791,-14.135530917862267,0.1351427754300936,-8.341365452562204,-15.929130216171457,9.845564370395905,-12.750532643691367
centralized,80,2.025,0.195,0.205,0.20657312460978394,0.2064551148847819,0.011455114884781903,0.21590708768803074,0.009451972803248831,-1.464176451379168e-11,,,,,19.256312658474833,13.011020012557118,9,0,0,0,6,0.1,0.9793544885115218,,26.89031513946804,1.2115620635656785,8.772185089766458,12.887777241131397,-7.225156653068264,16.606756326783366,-14.123390876725813,0.13929822366273162,-8.347594160682245,-15.946489510275855,9.853860107281362,-12.751500320207526
centralized,81,2.0500000000000003,0.195,0.205,0.20645511488478188,0.20634595994000537,0.011345959940005368,0.21584037744432383,0.009494417504318453,-1.2515187620791314e-11,,,,,19.2650879970839,13.003818979344597,9,0,0,0,6,0.1,0.9793654040059995,,26.901345410136933,1.2147613170090708,8.780040356470101,12.886030687748228,-7.229246712446362,16.621660165517987,-14.111492036332512,0.14334352177590282,-8.353424647305305,-15.963133351597513,9.861691036205732,-12.75244468527121
centralized,82,2.075,0.195,0.205,0.20634595994000532,0.20624499549300113,0.01124499549300112,0.21577911503617914,0.00953411954317801,1.3596851942277013e-11,,,,,19.273193577029783,12.997157573050593,9,0,0,0,6,0.1,0.9793755004506999,,26.911871832195516,1.217789907567153,8.787542610378422,12.884300183549955,-7.233246647071923,16.636016490967847,-14.099839059714062,0.14727673888758785,-8.35888311740511,-15.979093554364487,9.869086495508954,-12.753363992047515
centralized,83,2.1,0.195,0.205,0.20624499549300113,0.20615160702131768,0.011151607021317678,0.2157229147245245,0.009571307703206827,1.4706456519771775e-11,,,,,19.280679022029442,12.990994850428637,9,0,0,0,6,0.1,0.9793848392978682,,26.92192032343067,1.2206535353350465,8.794713361117093,12.882590312467732,-7.237162764055561,16.649849223651803,-14.08843523178206,0.15109636004760002,-8.363994459243822,-15.994400401842036,9.876073890070064,-12.754256690198206
centralized,84,2.125,0.195,0.205,0.20615160702131755,0.20606522605579727,0.011065226055797267,0.21567142120961924,0.009606195153821967,1.3106734213560724e-11,,,,,19.287590610611762,12.985292988283012,9,0,0,0,6,0.1,0.9793934773944203,,26.93151544712589,1.2233580189047073,8.801572401526142,12.880905052986268,-7.241000524356502,16.663180955935925,-14.077282623867061,0.15480127413670297,-8.36878222250126,-16.009082722232424,9.882678784542092,-12.755121421551648
centralized,85,2.15,0.195,0.205,0.20606522605579725,0.20598532674368664,0.01098532674368663,0.21562430669503516,0.00963897995134852,1.2970522453189445e-11,,,,,19.293971425184512,12.980017050338201,9,0,0,0,6,0.1,0.9794014673256314,,26.94068047680261,1.2259092344432962,8.808137959130839,12.879247837214999,-7.244764651572311,16.676033042819036,-14.066382243976648,0.1583907568891059,-8.373268619156047,-16.02316796196161,9.888925003813789,-12.755957013209608
centralized,86,2.1750000000000003,0.195,0.205,0.20598532674368675,0.20591142266514714,0.010911422665147136,0.21558126832207125,0.009669845656924109,1.1873968668760736e-11,,,,,19.29986151590803,12.975134769801896,9,0,0,0,6,0.1,0.9794088577334853,,26.94943745734349,1.2283130649232394,8.814426837283975,12.877621604695607,-7.248459228689296,16.68842568642814,-14.055734172936798,0.16186445042460484,-8.377474541901181,-16.03668225604217,9.89483473666849,-12.756762468894106
centralized,87,2.2,0.195,0.205,0.20591142266514711,0.20584306388522722,0.010843063885227211,0.21554202591490312,0.009698962029675906,1.3418734345453213e-11,,,,,19.305298069385522,12.970616347036389,9,0,0,0,6,0.1,0.9794156936114773,,26.957807263263952,1.2305753582362302,8.820454545447175,12.8760288513615,-7.252087783712712,16.700378014419634,-14.045337686972166,0.1652223404235606,-8.381419595812183,-16.049650495334426,9.900428639678813,-12.757536959181342
centralized,88,2.225,0.195,0.205,0.20584306388522725,0.20577983422383722,0.010779834223837215,0.21550631998673717,0.009726485762899945,1.4692907293079585e-11,,,,,19.310315577094496,12.966434261614456,9,0,0,0,6,0.1,0.9794220165776163,,26.965809654657797,1.2327018930191067,8.826235418550862,12.874471674060928,-7.255653365145354,16.711908152559182,-14.035191367515122,0.16846473185848146,-8.385122139777302,-16.062096390626067,9.905725939216541,-12.758279811121252
centralized,89,2.25,0.195,0.205,0.20577983422383728,0.20572134872849202,0.010721348728492008,0.21547390996776922,0.009752561239277202,1.2148016518010585e-11,,,,,19.31494600285386,12.962563098027179,9,0,0,0,6,0.1,0.9794278651271509,,26.973463331112185,1.234698351134412,8.831782725711793,12.87295181101132,-7.259158608275527,16.7230332917984,-14.025293199135982,0.17159222400668717,-8.3885993348562,-16.074042533518945,9.910744530097155,-12.758990497599719
centralized,90,2.275,0.195,0.205,0.2057213487284919,0.20566725133526242,0.010667251335262418,0.2154445726224993,0.009777321287236879,1.2785034689416245e-11,,,,,19.319218946525705,12.958979384261376,9,0,0,0,6,0.1,0.9794332748664738,,26.980785983770588,1.2365702958557019,8.837108768801688,12.871470678535367,-7.262605793208183,16.73376975019298,-14.015640656552398,0.1746056853126287,-8.391867197295188,-16.085510454165853,9.91550106987794,-12.759668626707457
centralized,91,2.3000000000000003,0.195,0.205,0.20566725133526229,0.20561721270342295,0.010617212703422946,0.21541810062856345,0.0098008879251405,1.3280351532329635e-11,,,,,19.32316180060404,12.955661442410207,9,0,0,0,6,0.1,0.9794382787296577,,26.98779434566687,1.2383231549082754,8.842224971490445,12.8700294044221,-7.265996895531142,16.74413303001878,-14.006230781709252,0.17750622854082448,-8.394940654400095,-16.09652067594102,9.920011068215858,-12.760313931316553
centralized,92,2.325,0.195,0.205,0.205617212703423,0.2055709282119488,0.010570928211948799,0.21539430129641515,0.009823373084466347,1.3653302458684838e-11,,,,,19.326799901939392,12.952589250573109,9,0,0,0,6,0.1,0.9794429071788051,,26.994504240334596,1.23996220762767,8.847141959473888,12.868628858196965,-7.269333630434804,16.754137870437642,-13.997060251861374,0.18029518654981283,-8.39783360183783,-16.10709276714824,9.924288970958761,-12.760926258982739
centralized,93,2.35,0.195,0.205,0.20557092821194883,0.20552811610554303,0.010528116105543023,0.21537299541110283,0.0098448793055598,1.3919025580196464e-11,,,,,19.330156675353756,12.949744315256105,9,0,0,0,6,0.1,0.9794471883894457,,27.000930628713114,1.2414925755833481,8.85186963261274,12.867269678586789,-7.2726174910464305,16.763798296057654,-13.988125439575585,0.18297408893325942,-8.40055896126342,-16.117245389891504,9.928348238859598,-12.761505562266558
centralized,94,2.375,0.195,0.205,0.20552811610554297,0.2054885157792482,0.010488515779248198,0.21535401618122774,0.009865500401979532,1.4092754228581979e-11,,,,,19.33325376978603,12.94710955353916,9,0,0,0,6,0.1,0.9794511484220751,,27.007087654334562,1.242919216103615,8.856417229712036,12.865952298431282,-7.275849781667452,16.773127661716774,-13.979422465500852,0.18554463970273,-8.403128737421962,-16.12699634624093,9.932201420947962,-12.76205188952568
centralized,95,2.4000000000000004,0.195,0.205,0.20548851577924818,0.20545188619104468,0.010451886191044674,0.21533720828202105,0.009885322090976367,5.218315878149568e-17,,,,,19.33611118595039,12.944669184289973,9,0,0,0,6,0.1,0.9794548113808955,,27.01298868678532,1.2442469182168567,8.860793386648487,12.864676967277779,-7.279031646536973,16.782138693801954,-13.970947244700717,0.18800869612755755,-8.405554074086416,-16.136362621832085,9.93586022269496,-12.762565376213894
centralized,96,2.4250000000000003,0.195,0.205,0.20545188619104457,0.2054180043950704,0.010418004395070402,0.21532242698485649,0.009904422589786077,1.421319170046459e-11,,,,,19.33874740034568,12.942408627862571,9,0,0,0,6,0.1,0.979458199560493,,27.01864636335588,1.245480300572565,8.865006188491819,12.863443771837172,-7.2821640946652195,16.790843528386496,-13.962695527217845,0.19036824882089182,-8.407845308340745,-16.145360427033875,9.939335569191124,-12.763046236659346
centralized,97,2.45,0.195,0.205,0.20541800439507035,0.20538666418117446,0.010386664181174454,0.2153095373567378,0.00992287317556334,1.4181401203068935e-11,,,,,19.341179471171223,12.94031441339025,9,0,0,0,6,0.1,0.9794613335818826,,27.024072629050107,1.24662381102742,8.869063216287232,12.862252654575535,-7.28524802126242,16.799253746475443,-13.954662933642009,0.1926254030696474,-8.410012022909443,-16.15400523582859,9.942637663551517,-12.76349475642028
centralized,98,2.475,0.195,0.205,0.2053866641811743,0.20535767481963962,0.010357674819639617,0.21529841353168627,0.009940738712046648,-1.0241364192177418e-16,,,,,19.34342315011682,12.938374093424923,9,0,0,0,6,0.1,0.979464232518036,,27.029278774715188,1.247681727535263,8.872971589017821,12.86110343050908,-7.288284226162163,16.807380406583068,-13.94684498611936,0.19478236146692263,-8.412063096250224,-16.162311822526807,9.945776040873941,-12.76391128507965
centralized,99,2.5,0.195,0.205,0.20535767481963965,0.2053308599000259,0.010330859900025885,0.2152889380424871,0.009958078142461219,1.3975803522179605e-11,,,,,19.345492980532068,12.93657616520713,9,0,0,0,6,0.1,0.9794669140099974,,27.03427547342703,1.2486581600978397,8.876738001270825,12.8599958024166,-7.291273429646088,16.815234074881445,-13.939237135394551,0.19684140782104892,-8.414006750285411,-16.170294296450184,9.948759618016108,-12.764296229524751
centralized,100,2.5250000000000004,0.195,0.205,0.2053308599000258,0.20530605625393605,0.010306056253936047,0.21528100120279245,0.009974944948856396,1.381726602672509e-11,,,,,19.34740238266728,12.934909997904336,9,0,0,0,6,0.1,0.9794693943746065,,27.039072815242967,1.2495570536143574,8.880368757146115,12.858929374651495,-7.29421628602426,16.82282485314519,-13.931834784427805,0.1988048922678919,-8.415850595714222,-16.177966134703478,9.951596739428602,-12.764650047757614
centralized,101,2.5500000000000003,0.195,0.205,0.205306056253936,0.2052831129621437,0.010283112962143681,0.2152745005439412,0.009991387581797517,1.3629035635516688e-11,,,,,19.349163745598783,12.933365765678527,9,0,0,0,6,0.1,0.9794716887037856,,27.043680340124705,1.2503821913440827,8.883869800725778,12.857903665592799,-7.297113395235937,16.83016240465325,-13.924633308854883,0.20067521762578122,-8.417601674828857,-16.185340213147512,9.954295219424196,-12.764973243073815
centralized,102,2.575,0.195,0.205,0.20528311296214372,0.20526189043414186,0.010261890434141857,0.21526934029383302,0.010007449859691153,4.2191094914540924e-17,,,,,19.350788501891238,12.931934385858733,9,0,0,0,6,0.1,0.9794738109565858,,27.048107069268408,1.2511371988823308,8.887246743529932,12.856918118940033,-7.29996531276391,16.83725597824298,-13.917628074780266,0.20245482690172834,-8.419266501884762,-16.19242883568827,9.956862381100319,-12.765266358699096
centralized,103,2.6,0.195,0.205,0.20526189043414186,0.20524225955880385,0.01024225955880384,0.21526543089993855,0.010023171341134701,1.3184109391281569e-11,,,,,19.352287204624545,12.930607462019067,9,0,0,0,6,0.1,0.9794757740441196,,27.052361534713548,1.2518255486385526,8.890504889428245,12.855972113851127,-7.302772558046989,16.844114430678,-13.910814454133988,0.20414619181901794,-8.420851101028036,-16.199243761957458,9.959305092034857,-12.765529972823854
centralized,104,2.625,0.195,0.205,0.20524225955880382,0.20522410091548451,0.010224100915484508,0.21526268858483685,0.010038587669352339,1.2935954431289373e-11,,,,,19.35366958848643,12.929377231319027,9,0,0,0,6,0.1,0.9794775899084516,,27.056451807536007,1.2524505643305035,8.893649256896056,12.855064974230261,-7.30553562167085,16.850746247443258,-13.904187838009916,0.20575180255232048,-8.422361041908628,-16.20579623354545,9.96162979742921,-12.765764693990793
centralized,105,2.6500000000000004,0.195,0.205,0.20522410091548443,0.20520730404768736,0.010207304047687354,0.215261034941192,0.010053730893504642,1.2674850584387814e-11,,,,,19.354944638998763,12.928236516095101,9,0,0,0,6,0.1,0.9794792695952312,,27.060385524344525,1.2530154259267738,8.896684599445404,12.854195976974525,-7.308254971406808,16.857159562140446,-13.897743648079365,0.20727415828444193,-8.423801472969823,-16.21209699878913,9.963842550343276,-12.765971156857795
centralized,106,2.6750000000000003,0.195,0.205,0.20520730404768736,0.20519176678961074,0.010191766789610729,0.21526039655554532,0.01006862976593459,1.2404098117262627e-11,,,,,19.356120647080242,12.927178679127875,9,0,0,0,6,0.1,0.9794808233210389,,27.06416991239691,1.2535231745663447,8.899615424027436,12.853364359477117,-7.3109310573240505,16.863362174569573,-13.891477346416858,0.20871575876657011,-8.425177152575182,-16.21815633626418,9.965949039671589,-12.766150018276717
centralized,107,2.7,0.195,0.205,0.20519176678961082,0.2051773946436071,0.01017739464360709,0.21526070466144137,0.010083310017834274,1.2126427530940791e-11,,,,,19.35720526323593,12.926197582392897,9,0,0,0,6,0.1,0.9794822605356392,,27.0678118132879,1.2539767175574361,8.90244600779288,12.852569326371356,-7.31356431607726,16.869361567617258,-13.885384443890615,0.21007909672640535,-8.426492478042162,-16.22398407703407,9.967954615882887,-12.766301953683707
centralized,108,2.725,0.195,0.205,0.20517739464360704,0.20516410020439704,0.010164100204397036,0.21526189481897154,0.010097794614574496,1.1843565624388901e-11,,,,,19.35820554700102,12.925287549005516,9,0,0,0,6,0.1,0.9794835899795603,,27.071317705288386,1.2543788333795252,8.905180413361386,12.851810055597912,-7.316155174487748,16.875164923046846,-13.879460507296743,0.2113666510810657,-8.42775151269047,-16.22958962573343,9.969864314733584,-12.766427653778129
centralized,109,2.75,0.195,0.205,0.205164100204397,0.20515180262653046,0.010151802626530454,0.2152639066185693,0.010112103992038851,1.1557403058127988e-11,,,,,19.359128012606153,12.92444332810898,9,0,0,0,6,0.1,0.9794848197373469,,27.074693724397612,1.2547321766494248,8.907822502760288,12.851085703856317,-7.318704052516627,16.880779136278782,-13.87370116538856,0.2125808808975147,-8.42895801101026,-16.234981980554394,9.971682879122405,-12.766527821471202
centralized,110,2.7750000000000004,0.195,0.205,0.20515180262653046,0.2051404271319309,0.01014042713193089,0.2152666834072018,0.01012625627527089,1.464982736831745e-11,,,,,19.35997867130192,12.923660062478836,9,0,0,0,6,0.1,0.9794859572868069,,27.077945684167215,1.255039283020844,8.910375950174794,12.850395411494636,-7.321211365714843,16.88621083024128,-13.868102113932247,0.2137242200450723,-8.430115442054756,-16.240169752199733,9.973414779239045,-12.766603169085354
centralized,111,2.8000000000000003,0.195,0.205,0.2051404271319309,0.2051299045540899,0.01012990455408988,0.2152701720345641,0.010140267480474224,1.4277966155705328e-11,,,,,19.360763069618947,12.922933258610248,9,0,0,0,6,0.1,0.979487009544591,,27.081079094373262,1.2553025739901795,8.912844253631635,12.849738306896274,-7.323677527227311,16.891466368365027,-13.862659119915815,0.21479907248825644,-8.431227011164948,-16.245161181864034,9.975064231152444,-12.766654415793417
centralized,112,2.825,0.195,0.205,0.20512990455408997,0.2051201709170109,0.010120170917010896,0.2152743226188445,0.010154151701833591,1.3907530728599673e-11,,,,,19.361486326290755,12.922258759134621,9,0,0,0,6,0.1,0.9794879829082989,,27.084099178565168,1.2555243615953704,8.915230745732861,12.849113510392941,-7.326102949408999,16.896551866786634,-13.857368024995107,0.21580780816739906,-8.4322956801209,-16.24996415829605,9.976635213959925,-12.766682285269676
centralized,113,2.85,0.195,0.205,0.20512017091701087,0.2051111670454333,0.0101111670454333,0.2152790883293142,0.010167921283880887,1.3539367286612902e-11,,,,,19.362153164716396,12.921632717342126,9,0,0,0,6,0.1,0.9794888832954567,,27.087010890582935,1.25570685298775,8.917538603529378,12.848520137763314,-7.328488045114843,16.90147320582267,-13.852224748286481,0.2167527594214861,-8.433324185825676,-16.25458623399748,9.978131485623178,-12.766687503550326
centralized,114,2.875,0.195,0.205,0.2051111670454333,0.20510283820442093,0.010102838204420928,0.21528442518499985,0.010181586980578916,1.3174761884477882e-11,,,,,19.362767943713468,12.921051573666176,9,0,0,0,6,0.1,0.9794897161795579,,27.08981893008259,1.2558521548694506,8.919770857624625,12.847957303346723,-7.330833228708499,16.906236040768476,-13.847225288576947,0.21763621790712467,-8.4343150576133,-16.259034640605744,9.979556597596483,-12.766670797082979
centralized,115,2.9000000000000004,0.195,0.205,0.20510283820442096,0.2050951337660199,0.010095133766019893,0.2152902918680548,0.01019515810203489,1.2814524773119945e-11,,,,,19.36333468572904,12.920512033972512,9,0,0,0,6,0.1,0.979490486623398,,27.092527757128643,1.25596227778852,8.921930400583355,12.847424122808635,-7.33313891683222,16.910845812071965,-13.842365726024015,0.21846043197152665,-8.435270633272488,-16.26331630350688,9.98091390834702,-12.766632890953412
centralized,116,2.9250000000000003,0.195,0.205,0.2050951337660199,0.2050880069009527,0.010088006900952684,0.21529664955066313,0.010208642649710442,1.2459749908803854e-11,,,,,19.363857102864284,12.920011049512224,9,0,0,0,6,0.1,0.9794911993099047,,27.09514160590662,1.2560391402871127,8.924019994712733,12.846919715589818,-7.335405528973845,16.915307754928005,-13.83764222340737,0.21922760443984804,-8.436193073872877,-16.26743785572154,9.982206595858178,-12.766574507277237
centralized,117,2.95,0.195,0.205,0.2050880069009527,0.20508141429346802,0.01008141429346801,0.21530346173442472,0.0102220474409567,1.2110337872251724e-11,,,,,19.36433862088064,12.919545798409201,9,0,0,0,6,0.1,0.9794918585706532,,27.097664497606562,1.2560845729002372,8.926042279275459,12.84644320706825,-7.337633487862089,16.91962690833519,-13.833051026987258,0.2199398907798254,-8.437084377476092,-16.27140565110433,9.983437669199011,-12.766496363744972
centralized,118,2.975,0.195,0.205,0.20508141429346793,0.205075315877606,0.01007531587760599,0.21531069410124262,0.010235378223636626,1.1767298873891844e-11,,,,,19.36478240134319,12.919113668562689,9,0,0,0,6,0.1,0.9794924684122394,,27.100100252526175,1.256100322004259,8.927999777187818,12.845993730460307,-7.339823219717037,16.923808123653014,-13.828588467018074,0.2205993976091734,-8.437946391809499,-16.275225776894267,9.984609979235906,-12.76639917230965
centralized,119,3.0,0.195,0.205,0.20507531587760608,0.20506967459326803,0.010069674593268019,0.21531831437482435,0.010248639781556323,1.1431085210378919e-11,,,,,19.36519136204582,12.918712241855134,9,0,0,0,6,0.1,0.9794930325406732,,27.102452501439952,1.2560880535157446,8.929894901249769,12.84557042848545,-7.3419751543791065,16.927856072694414,-13.824250957959997,0.22120818151363933,-8.438780825976059,-16.27890406565172,9.98572622855606,-12.76628363800688
centralized,120,3.0250000000000004,0.195,0.205,0.20506967459326808,0.205064456160693,0.010064456160692986,0.21532629219208832,0.010261836031395327,1.445644216252085e-11,,,,,19.365568196011377,12.918339279568176,9,0,0,0,6,0.1,0.9794935543839307,,27.10472469627553,1.2560493564428716,8.931729959949465,12.84517245481489,-7.3440897253359205,16.931775255385418,-13.82003499842465,0.22176824814569204,-8.439589261268667,-16.28244610661483,9.986788980665494,-12.766150457896622
centralized,121,3.0500000000000003,0.195,0.205,0.20506445616069297,0.20505962887152696,0.010059628871526949,0.21533459898314145,0.01027497011161449,1.4039669337556608e-11,,,,,19.365915388217683,12.917992708893138,9,0,0,0,6,0.1,0.9794940371128473,,27.106920120153895,1.255985746289168,8.933507162876799,12.844798975332619,-7.346167369667537,16.935570007022022,-13.81593717089813,0.22228155157742097,-8.440373161157297,-16.285857256508056,9.987800668524253,-12.76600032012374
centralized,122,3.075,0.195,0.205,0.205059628871527,0.2050551633960951,0.010055163396095107,0.2153432078603312,0.01028804446423609,1.3632729101050349e-11,,,,,19.366235232621438,12.917670610491916,9,0,0,0,6,0.1,0.9794944836603905,,27.109041896802175,1.2558986683184958,8.935228625785918,12.84444916921038,-7.348208527918715,16.93924450514961,-13.811954141251974,0.22274999387991296,-8.44113388050247,-16.289142649829248,9.98876360246388,-12.765833903076905
centralized,123,3.1,0.195,0.205,0.20505516339609517,0.2050510326048011,0.010051032604801086,0.2153520935145077,0.010301060909706616,1.3235505318251518e-11,,,,,19.366529846269486,12.917371206986566,9,0,0,0,6,0.1,0.9794948967395198,,27.111092999408726,1.2557895006791817,8.936896375328969,12.84412222983067,-7.350213643917243,16.94280277609118,-13.808082658087214,0.22317542490781614,-8.441872674059026,-16.29230720864578,9.989679977543428,-12.765651874650368
centralized,124,3.125,0.195,0.205,0.20505103260480104,0.20504721140302304,0.010047211403023032,0.21536123211854186,0.010314020715518818,1.284832903694072e-11,,,,,19.36680118310987,12.91709285232643,9,0,0,0,6,0.1,0.9794952788596977,,27.11307625893889,1.255659557394355,8.938512353492417,12.843817365564236,-7.352183164546336,16.946248701146402,-13.80431955192589,0.22355964226634684,-8.442590704319539,-16.295355651924197,9.990551880385468,-12.765454891595002
centralized,125,3.1500000000000004,0.195,0.205,0.20504721140302293,0.205043676578407,0.01004367657840699,0.215370601237435,0.010326924659028014,1.2471153002983689e-11,,,,,19.367051046573856,12.916834021961243,9,0,0,0,6,0.1,0.9794956323421593,,27.114994371948313,1.2555100912222514,8.940078421758948,12.843533800417877,-7.35411753948115,16.94958602248253,-13.800661734272543,0.22390439144106059,-8.443289048747483,-16.298292504418082,9.991381295533518,-12.765243598953033
centralized,126,3.1750000000000003,0.195,0.205,0.20504367657840694,0.2050404066596241,0.010040406659624107,0.21538017974452212,0.010339773084898002,1.2103497219907037e-11,,,,,19.367281101182805,12.916593303758233,9,0,0,0,6,0.1,0.9794959593340375,,27.11684990792519,1.2553422963910028,8.94159636501664,12.843270774565351,-7.356017220897563,16.952818348736567,-13.797106196564174,0.2242113660721193,-8.443968706446078,-16.30112210513715,9.992170111368383,-12.76501862957009
centralized,127,3.2,0.195,0.205,0.20504040665962406,0.2050373817857322,0.010037381785732186,0.2153899477433154,0.010352565957583215,1.174614572245332e-11,,,,,19.367492883256155,12.916369389606205,9,0,0,0,6,0.1,0.9794962618214268,,27.118645316190896,1.2551573112125431,8.94306789523499,12.843027544773015,-7.35788266316014,16.955949160346425,-13.793650009025088,0.22448220835631175,-8.44463060430559,-16.303848615419156,9.992920125617768,-12.764780603678586
centralized,128,3.225,0.195,0.205,0.20503738178573214,0.20503458358534601,0.010034583585346007,0.2153998864945682,0.01036530290922219,1.1398464335259171e-11,,,,,19.367687810790457,12.916161067653922,9,0,0,0,6,0.1,0.9794965416414654,,27.120382932386757,1.2549562205802887,8.944494654925444,12.842803384730857,-7.3597143224952335,16.958981814627627,-13.790290319441233,0.22471850956150435,-8.445275602668785,-16.306476026625116,9.993633050490681,-12.764530128546836
centralized,129,3.25,0.195,0.205,0.20503458358534593,0.20503199506495803,0.010031995064958027,0.21540997834828643,0.010377983283328396,1.4422290869732118e-11,,,,,19.367867192733684,12.915967215138268,9,0,0,0,6,0.1,0.9794968004935042,,27.12206498457011,1.2547400583557908,8.945878220402951,12.842597585297005,-7.361512656653623,16.961919550610578,-13.787024351865028,0.2249218106392825,-8.445904500550695,-16.309008167476694,9.994310517464536,-12.764267798187532
centralized,130,3.2750000000000004,0.195,0.205,0.20503199506495806,0.20502960050531027,0.010029600505310265,0.215420206679753,0.010390606174442735,1.3996314595811066e-11,,,,,19.368032236744007,12.915786791737018,9,0,0,0,6,0.1,0.979497039949469,,27.123693598958866,1.254509809646179,8.947220104860218,12.842409454672744,-7.363278124570075,16.964765493653328,-13.783849405272033,0.22509360292417874,-8.446518040450451,-16.31144871105542,9.994954081755946,-12.763994193126603
centralized,131,3.3000000000000003,0.195,0.205,0.20502960050531027,0.20502738536604984,0.010027385366049829,0.2154305558304289,0.010403170464379052,1.3583123930162136e-11,,,,,19.368184057942397,12.915618833446626,9,0,0,0,6,0.1,0.979497261463395,,27.12527080531666,1.2542664129826164,8.948521761274428,12.842238318499286,-7.3650111860172505,16.967522659841325,-13.780762852160441,0.22523532890555095,-8.447116912779663,-16.31380118147791,9.995565226491175,-12.763709880215835
centralized,132,3.325,0.195,0.205,0.20502738536604978,0.20502533619720192,0.010025336197201917,0.21544101105220229,0.010415674855000362,1.3181596650982473e-11,,,,,19.36832368539856,12.915462446904325,9,0,0,0,6,0.1,0.9794974663802798,,27.126798542032272,1.254010762398369,8.949784585150761,12.842083519900918,-7.3667123012631235,16.97019396018787,-13.777762137121377,0.22534838306379473,-8.44770175994392,-16.316068960266197,9.996145366606143,-12.763415412497368
centralized,133,3.35,0.195,0.205,0.2050253361972018,0.20502344055705107,0.010023440557051067,0.21545155845492037,0.010428117897869293,2.5424442117381394e-16,,,,,19.368452068301156,12.915316804125966,9,0,0,0,6,0.1,0.9794976559442949,,27.128278660905817,1.2537437094209019,8.951009917126303,12.841944419475858,-7.368381930732561,16.972782204647434,-13.774844775386073,0.2254341127545105,-8.448273180103225,-16.3182552924268,9.996695852486246,-12.763111329116622
centralized,134,3.375,0.195,0.205,0.2050234405570509,0.20502168693747724,0.010021686937477237,0.21546218495898428,0.010440498021507039,3.36758416455012e-16,,,,,19.368570084529363,12.915181137700353,9,0,0,0,6,0.1,0.9794978313062522,,27.129712931615575,1.2534660649453093,8.952199045403566,12.841820395224843,-7.370020534669824,16.97529010594412,-13.772008351323592,0.22549381915995279,-8.448831730626312,-16.32036329225412,9.997217973401506,-12.762798155245726
centralized,135,3.4000000000000004,0.195,0.205,0.20502168693747724,0.20502006469324616,0.01002006469324615,0.21547287824869746,0.010452813555451301,1.2047767897159197e-11,,,,,19.368678543075678,12.915054736265823,9,0,0,0,6,0.1,0.9794979935306753,,27.131103045975884,1.2531786010592614,8.953353208091636,12.84171084245608,-7.3716285728151805,16.977720283240114,-13.769250516958756,0.22552875825099017,-8.449377931280985,-16.322395948870327,9.997712960686316,-12.762476402080864
centralized,136,3.4250000000000003,0.195,0.205,0.2050200646932462,0.20501856397670215,0.010018563976702144,0.21548362672871896,0.010465062752016807,1.1692659584643092e-11,,,,,19.368778189472316,12.914936940330493,9,0,0,0,6,0.1,0.9794981436023298,,27.132450621941203,1.252882052786919,8.95447359543078,12.841615173650563,-7.373206504089169,16.98007526564488,-13.766568990480176,0.22554014177709467,-8.449912267171982,-16.324356131515035,9.998181990720079,-12.762146566868822
centralized,137,3.45,0.195,0.205,0.2050185639767023,0.20501717567886638,0.010017175678866369,0.21549441948524448,0.0104772438063781,1.134768583352994e-11,,,,,19.368869713485825,12.914827138477081,9,0,0,0,6,0.1,0.9794982824321133,,27.133757207333804,1.2525771197152478,8.955561351861204,12.841532818279408,-7.374754786281669,16.9823574955651,-13.763961554711504,0.22552913830917687,-8.450435191436346,-16.326246594598842,9.998626187762623,-12.761809132927407
centralized,138,3.475,0.195,0.205,0.20501717567886635,0.20501589137380694,0.010015891373806929,0.21550524624799383,0.010489354874186896,1.4378360294946385e-11,,,,,19.36895375128769,12.914724763797107,9,0,0,0,6,0.1,0.9794984108626194,,27.135024283393417,1.252264467578971,8.956617578017248,12.841463222603783,-7.376273875755808,16.984569331918234,-13.761426055606387,0.2254968742776939,-8.450947127730347,-16.328069982529257,9.999046626580714,-12.761464569722175
centralized,139,3.5,0.195,0.205,0.2050158913738069,0.20501470326680457,0.010014703266804564,0.21551609735402366,0.01050139408721909,3.5641994447380886e-16,,,,,19.369030888839173,12.914629290573847,9,0,0,0,6,0.1,0.9794985296733195,,27.136253268137274,1.2519447297592328,8.957643332607326,12.841405849460589,-7.377764227167608,16.986713053209915,-13.75896040075775,0.2254444350327325,-8.451448472523051,-16.329828834324488,9.99944433493447,-12.761113332968083
centralized,140,3.5250000000000004,0.195,0.205,0.2050147032668045,0.20501360414866776,0.010013604148667754,0.21552696371681698,0.010513359568149222,1.354984482546722e-11,,,,,19.36910166998964,12.914540231320215,9,0,0,0,6,0.1,0.9794986395851333,,27.137445519448306,1.2516185087431544,8.958639634230545,12.841360177979132,-7.379226293179697,16.988790860480176,-13.75656255786225,0.22537286589651018,-8.451939597188131,-16.331525588012948,9.999820295876267,-12.760755864725082
centralized,141,3.5500000000000003,0.195,0.205,0.2050136041486677,0.2050125873496377,0.010012587349637697,0.21553783679195204,0.010525249442314338,1.3155184250784406e-11,,,,,19.369166592553427,12.914457133855702,9,0,0,0,6,0.1,0.9794987412650362,,27.138602338129065,1.2512863774655822,8.95960746304515,12.841325703363054,-7.380660524218173,16.990804880131503,-13.754230553282902,0.22528317324876104,-8.452420849962097,-16.333162584854353,10.000175449979835,-12.760392593559722
centralized,142,3.575,0.195,0.205,0.20501258734963773,0.20501164670033173,0.010011646700331722,0.21554870854978128,0.010537061849449553,1.2772346638827757e-11,,,,,19.369226118475257,12.914379578771172,9,0,0,0,6,0.1,0.9794988353299668,,27.139724970649116,1.2509488806420381,8.96054776241663,12.841301936576365,-7.382067368213707,16.992757166637556,-13.751962470545626,0.22517632558445055,-8.45289255771573,-16.33474207335933,10.00051069737732,-12.760023934681143
centralized,143,3.6,0.195,0.205,0.20501164670033173,0.20501077649386895,0.010010776493868945,0.21555957144727284,0.010548794953403884,1.2401371608467364e-11,,,,,19.369280673374686,12.9143071769997,9,0,0,0,6,0.1,0.9794989223506131,,27.140814611806455,1.250606536016599,8.961461440453892,12.841288404056705,-7.383447270368952,16.994649705143107,-13.749756448888762,0.22505325458207437,-8.45335502759921,-16.336266213139748,10.00082689970631,-12.75965029011388
centralized,144,3.625,0.195,0.205,0.20501077649386895,0.2050099714511893,0.010009971451189287,0.21557041840199628,0.01056044695080699,1.2042573873062664e-11,,,,,19.369330649972696,12.914239567584842,9,0,0,0,6,0.1,0.9794990028548811,,27.141872407226863,1.250259835559343,8.962349371479295,12.841284647409594,-7.384800672936119,16.996484413958743,-13.747610681823218,0.2249148561632764,-8.453808548553205,-16.337737078588955,10.001124881940031,-12.75927204888016
centralized,145,3.6500000000000004,0.195,0.205,0.2050099714511893,0.20500922668897112,0.010009226688971112,0.21558124276761959,0.010572016078648466,1.1694501482672212e-11,,,,,19.369376410617704,12.914176415614946,9,0,0,0,6,0.1,0.9794990773311029,,27.14289945572509,1.2499092466105624,8.963212397429123,12.841290223093962,-7.386128015007266,16.998263146955686,-13.74552341571206,0.2247619915439384,-8.454253392699446,-16.33915666240131,10.001405434113728,-12.758889587194396
centralized,146,3.6750000000000003,0.195,0.205,0.2050092266889713,0.20500853768995841,0.010008537689958408,0.21559203831081333,0.010583500620854919,1.135744845783824e-11,,,,,19.369418289617865,12.914117410311034,9,0,0,0,6,0.1,0.9794991462310042,,27.14389681153631,1.249555212974218,8.964051329188418,12.841304702100828,-7.387429732317182,16.99998769586544,-13.743492948371026,0.2245954882744972,-8.4546898166204,-16.340526878938576,10.001669312954231,-12.758503268668365
centralized,147,3.7,0.195,0.205,0.20500853768995844,0.20500790027559587,0.010007900275595866,0.21560279918958555,0.010594898913989681,1.4415785295611788e-11,,,,,19.369456595554684,12.914062263260695,9,0,0,0,6,0.1,0.9794992099724404,,27.14486548642293,1.249198155963535,8.964866947864238,12.841327669625201,-7.388706257058049,17.001659792488567,-13.741517627689236,0.2244161412672914,-8.455118062536155,-16.341849567449938,10.001917243418264,-12.758113444524499
centralized,148,3.725,0.195,0.205,0.2050079002755958,0.2050073105803777,0.010007310580377682,0.21561351993238073,0.010606209352003043,1.4004138618449548e-11,,,,,19.369491612618905,12.914010706766936,9,0,0,0,6,0.1,0.9794992689419623,,27.145806451678837,1.2488384753982102,8.965660005997897,12.841358724740838,-7.389958017708743,17.003281110817575,-13.739595850281072,0.22422471381043482,-8.455538359390207,-16.343126495153932,10.002149920149984,-12.75772045382193
centralized,149,3.75,0.195,0.205,0.2050073105803776,0.20500676502863377,0.010006765028633763,0.21562419541905647,0.010617430390422705,1.3605431323970842e-11,,,,,19.369523603440985,12.913962492343893,9,0,0,0,6,0.1,0.9794993234971366,,27.146720640007263,1.2484765505610345,8.966431228725884,12.841397480062435,-7.39118543887237,17.004853269076328,-13.737726060150683,0.2240219385644075,-8.45595092384446,-16.344359360185774,10.002368008854837,-12.757324623681988
centralized,150,3.7750000000000004,0.195,0.205,0.20500676502863377,0.20500626031238137,0.01000626031238136,0.21563482086198466,0.010628560549603289,2.6371561830123564e-17,,,,,19.369552809484468,12.913917389291935,9,0,0,0,6,0.1,0.9794993739687619,,27.147608947322798,1.248112741103102,8.967181314877488,12.84144356142122,-7.392388941130855,17.006377831681267,-13.735906747396893,0.22380851854692782,-8.456355961200513,-16.345549794420844,10.002572147611962,-12.756926269527682
centralized,151,3.8000000000000003,0.195,0.205,0.20500626031238123,0.20500579337257957,0.010005793372579563,0.2156453917905828,0.010639598418003243,1.2845263748553398e-11,,,,,19.369579455936968,12.913875183460728,9,0,0,0,6,0.1,0.9794994206627421,,27.14847223439325,1.2477473879456007,8.967910938061852,12.841496607499923,-7.39356894089522,17.007856311127078,-13.734136446902431,0.22358512807725445,-8.456753666231876,-16.34669936616806,10.00276294807079,-12.756525695310536
centralized,152,3.825,0.195,0.205,0.20500579337257963,0.20500536137847905,0.010005361378479044,0.2156559040321271,0.010650542653648037,1.2482948997011714e-11,,,,,19.36960374679744,12.913835675947183,9,0,0,0,6,0.1,0.9794994638621521,,27.149311328519634,1.2473808140698077,8.968620747626977,12.841556269547986,-7.394725850296378,17.009290169800636,-13.73241373712609,0.22335241374511286,-8.457144223980064,-16.34780958276573,10.002940996674203,-12.756123193773055
centralized,153,3.85,0.195,0.205,0.20500536137847902,0.2050049617118325,0.010004961711832489,0.21566635369821432,0.01066139198638183,1.2132064431676497e-11,,,,,19.369625872618606,12.913798682046338,9,0,0,0,6,0.1,0.9794995038288168,,27.150127024999524,1.2470133253456837,8.969311369659835,12.841622211016805,-7.3958600770575735,17.01068082172606,-13.73073723884665,0.2231109953167494,-8.457527810456781,-16.348881893049235,10.003106855732273,-12.755719046682314
centralized,154,3.875,0.195,0.205,0.20500496171183247,0.20500459195063037,0.01000459195063036,0.21567673716961794,0.010672145218987572,1.179217288933771e-11,,,,,19.369646008508035,12.913764030201376,9,0,0,0,6,0.1,0.979499540804937,,27.150920088580413,1.2466452112873427,8.96998340789785,12.841694107239341,-7.396972024391077,17.012029634243916,-13.729105613969127,0.22286146664189152,-8.457904593305322,-16.349917689722474,10.00326106448227,-12.755313525081618
centralized,155,3.9000000000000004,0.195,0.205,0.2050045919506302,0.20500424985439172,0.010004249854391717,0.21568705108242753,0.010682801228035804,1.1462758135760069e-11,,,,,19.369664315917348,12.91373156104683,9,0,0,0,6,0.1,0.9794995750145609,,27.151691254824037,1.2462767457831005,8.970637444609958,12.841771645104124,-7.39806209090205,17.013337929627507,-13.727517564350999,0.22260439653568365,-8.4582747324063,-16.35091831162706,10.003404140087328,-12.754906889540356
centralized,156,3.9250000000000003,0.195,0.205,0.20500424985439178,0.20500393335064104,0.010003933350641037,0.21569729231503626,0.010693358964395216,1.457584756700548e-11,,,,,19.369680943854792,12.913701126526421,9,0,0,0,6,0.1,0.9794996066649359,,27.15244123139765,1.2459081877943317,8.97127404143974,12.841854522731245,-7.399130670501256,17.014606986638714,-13.725971830653194,0.2223403296392281,-8.45863838043444,-16.35188504591527,10.003536578584178,-12.754499390403444
centralized,157,3.95,0.195,0.205,0.20500393335064102,0.20500364052205342,0.010003640522053409,0.215707457975341,0.010703817453287578,1.4173015390457842e-11,,,,,19.369696029194902,12.913672589059546,9,0,0,0,6,0.1,0.9794996359477947,,27.153170699311286,1.2455397820217815,8.971893740209687,12.841942449159092,-7.400178152329336,17.01583804202674,-13.724467191225829,0.22206978725971066,-8.45899568337388,-16.352819130132502,10.003658855787553,-12.75409126804578
centralized,158,3.975,0.195,0.205,0.20500364052205342,0.20500336959508814,0.01000336959508813,0.21571754538933055,0.010714175794242414,1.3782389466752667e-11,,,,,19.369709698581058,12.913645820793866,9,0,0,0,6,0.1,0.9794996630404912,,27.15388031407362,1.2451717595464007,8.972497063695009,12.842035144025298,-7.401204920686098,17.017032291970597,-13.723002461008967,0.221793268187582,-8.45934678098828,-16.353721754210373,10.003771428145495,-12.753682753118888
centralized,159,4.0,0.195,0.205,0.20500336959508803,0.20500311892912051,0.010003118929120508,0.2157275520897709,0.010724433160650387,1.3404007501368044e-11,,,,,19.369722068569327,12.913620702896292,9,0,0,0,6,0.1,0.979499688107088,,27.154570706802623,1.2448043384401613,8.973084516360917,12.842132337259697,-7.402211354970569,17.018190893469196,-13.721576490467482,0.22151124949309067,-8.45969180725633,-16.35459406237731,10.003874733555998,-12.753274066801826
centralized,160,4.025,0.195,0.205,0.20500311892912051,0.20500288700647987,0.01000288700647986,0.2157374758056006,0.010734588799120731,1.3037398561610863e-11,,,,,19.369733246566007,12.913597124900278,9,0,0,0,6,0.1,0.979499711299352,,27.155242485277192,1.2444377243510714,8.973656585069552,12.842233768780623,-7.403197829628429,17.019314965680433,-13.720188164550537,0.22122418730101023,-8.460030890772025,-16.355437154988863,10.003969192143987,-12.752865421049458
centralized,161,4.05,0.195,0.205,0.2050028870064798,0.20500267242291592,0.010002672422915915,0.21574731445144163,0.010744642028525708,1.9513468417375618e-16,,,,,19.369743330933268,12.91357498408607,9,0,0,0,6,0.1,0.9794997327577084,,27.15589623494658,1.2440721110648396,8.974213739759362,12.842339188201564,-7.404164714108801,17.02040559121257,-13.718836401684483,0.22093251754199827,-8.460364155115599,-16.3562520902821,10.004055207000468,-12.75245701884444
centralized,162,4.075,0.195,0.205,0.20500267242291595,0.20500247388036494,0.010002473880364932,0.2157570661197773,0.010754592239412358,1.2338069748364488e-11,,,,,19.36975241466017,12.913554184981432,9,0,0,0,6,0.1,0.9794997526119635,,27.15653251983878,1.243707681032741,8.974756434084929,12.842448354518686,-7.405112372819386,17.02146381736365,-13.717520152755919,0.22063665669192642,-8.460691719183234,-16.357039886054245,10.00413316489298,-12.752049054419455
centralized,163,4.1000000000000005,0.195,0.205,0.20500247388036488,0.20500229017708915,0.010002290177089146,0.2157667290692063,0.010764438892117145,1.2004164218176806e-11,,,,,19.369760579877276,12.913534638748978,9,0,0,0,6,0.1,0.9794997709822911,,27.15715188352962,1.2433446058963091,8.975285106049153,12.842561035854532,-7.406041165106339,17.022490657326347,-13.716238400190434,0.22033700247148172,-8.461013697513716,-16.357801521276677,10.004203436928215,-12.751641713533772
centralized,164,4.125,0.195,0.205,0.20500229017708926,0.20500212020172456,0.010002120201724557,0.21577630171765705,0.010774181515932485,1.1680349951375235e-11,,,,,19.369767904547263,12.913516262768468,9,0,0,0,6,0.1,0.9794997879798275,,27.15775484995637,1.242983046969555,8.975800178593058,12.842677009156636,-7.406951445222868,17.023487091339437,-13.714990156988307,0.22003393454318512,-8.461330200567069,-16.35853793763696,10.004266379202228,-12.751235173688901
centralized,165,4.15,0.195,0.205,0.2050021202017245,0.2050019629261893,0.010001962926189295,0.21578578263371906,0.010783819707529757,1.136663445558998e-11,,,,,19.369774459884443,12.913498980174616,9,0,0,0,6,0.1,0.9794998037073811,,27.158341924248056,1.2426231557106413,8.976302060167123,12.842796059928189,-7.407843562312839,17.024454067802928,-13.713774465818057,0.21972781517868986,-8.461641334991757,-16.359250041019408,10.004322333409913,-12.75082960437128
centralized,166,4.175,0.195,0.205,0.2050019629261892,0.20500181739916626,0.010001817399166252,0.2157951705284732,0.010793353129306932,1.1018248583892527e-16,,,,,19.369780310929773,12.913482719430686,9,0,0,0,6,0.1,0.9794998182600834,,27.158913593515212,1.242265074159376,8.976791145265768,12.842917981967434,-7.408717860401866,17.02539250435176,-13.712590398135308,0.21941898991549535,-8.461947203871572,-16.359938702926307,10.004371627444394,-12.750425167286693
centralized,167,4.2,0.195,0.205,0.20500181739916631,0.20500168274153954,0.010001682741539536,0.21580446424975377,0.010802781508214232,1.4097107286928998e-11,,,,,19.369785519777317,12.913467414002506,9,0,0,0,6,0.1,0.9794998317258461,,27.159470327543474,1.2419089354165067,8.977267815004641,12.843042577071277,-7.409574678377114,17.026303288894514,-13.711437053289265,0.21910778815361542,-8.462247906938318,-16.36060476182895,10.004414575895613,-12.75002201658527
centralized,168,4.2250000000000005,0.195,0.205,0.2050016827415395,0.2050015581390689,0.010001558139068889,0.21581366277236816,0.010812104633299263,1.3723891890085355e-11,,,,,19.369790140033277,12.913453001909703,9,0,0,0,6,0.1,0.9794998441860931,,27.16001257958029,1.2415548639787655,8.977732437539636,12.843169654835187,-7.410414350006489,17.02718728060918,-13.710313557727764,0.21879452381197423,-8.462543540799826,-16.361249024486828,10.004451480674751,-12.749620299096229
centralized,169,4.25,0.195,0.205,0.20500155813906895,0.20500144283889138,0.010001442838891372,0.21582276519339225,0.010821322354500867,1.3361819336904605e-11,,,,,19.36979422351158,12.91343942546446,9,0,0,0,6,0.1,0.9794998557161109,,27.16054078694895,1.241202976185922,8.978185368609545,12.843299032363008,-7.411237203928382,17.028045310909654,-13.709219064149368,0.21847949588660256,-8.462834199115822,-16.36187226718842,10.00448263146393,-12.74922015454425
centralized,170,4.275,0.195,0.205,0.20500144283889132,0.2050013361442317,0.010001336144231682,0.21583177072482806,0.010830434580596376,3.456525944108005e-16,,,,,19.369797816606397,12.9134266309324,9,0,0,0,6,0.1,0.9794998663855768,,27.161055371714507,1.2408533806053599,8.978626952005826,12.843430534034509,-7.412043563662553,17.02887818437856,-13.708152750722938,0.2181629890133069,-8.463119972779797,-16.362475236951408,10.004508306195756,-12.748821715780865
centralized,171,4.3,0.195,0.205,0.20500133614423174,0.20500123741149848,0.01000123741149847,0.21584067868924053,0.010839441277742057,1.2670501515776081e-11,,,,,19.3698009644162,12.913414568312152,9,0,0,0,6,0.1,0.9794998762588502,,27.161556741266118,1.2405061783060287,8.979057519922767,12.84356399126956,-7.412833747625021,17.029686679651576,-13.707113820290221,0.21784527408180546,-8.463400950076243,-16.363058652681545,10.004528771615776,-12.748425108954276
centralized,172,4.325,0.195,0.205,0.20500123741149875,0.20500114604404293,0.010001146044042925,0.21584948851092697,0.010848342466884042,-8.888389035669141e-17,,,,,19.369803704219013,12.913403190962686,9,0,0,0,6,0.1,0.9794998853955957,,27.16204528895619,1.2401614633516114,8.979477393540568,12.843699242295205,-7.4136080691424775,17.030471550305652,-13.70610149965984,0.21752660866772555,-8.46367721683796,-16.363623206262577,10.00454428356673,-12.748030453799796
centralized,173,4.3500000000000005,0.195,0.205,0.205001146044043,0.2050010614908701,0.0100010614908701,0.21585819971349585,0.01085713822262574,2.0775548832273506e-16,,,,,19.36980607439494,12.913392455470174,9,0,0,0,6,0.1,0.979499893850913,,27.16252139460018,1.2398193229918675,8.97988688328878,12.843836131921213,-7.414366836473693,17.031233525673926,-13.705115038835123,0.2172072376429407,-8.463948856577709,-16.3641695636275,10.004555087570438,-12.747637863768128
centralized,174,4.375,0.195,0.205,0.20500106149086997,0.20500098324224603,0.01000098324224602,0.21586681191321944,0.01086582867097341,1.1708562442380574e-11,,,,,19.36980810845254,12.913382321372778,9,0,0,0,6,0.1,0.9794999016757754,,27.162985425033682,1.2394798380568033,8.980286289318196,12.843974511316448,-7.415110352832029,17.031973311663247,-13.704153710323862,0.2168873936239829,-8.464215950616463,-16.364698365766536,10.004561419149896,-12.747247446268494
centralized,175,4.4,0.195,0.205,0.20500098324224605,0.20500091082575006,0.010000910825750053,0.21587532481287666,0.010874413987126602,-6.924863431793226e-17,,,,,19.369809835561625,12.913372750911222,9,0,0,0,6,0.1,0.979499908917425,,27.163437734654977,1.239143083214743,8.980675901831347,12.844114237823268,-7.415838916423595,17.03269159153011,-13.703216808473181,0.21656729748262973,-8.464478578211247,-16.36521022970952,10.004563504276796,-12.746859302866817
centralized,176,4.425,0.195,0.205,0.2050009108257502,0.20500084380523861,0.010000843805238607,0.21588373819956266,0.01088289439432405,2.1107528010390435e-16,,,,,19.369811285753492,12.913363708920704,9,0,0,0,6,0.1,0.9794999156194761,,27.16387866583015,1.2388091273739452,8.981056001566877,12.84425517468902,-7.416552820453325,17.03338902664062,-13.702303648757916,0.21624715873723346,-8.464736816643564,-16.365705749441723,10.004561559616336,-12.746473529482554
centralized,177,4.45,0.195,0.205,0.2050008438052386,0.20500078177730408,0.010000781777304069,0.21589205193881894,0.010891270161514865,1.4187678164886508e-11,,,,,19.36981248513233,12.913355162609012,9,0,0,0,6,0.1,0.9794999218222696,,27.164308549415114,1.2384780338019565,8.98142685997405,12.844397190925854,-7.4172523531808725,17.034066257180765,-13.70141356715573,0.21592717610477685,-8.464990741338134,-16.366185496823437,10.004555793066217,-12.746090216545328
centralized,178,4.4750000000000005,0.195,0.205,0.20500078177730413,0.20500072436804426,0.01000072436804425,0.21590026596929487,0.010899541601250617,1.3826798336215902e-11,,,,,19.369813456189117,12.913347081352539,9,0,0,0,6,0.1,0.9794999275631956,,27.164727705212297,1.2381498604610492,8.981788739622278,12.84454016110726,-7.417937797955995,17.034723902866578,-13.700545919535056,0.21560753789185988,-8.46524042595476,-16.366650022443938,10.004546404028135,-12.745709449214973
centralized,179,4.5,0.195,0.205,0.2050007243680442,0.2050006712319337,0.010000671231933683,0.21590838030019296,0.010907709068259275,1.3476944474331453e-11,,,,,19.369814221538856,12.913339436594976,9,0,0,0,6,0.1,0.9794999328768066,,27.165136442352253,1.2378246602794456,8.982141894542416,12.844683965154433,-7.418609433248564,17.03536256361998,-13.699700081020644,0.2152884224035077,-8.465485942464746,-16.36709985644271,10.004533583718583,-12.745331307549446
centralized,180,4.525,0.195,0.205,0.2050006712319338,0.20500062204933325,0.010000622049333246,0.2159163950067873,0.01091577295745405,1.3136693384009697e-11,,,,,19.36981480126546,12.913332201684938,9,0,0,0,6,0.1,0.9794999377950667,,27.165535059715797,1.2375024813805273,8.982486570518233,12.844828488163401,-7.419267532693298,17.03598282022156,-13.698875445409197,0.21496999835544361,-8.465727361234476,-16.367535509304954,10.004517515502297,-12.744955866683295
centralized,181,4.55,0.195,0.205,0.2050006220493333,0.20500057652454926,0.010000576524549248,0.215924310226679,0.010923733702129734,1.2806483653945984e-11,,,,,19.369815213779436,12.913325351742518,9,0,0,0,6,0.1,0.9794999423475451,,27.165923846321714,1.237183367315924,8.982823005382965,12.84497362022638,-7.419912365133192,17.03658523494163,-13.698071424595073,0.214652425263938,-8.465964751098895,-16.36795747262258,10.00449837519739,-12.744583197000166
centralized,182,4.575,0.195,0.205,0.20500057652454914,0.20500053438403984,0.010000534384039833,0.21593212615622373,0.01093159177218389,1.2485956903147063e-11,,,,,19.369815475949746,12.913318863535443,9,0,0,0,6,0.1,0.979499946561596,,27.166303081697787,1.236867357288602,8.98315142930431,12.84511925625845,-7.420544194664935,17.037170352149715,-13.697287448013169,0.2143358538217867,-8.466198179429544,-16.36836621982467,10.00447633136818,-12.744213364301036
centralized,183,4.6000000000000005,0.195,0.205,0.2050005343840398,0.2050004953747541,0.010000495374754087,0.21593984304712893,0.010939347672374838,1.217420997159411e-11,,,,,19.369815603225533,12.913312715364135,9,0,0,0,6,0.1,0.9794999504625246,,27.16667303623592,1.2365544863663713,8.983472065058388,12.845265295829417,-7.421163280686127,17.03773869890326,-13.69652296209857,0.2140204262608311,-8.466427712197595,-16.36876220687864,10.004451545606292,-12.743846429968206
centralized,184,4.625,0.195,0.205,0.20500049537475412,0.20500045926259755,0.010000459262597544,0.21594746120320388,0.010947001940606327,1.1871717954187639e-11,,,,,19.369815609748347,12.913306886955034,9,0,0,0,6,0.1,0.9794999540737402,,27.167033971532195,1.2362447856862164,8.983785128293102,12.845411643000784,-7.421769877944154,17.038290785516296,-13.695777429762499,0.21370627670142378,-8.466653414032288,-16.369145872963415,10.004424172800546,-12.743482451125088
centralized,185,4.65,0.195,0.205,0.20500045926259744,0.20500042583101016,0.010000425831010157,0.21595498097726473,0.010954555146254569,1.1577894200931024e-11,,,,,19.369815508455893,12.91330135936156,9,0,0,0,6,0.1,0.979499957416899,,27.167386140712523,1.2359382826498333,8.984090827781369,12.845558206167674,-7.42236423658657,17.03882710610875,-13.695050329884152,0.21339353148924356,-8.466875348275146,-16.369517641115664,10.004394361396148,-12.743121480791812
centralized,186,4.675,0.195,0.205,0.20500042583101016,0.2050003948796533,0.01000039487965329,0.21596240276818068,0.010962007888527386,1.1292449702652377e-11,,,,,19.369815311177625,12.913296114872173,9,0,0,0,6,0.1,0.9794999605120347,,27.16772978874463,1.2356350011107444,8.984389365664612,12.845704897905614,-7.422946602212829,17.039348139137196,-13.694341156817964,0.21308230951984883,-8.467093577030296,-16.369877918850285,10.004362253643643,-12.742763568036725
centralized,187,4.7,0.195,0.205,0.20500039487965338,0.20500036622328033,0.010000366223280321,0.21596972701817346,0.010969360794893135,1.443908873778906e-11,,,,,19.369815028884286,12.913291136929043,9,0,0,0,6,0.1,0.979499963377672,,27.168065152734155,1.2353349615538725,8.984680937687429,12.845851634820473,-7.423517215926644,17.039854347907387,-13.693649419913905,0.2127727225511106,-8.467308161210537,-16.370227098755908,10.004327985837135,-12.742408758122616
centralized,188,4.7250000000000005,0.195,0.205,0.20500036622328013,0.20500033969034462,0.010000339690344612,0.21597695420977076,0.010976614519426137,1.4086714897491898e-11,,,,,19.36981467111397,12.913286410036285,9,0,0,0,6,0.1,0.9794999660309656,,27.168392462220314,1.2350381812651985,8.984965733421008,12.845998337409569,-7.42407631439187,17.04034618107016,-13.692974643060307,0.21246487550510695,-8.467519160582976,-16.37056555906783,10.004291688546704,-12.742057092653756
centralized,189,4.75,0.195,0.205,0.2050003396903448,0.205000315122236,0.010000315122235981,0.21598408486362336,0.010983769741387372,1.3743757741543185e-11,,,,,19.36981424704613,12.91328191969928,9,0,0,0,6,0.1,0.9794999684877764,,27.168711939440815,1.2347446744973791,8.985243936482151,12.846144929917115,-7.424624129885725,17.040824073099643,-13.692316364229253,0.2121588667574803,-8.4677266338073,-16.37089366421654,10.004253486836985,-12.74170860971153
centralized,190,4.775,0.195,0.205,0.2050003151222361,0.20500029237222234,0.01000029237222233,0.21599111953592842,0.010990827163706085,1.3410240661674275e-11,,,,,19.36981376489378,12.913277652351832,9,0,0,0,6,0.1,0.9794999707627777,,27.169023799598865,1.2344544526259562,8.985515724740672,12.846291340201073,-7.4251608903552535,17.04128844475595,-13.691674135043273,0.211854788416958,-8.467930638474199,-16.371211765355582,10.004213500479981,-12.741363343991274
centralized,191,4.800000000000001,0.195,0.205,0.20500029237222228,0.20500027130456025,0.010000271304560243,0.2159980588161032,0.010997787511542956,1.3086155920763627e-11,,,,,19.36981323213976,12.913273595292665,9,0,0,0,6,0.1,0.9794999728695439,,27.169328251115854,1.2341675242993566,8.98578127051998,12.846437499602459,-7.425686819473968,17.041739703532176,-13.691047520353672,0.21155272659422264,-8.46813123114051,-16.371520200868275,10.004171844159133,-12.74102132693393
centralized,192,4.825,0.195,0.205,0.20500027130456022,0.20500025179367057,0.010000251793670561,0.21600490332456407,0.0110046515308935,1.2771433819297315e-11,,,,,19.369812655595418,12.913269736626416,9,0,0,0,6,0.1,0.9794999748206329,,27.169625495873795,1.2338838955823694,8.986040740790093,12.846583342818798,-7.42620213669912,17.04217824408638,-13.690436097831881,0.21125276166071333,-8.468328467362047,-16.37181929685439,10.004128627665501,-12.74068258685392
centralized,193,4.8500000000000005,0.195,0.205,0.20500025179367065,0.20500023372337844,0.010000233723378438,0.21601165371061018,0.011011419987231735,1.2464570113032644e-11,,,,,19.36981204145521,12.913266065208825,9,0,0,0,6,0.1,0.9794999766276622,,27.169915729447986,1.2336035700933783,8.986294297353373,12.846728807781643,-7.426707057329532,17.042604448659052,-13.689839457573466,0.2109549684976934,-8.468522401724258,-16.372109367597602,10.004083956086403,-12.740347149063297
centralized,194,4.875,0.195,0.205,0.2050002337233785,0.20500021698620635,0.010000216986206345,0.2160183106504062,0.01101809366419984,1.2166399671264011e-11,,,,,19.369811395346662,12.913262570595796,9,0,0,0,6,0.1,0.9794999783013794,,27.17019914133033,1.233326549135605,8.986542097023312,12.846873835538018,-7.427201792563859,17.043018687476632,-13.689257201714408,0.21065941673591124,-8.468713087870917,-16.37239071601454,10.004037929986811,-12.740015035992252
centralized,195,4.9,0.195,0.205,0.20500021698620624,0.20500020148272427,0.010000201482724264,0.21602487484505928,0.011024673362335008,1.187649141993911e-11,,,,,19.36981072237665,12.913259242996055,9,0,0,0,6,0.1,0.9794999798517275,,27.17047591514375,1.2330528318226153,8.986784291796605,12.847018370135691,-7.427686549559235,17.043421319141498,-13.68868894405932,0.21036617098617247,-8.468900578531002,-16.37266363408613,10.003990645583826,-12.739686267306032
centralized,196,4.925000000000001,0.195,0.205,0.2050002014827243,0.2050001871209452,0.010000187120945192,0.21603134701878662,0.011031159897841425,1.159481409756498e-11,,,,,19.369810027174044,12.913256073227158,9,0,0,0,6,0.1,0.9794999812879055,,27.170746228848117,1.232782415198328,8.987021029018814,12.847162358512165,-7.4281615314901845,17.043812691008934,-13.688134309721226,0.21007529106113482,-8.46908492554389,-16.372928403272,10.003942194914476,-12.739360860018348
centralized,197,4.95,0.195,0.205,0.20500018712094525,0.20500017381576852,0.01000017381576851,0.2160377279171689,0.011037554101400393,1.1320260017282531e-11,,,,,19.369809313928837,12.913253052674586,9,0,0,0,6,0.1,0.9794999826184232,,27.171010254938004,1.23251529435175,8.987252451543862,12.847305750387282,-7.4286269376077465,17.044193139551528,-13.687592934772578,0.20978683218862243,-8.46926617988303,-16.3731852949086,10.003892665997148,-12.739038828601334
centralized,198,4.9750000000000005,0.195,0.205,0.20500017381576843,0.2050001614885494,0.010000161488549403,0.2160440183056023,0.011043856817052888,1.4498453541901587e-11,,,,,19.36980858659066,12.913250173257765,9,0,0,0,6,0.1,0.979499983851145,,27.17126816062986,1.2322514625271943,8.987478697888074,12.847448498157748,-7.4290829632981135,17.04456299071126,-13.687064465905143,0.20950084521651358,-8.469444391677508,-16.373434570591435,10.003842142985928,-12.73872018509096
centralized,199,5.0,0.195,0.205,0.2050001614885493,0.20500015006635494,0.010000150066354935,0.21605021896735388,0.011050068900998938,1.4158378760703635e-11,,,,,19.369807848243546,12.91324742738216,9,0,0,0,6,0.1,0.9794999849933645,,27.171520108053766,1.2319909112274767,8.98769990237624,12.847590556801643,-7.42952980014378,17.044922560240497,-13.686548560108449,0.2092173768106839,-8.469619610235156,-16.373676482543463,10.00379070632264,-12.738404939193986
centralized,200,5.025,0.195,0.205,0.20500015006635483,0.20500013948179854,0.010000139481798537,0.2160563307024278,0.011056191220629258,1.3827407038622667e-11,,,,,19.36980710213999,12.913244807919359,9,0,0,0,6,0.1,0.9794999860518201,,27.171766254419087,1.231733630315833,8.987916195286385,12.84773188377604,-7.429967635981038,17.04527215403073,-13.686044884346781,0.20893646964391754,-8.469791884060143,-16.37391127396738,10.003738432878336,-12.738093098384226
centralized,201,5.050000000000001,0.195,0.205,0.20500013948179857,0.205000129672536,0.010000129672535996,0.21606235432599746,0.011062224653461461,1.3505282088300953e-11,,,,,19.36980635104947,12.913242308172022,9,0,0,0,6,0.1,0.9794999870327464,,27.17200675218677,1.231479608111092,8.98812770298588,12.847872438924874,-7.430396654959799,17.045612068430984,-13.685553115253654,0.20865816257839115,-8.469961260872354,-16.374139179385278,10.00368539609219,-12.737784668000792
centralized,202,5.075,0.195,0.205,0.20500012967253614,0.20500012058088785,0.010000120580887839,0.21606829066703667,0.011068170086148826,1.3191729539782439e-11,,,,,19.369805597457425,12.913239921845411,9,0,0,0,6,0.1,0.9794999879419112,,27.17224174923157,1.2312288314791742,8.988334548063586,12.8480121843881,-7.4308170376027265,17.045942590555537,-13.685072938834155,0.2083824908408248,-8.470127787625067,-16.37436042496476,10.003631666104642,-12.737479651341909
centralized,203,5.1000000000000005,0.195,0.205,0.20500012058088773,0.20500011215348976,0.010000112153489754,0.21607414056701887,0.011074028413529113,1.2886602264024868e-11,,,,,19.369804843589183,12.913237643020922,9,0,0,0,6,0.1,0.979499988784651,,27.172471388998048,1.2309812859205094,8.988536849457152,12.848151084513878,-7.431228960864187,17.046263998581434,-13.68460405017664,0.2081094861907896,-8.470291510521692,-16.37457522883238,10.003577309885532,-12.73717804975573
centralized,204,5.125,0.195,0.205,0.20500011215348984,0.20500010434096894,0.01000010434096893,0.21607990487867776,0.011079800537708823,1.2589568064376069e-11,,,,,19.36980409143219,12.913235466131443,9,0,0,0,6,0.1,0.9794999895659031,,27.172695810650637,1.2307369556535372,8.988734722575641,12.848289105773684,-7.431632598188984,17.046576562036154,-13.684146153173485,0.2078391770824133,-8.470452475031658,-16.374783801374857,10.003522391357409,-12.736879862728207
centralized,205,5.15,0.195,0.205,0.20500010434096871,0.20500009709764586,0.01000009709764585,0.2160855844648308,0.011085487367184954,1.2300472571126195e-11,,,,,19.36980334275623,12.913233385938419,9,0,0,0,6,0.1,0.9794999902902354,,27.172915149218035,1.2304958236944614,8.988928279417697,12.848426216680275,-7.432028119570815,17.046880542075776,-13.683698960250634,0.20757158881972268,-8.470610725905525,-16.374986345528605,10.003466971514223,-12.73658508796809
centralized,206,5.175000000000001,0.195,0.205,0.20500009709764577,0.2050000903812563,0.010000090381256294,0.2160911801972565,0.01109108981600021,1.2018621613845278e-11,,,,,19.369802599132242,12.913231397510515,9,0,0,0,6,0.1,0.9794999909618743,,27.173129535732127,1.230257871933406,8.98911762868539,12.8485623877084,-7.432415691610426,17.04717619175394,-13.683262192105655,0.20730674370585067,-8.47076630718935,-16.37518305705801,10.003411108535566,-12.736293721489137
centralized,207,5.2,0.195,0.205,0.2050000903812561,0.20500008415269655,0.010000084152696542,0.21609669295563352,0.011096608802936975,1.1744303754582653e-11,,,,,19.36980186194971,12.913229496203737,9,0,0,0,6,0.1,0.9794999915847303,,27.173339097361698,1.2300230812071282,8.98930287589394,12.848697591218185,-7.432795477573402,17.047463756281957,-13.682835577454057,0.20704466118632756,-8.470919262238413,-16.375374124822937,10.003354857896628,-12.736005757689583
centralized,208,5.2250000000000005,0.195,0.205,0.2050000841526966,0.20500007837578607,0.010000078375786065,0.2161021236265258,0.01110204525073974,1.1477003175894533e-11,,,,,19.369801132432244,12.913227677642915,9,0,0,0,6,0.1,0.9794999921624213,,27.173543957541163,1.2297914313684297,8.989484123477464,12.848831801381117,-7.433167637447583,17.047743473280306,-13.682418852783602,0.2067853579866751,-8.471069633730309,-16.375559731035864,10.003298272474051,-12.73572118942896
centralized,209,5.25,0.195,0.205,0.2050000783757861,0.20500007301704878,0.010000073017048777,0.21610747310242265,0.011107400085373864,1.1216840258546751e-11,,,,,19.369800411652346,12.913225937704468,9,0,0,0,6,0.1,0.9794999926982951,,27.17374423609449,1.2295629013524054,8.98966147089089,12.848964994108528,-7.433532328000045,17.048015573021893,-13.682011762116373,0.20652884824450587,-8.471217463677494,-16.37574005150908,10.003241402647829,-12.73544000810232
centralized,210,5.275,0.195,0.205,0.20500007301704862,0.20500006804559534,0.010000068045595334,0.21611274228094154,0.011112674235346204,1.4386378063444861e-11,,,,,19.36979970070585,12.913224272504376,9,0,0,0,6,0.1,0.9794999931954405,,27.173940049351668,1.2293374692401815,8.989835014708696,12.849097146980933,-7.433889702833029,17.048280278667125,-13.681614056776334,0.2062751436360886,-8.471362793438601,-16.375915255892068,10.003184296398455,-12.735162203710757
centralized,211,5.300000000000001,0.195,0.205,0.20500006804559545,0.20500006343267177,0.010000063432671763,0.216117932063604,0.011117868630932226,1.4062811482930687e-11,,,,,19.369799000070604,12.91322267837074,9,0,0,0,6,0.1,0.9794999936567328,,27.174131510272765,1.2291151123176018,8.990004848717794,12.849228239186251,-7.434239912441805,17.048537806491876,-13.681225495172093,0.20602425349876752,-8.471505663732124,-16.37608550790083,10.00312699940394,-12.734887764934303
centralized,212,5.325,0.195,0.205,0.20500006343267177,0.20500005915175903,0.010000059151759028,0.2161230433553884,0.011122984203629366,1.3747479092518578e-11,,,,,19.36979831061334,12.91322115184272,9,0,0,0,6,0.1,0.9794999940848241,,27.174318728548872,1.2288958071344407,8.990171064011186,12.8493582514502,-7.434583104268414,17.048788366107065,-13.680845842575094,0.2057761849470728,-8.471646114645335,-16.376250965536723,10.003069555128473,-12.734616679194996
centralized,213,5.3500000000000005,0.195,0.205,0.205000059151759,0.20500005517831904,0.010000055178319034,0.21612807706381826,0.011128021885499217,1.3440137280776613e-11,,,,,19.36979763292588,12.913219689653097,9,0,0,0,6,0.1,0.9794999944821681,,27.174501810712307,1.2286795295586845,8.990333749074964,12.849487165975866,-7.434919422757247,17.049032160671597,-13.680474870912116,0.20553094298502467,-8.471784185645678,-16.376411781297975,10.0030120049105,-12.734348932722739
centralized,214,5.375,0.195,0.205,0.2050000551783191,0.20500005148964537,0.010000051489645362,0.2161330340982266,0.011132982608581227,1.3140025794153179e-11,,,,,19.36979696750601,12.913218288716141,9,0,0,0,6,0.1,0.9794999948510354,,27.1746808602394,1.2284662548288365,8.99049298987322,12.849614966383617,-7.435249009409489,17.049269387098214,-13.680112358562617,0.20528853061365038,-8.471919915591087,-16.376568102382777,10.00295438804698,-12.734084510617556
centralized,215,5.4,0.195,0.205,0.20500005148964545,0.20500004806472683,0.010000048064726819,0.21613791536905558,0.011137867304328752,1.2848008502006556e-11,,,,,19.369796314766333,12.913216946116309,9,0,0,0,6,0.1,0.9794999951935273,,27.174855977649536,1.2282559576037737,8.990648869929936,12.849741637653084,-7.435572002836995,17.04950023625258,-13.679758090162482,0.20504894893411663,-8.472053342739944,-16.37672007088463,10.002896741874519,-12.73382339690967
centralized,216,5.425000000000001,0.195,0.205,0.20500004806472683,0.2050000448841199,0.010000044884119902,0.21614272178719462,0.011142676903074716,1.2563812803926817e-11,,,,,19.36979567504219,12.913215659097702,9,0,0,0,6,0.1,0.979499995511588,,27.175027260600636,1.2280486120102572,8.990801470407954,12.849867166067147,-7.435888538815564,17.049724893145864,-13.679411856413967,0.20481219724664015,-8.472184504760724,-16.376867823980163,10.002839101847469,-12.733565574617419
centralized,217,5.45,0.195,0.205,0.20500004488411988,0.20500004192983165,0.010000041929831643,0.21614745426335444,0.011147412333522788,1.2285829732987753e-11,,,,,19.36979504859921,12.913214425054216,9,0,0,0,6,0.1,0.9794999958070169,,27.1751948039812,1.2278441916881966,8.99095087018514,12.849991539157873,-7.436198750337599,17.049943537121013,-13.679073453901657,0.20457827314533697,-8.472313438741331,-16.377011494109773,10.002781501613113,-12.733311025803117
centralized,218,5.4750000000000005,0.195,0.205,0.20500004192983182,0.20500003918521084,0.010000039185210835,0.21615211370747606,0.011152074522265215,1.2015230439965555e-11,,,,,19.369794435640102,12.913213241520376,9,0,0,0,6,0.1,0.9794999960814789,,27.175358699999045,1.227642669833763,8.991097145927865,12.850114745654324,-7.436502767664144,17.05015634203296,-13.678742684914223,0.20434717260915938,-8.472440181198161,-16.377151209151357,10.002723973084054,-12.733059731626884
centralized,219,5.5,0.195,0.205,0.20500003918521098,0.20500003663484828,0.010000036634848275,0.21615670102817014,0.011156664393321858,1.1751533424698215e-11,,,,,19.36979383631078,12.913212106162756,9,0,0,0,6,0.1,0.9794999963365152,,27.1755190382669,1.2274440192404352,8.99124037216188,12.850236775432197,-7.436800718376275,17.050363476422923,-13.678419357271824,0.20411889008906806,-8.472564768084906,-16.377287092587412,10.0026665465079,-12.732811672398526
centralized,220,5.525,0.195,0.205,0.20500003663484823,0.2050000342644819,0.0100000342644819,0.2161612171321904,0.01116118286770848,1.1494187470249022e-11,,,,,19.369793250706074,12.913211016771976,9,0,0,0,6,0.1,0.9794999965735518,,27.17567590588494,1.227248212338075,8.991380621340692,12.850357619465218,-7.437092727425847,17.050565103687042,-13.678103284158952,0.2038934185915823,-8.47268723480112,-16.377419263665757,10.00260925053435,-12.732566827627506
centralized,221,5.550000000000001,0.195,0.205,0.20500003426448202,0.2050000320609134,0.010000032060913405,0.21616566292393363,0.01116563086302022,1.1243243157052281e-11,,,,,19.36979267887518,12.913209971255235,9,0,0,0,6,0.1,0.9794999967939086,,27.17582938752042,1.2270552212301082,8.991517963911551,12.850477269778242,-7.437378917185571,17.050761382239504,-13.677794283962557,0.203670749758845,-8.472807616200559,-16.37754783755413,10.002552112279782,-12.732325176071074
centralized,222,5.575,0.195,0.205,0.20500003206091336,0.205000030012013,0.010000030012012995,0.21617003930508777,0.011170009293074767,1.4438383655094844e-11,,,,,19.369792120987768,12.91320896763336,9,0,0,0,6,0.1,0.9794999969987987,,27.17597956548161,1.2268650177294154,8.991652468379588,12.850595719400426,-7.437659407497814,17.050952465670203,-13.677492180113264,0.20345087394508907,-8.472925946598629,-16.377672925488618,10.002495157388486,-12.73208669577941
centralized,223,5.6000000000000005,0.195,0.205,0.20500003001201292,0.20500002810637913,0.010000028106379122,0.21617434717382786,0.01117431906744873,1.4125438161076361e-11,,,,,19.369791576682275,12.91320800402177,9,0,0,0,6,0.1,0.9794999971893621,,27.17612651980107,1.2266775733903434,8.991784201367448,12.850712962326531,-7.4379343157251565,17.051138502897906,-13.677196800939498,0.20323378029083022,-8.473042259782472,-16.37779463491758,10.002438410095115,-12.731851364143896
centralized,224,5.625,0.195,0.205,0.2050000281063791,0.20500002633354714,0.01000002633354713,0.21617858742477697,0.011178561091229833,1.3819829869150912e-11,,,,,19.36979104606942,12.91320707863732,9,0,0,0,6,0.1,0.9794999973666453,,27.176270328297356,1.2264928595423599,8.991913227676914,12.850828993469642,-7.438203756796631,17.05131963831749,-13.676907979514723,0.20301945679255745,-8.47315658901655,-16.377913069638428,10.002381893280052,-12.731619157936226
centralized,225,5.65,0.195,0.205,0.2050000263335472,0.20500002468383097,0.01000002468383096,0.21618276094848365,0.011182736264652687,1.352207751233406e-11,,,,,19.369790529059014,12.913206189788136,9,0,0,0,6,0.1,0.9794999975316169,,27.176411066647617,1.2263108473198534,8.992039610345099,12.850943808622365,-7.438467843255656,17.051496011943023,-13.676625553516836,0.2028078903703605,-8.47326896705095,-16.378028329930302,10.00232562852543,-12.731390053351012
centralized,226,5.675000000000001,0.195,0.205,0.2050000246838311,0.20500002314826374,0.010000023148263731,0.21618686863105321,0.011186845482789476,1.3231118028858782e-11,,,,,19.369790025535032,12.913205335868264,9,0,0,0,6,0.1,0.9794999976851736,,27.176548808454235,1.2261315076909909,8.992163410699705,12.851057404417663,-7.438726685306695,17.05166775954603,-13.676349365090267,0.20259906693245355,-8.473379426128826,-16.37814051268149,10.002269636168531,-12.731164026045477
centralized,227,5.7,0.195,0.205,0.2050000231482638,0.20500002171854528,0.010000021718545277,0.21619091135380536,0.011190889635260076,1.2947238972802722e-11,,,,,19.369789535359043,12.913204515352705,9,0,0,0,6,0.1,0.9794999978281455,,27.176683625309135,1.2259548114851158,8.992284688412367,12.85116977829109,-7.438980390861228,17.051835012789297,-13.676079260712438,0.20239297143693932,-8.47348799799369,-16.378249711512,10.002213935353192,-12.73094105117761
centralized,228,5.7250000000000005,0.195,0.205,0.20500002171854534,0.20500002038667436,0.010000020386674358,0.21619488999252234,0.011194869605847979,8.729490948720155e-17,,,,,19.369789057777172,12.913203726777844,9,0,0,0,6,0.1,0.9794999979613326,,27.176815586866866,1.2257807294141845,8.992403501545514,12.851280928450914,-7.439229065585586,17.051997899356582,-13.675815091072002,0.20218958795372527,-8.473594713899246,-16.37835601689289,10.002158544085797,-12.730721103446498
centralized,229,5.75,0.195,0.205,0.20500002038667445,0.2050000191461947,0.010000019146194694,0.21619880541890055,0.011198786272705846,1.2399978197002683e-11,,,,,19.369788594422857,12.913202968797757,9,0,0,0,6,0.1,0.9794999980853806,,27.17694476085885,1.2256092321161478,8.99251990662224,12.851390853816095,-7.439472812935312,17.052156543076844,-13.675556710913844,0.20198889971005654,-8.473699604605343,-16.378459516254228,10.002103479257483,-12.730504157112833
centralized,230,5.775,0.195,0.205,0.2050000191461947,0.2050000179901777,0.01000001799017769,0.21620265849757478,0.011202640507397083,1.213654169439368e-11,,,,,19.369788143272537,12.913202240087351,9,0,0,0,6,0.1,0.9794999982009822,,27.177071213223066,1.2254402901495538,8.992633958641175,12.851499554024088,-7.439711734214073,17.052311064046965,-13.675303978960997,0.2017908891608585,-8.473802700401881,-16.37856029410267,10.002048756726662,-12.730290186054996
centralized,231,5.800000000000001,0.195,0.205,0.2050000179901777,0.20500001691252484,0.010000016912524834,0.21620645008770145,0.011206433175176611,1.187867333303684e-11,,,,,19.369787704742432,12.91320153940161,9,0,0,0,6,0.1,0.9794999983087476,,27.177195008109667,1.2252738740353746,8.99274571114739,12.851607029369553,-7.439945928607057,17.052461578748108,-13.675056757769484,0.20159553802983024,-8.473904031104093,-16.37865843212103,10.001994391340036,-12.730079163786515
centralized,232,5.825,0.195,0.205,0.20500001691252487,0.2050000159075899,0.010000015907589893,0.21621018104223802,0.01121016513464812,1.1627486016038514e-11,,,,,19.369787278618226,12.913200865555917,9,0,0,0,6,0.1,0.979499998409241,,27.177316207948394,1.2251099542729584,8.992855216270204,12.851713280780356,-7.440175493225763,17.05260820015941,-13.674814913620938,0.20140282736155876,-8.47400362606205,-16.37875400927079,10.001940396980274,-12.729871063491077
centralized,233,5.8500000000000005,0.195,0.205,0.20500001590758984,0.20500001497014383,0.010000014970143828,0.21621385220771586,0.011213837237572022,1.138160244126239e-11,,,,,19.36978686467629,12.913200217422672,9,0,0,0,6,0.1,0.9794999985029856,,27.17743487350078,1.2249485013598957,8.992962524766462,12.851818309787273,-7.440400523149766,17.052751037867804,-13.67457831641235,0.20121273756881636,-8.474101514167238,-16.378847101889495,10.001886786606883,-12.729665858052428
centralized,234,5.875,0.195,0.205,0.20500001497014383,0.20500001409543192,0.010000014095431914,0.2162174644241472,0.011217450328715267,1.4631897146830486e-11,,,,,19.36978646284939,12.913199593932253,9,0,0,0,6,0.1,0.9794999985904568,,27.177551063907693,1.2247894858113388,8.99306768606279,12.851922118493208,-7.440621111467162,17.052890198174172,-13.674346839547216,0.2010252484775182,-8.4741977238583,-16.378937783784174,10.001833572294563,-12.729463520081852
centralized,235,5.9,0.195,0.205,0.20500001409543195,0.2050000132788742,0.010000013278874204,0.2162210185244649,0.011221005245590693,1.4324982682687206e-11,,,,,19.369786072562427,12.91319899405735,9,0,0,0,6,0.1,0.9794999986721126,,27.17766483674736,1.2246328781761306,8.993170748294139,12.852024709550108,-7.440837349316798,17.053025784196667,-13.674120359838092,0.20084033937063012,-8.47429228312959,-16.379026126322408,10.001780765273663,-12.729264021949382
centralized,236,5.925000000000001,0.195,0.205,0.20500001327887407,0.2050000125163177,0.010000012516317686,0.216224515334725,0.011224502818407311,1.4025288824928842e-11,,,,,19.369785693747197,12.913198416823317,9,0,0,0,6,0.1,0.9794999987483682,,27.177776248072554,1.2244786490552861,8.993271758345136,12.85212608612664,-7.441049325926123,17.053157895969793,-13.673898757400575,0.2006579890287304,-8.474385219535227,-16.37911219851831,10.0017283759643,-12.729067335806295
centralized,237,5.95,0.195,0.205,0.20500001251631766,0.20500001180391622,0.010000011803916214,0.21622795567380707,0.011227943869890844,1.373228322652586e-11,,,,,19.36978532615744,12.91319786130103,9,0,0,0,6,0.1,0.9794999988196084,,27.177885352459736,1.2243267691172541,8.993370761886705,12.85222625188396,-7.441257128650771,17.053286630540903,-13.673681915558008,0.20047817576964683,-8.474476560195999,-16.379196067116396,10.00167641401193,-12.7288734336117
centralized,238,5.9750000000000005,0.195,0.205,0.20500001180391622,0.20500001113810654,0.01000001113810653,0.21623134035326247,0.011231329215155933,1.3446481442922513e-11,,,,,19.36978496954411,12.913197326604452,9,0,0,0,6,0.1,0.9794999988861893,,27.17799220305309,1.2241772091128647,8.993467803412493,12.8523252109506,-7.441460843012883,17.053412082063424,-13.673469720747427,0.20030087748607406,-8.47456633180546,-16.379277796672067,10.001624888321047,-12.728682287156698
centralized,239,6.0,0.195,0.205,0.20500001113810648,0.20500001051525896,0.01000001051525895,0.21623467017675763,0.01123465966149867,-2.424562758477899e-16,,,,,19.369784623037727,12.913196811872847,9,0,0,0,6,0.1,0.9794999989484741,,27.178096851615475,1.2240299399033094,8.993562926289519,12.85242296790026,-7.441660552738995,17.053534341889556,-13.673262062435247,0.20012607167096239,-8.47465456063792,-16.379357449628056,10.001573807072774,-12.72849386809632
aggregate,0,0.025,0.195,0.205,0.9528077435349479,0.9077063728975426,0.7127063728975427,0.9163850489993302,0.00867867610178752,0.38578781936818807,,,,,30.314597799756758,29.569447365325072,15,0,0,0,0,0.1,0.9092293627102457,,12.20494402150388,0.11705697226990683,5.938110357467147,10.543733266651559,-6.088512728241831,10.776419111407732,-12.234674369565756,-0.0731789042514045,-6.212054568949102,-10.299900149484612,6.0900413619582725,-10.469227338507181
aggregate,1,0.05,0.195,0.205,0.9077063728975423,0.8657859680688261,0.6707859680688262,0.8735052925893132,0.00771932452048707,0.382363844088061,,,,,30.819914474236214,29.210475683254312,15,0,0,0,0,0.1,0.9134214031931174,,12.387910880272628,0.14066916883507444,6.006429806579082,10.682037698027937,-6.142523281809649,10.932235059176172,-12.39476595185145,-0.09260308060716452,-6.3003875095817765,-10.43418921614344,6.167486124082487,-10.605456889439044
aggregate,2,0.07500000000000001,0.195,0.205,0.8657859680688257,0.8266899739733129,0.6316899739733128,0.8340889149421862,0.00739894096887328,0.3775357221540952,,,,,31.201323843599457,28.877249266455483,15,0,0,0,0,0.1,0.9173310026026686,,12.558942956480767,0.1614948191735525,6.068418374973168,10.809737344319515,-6.192474101494091,11.07805255893645,-12.544114798374082,-0.1111023392159935,-6.382223673145254,-10.558329588317608,6.239732852224463,-10.732339453287118
aggregate,3,0.1,0.195,0.205,0.8266899739733129,0.7901736213235935,0.5951736213235934,0.7977986980347868,0.007625076711193279,0.37180809080461186,,,,,31.489236792485546,28.56588515912027,15,0,0,0,0,0.1,0.9209826378676407,,12.719920212581721,0.17991889846631479,6.125100710235284,10.928279445734518,-6.23902806993607,11.21528183790958,-12.684326463361963,-0.12881484427580542,-6.458595785921944,-10.673803784519436,6.307600793728603,-10.851113388773683
aggregate,4,0.125,0.195,0.205,0.7901736213235931,0.7560735494336733,0.5610735494336734,0.764296032186238,0.008222482752564653,0.36551601306919823,,,,,31.705443003796766,28.273357046508103,15,0,0,0,0,0.1,0.9243926450566327,,12.872307032291044,0.19626397952782815,6.177264163607765,11.038792251451742,-6.282687231443074,11.345040843623144,-12.816639089495842,-0.1458569405094981,-6.530302195866046,-10.781758707201815,6.371725624785435,-10.962757791409276
aggregate,5,0.15000000000000002,0.195,0.205,0.7560735494336732,0.7242547672652927,0.5292547672652927,0.733276687135606,0.00902191987031331,0.35889089696727605,,,,,31.865816964414883,27.997258254222306,15,0,0,0,0,0.1,0.9275745232734707,,13.017268820800442,0.21079852627860962,6.2255237418678115,11.142173610719327,-6.323839492959942,11.468231980190303,-12.942026668696563,-0.16232671920011044,-6.597970709578642,-10.883100239536722,6.432608871783659,-11.068061110683315
aggregate,6,0.17500000000000002,0.195,0.205,0.7242547672652925,0.6945822739497363,0.49958227394973626,0.7044870364926406,0.009904762542904288,0.3520973642291345,,,,,31.982135340845097,27.735641215792658,15,0,0,0,0,0.1,0.9305417726050264,,13.15575042225125,0.2237460603104737,6.270366557782201,11.23915076852582,-6.362789762815479,11.585595245968198,-13.061268298545537,-0.1783073376571993,-6.662102771268622,-10.978556822123418,6.490651888963115,-11.167668260921245
aggregate,7,0.2,0.195,0.205,0.6945822739497365,0.6669181699993281,0.47191816999932806,0.6777181187219168,0.010799948722588715,0.3452551295809387,,,,,32.063294737989466,27.48690609956381,15,0,0,0,0,0.1,0.9333081830000672,,13.288530167713944,0.2352933949085509,6.312182947125533,11.330321794664044,-6.399781221554053,11.697745831176928,-13.174995784895444,-0.19386981921284316,-6.723104606290029,-11.068723271749757,6.546179786575922,-11.262113700308555
aggregate,8,0.225,0.195,0.205,0.666918169999328,0.641126303094447,0.44612630309444695,0.6527943879651288,0.011668084870681827,0.33845267671157053,,,,,32.11613655779832,27.249721816343804,15,0,0,0,0,0.1,0.9358873696905553,,13.416257962173368,0.24559750418228557,6.3512887224291115,11.416184995717643,-6.435010189777623,11.805201266246964,-13.28372707729043,-0.2090753187737199,-6.781309582961812,-11.154091716125865,6.599458648798513,-11.351845158888949
aggregate,9,0.25,0.195,0.205,0.641126303094447,0.6170761775236461,0.42207617752364607,0.629564730565531,0.012488553041884898,0.33175620199923206,,,,,32.14601474110374,27.0229688789998,15,0,0,0,0,0.1,0.9382923822476354,,13.539482643578005,0.25479107432497194,6.387941405254186,11.49716026828575,-6.4686367425518405,11.90840139397465,-13.387890191986552,-0.22397692078164666,-6.836994551373064,-11.235073924128347,6.650708159435344,-11.437241000091296
aggregate,10,0.275,0.195,0.205,0.6170761775236459,0.5946449655218977,0.3996449655218977,0.6078964602400257,0.013251494718128032,0.3252156966169906,,,,,32.15719361945912,26.805697353716425,15,0,0,0,0,0.1,0.9405355034478102,,13.658671948267914,0.26298692620998765,6.422352282660657,11.573604923234791,-6.500792433793897,12.007723313125782,-13.48784059251181,-0.23862105225043145,-6.890391976380581,-11.312017757458479,6.700111013222202,-11.518623158797972
aggregate,11,0.30000000000000004,0.195,0.205,0.5946449655218978,0.5737182129119741,0.3787182129119741,0.5876714022785459,0.01395318936657175,0.3188692224667094,,,,,32.15313191231048,26.59709546227444,15,0,0,0,0,0.1,0.9426281787088026,,13.774227256845014,0.2702815166396801,6.45469551262007,11.645825637459959,-6.531586015143151,12.103492732236106,-13.58387397175395,-0.253048586622912,-6.941699082991277,-11.385219520678044,6.747820031363508,-11.596266948402947
aggregate,12,0.325,0.195,0.205,0.5737182129119741,0.5541898400360954,0.3591898400360954,0.5687832639448053,0.01459342390870988,0.3127460014677192,,,,,32.136689176937885,26.396465853319427,15,0,0,0,0,0.1,0.9445810159963904,,13.886494569865413,0.27675770215724754,6.485115108159048,11.714087642894624,-6.561107736212818,12.19599271703897,-13.67623574123818,-0.2672957011571806,-6.991084845407046,-11.454933394140678,6.7939636082880135,-11.670408615300733
aggregate,13,0.35000000000000003,0.195,0.205,0.5541898400360955,0.5359618042316525,0.3409618042316525,0.5511357843233341,0.015173980091681583,0.3068686938502398,,,,,32.11027849356876,26.203207496299218,15,0,0,0,0,0.1,0.9464038195768347,,13.995772701120929,0.2824869160377525,6.513730373654675,11.778621912204953,-6.589432624012149,12.285470516984287,-13.765128129049037,-0.28139453765510336,-7.03869539680468,-11.521378756241527,6.838649927209226,-11.741251250808748
aggregate,14,0.375,0.195,0.205,0.5359618042316524,0.5189436189339274,0.32394361893392737,0.5346413683018048,0.01569774936787738,0.30125509910452214,,,,,32.075981107309886,26.016801762335007,15,0,0,0,0,0.1,0.9481056381066073,,14.102319377832163,0.28753087736245664,6.540640197056235,11.839630871169012,-6.616623016856442,12.372142957641358,-13.850715529014954,-0.29537370538559216,-7.084658266982583,-11.584745954941505,6.881970256511443,-11.808969493373876
aggregate,15,0.4,0.195,0.205,0.5189436189339273,0.5030518276560436,0.3080518276560436,0.5192200331532236,0.01616820549718001,0.29591942718034286,,,,,32.03563345703263,25.83680165964972,15,0,0,0,0,0.1,0.9496948172343956,,14.206355742879074,0.2919429244560663,6.565926487490372,11.897293014285612,-6.64273054715114,12.456200751072435,-13.933128577744657,-0.3092586565281151,-7.1290857394663405,-11.64520092458424,6.924001554247023,-11.873713334999216
aggregate,16,0.42500000000000004,0.195,0.205,0.5030518276560435,0.4882094801974892,0.2932094801974892,0.5047985654022039,0.016589085204714693,0.29087323366902673,,,,,31.990893461590378,25.66282345903347,15,0,0,0,0,0.1,0.9511790519802511,,14.308069628853724,0.295769044038029,6.589656969317052,11.951766695447727,-6.667797713107016,12.537811983388838,-14.012467330819645,-0.3230719581124104,-7.172077539817573,-11.702888932877972,6.9648085498966115,-11.935611264685788
aggregate,17,0.45,0.195,0.205,0.4882094801974893,0.4743456322495857,0.2793456322495857,0.49130982447721416,0.01696419222762846,0.28612607826772396,,,,,31.94329047476474,25.494540121847756,15,0,0,0,0,0.1,0.9525654367750415,,14.407617895510436,0.2990486515947411,6.611887489044153,12.003193292622289,-6.691859142292986,12.617124973695168,-14.088803844446062,-0.33683347996579005,-7.213723010835782,-11.7579376661695,7.004445432108018,-11.994772925279024
aggregate,18,0.47500000000000003,0.195,0.205,0.47434563224958554,0.4613948761470352,0.2663948761470352,0.4786921519093833,0.017297275762348074,0.2816859437516076,,,,,31.894261585386513,25.331676058044287,15,0,0,0,0,0.1,0.9538605123852965,,14.505128077189688,0.30181516755114834,6.632663952745023,12.051699893656066,-6.71494262419375,12.694270652331952,-14.1621844300601,-0.35056051519101833,-7.25410289041734,-11.810459807166279,7.042957242570024,-12.051291419968443
aggregate,19,0.5,0.195,0.205,0.46139487614703545,0.4492969036607784,0.2542969036607784,0.46688885799539737,0.017591954334618964,0.2775594401981962,,,,,31.845175715913744,25.17400281422986,15,0,0,0,0,0.1,0.9550703096339221,,14.6006995654742,0.3040964260400832,6.652023983550458,12.097401612635707,-6.73706997077581,12.769364572732657,-14.232631825826767,-0.3642678481795956,-7.293290779048593,-11.86055522055007,7.080381055599983,-12.105245375124989
aggregate,20,0.525,0.195,0.205,0.44929690366077857,0.43799609829419744,0.24299609829419744,0.45584776595140925,0.0178516676572118,0.2737518139584745,,,,,31.797346161918686,25.0213353367318,15,0,0,0,0,0.1,0.9562003901705802,,14.694404546785359,0.3059149495741966,6.669998367952701,12.140403618064697,-6.7582577510008335,12.84250864621096,-14.300147510955886,-0.37796778416108134,-7.331354362663222,-11.908312833705223,7.116747007752567,-12.156700843203211
aggregate,21,0.55,0.195,0.205,0.43799609829419744,0.42744115297863716,0.23244115297863716,0.4455207988732081,0.01807964589457095,0.27026678259579745,,,,,31.752031792254083,24.8735284844374,15,0,0,0,0,0.1,0.9572558847021363,,14.78628891745304,0.3072881213760347,6.686612343636301,12.180802932412147,-6.778517935552937,12.913792669765517,-14.364714366785927,-0.3916701545780909,-7.368356441161653,-11.953812278444758,7.152079229677983,-12.205713110388055
aggregate,22,0.5750000000000001,0.195,0.205,0.42744115297863716,0.41758470863664787,0.22258470863664787,0.435863598571103,0.018278889934455145,0.26710622560732733,,,,,31.710427117724755,24.73047349280499,15,0,0,0,0,0.1,0.9582415291363352,,14.876373401580427,0.3082282880103628,6.701886768615814,12.218690045301058,-6.797858480569057,12.983295701577696,-14.426299853393951,-0.405382312817609,-7.40435580092148,-11.99712534342195,7.186396722443083,-12.252328456331387
aggregate,23,0.6000000000000001,0.195,0.205,0.4175847086366476,0.408383009440355,0.213383009440355,0.42683516835445573,0.018452158914100736,0.26426977369292187,,,,,31.673641866023345,24.59209412544188,15,0,0,0,0,0.1,0.9591616990559645,,14.964655090506087,0.3087428267998718,6.715839200442039,12.254150368395097,-6.81628387300702,13.051087325940038,-14.484859814084313,-0.41910913545884265,-7.4394079608057995,-12.038317273913133,7.219714210734815,-12.296585896828487
aggregate,24,0.625,0.195,0.205,0.4083830094403548,0.3997955716020577,0.2047955716020577,0.41839753454629114,0.01860196294423344,0.2617543553062849,,,,,31.642671566755823,24.45834230345781,15,0,0,0,0,0.1,0.9600204428397943,,15.051109597282581,0.3088342141742019,6.728484904311197,12.287265548150781,-6.8337956548612295,13.117228838015265,-14.540342937871616,-0.43285304444232575,-7.473565814226964,-12.077447945169585,7.25204299592783,-12.338518923373066
aggregate,25,0.65,0.195,0.205,0.39979557160205753,0.39178486407673174,0.19678486407673174,0.410515424150219,0.01873056007348728,0.25955377291095455,,,,,31.618361860463118,24.329193082699874,15,0,0,0,0,0.1,0.9608215135923268,,15.135693967426402,0.3085001311306938,6.739837799659543,12.318114642694216,-6.850392938274245,13.181774368632453,-14.592695803501671,-0.44661406531252584,-7.50688018442385,-12.11457292684027,7.283391821490043,-12.378157236749873
aggregate,26,0.675,0.195,0.205,0.39178486407673185,0.3843160014787972,0.18931600147879718,0.4031559586876353,0.018839957208838132,0.2576583882333103,,,,,31.60137057854722,24.20463895618955,15,0,0,0,0,0.1,0.9615683998521203,,15.218350404846534,0.3077336389439483,6.749911346189274,12.346775161185324,-6.866072918479058,13.244771960116326,-14.641868307636134,-0.4603899351813024,-7.539400305805625,-12.149744448792793,7.3137677525424305,-12.415528455205152
aggregate,27,0.7000000000000001,0.195,0.205,0.384316001478797,0.37735645154940267,0.18235645154940266,0.3962883666147366,0.018931915065333926,0.25605499030245144,,,,,31.59213275153206,24.084683586314664,15,0,0,0,0,0.1,0.9622643548450598,,15.299010763323368,0.30652345081544063,6.758719362547877,12.373323958429658,-6.880831386374828,13.306264596022887,-14.687819163602878,-0.4741762712611656,-7.571174240787775,-12.183012272902394,7.343177060053873,-12.450659763046069
aggregate,28,0.7250000000000001,0.195,0.205,0.3773564515494027,0.37087676797858615,0.17587676797858615,0.38988416382270163,0.019007395844115482,0.2547268996991851,,,,,31.590834179630633,23.96933520191307,14,0,1,0,1,0.1,0.9629123232021414,,15.377601632191658,0.3048543138437326,6.766276764661116,12.397837974569716,-6.894663237489779,13.366291180898207,-14.730521070922363,-0.48796680632620054,-7.6022492388022656,-12.214424471095414,7.371626090010759,-12.483579453780857
aggregate,29,0.75,0.195,0.205,0.37087676797858615,0.36484848394708075,0.16984848394708074,0.38391446147103736,0.019065977523956612,0.25358315434727874,,,,,31.592159225859188,23.85847037973064,14,0,0,0,1,0.1,0.9635151516052919,,15.4541810087793,0.3027091284872146,6.7726126428660205,12.420394277245428,-6.907566447511745,13.42488675937122,-14.770027152553167,-0.5017616261590891,-7.632674871233699,-12.244027417813577,7.399132551789083,-12.51431759589752
aggregate,30,0.775,0.195,0.205,0.3648484839470808,0.3592406410824833,0.16424064108248332,0.37834856637801645,0.019107925295533124,0.25253314627816786,,,,,31.590270252897096,23.751826102798482,14,0,0,0,1,0.1,0.9640759358917517,,15.528948894887275,0.30007062043815463,6.777770457382138,12.44107014819047,-6.919542317249931,13.48208300444929,-14.806461852284118,-0.515569306970391,-7.6625034305495925,-12.2718658331978,7.425725978359468,-12.542906744820218
aggregate,31,0.8,0.195,0.205,0.3592406410824833,0.35402434969585345,0.15902434969585344,0.37315798139111384,0.01913363169526039,0.251567790174871,,,,,31.58506479635853,23.649146873128476,14,0,0,0,1,0.1,0.9645975650304146,,15.602100377634088,0.29692041258773466,6.78179335072719,12.459943305195733,-6.930591132653455,13.537909222212209,-14.83994230655131,-0.5293987300487664,-7.691786667230296,-12.297983210757959,7.4514355384404425,-12.569382894627445
aggregate,32,0.8250000000000001,0.195,0.205,0.35402434969585356,0.34917261781270753,0.15417261781270752,0.36831622417935317,0.019143606366645638,0.250677175915858,,,,,31.57636868248824,23.550182585964702,14,0,0,0,1,0.1,0.9650827382187293,,15.67382723015513,0.29323909067945947,6.7847244066803665,12.477092038252087,-6.940712535525651,13.59239309037029,-14.870579170672857,-0.5432590806501678,-7.720576206032921,-12.322422145187494,7.4762905289017425,-12.5937862209988
aggregate,33,0.8500000000000001,0.195,0.205,0.34917261781270753,0.3446601946001058,0.14966019460010577,0.36379866120954574,0.019138466609439964,0.24985073695187565,,,,,31.563938386622844,23.45468655720732,14,0,0,0,1,0.1,0.9655339805399894,,15.744319530596005,0.2890062647620469,6.786606829594517,12.492595249281665,-6.9499058057559795,13.645561299746495,-14.898477314498411,-0.557159849996341,-7.7489239193303625,-12.345224598403188,7.500320755860859,-12.61616158440945
aggregate,34,0.875,0.195,0.205,0.3446601946001057,0.34046343165338716,0.14546343165338715,0.3595824877060356,0.019119056052648464,0.2490774607118719,,,,,31.54746528066942,23.3624137384072,13,0,1,0,2,0.1,0.9659536568346613,,15.813767263417011,0.28420062683067,6.787484046298901,12.50653240644363,-6.958170045599246,13.697440083565267,-14.923736368073925,-0.5711108372204764,-7.776882265140265,-12.36643210795129,7.523556798118579,-12.636558784779744
aggregate,35,0.9,0.195,0.205,0.34046343165338705,0.3365598607057935,0.14155986070579352,0.35564718618259805,0.01908732547680453,0.248333863178148,,,,,31.526431096197395,23.27311472311464,13,0,0,0,2,0.1,0.9663440139294206,,15.882361040050828,0.27880124574405774,6.78739956797324,12.518983466091045,-6.965510493794957,13.748069644938242,-14.946451064817467,-0.5851219896257384,-7.804504333649759,-12.386086065538038,7.546034522202936,-12.655040595504225
aggregate,36,0.925,0.195,0.205,0.33655986070579363,0.33292755907632776,0.13792755907632775,0.3519725517792803,0.019044992702952512,0.2475752682358863,,,,,31.49999581160855,23.186526758074404,13,0,0,0,2,0.1,0.9667072440923672,,15.950292031343675,0.2727897579882744,6.786396550676138,12.530028713593422,-6.971949705376919,13.797531265916133,-14.96671132783281,-0.5992030675015458,-7.83184355130856,-12.404227971451354,7.567802801497707,-12.671695402105035
aggregate,37,0.9500000000000001,0.195,0.205,0.3329275590763279,0.32954608698994553,0.13454608698994552,0.3485396102567618,0.018993523266816248,0.24679617704335238,,,,,31.467736073495097,23.102386770468538,13,0,0,0,2,0.1,0.9670453913010054,,16.017756336219907,0.26614636656460144,6.784518048949866,12.539748023084222,-6.977507810814032,13.845904859970254,-14.984602307986703,-0.6133641749146036,-7.858954579986373,-12.420898575717393,7.588909472202265,-12.686609719424938
aggregate,38,0.9750000000000001,0.195,0.205,0.3295460869899457,0.32639643578374744,0.13139643578374743,0.3453306392245424,0.01893420344079494,0.245993365350322,,,,,31.42918851432148,23.02043035891253,13,0,0,0,2,0.1,0.9673603564216252,,16.084957318796107,0.2588495773581807,6.781806965696231,12.548220641769515,-6.982201053118429,13.893266070471093,-15.000204580798464,-0.6276158319153469,-7.885893696218319,-12.436137834102079,7.6094004940738715,-12.699866484687874
aggregate,39,1.0,0.195,0.205,0.3263964357837475,0.3234609103526129,0.12846091035261287,0.3423290702438773,0.018868159891264447,0.24516310315234308,,,,,31.383805128732682,22.940389530345577,13,0,0,0,2,0.1,0.9676539089647387,,16.152108076672107,0.25087622868409015,6.778305964020716,12.555525002017879,-6.986041666329796,13.939686424979435,-15.01359430190029,-0.6419690143549307,-7.912719150854595,-12.449984906063229,7.629320096522865,-12.71154522288073
aggregate,40,1.0250000000000001,0.195,0.205,0.3234609103526129,0.3207230203678042,0.1257230203678042,0.33951939667594794,0.018796376308143736,0.24430114013014448,,,,,31.330939124828795,22.861990138237182,13,0,0,0,2,0.1,0.9679276979632195,,16.219434324538565,0.24220153641401246,6.774057372527341,12.561738525331705,-6.989037686301502,13.985233434770855,-15.024843311338978,-0.6564352010901898,-7.939491566347767,-12.462478130000868,7.6487109090543735,-12.721722185914105
aggregate,41,1.05,0.195,0.205,0.32072302036780415,0.3181673792178179,0.1231673792178179,0.3368870859449742,0.018719706727156282,0.2434026731157777,,,,,31.269825702946523,22.784948896049563,13,0,0,0,2,0.1,0.9681832620782183,,16.287177832038548,0.2327991637567408,6.769103090934021,12.566937427186312,-6.991192688984818,14.029970641670246,-15.034019194614283,-0.6710264292311194,-7.966274387162135,-12.473654982360324,7.667614081377258,-12.730470474159118
aggregate,42,1.075,0.195,0.205,0.31816737921781785,0.31577960968384966,0.12077960968384965,0.33441849482854435,0.018638885144694695,0.24246229388358873,,,,,31.19955634270856,22.708969805502196,13,0,0,0,2,0.1,0.9684220390316151,,16.355600597520993,0.22264132891515537,6.763484502120534,12.571196530348072,-6.992505447861465,14.073957613133524,-15.041185306484818,-0.6857553583630912,-7.993134401748782,-12.483552027267326,7.6860693977520596,-12.737860147943485
aggregate,43,1.1,0.195,0.205,0.3157796096838497,0.3135462554264669,0.1185462554264669,0.33210078625219513,0.01855453082572822,0.2414739152294438,,,,,31.119044611081137,22.633739790013877,13,0,0,0,2,0.1,0.9686453744573533,,16.42498999964573,0.21169896899812354,6.757242395995444,12.574589092873314,-6.992969499432624,14.117249884235857,-15.046400761734953,-0.7006353451829193,-8.020142358480573,-12.492204863638278,7.704115389444613,-12.743958335778872
aggregate,44,1.125,0.195,0.205,0.31354625542646697,0.31145469741543136,0.11645469741543135,0.3299218458359432,0.018467148420511836,0.24043067254964107,,,,,31.026980692220548,22.558923253189253,13,0,0,0,2,0.1,0.9688545302584569,,16.49566525440769,0.19994198694955892,6.7504169099782265,12.577186655584837,-6.992572601253005,14.159898843405582,-15.049720395126371,-0.7156805299795148,-8.04737370319515,-12.49964807720634,7.721789448786342,-12.748829345354759
aggregate,45,1.1500000000000001,0.195,0.205,0.3114546974154315,0.30949307449609004,0.11449307449609003,0.327870196061165,0.018377121565074983,0.23932479764583922,,,,,30.921770656718614,22.484155180279565,13,0,0,0,2,0.1,0.969050692550391,,16.56798562841445,0.18733961844022246,6.743047490451968,12.579058912513544,-6.99129606196167,14.2019515562707,-15.051194690716645,-0.7309059372518725,-8.074909472823531,-12.505915205764454,7.7391279476542145,-12.752534783049708
aggregate,46,1.175,0.195,0.205,0.3094930744960901,0.3076502073640187,0.1126502073640187,0.3259349053585815,0.018284697994562782,0.23814746108277218,,,,,30.8014547555103,22.409032251964337,13,0,0,0,2,0.1,0.9692349792635981,,16.642361038350177,0.1738609712994067,6.735172879337741,12.580273606532586,-6.9891139160720455,14.24345051915121,-15.050869678416896,-0.746327593259931,-8.102837388680985,-12.511038727222498,7.756166363088978,-12.755133687458915
aggregate,47,1.2000000000000002,0.195,0.205,0.30765020736401855,0.3059155253568423,0.11091552535684229,0.3241054885549108,0.01818996319806848,0.23688858032255425,,,,,30.663596459220848,22.333101220895376,13,0,0,0,2,0.1,0.9694084474643158,,16.719265930362642,0.15947581118148352,6.726831130000524,12.5808964512701,-6.985991907637726,14.284433330255077,-15.048786792969809,-0.7619626638208729,-8.131253204485818,-12.515050082072475,7.772939412521097,-12.756682682691462
aggregate,48,1.225,0.195,0.205,0.30591552535684235,0.3042789957113147,0.10927899571131472,0.32237179382906245,0.01809279811774772,0.23553659309686195,,,,,30.505130139432612,22.25584347519689,13,0,0,0,2,0.1,0.9695721004288685,,16.79925772678614,0.1441556954891473,6.718059656970623,12.580991079344832,-6.981886235487307,14.324932262355539,-15.044982687353555,-0.7778296172119814,-8.160262378642775,-12.517979744662789,7.789481201038523,-12.757236157872056
aggregate,49,1.25,0.195,0.205,0.3042789957113148,0.3027310553958527,0.1077310553958527,0.320723869428911,0.017992814033058302,0.23407820241527993,,,,,30.322149581009022,22.17665422190805,13,0,0,0,2,0.1,0.9697268944604147,,16.883001721945167,0.12787559646727847,6.708895324644109,12.580619015849072,-6.97674199758908,14.364973715469619,-15.039488988545159,-0.7939484181150878,-8.189982157253873,-12.519857361495822,7.805825383328336,-12.756846480540844
aggregate,50,1.2750000000000001,0.195,0.205,0.30273105539585266,0.30126254653739687,0.10626254653739686,0.31915180055792963,0.017889254020532763,0.23249811645585247,,,,,30.109611064863717,22.094813977489466,13,0,0,0,2,0.1,0.9698737453462604,,16.971305215864692,0.11061619852015467,6.69937458073411,12.579839674854012,-6.9704912520867595,14.404577521755112,-15.032331978307642,-0.8103407606628853,-8.220544171369097,-12.52071197948983,7.822005342852598,-12.755564253953555
aggregate,51,1.3,0.195,0.205,0.3012625465373969,0.2998646582029634,0.10486465820296337,0.3176455026902487,0.01778084448728534,0.23077884325644268,,,,,29.860912576725084,22.00944891628585,13,0,0,0,2,0.1,0.9700135341797037,,17.06516506659282,0.09236709658178754,6.689533640711457,12.578710375071397,-6.963050586297995,14.443756067793084,-15.023532174534223,-0.8270303513046846,-8.252097661935668,-12.520572391958842,7.8380543915881775,-12.753438631374571
aggregate,52,1.3250000000000002,0.195,0.205,0.29986465820296315,0.2985288806465507,0.10352888064655069,0.31619445161973664,0.01766557097318594,0.2289006822266764,,,,,29.567294386181914,21.91947491042905,13,0,0,0,2,0.1,0.970147111935345,,17.16583497013964,0.07313111840612257,6.6794087284765,12.577286368270983,-6.954318051671478,14.482513193004339,-15.01310377885495,-0.8440432562370476,-8.284813428861312,-12.519467631983195,7.854005993361288,-12.750517705536318
aggregate,53,1.35,0.195,0.205,0.2985288806465507,0.29724698444987524,0.10224698444987523,0.31478732256998015,0.017540338120104915,0.22684223334911938,,,,,29.21698871060529,21.823517581236832,13,0,0,0,2,0.1,0.9702753015550125,,17.27492195276049,0.052929820536947655,6.6690363734376845,12.575620869502142,-6.944169283477501,14.520842821337109,-15.00105394234152,-0.8614083337658969,-8.318888505772525,-12.517427632992645,7.869894013606618,-12.746848998024404
aggregate,54,1.375,0.195,0.205,0.29724698444987524,0.2960110484873361,0.10101104848733611,0.31341150184170713,0.017400453354371015,0.22458213527456547,,,,,28.794043085170696,21.719797340611123,13,0,0,0,2,0.1,0.9703988951512664,,17.39452595173699,0.03180950331337607,6.658453748269129,12.573765069469914,-6.932452586352609,14.558727297883873,-14.987381781403212,-0.8791577803495243,-8.354551262307233,-12.514484030241908,7.885752996534219,-12.74248008138736
aggregate,55,1.4000000000000001,0.195,0.205,0.29601104848733606,0.2948135798894731,0.09981357988947309,0.31205243120582143,0.017238851316348336,0.222103588835681,,,,,28.27681261763177,21.605965241821043,13,0,0,0,2,0.1,0.9705186420110526,,17.527441077179866,0.00984482025927224,6.647698988666507,12.571768091650874,-6.918982755349743,14.596135461847421,-14.972077047857255,-0.8973278324115629,-8.392065813527932,-12.510670928458772,7.901618463082127,-12.737459373916003
aggregate,56,1.425,0.195,0.205,0.29481357988947304,0.29364779419670967,0.09864779419670966,0.3106927717009985,0.01704497750428885,0.21940499600682403,,,,,27.636460941039125,21.478877691187463,13,0,0,0,2,0.1,0.970635220580329,,17.677436743905496,-0.012869720975651196,6.636811325067363,12.569676820036818,-6.903533481990133,14.633020663830495,-14.95511831743575,-0.9159596865128725,-8.431732486508695,-12.506025035437487,7.917527204362509,-12.73183714087954
aggregate,57,1.4500000000000002,0.195,0.205,0.29364779419670967,0.2925081246452367,0.09750812464523667,0.30931150882701003,0.01680338418177335,0.21652340437438353,,,,,26.837060963221234,21.334325926631458,13,0,0,0,2,0.1,0.9707491875354763,,17.84960903839232,-0.036269578070727115,6.625830576494508,12.567535444272243,-6.885828507309303,14.66931939136545,-14.936470506641136,-0.9351007365922668,-8.473875749922636,-12.50058341000743,7.933517491933054,-12.725666679511413
aggregate,58,1.475,0.195,0.205,0.2925081246452367,0.2913908610411099,0.09639086104110989,0.3078835984742173,0.01649273743310742,0.21358176205408216,,,,,25.84283194540788,21.16685873850555,13,0,0,0,2,0.1,0.970860913895889,,18.050658873067427,-0.06049408354665638,6.6147948654182125,12.565384400747655,-6.865532392695886,14.704952191802912,-14.916081458917812,-0.954806292774066,-8.518798158037196,-12.494374131030744,7.949628985200485,-12.719005435169569
aggregate,59,1.5,0.195,0.205,0.2913908610411099,0.29029402204494453,0.09529402204494453,0.3063821378115455,0.016088115766600963,0.21086547628805818,,,,,24.64831756625372,20.97025367175203,13,0,0,0,2,0.1,0.9709705977955055,,18.28848009394712,-0.0863957783294432,6.603733796908441,12.563258056197672,-6.842242162419273,14.739830178462443,-14.89387728164497,-0.9751420792434047,-8.566650947558644,-12.487388536863191,7.965901751103154,-12.711915027203535
aggregate,60,1.5250000000000001,0.195,0.205,0.29029402204494464,0.28921374173369085,0.09421374173369085,0.30478805247482793,0.015574310741137076,0.2088677638570419,,,,,23.362083816269486,20.740250977836606,13,0,0,0,2,0.1,0.971078625826631,,18.569193463335893,-0.11677472708370155,6.5926511843043585,12.561180026598736,-6.815473818633534,14.773868752853712,-14.869756281143639,-0.9961880707345698,-8.617128032594671,-12.479513460942517,7.982372943537164,-12.704456925273341
aggregate,61,1.55,0.195,0.205,0.289213741733691,0.28814198095503973,0.09314198095503973,0.3031149311688265,0.014972950213786751,0.20804433617118895,,,,,22.339408941013684,20.48218315337223,12,0,1,0,3,0.1,0.971185801904496,,18.888400563728514,-0.15821507839493637,6.581488757596255,12.559155567436676,-6.784589051070769,14.80698239700926,-14.84358335090572,-1.01804444842041,-8.668902329057383,-12.470410576571705,7.999068217942035,-12.696675606272429
aggregate,62,1.5750000000000002,0.195,0.205,0.2881419809550397,0.2871327361888621,0.09213273618886209,0.30142908140968894,0.014296345220826845,0.2081169929595521,,,,,22.008197288856195,20.21638582504078,11,0,1,0,4,0.1,0.9712867263811138,,19.22409056218302,-0.2176059364168587,6.57011160114365,12.557183007689833,-6.748489553403751,14.838936729092595,-14.815202150597617,-1.0408397739418385,-8.719708640578082,-12.459554761581966,8.015985420181378,-12.688558847189995
aggregate,63,1.6,0.195,0.205,0.2871327361888621,0.2861982249886277,0.09119822498862767,0.29979262188279315,0.013594396894165472,0.20826031704797562,,,,,22.041338207190005,19.956729395732914,11,0,0,0,4,0.1,0.9713801775011373,,19.559643681178603,-0.286456058922448,6.558460394611197,12.555336090665875,-6.705214327186905,14.868977394879566,-14.784524708268988,-1.0647215593001529,-8.769308358443642,-12.446856477376635,8.03307865017087,-12.680009084276955
aggregate,64,1.625,0.195,0.205,0.2861982249886277,0.2853354167708928,0.0903354167708928,0.29821389684255956,0.012878480071666754,0.2079412465611545,,,,,22.22147239679113,19.710095749509804,11,0,0,0,4,0.1,0.9714664583229107,,19.8862683474207,-0.35709776853129643,6.54653256628662,12.553643915618274,-6.653572788751585,14.896814021907508,-14.751504356866485,-1.0897886894443323,-8.817780916600706,-12.432334739149686,8.050299903254073,-12.670958713904358
aggregate,65,1.6500000000000001,0.195,0.205,0.2853354167708929,0.28452592254551695,0.08952592254551694,0.29667983403854686,0.012153911493029912,0.20689377963048133,,,,,22.4338801871925,19.479058221315338,11,0,0,0,4,0.1,0.9715474077454483,,20.199881757845134,-0.4226680377795452,6.534340830803436,12.552114262133344,-6.593381977692638,14.923008742446767,-14.716096184382064,-1.1161311230060538,-8.865204995367465,-12.416014464726015,8.067626248887,-12.661360187653479
aggregate,66,1.675,0.195,0.205,0.28452592254551706,0.28375310497274037,0.08875310497274036,0.29518193604452214,0.011428831071781775,0.20509177434980866,,,,,22.656215215849382,19.264262872615795,11,0,0,0,4,0.1,0.971624689502726,,20.498883410844567,-0.4787258226292289,6.5218831315545645,12.550755854806782,-6.52449003130444,14.948215122731492,-14.678237519773788,-1.1438387336004874,-8.911649545184472,-12.397899744622178,8.085042285625216,-12.651177374354695
aggregate,67,1.7000000000000002,0.195,0.205,0.2837531049727406,0.2830004234413941,0.08800042344139408,0.29371157854482877,0.010711155103434677,0.2025061661193145,,,,,22.872298059838034,19.064759631227115,11,0,0,0,4,0.1,0.9716999576558606,,20.783917929123014,-0.5232097692127043,6.509147099409855,12.549574962784545,-6.446795903765479,14.973157111543717,-14.637851644486732,-1.1729988598007355,-8.957181070142713,-12.377975626393923,8.102540218978483,-12.640384993741547
aggregate,68,1.725,0.195,0.205,0.28300042344139414,0.282249984349648,0.08724998434964798,0.2922583414906127,0.010008357140964708,0.19908524147522175,,,,,23.071621883900285,18.878732257408323,11,0,0,0,4,0.1,0.9717750015650352,,21.056980714790175,-0.5555493173271031,6.496115417320425,12.54857387581454,-6.360249444964914,14.998601705380892,-14.594846291464513,-1.203695611889639,-9.001876292220906,-12.356212338794219,8.120117216368977,-12.628962389514948
aggregate,69,1.75,0.195,0.205,0.28224998434964804,0.28148201378325904,0.08648201378325904,0.2908112111125213,0.00932919732926224,0.19478356782282386,,,,,23.250694329914428,18.704124196930973,11,0,0,0,4,0.1,0.9718517986216741,,21.32059199953282,-0.5758221788050217,6.482768799462393,12.547746761377528,-6.264833366847329,15.025335545684205,-14.54910972651433,-1.2360142516466186,-9.045824230409002,-12.332554749188697,8.137772538360773,-12.616887224064246
aggregate,70,1.7750000000000001,0.195,0.205,0.2814820137832592,0.28067473798893877,0.08567473798893877,0.2893610490566337,0.008686311067694907,0.18958472517417177,,,,,23.41252503017204,18.539012721041964,11,0,0,0,4,0.1,0.9719325262011062,,21.57728846139633,-0.5842478115796178,6.469089352774022,12.54707807073924,-6.160547554763505,15.054097214102798,-14.50050547676935,-1.270043445941853,-9.08913496541849,-12.306917967218471,8.155505626364684,-12.604131489952493
aggregate,71,1.8,0.195,0.205,0.2806747379889384,0.27980226811069836,0.08480226811069835,0.2879036278926776,0.008101359781979234,0.18351914340310818,,,,,23.565359082368484,18.381805582417712,11,0,0,0,4,0.1,0.9720197731889302,,21.829370405830396,-0.5809675583309659,6.4550639915352575,12.546541561420666,-6.047403685605211,15.085428431799114,-14.448867463369767,-1.3058769300119066,-9.131952317530564,-12.279184447290682,8.173315531997,-12.590660091570852
aggregate,72,1.8250000000000002,0.195,0.205,0.2798022681106982,0.2788373538509896,0.08383735385098962,0.2864460200391158,0.0076086661881261675,0.17670030663276098,,,,,23.747516743281224,18.232323222008787,11,0,0,0,4,0.1,0.9721162646149011,,22.077726460555827,-0.567171115812112,6.440680183089149,12.546091929887824,-5.925455152278507,15.119369815211114,-14.393990348723522,-1.343613105479381,-9.174476472147347,-12.249217809931498,8.191217629004125,-12.576430333484263
aggregate,73,1.85,0.195,0.205,0.2788373538509895,0.27775425583901886,0.08275425583901885,0.28501613515653895,0.007261879317520092,0.16929834283552667,,,,,23.983527550329185,18.091460940766876,11,0,0,0,4,0.1,0.9722245744160981,,22.32222711572556,-0.5447881698472382,6.425937566466942,12.545667139313183,-5.794940072894261,15.15492176729323,-14.335624787655842,-1.3833551584799852,-9.216984584742187,-12.216859358752282,8.209234340482574,-12.561400796742024
aggregate,74,1.875,0.195,0.205,0.277754255839019,0.27661756778424545,0.08161756778424545,0.2837377116995201,0.007120143915274657,0.1657744777901561,,,,,24.442554455194134,17.9674217346732,11,0,0,0,4,0.1,0.9723382432215755,,22.553332666211826,-0.5166336022373637,6.410866668184182,12.545195677634833,-5.656613041156793,15.189445024468649,-14.273478485145095,-1.4252113362097496,-9.259858436863352,-12.181928997989889,8.227382051721223,-12.54554321091379
aggregate,75,1.9000000000000001,0.195,0.205,0.27661756778424545,0.2754825884044296,0.08048258840442957,0.2827144858632466,0.007231897458817027,0.16507590680466988,,,,,25.021417270482683,17.864600410140422,11,0,0,0,4,0.1,0.972451741159557,,22.766113304390114,-0.4856049657841244,6.3955546016596605,12.54460831680477,-5.5123021027460135,15.218941050126265,-14.207394910449093,-1.4692328180647007,-9.303626938145966,-12.144277662978057,8.24567409518725,-12.52888486640163
aggregate,76,1.925,0.195,0.205,0.27548258840442974,0.2743591648056521,0.07935916480565208,0.28200100508861725,0.007641840282965162,0.16470460188768837,,,,,25.585774168604306,17.78227161505226,11,0,0,0,4,0.1,0.9725640835194348,,22.961708395030122,-0.45333338808629986,6.3801561897267,12.543843161601167,-5.364619823665551,15.239707388080516,-14.137318623778047,-1.5154202830549024,-9.348836033253264,-12.103812384172139,8.264117511852998,-12.511506486784354
aggregate,77,1.9500000000000002,0.195,0.205,0.2743591648056518,0.2732628068417597,0.07826280684175968,0.2816277987781032,0.008364991936343491,0.1644960869369834,,,,,26.112311096956137,17.719050682134487,11,0,0,0,4,0.1,0.972673719315824,,23.141545437575026,-0.4207115238017754,6.3648912535551005,12.542835778724747,-5.216408959591456,15.249457123332313,-14.063200099303488,-1.563745739557675,-9.395208166492338,-12.060645359053552,8.28270955659099,-12.493523802779638
aggregate,78,1.975,0.195,0.205,0.27326280684175963,0.2722265639242134,0.0772265639242134,0.2816000511974297,0.009373487273216297,0.1649234663976938,,,,,26.577538228731335,17.67314943327567,11,0,0,0,4,0.1,0.9727773436075786,,23.307173724643953,-0.38815226061812985,6.350040751651071,12.541509779728681,-5.070481210499388,15.247308565151735,-13.98499395619753,-1.6141433940121532,-9.438528475716435,-12.015703518100828,8.301435017917937,-12.47507535793449
aggregate,79,2.0,0.195,0.205,0.27222656392421324,0.2712870386905123,0.07628703869051229,0.281914652500246,0.010627613809733705,0.16638724737026828,,,,,26.97258545262492,17.642537924447907,11,0,0,0,4,0.1,0.9728712961309488,,23.460160792412932,-0.35573343080533715,6.335957247312117,12.539761923960569,-4.9294634874512395,15.23340898620529,-13.902642678482843,-1.6664847840610606,-9.472658401695673,-11.970261754795063,8.320251991465868,-12.456307842111563
aggregate,80,2.025,0.195,0.205,0.2712870386905122,0.2704622178652687,0.07546221786526869,0.28256910067700297,0.012106882811734276,0.16853279319470757,,,,,27.307275906262085,17.625009308667003,11,0,0,0,4,0.1,0.9729537782134732,,23.60203167794506,-0.3233188867597213,6.323061903701905,12.537464374582665,-4.795645942372003,15.208597157758673,-13.816054974266029,-1.7205718274773796,-9.494826596985767,-11.925139569647977,8.339090071083637,-12.437369854000801
aggregate,81,2.0500000000000003,0.195,0.205,0.2704622178652687,0.26976078621736993,0.07476078621736992,0.28355627421075696,0.013795487993387034,0.17115800443167495,,,,,27.589914380563663,17.618380106669182,11,0,0,0,4,0.1,0.973023921378263,,23.734210133730343,-0.2907033562021034,6.3118034960029865,12.534493415553753,-4.670846896702372,15.174132680131866,-13.725105109437399,-1.7761635579577568,-9.503944201531821,-11.881077525972636,8.357870154089264,-12.41841325257618
aggregate,82,2.075,0.195,0.205,0.26976078621737015,0.26918734340412503,0.07418734340412503,0.28486347823750263,0.015676134833377597,0.17419204141573763,,,,,27.829931705553108,17.620650832063195,11,0,0,0,4,0.1,0.9730812656595875,,23.85798863081704,-0.25768501933564053,6.302620396417567,12.530755463430777,-4.556335699319331,15.131484829844803,-13.629633425425649,-1.8329920579407872,-9.499417868962363,-11.83885632763166,8.376514541128982,-12.399590925712962
aggregate,83,2.1,0.195,0.205,0.2691873434041251,0.26874350433261196,0.07374350433261195,0.28647297193903104,0.01772946760641908,0.17758283811115083,,,,,28.038772861462824,17.63009788963176,11,0,0,0,4,0.1,0.9731256495667389,,23.97451932588597,-0.2240953130262225,6.295908756970142,12.526207237255672,-4.452821684441972,15.082170196741885,-13.529444137172783,-1.8907718769495017,-9.48081337644898,-11.799277540117881,8.394951237714489,-12.381052826349336
aggregate,84,2.125,0.195,0.205,0.26874350433261185,0.26842811075580447,0.07342811075580447,0.2883628299659341,0.019934719210129626,0.18126774541540283,,,,,28.228972491518075,17.645320444741078,11,0,0,0,4,0.1,0.9731571889244196,,24.084814758711616,-0.1898104309558964,6.2919982906607705,12.520867071983796,-4.360503533284744,15.02763552332847,-13.424301919987588,-1.9492074559584085,-9.447737619098975,-11.763130628758628,8.413116255125413,-12.362941673739167
aggregate,85,2.15,0.195,0.205,0.2684281107558045,0.26823742212158835,0.07323742212158835,0.2905080746981172,0.022270652576528827,0.18517313011189107,,,,,28.41325376309059,17.66525558736799,11,0,0,0,4,0.1,0.9731762577878411,,24.189753362278854,-0.15475361950729696,6.291139097005441,12.514815012513987,-4.279161362931015,14.969184145895342,-13.313928067405978,-2.007998830267249,-9.399777798143518,-11.731167032942055,8.430954781729397,-12.345388882516868
aggregate,86,2.1750000000000003,0.195,0.205,0.26823742212158863,0.268165486250292,0.07316548625029201,0.2928819940889379,0.024716507838645874,0.18922265185993006,,,,,28.604013287115578,17.689172017468767,11,0,0,0,4,0.1,0.9731834513749708,,24.290087766014846,-0.11889251141273988,6.293500212378453,12.508183126473778,-4.208268540876359,14.90794080175093,-13.197996988587573,-2.0668450400655902,-9.336459755162883,-11.704082199366905,8.448421553674267,-12.328511144747399
aggregate,87,2.2,0.195,0.205,0.268165486250292,0.26820468238885514,0.07320468238885514,0.2954575933380501,0.027252910949194964,0.1933450243388901,,,,,28.813171473795144,17.71665167988418,12,1,0,1,4,0.1,0.9731795317611145,,24.38645495289487,-0.08223391097281844,6.29917727485308,12.501140307463622,-4.1471026299450475,14.844845910177291,-13.076134094427188,-2.1254447210744574,-9.257217792370186,-11.682501771399473,8.465480706383229,-12.312407960223572
aggregate,88,2.225,0.195,0.205,0.26820468238885503,0.26834630391039943,0.07334630391039942,0.2982102175034997,0.029863913593100255,0.1974714329555329,,,,,29.052277662953646,17.7475649138636,12,0,0,1,4,0.1,0.97316536960896,,24.479400035519987,-0.044818352241596575,6.30820519548682,12.493876265572238,-4.094826762301755,14.780621908394572,-12.947917260203544,-2.1834931931314436,-9.161397650866771,-11.666983175858343,8.482097130729814,-12.29716235746002
aggregate,89,2.25,0.195,0.205,0.26834630391039954,0.2685797722729148,0.07357977227291479,0.30111825851527924,0.03253848624236444,0.20151856033811893,,,,,29.33216278549622,17.782037783466944,12,0,0,1,4,0.1,0.9731420227727086,,24.569414345419133,-0.00671579019770064,6.320572060241417,12.486588005097529,-4.050534829884047,14.715715651508175,-12.812883229789557,-2.240675968658587,-9.048306514398357,-11.658040149707023,8.498217009327032,-12.282845419419687
aggregate,90,2.275,0.195,0.205,0.26857977227291463,0.2688935935754027,0.0738935935754027,0.30416163120511824,0.03526803762971553,0.20541844979220816,,,,,29.662571529666742,17.820436331091987,12,0,0,1,4,0.1,0.9731106406424598,,24.656896775816605,0.03198235753448507,6.336232240988584,12.479468959041029,-4.013373683228241,14.650525602243706,-12.67053584908554,-2.2966610337942877,-8.917161044163747,-11.656052836135046,8.513798854745346,-12.269508935700777
aggregate,91,2.3000000000000003,0.195,0.205,0.2688935935754027,0.2692754457645839,0.07427544576458389,0.3073231081594539,0.03804766239487001,0.2090992223482856,,,,,30.052290369171175,17.863350240652238,12,0,0,1,4,0.1,0.9730724554235416,,24.74216335496893,0.07116872828890432,6.355116673325209,12.472702576595546,-3.9825853312548047,14.58542565157419,-12.520373576677825,-2.3510855296435,-8.767146500561168,-11.661199344099618,8.528815941150627,-12.257185395865884
aggregate,92,2.325,0.195,0.205,0.2692754457645839,0.26971183037594376,0.07471183037594376,0.31058975649363735,0.040877926117693586,0.21247022350930364,,,,,30.50770762162119,17.9115686627467,12,0,0,1,4,0.1,0.9730288169624056,,24.8254613577309,0.11072486816621017,6.3771402559753,12.466459491317673,-3.9575246164134406,14.52077241370082,-12.361938391682145,-2.403538333723541,-8.597539251336336,-11.673366630594044,8.543256043360456,-12.24588989657169
aggregate,93,2.35,0.195,0.205,0.2697118303759438,0.27018740304395567,0.07518740304395566,0.31395415632813395,0.043766753284178284,0.2154078071768073,,,,,31.030201146745,17.966032580952007,12,0,0,1,4,0.1,0.9729812596956045,,24.9069829562198,0.150525427103051,6.402206385476783,12.460897354850458,-3.937663504763783,14.45691261086113,-12.194895707316654,-2.453538838843404,-8.407899795430037,-11.692040442965753,8.557121576187988,-12.235623227517772
aggregate,94,2.375,0.195,0.205,0.2701874030439556,0.2706840572424605,0.07568405724246047,0.3174148810977403,0.046730823855279824,0.2177428805081097,,,,,31.612346357872692,18.027739012714264,12,0,0,1,4,0.1,0.9729315942757539,,24.986878315965885,0.19044152571023476,6.430208684278358,12.456162453266227,-3.9225854861763727,14.39418882950148,-12.01915763875851,-2.5005129885335413,-8.198340733586441,-11.716197247935547,8.570430065306768,-12.226376106392147
aggregate,95,2.4000000000000004,0.195,0.205,0.2706840572424605,0.2711799509167584,0.07617995091675839,0.32097523737203404,0.049795286455275645,0.21925534383593942,,,,,32.23350936863786,18.097568146481912,12,0,0,1,4,0.1,0.9728820049083242,,25.065267784488768,0.23034309528769065,6.461029961803577,12.452392109897858,-3.9119719180494847,14.332942033298856,-11.83506066977571,-2.5437697986141075,-7.969847853361421,-11.74424531608268,8.58321464897392,-12.218134428181951
aggregate,96,2.4250000000000003,0.195,0.205,0.2711799509167584,0.2716488291795298,0.07664882917952981,0.3246390318724435,0.05299020269291366,0.21968312971186543,,,,,32.85637111923552,18.17601542875478,12,0,0,1,4,0.1,0.9728351170820471,,25.142252277422575,0.2700999716338626,6.494538481512327,12.449716602932739,-3.9055808699775287,14.273508971393202,-11.643598348108247,-2.582485626026056,-7.7245906148261065,-11.774077820361436,8.595523967140084,-12.210885077947065
aggregate,97,2.45,0.195,0.205,0.27164882917952987,0.2720601475706718,0.07706014757067181,0.3284028239421325,0.056342676371460676,0.21875387697395318,,,,,33.42684079353627,18.262849190996302,12,0,0,1,4,0.1,0.9727939852429328,,25.217920422931634,0.3095816292501641,6.53058184598686,12.448259025760505,-3.903218497710536,14.216212575043196,-11.446681983525156,-2.6157093915346197,-7.4661157737410155,-11.803282253109819,8.60742042621652,-12.204621373907527
aggregate,98,2.475,0.195,0.205,0.27206014757067176,0.2723805111229985,0.07738051112299849,0.3322461382410065,0.059865627118008025,0.21624216365391277,,,,,33.879848817378125,18.356780384973877,12,0,0,1,4,0.1,0.9727619488877002,,25.29235111449179,0.3486558146619654,6.568979356876438,12.448131604322201,-3.9047036646075326,14.161344466658377,-11.247352588057936,-2.6424077146259304,-7.199304028514005,-11.829485992791907,8.618975688119681,-12.199346806250558
aggregate,99,2.5,0.195,0.205,0.2723805111229985,0.27257666309796247,0.07757666309796246,0.3361236498349274,0.0635469867369649,0.21204261387860565,,,,,34.151965213084516,18.45529453141929,12,0,0,1,4,0.1,0.9727423336902038,,25.365611394640357,0.38718696236875466,6.609514523793233,12.449427928503022,-3.9098288459289283,14.109141442281851,-11.04980965657323,-2.661568087205934,-6.930012421624442,-11.850739531632966,8.6302627057568,-12.19507578217962
aggregate,100,2.5250000000000004,0.195,0.205,0.27257666309796247,0.27261962414848645,0.07761962414848644,0.3399643508507534,0.06734472670226693,0.20623180038941394,,,,,34.198512082883475,18.554799825216058,12,0,0,1,4,0.1,0.9727380375851513,,25.437751641966653,0.42503580148446607,6.6519302350802105,12.452212374843612,-3.9183240041285146,14.05976151563499,-10.859108323585835,-2.6723609820104506,-6.6644303384335695,-11.865804955845377,8.641344941433585,-12.191830771014496
aggregate,101,2.5500000000000003,0.195,0.205,0.27261962414848645,0.27248880741033776,0.07748880741033776,0.34368037554741143,0.07119156813707367,0.19908181622232174,,,,,34.008729782936975,18.651140509038925,12,0,0,1,4,0.1,0.9727511192589662,,25.50880137342844,0.4620614321232667,6.695929429344324,12.456509931555289,-3.929833229111139,14.01326742582396,-10.680477887630877,-2.674325121272534,-6.408309096626733,-11.874255090225331,8.652265222720803,-12.189636377358912
aggregate,102,2.575,0.195,0.205,0.2724888074103378,0.27217457072117945,0.07717457072117945,0.34718217153345327,0.07500760081227381,0.1910038148561278,,,,,33.610672454839104,18.740334401164684,12,0,0,1,4,0.1,0.972782542927882,,25.578768370387515,0.49812614654943543,6.7411832049811435,12.462300422308436,-3.943913155589583,13.969623990309792,-10.51843277236325,-2.667504246666947,-6.166304395835945,-11.876373294180592,8.663037910958318,-12.188511998253292
aggregate,103,2.6,0.195,0.205,0.2721745707211794,0.27167834944205077,0.07667834944205076,0.35039109456542056,0.07871274512336979,0.18244670294987025,,,,,33.061832203929654,18.81925435683736,12,0,0,1,4,0.1,0.972832165055795,,25.647641276447114,0.5331018236494791,6.787344184872409,12.469516466237337,-3.9600011567085414,13.928756226793116,-10.376026465248279,-2.652466613001933,-5.9416245250844515,-11.872925817472233,8.673647368381841,-12.188463735447465
aggregate,104,2.625,0.195,0.205,0.2716783494420508,0.27101048469283023,0.07601048469283023,0.35325274608955304,0.0822422613967228,0.17379492035763844,,,,,32.43008150387646,18.88598819062413,12,0,0,1,4,0.1,0.9728989515307169,,25.71539275109413,0.5668757612946379,6.834065283057779,12.47805184026728,-3.9774671142035185,13.890570028182747,-10.254548866689335,-2.6302004777017207,-5.73602723653773,-11.864901581462268,8.684053401525025,-12.189477796898487
aggregate,105,2.6500000000000004,0.195,0.205,0.27101048469283023,0.2701868345323707,0.07518683453237068,0.35574126935384986,0.08555443482147917,0.16531032950610383,,,,,31.775742667976708,18.939822522925052,12,0,0,1,4,0.1,0.9729813165467629,,25.781985030274257,0.5993550991612494,6.881019224551237,12.487777558244952,-3.9957214257066673,13.854924884024618,-10.153700843559848,-2.6019341409252754,-5.550062428319178,-11.853305386719388,8.694200788527226,-12.191520438463563
aggregate,106,2.6750000000000003,0.195,0.205,0.2701868345323707,0.26922567770892497,0.07422567770892496,0.3578547835286955,0.08862910581977052,0.15713702563668744,,,,,31.142271987156448,18.98098925512801,12,0,0,1,4,0.1,0.9730774322291075,,25.847376082652154,0.6304689533411434,6.927911358867511,12.498554684273842,-4.0142448861638655,13.821654818265758,-10.07204996475193,-2.568953376853719,-5.38340858893887,-11.839037866667484,8.704029170106354,-12.194541017886191
aggregate,107,2.7,0.195,0.205,0.2692256777089249,0.26814551177713786,0.07314551177713785,0.3596082798034401,0.09146276802630227,0.14933294115888424,,,,,30.555376907307714,19.010336289921383,12,0,0,1,4,0.1,0.9731854488222862,,25.911524215534424,0.6601682035403169,6.974486409636712,12.510244636382597,-4.0326041662505485,13.79058438429217,-10.00753220609911,-2.5324684508469275,-5.235189749111402,-11.822846025302443,8.713480960480647,-12.198476458699853
aggregate,108,2.725,0.195,0.205,0.2681455117771379,0.2669637955706467,0.0719637955706467,0.36102687249928683,0.09406307692864013,0.14190493165214296,,,,,30.02682440792928,19.029037579959848,12,0,0,1,4,0.1,0.9733036204429353,,25.97439114036945,0.6884237198888907,7.020530009785866,12.522716092697484,-4.050454696900974,13.761539277514348,-9.957854608648367,-2.493541374972067,-5.10422165340685,-11.805318864391962,8.722506359313241,-12.20325583613721
aggregate,109,2.75,0.195,0.205,0.2669637955706467,0.2656963895927245,0.0706963895927245,0.36214063825290904,0.09644424866018453,0.1348349291040021,,,,,29.559251286983564,19.03838486228642,12,0,0,1,4,0.1,0.9734303610407276,,26.035943779569877,0.7152238111853101,7.06586673771461,12.535848825629655,-4.067535168213281,13.734352515525492,-9.920759304416938,-2.453060734180931,-4.989181310944114,-11.786905072082167,8.731065756855024,-12.20880432723666
aggregate,110,2.7750000000000004,0.195,0.205,0.26569638959272457,0.2643574139104681,0.06935741391046807,0.3629811573505627,0.09862374344009461,0.12809560668508665,,,,,29.150117559432477,19.039657918217383,12,0,0,1,4,0.1,0.9735642586089532,,26.09615515033956,0.7405714576699763,7.110356289628989,12.549535273621855,-4.08365769247505,13.708867507792236,-9.894168750582862,-2.411745718526679,-4.888714320528789,-11.767937945132429,8.739130291566392,-12.21504625586113
aggregate,111,2.8000000000000003,0.195,0.205,0.26435741391046796,0.26295931674041234,0.06795931674041233,0.363579411768142,0.10062009502772967,0.12165835146311763,,,,,28.7943783734346,19.034053621330184,12,0,0,1,4,0.1,0.9737040683259588,,26.1550046219801,0.7644816569188999,7.153888958224499,12.563680663401708,-4.0986964996271995,13.684939176465988,-9.87624895521019,-2.3701644551020467,-4.801498213156492,-11.748659967713946,8.74668130261545,-12.221907259137751
aggregate,112,2.825,0.195,0.205,0.26295931674041234,0.2615130298362598,0.06651302983625978,0.36396462317812184,0.10245159334186205,0.11549668982959056,,,,,28.48608400208829,19.02265341611855,12,0,0,1,4,0.1,0.973848697016374,,26.21247777675037,0.7869790392352914,7.1963811146187915,12.578202309987743,-4.112576837102958,13.662433971274924,-9.865423389128024,-2.3287572025984327,-4.726277086497922,-11.729244025996504,8.753709225383705,-12.229315726769949
aggregate,113,2.85,0.195,0.205,0.26151302983625985,0.26002814617619213,0.06502814617619213,0.3641636908833591,0.10413554470716696,0.10958737880524018,,,,,28.219251350662176,19.006413692454057,12,0,0,1,4,0.1,0.9739971853823808,,26.268566039761435,0.8080958040755101,7.2377710450457835,12.59302851607772,-4.125264887596313,13.641229325379141,-9.860360551119056,-2.287859372560574,-4.661878426078585,-11.709810572826388,8.760212277771883,-12.237203688661939
aggregate,114,2.875,0.195,0.205,0.26002814617619213,0.25851309050319465,0.06351309050319465,0.3642009915503617,0.10568790104716702,0.1039104423817211,,,,,27.98829236840994,18.986168722629113,12,0,0,1,4,0.1,0.9741486909496805,,26.323266189634847,0.8278699744589247,7.278015281513132,12.608097329531653,-4.136759002712729,13.621212879151159,-9.859949416893615,-2.247722127838121,-4.607219278157107,-11.690441051769712,8.766195135600551,-12.245507305688493
aggregate,115,2.9000000000000004,0.195,0.205,0.25851309050319465,0.2569752716167122,0.06197527161671218,0.3640983866045766,0.10712311498786442,0.09844880718354468,,,,,27.78819176436823,18.962639816625096,12,0,0,1,4,0.1,0.9743024728383288,,26.37657982173379,0.8463439409408634,7.317085449957551,12.623355305920045,-4.147082277982651,13.6022816528543,-9.863270863501363,-2.208529838501541,-4.561306278641969,-11.671188206532248,8.771667699091985,-12.254167085119146
aggregate,116,2.9250000000000003,0.195,0.205,0.2569752716167122,0.255421214031107,0.06042121403110701,0.36387534200467125,0.10845412797356424,0.0931878408082962,,,,,27.61455109068005,18.936447014988886,12,0,0,1,4,0.1,0.9744578785968893,,26.428512807575927,0.8635632581873044,7.354965603508927,12.638756352451278,-4.156276368656675,13.58434125890507,-9.869569325937473,-2.1704144209384655,-4.523232294775334,-11.652083921763971,8.776643995462695,-12.263127910317102
aggregate,117,2.95,0.195,0.205,0.255421214031107,0.2538566702985923,0.05885667029859232,0.36354910327566536,0.10969243297707304,0.08811491747016453,,,,,27.463566246419315,18.90812129171197,12,0,0,1,4,0.1,0.9746143329701408,,26.479074775292016,0.8795756566744997,7.391649985982543,12.654260687319198,-4.164396398968718,13.56730519164925,-9.87822671069539,-2.133466897779553,-4.49217133627109,-11.633145154239898,8.781141230926394,-12.27233894851873
aggregate,118,2.975,0.195,0.205,0.2538566702985923,0.2522867165438256,0.05728671654382561,0.36313489241946995,0.11084817587564433,0.08321905167955539,,,,,27.33197523183582,18.878116219902406,12,0,0,1,4,0.1,0.9747713283456174,,26.52827862400191,0.8944302351402819,7.427141165494404,12.669833924398304,-4.1715068101676875,13.551094203574479,-9.888739358341581,-2.0977466091622015,-4.467372715523604,-11.614378403286286,8.785178988673787,-12.281753481185646
aggregate,119,3.0,0.195,0.205,0.2522867165438256,0.2507158339183445,0.055715833918344504,0.362646107737579,0.11193027381923448,0.078490604436601,,,,,27.216995641937743,18.846818615278174,12,0,0,1,4,0.1,0.9749284166081655,,26.576140077675497,0.9081768037797675,7.4614484810167525,12.685446280214075,-4.177678002750137,13.53563576226513,-9.900698200500472,-2.0632884978087924,-4.448155024692166,-11.595783068305062,8.788778561214198,-12.291328687600508
aggregate,120,3.0250000000000004,0.195,0.205,0.25071583391834457,0.24914797841638694,0.05414797841638694,0.3620945162243033,0.11294653780791633,0.07392105291398157,,,,,27.116261758268966,18.814557984696577,12,0,0,1,4,0.1,0.9750852021583613,,26.622677279763465,0.9208653526700288,7.494586750917921,12.701071893695739,-4.182983644876826,13.520863576185478,-9.913771940089026,-2.0301088421471856,-4.433900248728188,-11.577353958583714,8.791962402008222,-12.301025402697805
aggregate,121,3.0500000000000003,0.195,0.205,0.24914797841638694,0.24758664110012985,0.05258664110012984,0.36149043328414326,0.11390379218401342,0.06950281108226897,,,,,27.027765875008505,18.78161477318611,12,0,0,1,4,0.1,0.975241335889987,,26.66791042754263,0.9325456240370894,7.526575199615929,12.716688246593558,-4.187498536643183,13.506717175826502,-9.927692947230685,-1.9982097524439961,-4.42404818404997,-11.55908315636178,8.794753680441824,-12.310807863449773
aggregate,122,3.075,0.195,0.205,0.24758664110012985,0.2460349003945296,0.0510349003945296,0.3608428875008102,0.11480798710628062,0.06522908941890591,,,,,26.94980572918938,18.74822748568231,12,0,0,1,4,0.1,0.975396509960547,,26.71186144394574,0.9432667705707523,7.557436565355727,12.732275671850894,-4.191296936433804,13.49314153761759,-9.94224552185871,-1.967582687621857,-4.418091243601579,-11.540961385462346,8.797175924667634,-12.320643453539683
aggregate,123,3.1,0.195,0.205,0.2460349003945296,0.24449546777154843,0.049495467771548424,0.36015976988180937,0.11566430211026094,0.06109378368541359,,,,,26.88093848138995,18.714598795506152,12,0,0,1,4,0.1,0.9755504532228452,,26.75455368413869,0.9530770850266482,7.587196358170263,12.747816937869663,-4.1944512702184795,13.480086739960766,-9.957256180346002,-1.9382112000536844,-4.415569676759594,-11.522979001303321,8.799252738002997,-12.330502452912237
aggregate,124,3.125,0.195,0.205,0.2444954677715484,0.24297072786973983,0.047970727869739826,0.35944796794867767,0.11647724007893784,0.05709138510241318,,,,,26.819940998071324,18.68090076187421,12,0,0,1,4,0.1,0.975702927213026,,26.796011673987216,0.9620237888812266,7.6158822424164905,12.763296897599965,-4.197031157220509,13.467507643023941,-9.972585651855699,-1.9100730733982874,-4.4160672025762935,-11.505126690791874,8.801007576040087,-12.340357796611585
aggregate,125,3.1500000000000004,0.195,0.205,0.24297072786973986,0.24146277387542606,0.04646277387542605,0.35871348553312504,0.11725071165769899,0.05321690604070463,,,,,26.76577587661223,18.647279275571123,12,0,0,1,4,0.1,0.9758537226124574,,26.836260877630217,0.970152869887986,7.643523522686724,12.778702192726167,-4.19910269603923,13.455363586126731,-9.988122306790673,-1.8831419840724746,-4.41920703839987,-11.48739595010867,8.80246357319155,-12.350184845809139
aggregate,126,3.1750000000000003,0.195,0.205,0.24146277387542606,0.23997343882326344,0.044973438823263434,0.3579615493709566,0.11798811054769315,0.049465816998615235,,,,,26.71756254854878,18.613857842351152,12,0,0,1,4,0.1,0.9760026561176737,,26.875327491523013,0.9775089600960485,7.670150715543828,12.794021004462575,-4.200727964294428,13.443618098470647,-10.00377677768969,-1.8573887892602587,-4.424648297632094,-11.469779392918436,8.803643408938857,-12.359961172850246
aggregate,127,3.2,0.195,0.205,0.2399734388232634,0.23850432334554458,0.04350432334554458,0.3571967036598637,0.11869238031431914,0.045833991861533974,,,,,26.67455279104622,18.58074080148057,12,0,0,1,4,0.1,0.9761495676654456,,26.913238262508084,0.9841352473012066,7.695795192660275,12.809242843727118,-4.201964692420486,13.432238620520314,-10.019477568715805,-1.8327825223271437,-4.432082726969972,-11.452270929778736,8.804569205514102,-12.369666361384958
aggregate,128,3.225,0.195,0.205,0.2385043233455446,0.23705682030109404,0.04205682030109403,0.3564228937412074,0.11936607344011335,0.04231765932104357,,,,,26.636110022811852,18.54801606428302,12,0,0,1,4,0.1,0.9762943179698906,,26.95002032765209,0.990073414057887,7.720488883357583,12.824358374503964,-4.20286607858525,13.421196234523885,-10.03516748206311,-1.8092911590854064,-4.441231752907288,-11.434865850501978,8.805262450090904,-12.37928182207813
aggregate,129,3.25,0.195,0.205,0.23705682030109407,0.23563213664106505,0.04063213664106505,0.35564354000606574,0.12001140336500069,0.038913359036371345,,,,,26.601691821745554,18.515757445549728,12,0,0,1,4,0.1,0.9764367863358935,,26.985701073770976,0.9953635993388034,7.7442640266558955,12.839359265184603,-4.203480717109106,13.410465403644212,-10.05080071769995,-1.786882204639896,-4.451843808297709,-11.417560834262316,8.805743935780397,-12.388790623976396
aggregate,130,3.2750000000000004,0.195,0.205,0.23563213664106503,0.23423131281430365,0.03923131281430364,0.3548616030601689,0.12063029024586525,0.035617901643026764,,,,,26.570835179469306,18.484026650008893,12,0,0,1,4,0.1,0.9765768687185696,,27.02030801471242,1.0000443787224491,7.767152964618452,12.854238063479565,-4.203852617148448,13.400023719403915,-10.066340526945131,-1.7655231397744233,-4.463691911638242,-11.400353906815468,8.806033716815767,-12.398177341281123
aggregate,131,3.3000000000000003,0.195,0.205,0.23423131281430368,0.23285523997244634,0.03785523997244633,0.3540796410794725,0.12122440110702615,0.03242833199885336,,,,,26.54314406070052,18.452874966349437,12,0,0,1,4,0.1,0.9767144760027554,,27.05386868462136,1.0041527596499593,7.789187970172961,12.868988091191584,-4.204021292417261,13.389851658101632,-10.081757320781968,-1.745181757397187,-4.4765714739539995,-11.383244359968632,8.80615107426853,-12.407427915031057
aggregate,132,3.325,0.195,0.205,0.23285523997244634,0.23150467520441878,0.036504675204418774,0.3532998602194109,0.12179518501499212,0.02934189537406452,,,,,26.518278915183558,18.42234471332542,12,0,0,1,4,0.1,0.9768495324795581,,27.086410545537582,1.0077241888464379,7.810401103739541,12.883603355734959,-4.204021905727711,13.379932346442422,-10.097027150926184,-1.7258264129591432,-4.490298310487599,-11.366232645085178,8.806114489491291,-12.416529529007162
aggregate,133,3.35,0.195,0.205,0.23150467520441878,0.2301802550059844,0.0351802550059844,0.3525241588505893,0.12234390384460489,0.026356006416715122,,,,,26.495947831430925,18.392470475405563,12,0,0,1,4,0.1,0.9769819744994016,,27.117960907801844,1.010792569467745,7.830824093937554,12.898078475751692,-4.2038854549658815,13.370251337044678,-10.112130495958098,-1.7074262075924662,-4.504706836650671,-11.349320249786789,8.805941623169993,-12.42547049897806
aggregate,134,3.375,0.195,0.205,0.2301802550059844,0.22888250717228706,0.03388250717228705,0.351754166317514,0.12287165914522694,0.023468220868725537,,,,,26.475899074343857,18.363280159571406,12,0,0,1,4,0.1,0.9771117492827713,,27.148546861861494,1.0133902859278356,7.850488238482966,12.91240861859795,-4.203638989367024,13.360796394330873,-10.127051296695178,-1.6899511186774399,-4.519648429809772,-11.332509564925907,8.805649298549506,-12.43424017436784
aggregate,135,3.4000000000000004,0.195,0.205,0.22888250717228703,0.22761186128446062,0.032611861284460614,0.35099127684830017,0.12337941556383955,0.020676209959920762,,,,,26.457914790643905,18.334795899980772,12,0,0,1,4,0.1,0.977238813871554,,27.178195220179063,1.0155482346958549,7.869424321943963,12.926589447847629,-4.203305846885321,13.351557291238185,-10.141776194786045,-1.6733720893908623,-4.534989940401909,-11.315803747255405,8.8052534878488,-12.44282885126011
aggregate,136,3.4250000000000003,0.195,0.205,0.22761186128446065,0.2263686579518077,0.03136865795180768,0.3502366791802892,0.12386802122848153,0.01797773761494347,,,,,26.44180569891913,18.30703483307609,12,0,0,1,4,0.1,0.9773631342048192,,27.2069324680537,1.0172958596395194,7.887662547685669,12.940617079182099,-4.202905905093023,13.342525617062668,-10.156293936617962,-1.6576610863210148,-4.550612337613031,-11.299206581917325,8.804769301342704,-12.451227695648923
aggregate,137,3.45,0.195,0.205,0.2263686579518077,0.2251531569575476,0.030153156957547583,0.349491382407131,0.12433822544958342,0.015370640407878815,,,,,26.427406611435188,18.280009762285015,12,0,0,1,4,0.1,0.9774846843042453,,27.234784722272472,1.0186611907347691,7.905232481723128,12.954488043322193,-4.202455839408408,13.333694596615556,-10.170594911296398,-1.6427911323037865,-4.566409476394786,-11.282722347846255,8.804210978894172,-12.459428675821252
aggregate,138,3.475,0.195,0.205,0.22515315695754762,0.2239655444478388,0.028965544447838804,0.3487562385028857,0.12479069405504686,0.012852810349373465,,,,,26.414572659817964,18.253729728598532,12,0,0,1,4,0.1,0.9776034455552162,,27.261777696610167,1.019670885171781,7.92216300661364,12.968199254843137,-4.201969383613757,13.325058920734687,-10.184670796947131,-1.628736320123653,-4.582286973965484,-11.266355688373414,8.803591884000584,-12.467424502707749
aggregate,139,3.5,0.195,0.205,0.22396554444783884,0.2228059392910082,0.02780593929100819,0.3480319619287901,0.1252260226377819,0.010422180375254168,,,,,26.403176116467513,18.228200500894495,12,0,0,1,4,0.1,0.9777194060708991,,27.287936673297125,1.0203502700683345,7.938482283842284,12.981747985881235,-4.201457588598122,13.3166145880679,-10.198514294095487,-1.6154718115391666,-4.598161185151288,-11.2501114886875,8.802924500532157,-12.475208577155367
aggregate,140,3.5250000000000004,0.195,0.205,0.2228059392910082,0.22167439872595165,0.026674398725951648,0.34731914668789843,0.12564474796194677,0.008076712556190805,,,,,26.393103721515605,18.203424997861884,12,0,0,1,4,0.1,0.9778325601274048,,27.313286479668978,1.0207233861543679,7.9542177234278775,12.995131843884637,-4.200929076081491,13.308358757932655,-10.21211892861015,-1.6029738251607417,-4.613958267003655,-11.233994761313317,8.802220432491666,-12.482774943036258
aggregate,141,3.5500000000000003,0.195,0.205,0.22167439872595165,0.2205709234065245,0.025570923406524504,0.3466182811522681,0.1260473577457436,0.005814388851767237,,,,,26.38425443899183,18.179403651673187,12,0,0,1,4,0.1,0.9779429076593475,,27.33785146930473,1.0208130319238622,7.969395959706994,13.008348752681872,-4.200390284765787,13.300289613961276,-10.225478909744654,-1.5912196159775258,-4.629613324081191,-11.218010540387642,8.80149040712762,-12.490118245230615
aggregate,142,3.575,0.195,0.205,0.2205709234065245,0.21949546193822425,0.024495461938224244,0.345929760951915,0.12643429901369077,0.0036332042616918528,,,,,26.376537577560793,18.156134722099736,12,0,0,1,4,0.1,0.9780504538061776,,27.361655507044496,1.0206408078609766,7.984042832446085,13.021396936245418,-4.199845706940839,13.292406238166642,-10.238589031346637,-1.5801874487512197,-4.645069626641808,-11.202163785215614,8.800744281726967,-12.497233691593923
aggregate,143,3.6,0.195,0.205,0.21949546193822422,0.2184479149922163,0.023447914992216295,0.34525390018219676,0.12680598518998046,0.0015311621677367914,,,,,26.36987122103036,18.13361456852568,12,0,0,1,4,0.1,0.9781552085007784,,27.384721957360977,1.020227160440486,7.9981833725917495,13.034274904616934,-4.199298114057815,13.284708495001404,-10.25144460640476,-1.5698565670362314,-4.660277894759666,-11.1864592933619,8.799991054353905,-12.504117018114805
aggregate,144,3.625,0.195,0.205,0.2184479149922163,0.21742813907083583,0.022428139070835823,0.3445909411563373,0.1271628020855015,-0.0004937283579667706,,,,,26.364180922068766,18.111837886254946,12,0,0,1,4,0.1,0.9782571860929165,,27.407073675623714,1.0195914256796352,8.011841792101121,13.04698144153826,-4.19874877019546,13.277196924945656,-10.264041426842082,-1.5602071592219657,-4.675195642075467,-11.170901623352462,8.799238878712352,-12.51076445658291
aggregate,145,3.6500000000000004,0.195,0.205,0.21742813907083583,0.2164359499873709,0.02143594998737089,0.34394106290257015,0.12750511291519925,-0.0024434535472482102,,,,,26.359398618990717,18.09079791258017,12,0,0,1,4,0.1,0.9783564050012629,,27.42873300187114,1.0187518720810127,8.025041477401606,13.059515593399997,-4.198197632682884,13.269872647126643,-10.2763757419271,-1.551220322701426,-4.689786573520346,-11.155495026925138,8.798495083202084,-12.517172704192802
aggregate,146,3.6750000000000003,0.195,0.205,0.2164359499873709,0.21547112611287955,0.020471126112879545,0.3433043885805243,0.12783326246764476,-0.004319994481337661,,,,,26.35546174123174,18.07048660728234,12,0,0,1,4,0.1,0.9784528873887121,,27.44972175675495,1.0177257428558875,8.037804986115324,13.071876659178756,-4.197643539433301,13.262737270463045,-10.288444249903508,-1.5428780270360423,-4.704020031928583,-11.140243390657398,8.797766194126092,-12.523338894617329
aggregate,147,3.7,0.195,0.205,0.21547112611287955,0.2145334114316572,0.019533411431657183,0.342680991968516,0.1281475805368588,-0.006125325504709961,,,,,26.3523124739505,18.050894811533674,12,0,0,1,4,0.1,0.9785466588568342,,27.470061239378282,1.0165292973560711,8.05015404674471,13.084064181086621,-4.19708438277706,13.255792812817699,-10.300244098464207,-1.5351630767990259,-4.717870488979191,-11.125150186713505,8.797057962862588,-12.529260570210639
aggregate,148,3.725,0.195,0.205,0.2145334114316572,0.2136225184418923,0.018622518441892305,0.3420709031548532,0.1284483847129609,-0.007861411611729156,,,,,26.349897156213764,18.032012388568422,12,0,0,1,4,0.1,0.9786377481558107,,27.489772226783234,1.0151778516707328,8.062109561111992,13.09607793570296,-4.196517269785558,13.249041627649353,-10.311772890582448,-1.5280590746255074,-4.731317076388526,-11.110218432380245,8.796375396793884,-12.534935655028482
aggregate,149,3.75,0.195,0.205,0.21362251844189234,0.21273813092251576,0.01773813092251575,0.34147411354534635,0.1287359826228306,-0.00953020533978737,,,,,26.34816579098207,18.01382834896446,12,0,0,1,4,0.1,0.9787261869077484,,27.508874974892624,1.013685818366131,8.073691609248902,13.107917925398763,-4.195938669229781,13.242486337663495,-10.323028692928379,-1.521550384874932,-4.744343153704454,-11.09545065800775,8.795722793547707,-12.54036242855442
aggregate,150,3.7750000000000004,0.195,0.205,0.21273813092251576,0.21187990658920608,0.016879906589206073,0.3408905802852745,0.12901067369606845,-0.011133643048642741,,,,,26.347071646789388,17.996330962887626,12,0,0,1,4,0.1,0.9788120093410794,,27.527389220731827,1.0120667453596328,8.084919456685252,13.119584369903468,-4.1953445454667815,13.236129774972563,-10.334010044763048,-1.5156220982076698,-4.756935909464657,-11.080848882919318,8.795103778177896,-12.545539499977348
aggregate,151,3.8000000000000003,0.195,0.205,0.2118799065892061,0.2110474796499931,0.01604747964999309,0.34032023017908386,0.12927275052909076,-0.012673641031672287,,,,,26.346570936197484,17.97950786129204,12,0,0,1,4,0.1,0.9788952520350007,,27.545334185781638,1.0103333539270132,8.095811563875934,13.13107769789301,-4.194730479635672,13.229974927301406,-10.344715965695594,-1.5102599972966626,-4.76908599282597,-11.066414598817655,8.794521342770745,-12.550465782995992
aggregate,152,3.825,0.195,0.205,0.2110474796499931,0.21024046326913215,0.015240463269132143,0.3397629631784296,0.12952249990929743,-0.014152091514437679,,,,,26.34662255591744,17.963346127696397,12,0,0,1,4,0.1,0.9789759536730868,,27.562728580339844,1.00849757584732,8.10638559765359,13.142398538508276,-4.194091778640775,13.224024889787351,-10.355145961150662,-1.5054505238268054,-4.780787173104388,-11.052148760185483,8.793977887960908,-12.555140471149864
aggregate,153,3.85,0.195,0.205,0.21024046326913215,0.20945845194334503,0.014458451943345024,0.33921865549839336,0.12976020355504833,-0.0155708587090022,,,,,26.347187877001126,17.947832381872836,12,0,0,1,4,0.1,0.9790541548056655,,27.579590608781714,1.006570589689963,8.116658444552076,13.15354771274199,-4.193423572460675,13.218282821948453,-10.365300024760376,-1.5011807468794518,-4.792036024947831,-11.038051781150696,8.79347526582528,-12.55956301371452
aggregate,154,3.875,0.195,0.205,0.20945845194334503,0.20870102379247474,0.013701023792474731,0.3386871624127669,0.12998613862029218,-0.016931775003862063,,,,,26.34823057501972,17.93295285653736,12,0,0,1,4,0.1,0.9791298976207525,,27.595937975617023,1.0045628562478686,8.126646225855515,13.164526224647265,-4.192720900372634,13.212751909416664,-10.375178637199117,-1.4974383327551402,-4.802831637122876,-11.024123538272269,8.793014823639309,-12.563733092216621
aggregate,155,3.9000000000000004,0.195,0.205,0.20870102379247474,0.20796774276209493,0.01296774276209492,0.3381683207698572,0.13020057800776227,-0.0182366374734591,,,,,26.34971649148633,17.918693467916018,12,0,0,1,4,0.1,0.9792032257237905,,27.61178789226507,1.0024841531181292,8.13636431422367,13.175335252349761,-4.191978786712868,13.207435330052842,-10.384782761221352,-1.4942115162522507,-4.813175343117845,-11.010363378692096,8.792597447940375,-12.567650597673346
aggregate,156,3.9250000000000003,0.195,0.205,0.20796774276209495,0.20725816074061706,0.012258160740617058,0.3376619512667847,0.13040379052616766,-0.01948720452111939,,,,,26.35161351974647,17.90503988089614,12,0,0,1,4,0.1,0.9792741839259382,,27.62715708445939,1.000343608427546,8.145827351744169,13.185976138852032,-4.191192306819545,13.202336224083316,-10.394113832878967,-1.4914890733893915,-4.8230704719671404,-10.996770133089695,8.792223608564598,-12.571315608565463
aggregate,157,3.95,0.195,0.205,0.2072581607406171,0.20657181958284823,0.011571819582848225,0.3371678605094506,0.13059604092660235,-0.02068519308033852,,,,,26.35389150944052,17.891977569327807,12,0,0,1,4,0.1,0.9793428180417152,,27.642061800221175,0.9981497337003715,8.155049269256278,13.196450382643818,-4.190356643811271,13.19745766792132,-10.40317374900619,-1.4892602955404137,-4.832522117854729,-10.983342132889389,8.791893402055328,-12.574728369718107
aggregate,158,3.975,0.195,0.205,0.2065718195828482,0.20590825304170293,0.010908253041702926,0.33668584288553033,0.1307775898438274,-0.021832276012975896,,,,,26.356522184657624,17.879491871922895,12,0,0,1,4,0.1,0.9794091746958297,,27.656517818323778,0.9959104558586188,8.164043306790576,13.206759628132467,-4.189467136863778,13.192802651354675,-10.411964851226696,-1.4875149649302037,-4.841536927223323,-10.970077231165234,8.791606594205811,-12.577889272092445
aggregate,159,4.0,0.195,0.205,0.20590825304170293,0.20526698860354892,0.01026698860354891,0.3362156822707463,0.13094869366719736,-0.022930079954454723,,,,,26.35947907220511,17.86756804411339,12,0,0,1,4,0.1,0.9794733011396451,,27.67054045719615,0.9936331483461155,8.17282203496487,13.216905655926057,-4.188519321635567,13.188374057802232,-10.42048990678095,-1.4862433314297432,-4.850122902220928,-10.95697282671226,8.79136266136225,-12.580798833581571
aggregate,160,4.025,0.195,0.205,0.20526698860354892,0.20464754922566483,0.009647549225664825,0.3357571535865839,0.1311096043609191,-0.02398018350422665,,,,,26.362737437081055,17.856191306161197,12,0,0,1,4,0.1,0.9795352450774335,,27.684144584198492,0.991324661364921,8.181397377177069,13.226890373005329,-4.187508963487492,13.184174647362081,-10.428752086541593,-1.4854360905792663,-4.8582892194300324,-10.944025890767628,8.791160830231428,-12.583457680859311
aggregate,161,4.05,0.195,0.205,0.2046475492256648,0.20404945497389304,0.009049454973893034,0.33531002422450407,0.13126056925061103,-0.024984115785826433,,,,,26.366274222545776,17.845346887749653,12,0,0,1,4,0.1,0.9795950545026106,,27.69734462522411,0.9889913512119445,8.18978063243768,13.236715802823262,-4.186432084122616,13.180207042391963,-10.43675494061747,-1.4850843627621093,-4.86604606291361,-10.93123299589148,8.791000115980657,-12.585866532323367
aggregate,162,4.075,0.195,0.205,0.20404945497389307,0.20347222455986405,0.008472224559864044,0.33487405534975856,0.1314018307898945,-0.025943355334126297,,,,,26.370067993544154,17.83502006925828,12,0,0,1,4,0.1,0.9796527775440136,,27.710154574567902,0.9866391087039283,8.1979824986856,13.246384075380233,-4.1852849822526945,13.176473715379103,-10.44450237195524,-1.4851796734494462,-4.873404470684485,-10.91859034654085,8.790879358468791,-12.588026182159927
aggregate,163,4.1000000000000005,0.195,0.205,0.20347222455986405,0.20291537677712565,0.007915376777125643,0.3344490030957209,0.13153362631859525,-0.026859329315984892,,,,,26.374098881794133,17.825196219881924,12,0,0,1,4,0.1,0.9797084623222875,,27.722588005021546,0.9842733866795533,8.206013096436733,13.255897417320117,-4.1840642488736774,13.172976978874026,-10.451998608348022,-1.4857139344344512,-4.88037619377108,-10.906093810904142,8.790797256491588,-12.58993748554877
aggregate,164,4.125,0.195,0.205,0.20291537677712562,0.2023784318368544,0.007378431836854382,0.3340346196584059,0.13165618782155153,-0.027733413035379278,,,,,26.37834853183261,17.81586083273889,12,0,0,1,4,0.1,0.9797621568163145,,27.73465807814484,0.9818992265690786,8.213881992620639,13.265258142094876,-4.1827667777084985,13.169718977279604,-10.459248173252734,-1.4866794259741603,-4.886973567105797,-10.89373895359401,8.790752399968628,-12.59160134501137
aggregate,165,4.15,0.195,0.205,0.20237843183685442,0.20186091260417657,0.006860912604176567,0.33363065429965594,0.13176974169547936,-0.028566929708262394,,,,,26.382800047549885,17.806999557101328,12,0,0,1,4,0.1,0.9798139087395823,,27.746377554671362,0.979521284023906,8.221598224467852,13.274468640244132,-4.1813897713440955,13.166701680299036,-10.466255855788601,-1.4880687797598522,-4.89320939150743,-10.88152106883074,8.79074330003459,-12.593018697896962
aggregate,166,4.175,0.195,0.205,0.20186091260417657,0.2013623457364587,0.006362345736458691,0.3332368542661888,0.13187450852973012,-0.02936115049241769,,,,,26.38743793860523,17.798598227865273,12,0,0,1,4,0.1,0.9798637654263541,,27.757758805013886,0.977143853600826,8.229170323319387,13.283531369834582,-4.1799307435622035,13.163926877862515,-10.47302668026601,-1.4898749626386667,-4.899096826070122,-10.869435213783957,8.790768417028069,-12.594190504995384
aggregate,167,4.2,0.195,0.205,0.20136234573645864,0.20088226272601342,0.005882262726013415,0.332852965631182,0.13197070290516857,-0.030117294725949564,,,,,26.392248066696936,17.790642892375864,12,0,0,1,4,0.1,0.9799117737273987,,27.768813819828175,0.9747708924986119,8.236606338239588,13.292448847101323,-4.178387518333486,13.161396176365328,-10.479565875567681,-1.4920912610117485,-4.904649290306362,-10.857476241774545,8.790826186400473,-12.5951177402517
aggregate,168,4.2250000000000005,0.195,0.205,0.20088226272601342,0.20042020084973777,0.005420200849737766,0.33247873406427925,0.13205853321454147,-0.030836530364159915,,,,,26.39721759168591,17.78311983472136,12,0,0,1,4,0.1,0.9799579799150262,,27.779554220601597,0.9724060433475648,8.243913859323927,13.30122363733011,-4.176758225911475,13.15911099606098,-10.485878844663013,-1.4947112658387969,-4.909880375422898,-10.845638835074565,8.790915042586219,-12.59580138155825
aggregate,169,4.25,0.195,0.205,0.20042020084973777,0.1999757040284635,0.004975704028463507,0.3321139055352525,0.13213820150678898,-0.03151997459783318,,,,,26.402334917461943,17.776015597603763,12,0,0,1,4,0.1,0.9800024295971537,,27.78999127023998,0.9700526560554967,8.251100040604179,13.309858346015856,-4.175041296434603,13.15707256946749,-10.491971134506327,-1.4977288581821173,-4.9148037641354705,-10.833917537074932,8.791033440893747,-12.59624240259251
aggregate,170,4.275,0.195,0.205,0.19997570402846354,0.19954832359953523,0.00454832359953522,0.33175822695623947,0.13220990335670424,-0.03216869461439892,,,,,26.4075896377205,17.76931700189488,12,0,0,1,4,0.1,0.9800451676400465,,27.800135883619244,0.9677138087168733,8.258171622464628,13.31835561032856,-4.173235451413253,13.155281940654598,-10.497848406539676,-1.5011381952266971,-4.919433158457899,-10.822306783625427,8.791179877491162,-12.596441765663275
aggregate,171,4.3,0.195,0.205,0.19954832359953523,0.1991376190062467,0.004137619006246707,0.3314114467671764,0.13227382776092966,-0.032783708487127215,,,,,26.41297248203444,17.76301116399263,12,0,0,1,4,0.1,0.9800862380993753,,27.80999863807006,0.9653923276056509,8.265134953494012,13.326718090913792,-4.171339693447602,13.153739965289942,-10.503516407978362,-1.5049336967181655,-4.923782214922591,-10.810800933380266,8.79135290756718,-12.596400415530695
aggregate,172,4.325,0.195,0.205,0.1991376190062467,0.19874315840639453,0.0037431584063945256,0.33107331546770813,0.1323301570613136,-0.033365986235431896,,,,,26.41847526153176,17.75708551106954,12,0,0,1,4,0.1,0.9801256841593605,,27.819589783809754,0.9630908061979498,8.27199601170859,13.334948464051056,-4.169353294493503,13.152447311333827,-10.508980944036297,-1.5091100317625632,-4.9278644867152535,-10.799394297012944,8.791551161756216,-12.59611927416018
aggregate,173,4.3500000000000005,0.195,0.205,0.19874315840639456,0.19836451920698925,0.0033645192069892416,0.33074358610134974,0.1323790668943605,-0.03391645085848701,,,,,26.4240908161785,17.751527794353883,12,0,0,1,4,0.1,0.9801635480793011,,27.828919254209932,0.960811623405727,8.2787604250941,13.343049414186352,-4.167275782969559,13.151404460278998,-10.514247851215016,-1.5136621059380442,-4.931693372231243,-10.788081165189698,8.791773360918674,-12.595599236372205
aggregate,174,4.375,0.195,0.205,0.19836451920698922,0.1980012885246578,0.0030012885246577803,0.33042201469295973,0.13242072616830194,-0.03443597961921832,,,,,26.429812961267917,17.74632610051386,12,0,0,1,4,0.1,0.9801998711475343,,27.837996675995992,0.9585569608155886,8.285433491420145,13.351023626858028,-4.16510692995934,13.150611708846101,-10.519322971748188,-1.5185850486688275,-4.935282069578601,-10.77685583521691,8.792018329369908,-12.594841166347694
aggregate,175,4.4,0.195,0.205,0.19800128852465781,0.19765306357867218,0.002653063578672177,0.3301083606447531,0.1324552970660809,-0.03492540528500913,,,,,26.435636435582726,17.741468861276886,12,0,0,1,4,0.1,0.9802346936421328,,27.846831379274864,0.9563288191202151,8.29202019729582,13.358873782022345,-4.162846734753117,13.15006917104713,-10.524212129280603,-1.5238742008190957,-4.938643536582628,-10.765712636298844,8.792285006648722,-12.593845894952393
aggregate,176,4.425,0.195,0.205,0.19765306357867218,0.19731945201920953,0.0023194520192095225,0.3298023870933252,0.13248293507411568,-0.03538551747526882,,,,,26.441556850107546,17.736944861379612,12,0,0,1,4,0.1,0.9802680547980791,,27.85543240740676,0.9541290336955636,8.298525236440685,13.366602547786421,-4.160495409936261,13.149776780542364,-10.528921105833257,-1.5295251024643406,-4.941790455862326,-10.754645953361747,8.792572457915117,-12.592614217842481
aggregate,177,4.45,0.195,0.205,0.1973194520192095,0.19700007219444834,0.002000072194448338,0.329503861230569,0.13250378903612067,-0.035817064068240805,,,,,26.447570637728788,17.7327432449509,12,0,0,1,4,0.1,0.9802999927805551,,27.863808526705867,0.9519592893573405,8.304953027153172,13.374212574555031,-4.158053366213797,13.14973429322283,-10.533455620083345,-1.5355334808031043,-4.944735204575577,-10.74365024942032,8.792879883062659,-12.591146894316033
aggregate,178,4.4750000000000005,0.195,0.205,0.19700007219444834,0.1966945533607007,0.0016945533607007068,0.3292125545916215,0.1325180012309208,-0.036220752630994994,,,,,26.453675004094507,17.728853520429137,12,0,0,1,4,0.1,0.9803305446639299,,27.871968235951485,0.9498211343202633,8.311307728968243,13.38170648958875,-4.155521197136425,13.149941289955123,-10.537821306982599,-1.541895238172924,-4.94748982844906,-10.732720086474654,8.793206624638898,-12.58944464687043
aggregate,179,4.5,0.195,0.205,0.1966945533607007,0.19640253583676157,0.0014025358367615592,0.32892824331148146,0.1325257074747199,-0.036597251980547835,,,,,26.45986787958942,17.72526556410888,12,0,0,1,4,0.1,0.9803597464163238,,27.879919775700955,0.9477159933844735,8.317593258501567,13.389086891971486,-4.152899663875421,13.15039717943683,-10.542023698709041,-1.5486064401389448,-4.950066019731012,-10.721850144942943,8.793552174572516,-12.587508161468277
aggregate,180,4.525,0.195,0.205,0.19640253583676154,0.1961236711111672,0.001123671111167207,0.32865070835494803,0.13252703724378082,-0.03694719357058886,,,,,26.46614787242783,17.72196962240644,12,0,0,1,4,0.1,0.9803876328888833,,27.88767113739168,0.9456451803722533,8.32381330448219,13.39635634798502,-4.1501896801730185,13.151101201110745,-10.546068206965142,-1.555663303622947,-4.952475098732687,-10.71103524163844,8.793916179969441,-12.585338088392783
aggregate,181,4.55,0.195,0.205,0.1961236711111672,0.19585762189819655,0.0008576218981965478,0.32837973571925017,0.1325221138210536,-0.03727117319249856,,,,,26.47251422332742,17.71895631294201,12,0,0,1,4,0.1,0.9804142378101803,,27.89523007222634,0.9436099098430446,8.329971341983601,13.403517386882127,-4.147392297576211,13.152052428101069,-10.549960106568932,-1.5630621850480535,-4.954727998625699,-10.700270346324555,8.794298447780863,-12.5829350437831
aggregate,182,4.575,0.195,0.205,0.19585762189819653,0.19560406215119017,0.00060406215119016,0.3281151166137804,0.13251105446259023,-0.03756975249166779,,,,,26.478966760973798,17.71621662450983,12,0,0,1,4,0.1,0.980439593784881,,27.902604099829293,0.9416113081085322,8.336070645866009,13.410572497048442,-4.144508691049871,13.15324977013063,-10.553704520351792,-1.5707995684701137,-4.9568352532121605,-10.689550596869172,8.794698948596201,-12.580299611731075
aggregate,183,4.6000000000000005,0.195,0.205,0.19560406215119014,0.19536267703363158,0.00036267703363157544,0.3278566476179069,0.1324939705842753,-0.03784346059878099,,,,,26.485505858944705,17.71374191602159,12,0,0,1,4,0.1,0.9804637322966369,,27.90980051666869,0.9396504235740245,8.342114303445506,13.417524122546851,-4.141540145046295,13.15469197639076,-10.557306405315547,-1.578872053673373,-4.958806987380704,-10.678871313039934,8.795117819531107,-12.57743234695036
aggregate,184,4.625,0.195,0.205,0.19536267703363158,0.1951331628510889,0.00013316285108888604,0.3276041308191313,0.13247096796804242,-0.0380927957677718,,,,,26.49213239385363,17.71152391449756,12,0,0,1,4,0.1,0.9804866837148911,,27.916826404237632,0.9377282364300736,8.348105226412223,13.424374660028047,-4.138488040096773,13.156377638337352,-10.560770540017232,-1.5872763442088929,-4.960652909991984,-10.668228008981206,8.795555366266925,-12.574333777986697
aggregate,185,4.65,0.195,0.205,0.19513316285108892,0.19491522694644906,-8.477305355095166e-05,0.32735737393305564,0.13244214698660658,-0.03831822703710974,,,,,26.498847704534906,17.709554712171645,12,0,0,1,4,0.1,0.9805084773053551,,27.923688636985997,0.9358456677179792,8.354046162018207,13.43112645600015,-4.135353839978914,13.158305192392874,-10.564101513151373,-1.5960092353548248,-4.962382308954214,-10.657616404417235,8.796012064278393,-12.571004410945546
aggregate,186,4.675,0.195,0.205,0.19491522694644903,0.19470858756084092,-0.0002914124391590889,0.3271161904071635,0.13240760284632258,-0.038520195908466864,,,,,26.50565355247921,17.707826762778335,12,0,0,1,4,0.1,0.9805291412439159,,27.930393889996896,0.9340035878051949,8.359939703562082,13.437781804439025,-4.132139079500384,13.160472922536199,-10.567303713288918,-1.6050676019814436,-4.964004048267612,-10.64703243462818,8.796488559280096,-12.567444733713925
aggregate,187,4.7,0.195,0.205,0.19470858756084092,0.1945129736611882,-0.00048702633881181345,0.32688039950879383,0.13236742584760564,-0.03869911809287396,,,,,26.512552082777173,17.706332877066867,12,0,0,1,4,0.1,0.9805487026338812,,27.936948646433652,0.9322028242128388,8.365788300194845,13.444342944731062,-4.128845352932885,13.162878962770424,-10.570381319739958,-1.6144483863039036,-4.965526566834831,-10.636472259246734,8.79698566691666,-12.563655220653985
aggregate,188,4.7250000000000005,0.195,0.205,0.19451297366118817,0.19432812473960442,-0.0006718752603955824,0.3266498264010481,0.1323217016614437,-0.038855385151085046,,,,,26.519545787068907,17.70506621762473,12,0,0,1,4,0.1,0.9805671875260396,,27.943359204665477,0.9304441690171785,8.371594266077945,13.450812059928198,-4.125474303121968,13.16552129945593,-10.573338294510233,-1.624148585509362,-4.966957878852057,-10.625932269921964,8.797504371716382,-12.559636337745227
aggregate,189,4.75,0.195,0.205,0.19432812473960445,0.19415379058198484,-0.0008462094180151647,0.3264243022047265,0.13227051162274167,-0.03898936632542149,,,,,26.5266374660366,17.704020293023962,12,0,0,1,4,0.1,0.9805846209418015,,27.949631685189026,0.9287283855754633,8.377359788917948,13.457191275308073,-4.122027611282074,13.16839777351023,-10.576178375304766,-1.6341652392451236,-4.96830557560994,-10.615409096900416,8.7980458253227,-12.555388548154362
aggregate,190,4.775,0.195,0.205,0.1941537905819848,0.19398973101132075,-0.0010102689886792582,0.3262036640500133,0.13221393303869253,-0.03910141024480832,,,,,26.53383019358678,17.703188951359348,12,0,0,1,4,0.1,0.980601026898868,,27.95577203725019,0.9270562147983911,8.383086937911608,13.463482657217765,-4.1185069874937215,13.171506082467392,-10.578905069563014,-1.6444954169586248,-4.969576828551324,-10.604899614566754,8.79861134402766,-12.550912318203014
aggregate,191,4.800000000000001,0.195,0.205,0.19398973101132078,0.19383571560385773,-0.0011642843961422733,0.32598775511695144,0.1321520395130937,-0.03919184678203759,,,,,26.541127281241128,17.702566373205656,12,0,0,1,4,0.1,0.9806164284396143,,27.961786045203368,0.9254283809051672,8.388777671127498,13.469688212193374,-4.114914161901031,13.174843782401476,-10.581521649487996,-1.6551362050807403,-4.970778393445834,-10.594400945992293,8.799202405545584,-12.54620812373873
aggregate,192,4.825,0.195,0.205,0.19383571560385773,0.1936915233837666,-0.0013084766162334005,0.3257764246674504,0.13208490128368378,-0.03926098876649951,,,,,26.548532243158068,17.702147064029983,12,0,0,1,4,0.1,0.9806308476616233,,27.96767933459267,0.9238455966902952,8.394433842356127,13.475809886335052,-4.111250876611751,13.178408289718204,-10.584031148057885,-1.6660846940465324,-4.971916615561433,-10.583910466528206,8.799820645161821,-12.541276456831568
aggregate,193,4.8500000000000005,0.195,0.205,0.19369152338376658,0.19355694249486735,-0.0014430575051326555,0.32556952806846634,0.132012585573599,-0.039309133820656865,,,,,26.556048761809027,17.701925846094714,12,0,0,1,4,0.1,0.9806443057505133,,27.973457377960433,0.922308568318988,8.400057207455598,13.481849564929961,-4.107518878289522,13.182196882822815,-10.586436355980956,-1.6773379651512397,-4.972997435712798,-10.573425806490079,8.800467851166136,-12.53611783280508
aggregate,194,4.875,0.195,0.205,0.19355694249486735,0.1934317698501776,-0.0015682301498224083,0.3253669268067888,0.1319351569566112,-0.03933656623516067,,,,,26.563680653873835,17.701897849873646,12,0,0,1,4,0.1,0.9806568230149822,,27.979125500378135,0.9208179996651695,8.405649430223994,13.487809072303904,-4.103719911429995,13.186206703674063,-10.58873981958257,-1.6888930772405861,-4.974026397089527,-10.562944852969785,8.801145959544662,-12.530732797591302
aggregate,195,4.9,0.195,0.205,0.19343176985017763,0.19331581076145712,-0.0016841892385428825,0.32516848849621155,0.13185267773475443,-0.03934355882413046,,,,,26.571431836276716,17.702058505000338,12,0,0,1,4,0.1,0.9806684189238543,,27.98468888469781,0.9193745962041203,8.41121208782444,13.493690171893462,-4.099855712309206,13.190434759236382,-10.590943839617607,-1.7007470532376214,-4.975008652780794,-10.552465750807176,8.801857047963079,-12.525121935363128
aggregate,196,4.925000000000001,0.195,0.205,0.19331581076145715,0.1932088785532259,-0.0017911214467740966,0.32497408687911444,0.13176520832588853,-0.03933037466114803,,,,,26.579306292570784,17.702403530771452,12,0,0,1,4,0.1,0.9806791121446774,,27.99015257652281,0.9179790684717534,8.416746675792645,13.499494566520323,-4.095928003587065,13.194877922843059,-10.593050471001089,-1.71289686651122,-4.9759489739196585,-10.541986902754214,8.802603329150779,-12.519285876363625
aggregate,197,4.95,0.195,0.205,0.1932088785532259,0.19311079415617002,-0.001889205843829983,0.3247836018200426,0.1316728076638726,-0.03929726906615658,,,,,26.587308039575458,17.702928926225805,12,0,0,1,4,0.1,0.980688920584383,,27.995521488900366,0.916632135104029,8.422254612651642,13.505223898862008,-4.091938489546187,13.199532935490655,-10.595061523422636,-1.7253394270970552,-4.976851758368151,-10.531506968869545,8.803387143466958,-12.513225304999489
aggregate,198,4.9750000000000005,0.195,0.205,0.19311079415617002,0.19302138568635793,-0.001978614313642074,0.32459691929383094,0.131575533607473,-0.03924449139673825,,,,,26.595441093801217,17.703630959805206,12,0,0,1,4,0.1,0.9806978614313642,,28.00080040673257,0.91533452546416,8.427737244161762,13.510879752100394,-4.087888851949909,13.204396407079797,-10.59697856286852,-1.7380715677817875,-4.977721039898587,-10.521024865163572,8.804210950825388,-12.50694096808192
aggregate,199,5.0,0.195,0.205,0.19302138568635793,0.19294048800942457,-0.002059511990575441,0.32441393136752905,0.13147344335810449,-0.039172286915960496,,,,,26.603709438091016,17.704506158614436,12,0,0,1,4,0.1,0.9807059511990576,,28.00599399090808,0.9140869818685646,8.433195847228639,13.51646365074273,-4.083780746494695,13.209464817622216,-10.598802914033847,-1.7510900300675694,-4.978560497812341,-10.51053976152405,8.805077321911028,-12.500433683209144
aggregate,200,5.025,0.195,0.205,0.19294048800942454,0.19286794229178975,-0.002132057708210261,0.324234536176597,0.13136659388480723,-0.03908089862232511,,,,,26.612116988131884,17.705551297287858,12,0,0,1,4,0.1,0.980713205770821,,28.01110678215527,0.912890261420365,8.438631633495556,13.521977061598665,-4.0796157998370655,13.214734518437051,-10.600535663626903,-1.7643914500371203,-4.979373466955876,-10.500051078947429,8.805988928718143,-12.493704347242012
aggregate,201,5.050000000000001,0.195,0.205,0.19286794229178975,0.19280359553825208,-0.0021964044617479306,0.3240586378946271,0.131255042356375,-0.0389705691449648,,,,,26.62066755904474,17.70676338647513,12,0,0,1,4,0.1,0.9807196404461748,,28.016143204618327,0.9117451374591775,8.44404575264089,13.527421394908384,-4.075395607168957,13.220201733356555,-10.60217766455956,-1.7779723441449422,-4.980162948094739,-10.489558486098787,8.806948534347221,-12.48675394485744
aggregate,202,5.075,0.195,0.205,0.1928035955382521,0.19274730012260674,-0.002252699877393266,0.32388614669861465,0.1311388465760079,-0.038841542413068635,,,,,26.62936483169326,17.70813966094726,12,0,0,1,4,0.1,0.9807252699877393,,28.021107569159735,0.9106524006340222,8.449439295404872,13.532798005605821,-4.071121730321322,13.225862559965478,-10.603729541042075,-1.791829094962331,-4.9809316186215105,-10.479061895218807,8.807958982263637,-12.47958355705767
aggregate,203,5.1000000000000005,0.195,0.205,0.19274730012260674,0.19269891330620031,-0.002301086693799692,0.32371697872716854,0.13101806542096822,-0.03869406554983913,,,,,26.63821231947109,17.70967756734567,12,0,0,1,4,0.1,0.9807301086693799,,28.026004076390343,0.9096128596103155,8.454813296364572,13.53810819471418,-4.066795696366046,13.231712970899366,-10.60519169454904,-1.8059579369128096,-4.981681843556772,-10.468561457407285,8.809023184794983,-12.472194369687498
aggregate,204,5.125,0.195,0.205,0.1926989133062003,0.19265829674959783,-0.0023417032504021718,0.32355105603282863,0.1308927592832308,-0.03852839059500136,,,,,26.647213334534612,17.71137475156752,12,0,0,1,4,0.1,0.9807341703250402,,28.0308368194331,0.9086273414162215,8.460168736479224,13.543353210858042,-4.062418996695456,13.237748815224597,-10.606564310684686,-1.820354942035126,-4.982415686834849,-10.45805755729615,8.81014411102384,-12.464587681858065
aggregate,205,5.15,0.195,0.205,0.19265829674959786,0.19262531602138167,-0.0023746839786183416,0.32338830652928413,0.13076299050790247,-0.038344776086473145,,,,,26.656370954378282,17.713229045803374,12,0,0,1,4,0.1,0.9807374683978618,,28.03560978642299,0.9076966914368126,8.465506545422585,13.548534251889011,-4.057993086553218,13.243965819925505,-10.607847366942115,-1.8350160058178473,-4.983134922852479,-10.44755080713331,8.811324774185952,-12.456764914183495
aggregate,206,5.175000000000001,0.195,0.205,0.19262531602138167,0.19259984010043218,-0.002400159899567822,0.3232286639311532,0.130628823830721,-0.03814348879665358,,,,,26.665687988751575,17.715238455244265,12,0,0,1,4,0.1,0.9807400159899567,,28.04032686275137,0.906821773066647,8.47082760372278,13.553652466612144,-4.053519384988492,13.250359591526088,-10.60904064132582,-1.8499368331572303,-4.9838410482530495,-10.437042040303727,8.812568218417313,-12.448727616870084
aggregate,207,5.2,0.195,0.205,0.19259984010043218,0.19258174087804986,-0.0024182591219501504,0.32307206768764873,0.13049032680959888,-0.037924805232906283,,,,,26.67516694641687,17.717401144459338,12,0,0,1,4,0.1,0.980741825912195,,28.04499183306114,0.906003467027093,8.476132744724213,13.55870895660969,-4.048999275210802,13.256925617869026,-10.610143721859146,-1.8651129244902704,-4.984535293944363,-10.426532304302095,8.813877505054968,-12.440477477525233
aggregate,208,5.2250000000000005,0.195,0.205,0.19258174087804988,0.19257089266041916,-0.0024291073395808493,0.3229184629094095,0.13034757024899035,-0.03768901311816489,,,,,26.684810002645463,17.719715423469108,12,0,0,1,4,0.1,0.980742910733958,,28.049608382996624,0.9052426703593119,8.481422756390064,13.56370477814962,-4.044434105318165,13.26365927007835,-10.611156016946186,-1.8805395621650776,-4.985218637329027,-10.416022853182154,8.815255698479474,-12.432016328662872
aggregate,209,5.25,0.195,0.205,0.19257089266041916,0.19256717167366322,-0.002432828326336789,0.32276780028801766,0.13020062861435444,-0.03743641277990129,,,,,26.694618967026166,17.7221797335269,12,0,0,1,4,0.1,0.9807432828326337,,28.054180100721894,0.9045402951026622,8.486698382958169,13.568640944177218,-4.039825189372433,13.270555804730062,-10.612076766576308,-1.8962117971128463,-4.985891814735865,-10.405515139505503,8.81670585157193,-12.423346154839066
aggregate,210,5.275,0.195,0.205,0.19256717167366325,0.192570455573963,-0.002429544426037017,0.3226200360081256,0.13004958043416262,-0.03716731843186649,,,,,26.704595252068568,17.724792632632578,12,0,0,1,4,0.1,0.9807429544426037,,28.058710478214113,0.9038972666697578,8.491960326466947,13.573518426377175,-4.035173808796735,13.277610366255086,-10.61290505434768,-1.9121244358923823,-4.986555334037534,-10.395010805812543,8.8182309908517,-12.414469099362726
aggregate,211,5.300000000000001,0.195,0.205,0.19257045557396296,0.19258062296485068,-0.0024193770351493282,0.32247513165153097,0.1298945086866803,-0.03688205935561424,,,,,26.714739842565436,17.72755278080072,12,0,0,1,4,0.1,0.9807419377035149,,28.063202912345904,0.9033145219301059,8.497209248162617,13.578338157304737,-4.030481214067264,13.284817989596062,-10.613639820280955,-1.928272028182698,-4.9872094874419055,-10.384511675642862,8.819834101369,-12.40538747052447
aggregate,212,5.325,0.195,0.205,0.19258062296485068,0.19259755292445563,-0.0024024470755443783,0.32233305409311724,0.12973550116866162,-0.03658098094892207,,,,,26.725053266131468,17.730458925114803,12,0,0,1,4,0.1,0.9807402447075544,,28.067660705763313,0.9027930070155834,8.502445769801852,13.583101032575739,-4.025748626674731,13.292173603140665,-10.614279874390588,-1.944648854803657,-4.987854364440246,-10.374019744130152,8.82151811143378,-12.396103747285336
aggregate,213,5.3500000000000005,0.195,0.205,0.19259755292445563,0.19262112454486938,-0.00237887545513063,0.32219377538809874,0.12957265084322936,-0.036264445657036286,,,,,26.735535564935944,17.733509884598146,12,0,0,1,4,0.1,0.980737887545513,,28.07208706757756,0.9023336748619379,8.507670474861529,13.587807913109362,-4.0209772413287626,13.299672031951824,-10.614823910968418,-1.961248916350226,-4.988489864896915,-10.363537168202443,8.82328587726574,-12.386620584373938
aggregate,214,5.375,0.195,0.205,0.19262112454486938,0.1926512164862091,-0.0023487835137909197,0.3220572726501313,0.1294060561639222,-0.035932833764009256,,,,,26.746186268968806,17.7367045349395,12,0,0,1,4,0.1,0.9807348783513791,,28.07648511388127,0.90193748250183,8.512883909665325,13.592459627420535,-4.016168228377576,13.307308001311506,-10.615270523534793,-1.9780659225282748,-4.989115712261063,-10.353066256416874,8.825140167657251,-12.37694081673909
aggregate,215,5.4,0.195,0.205,0.1926512164862091,0.19268770654783138,-0.002312293452168629,0.32192352792000584,0.12923582137217446,-0.03558654404147754,,,,,26.75700437099894,17.740041793113846,12,0,0,1,4,0.1,0.9807312293452168,,28.080857868107,0.9016053881261461,8.518086584439496,13.59705697395068,-4.011322736418523,13.315076140596656,-10.615618220400231,-1.9950932822847043,-4.989731466880238,-10.342609458461968,8.827083648744305,-12.367067463309406
aggregate,216,5.425000000000001,0.195,0.205,0.1926877065478314,0.19273047125920986,-0.0022695287407901443,0.321792528024384,0.12906205676517415,-0.03522599424483325,,,,,26.76798830359537,17.743520601946585,12,0,0,1,4,0.1,0.980726952874079,,28.085208261238506,0.9013383479316223,8.523278974305196,13.601600723435904,-4.006441895070628,13.322970987498925,-10.615865440775611,-2.0123240948269725,-4.990336539393197,-10.332169354361517,8.829118868983414,-12.357003730016427
aggregate,217,5.45,0.195,0.205,0.19273047125920983,0.19277938549282775,-0.0022206145071722583,0.32166426442434926,0.1288848789315215,-0.03485162145635133,,,,,26.779135918316346,17.747139914670132,12,0,0,1,4,0.1,0.9807220614507173,,28.089539131896142,0.9011373127739524,8.528461520218398,13.60609162130086,-4.0015268178844074,13.330986992602103,-10.6160105713612,-2.029751141629544,-4.990930204176584,-10.321748643416024,8.831248244435965,-12.346753012038477
aggregate,218,5.4750000000000005,0.195,0.205,0.19277938549282775,0.19283432210155926,-0.002165677898440743,0.3215387330532714,0.12870441095171214,-0.03446388226268969,,,,,26.79044446741685,17.750898679529097,12,0,0,1,4,0.1,0.9807165677898441,,28.093853226310237,0.9010032246468547,8.533634629863352,13.61053039007729,-3.9965786053606767,13.339118524324439,-10.616051963338377,-2.047366879526089,-4.991511612818088,-10.311350132919289,8.83347404446869,-12.33631889522888
aggregate,219,5.5,0.195,0.205,0.1928343221015593,0.1928951515813489,-0.0021048484186511063,0.3214159341432356,0.1285207825618867,-0.0340632528268564,,,,,26.801910588214458,17.75479582449216,12,0,0,1,4,0.1,0.9807104848418651,,28.09815319820308,0.9009370130088387,8.538798678509378,13.614917731835172,-3.9915983480522144,13.34735987423284,-10.615987949679704,-2.0651634349871184,-4.992079807585189,-10.300976726689374,8.835798377921995,-12.325705156719666
aggregate,220,5.525,0.195,0.205,0.19289515158134887,0.19296174176488004,-0.0020382582351199663,0.32129587204102134,0.1283341302761413,-0.03365022865577335,,,,,26.81353029048557,17.758830242134582,12,0,0,1,4,0.1,0.980703825823512,,28.102441608590798,0.9009395909794029,8.54395400983569,13.619254330624374,-3.9865871297218796,13.355705262729987,-10.615816862700113,-2.083132599681239,-4.992633734862557,-10.290631413451994,8.838223179971969,-12.314915764621263
aggregate,221,5.550000000000001,0.195,0.205,0.19296174176488004,0.19303395754318206,-0.0019660424568179458,0.3211785550114924,0.12814459746831033,-0.03322532439768522,,,,,26.825298947173696,17.76300077476308,12,0,0,1,4,0.1,0.9806966042456818,,28.106720925529977,0.9010118514300818,8.549100936731982,13.623540854917096,-3.9815460305291834,13.364148845117526,-10.615537051732025,-2.101265827419682,-4.993172258512941,-10.280317255122329,8.840750199613222,-12.303954876876842
aggregate,222,5.575,0.195,0.205,0.19303395754318203,0.1931116606207006,-0.001888339379299414,0.32106399502964267,0.12795233440894208,-0.03278907333405605,,,,,26.83721128824989,17.767306199845603,12,0,0,1,4,0.1,0.9806888339379299,,28.110993523824423,0.9011546629927736,8.55423974208031,13.627777960042925,-3.976476130220125,13.372684718027916,-10.615146900851224,-2.119554232577106,-4.9936941731370315,-10.270037375022659,8.843380987991127,-12.292826839199828
aggregate,223,5.6000000000000005,0.195,0.205,0.19311166062070056,0.19319470930277527,-0.0018052906972247373,0.3209522075599724,0.12775749825719712,-0.03234202681391573,,,,,26.849261398381415,17.77174521582556,12,0,0,1,4,0.1,0.9806805290697225,,28.115261684705803,0.9013688660115384,8.559370679522017,13.631966290612583,-3.9713785112930817,13.381306926219695,-10.614644846537127,-2.1379885900814264,-4.99419821718686,-10.259794946080344,8.84611688757773,-12.281536182134728
aggregate,224,5.625,0.195,0.205,0.19319470930277524,0.1932829583198126,-0.0017170416801874089,0.32084321132465726,0.12756025300484466,-0.03188475341909083,,,,,26.861442718327037,17.776316428393084,12,0,0,1,4,0.1,0.9806717041680187,,28.119527595512068,0.9016552684623005,8.564493974216123,13.63610648291682,-3.9662542621156494,13.390009469724431,-10.614029395174404,-2.1565593370583453,-4.994683085899848,-10.249593179047748,8.848959022384893,-12.270087617186983
aggregate,225,5.65,0.195,0.205,0.1932829583198126,0.1933762586852931,-0.0016237413147069113,0.32073702805813376,0.12736076937284066,-0.031417838134438346,,,,,26.873748050208153,17.781018337291222,12,0,0,1,4,0.1,0.9806623741314707,,28.123793349374477,0.9020146418678852,8.569609823591188,13.64019916729785,-3.9611044799649093,13.39878631133258,-10.6132991402714,-2.1752565762122806,-4.995147444004308,-10.239435310789839,8.851908289161285,-12.258486032117471
aggregate,226,5.675000000000001,0.195,0.205,0.1933762586852931,0.1934744575911665,-0.0015255424088335134,0.3206336822507009,0.1271592246595344,-0.030941881274426253,,,,,26.886169567232553,17.785849323743516,12,0,0,1,4,0.1,0.9806525542408834,,28.12806094493238,0.9024477172326612,8.57471839809515,13.644244970480278,-3.9559302739677555,13.407631384398776,-10.612452779304165,-2.194070081015698,-4.995589938163648,-10.229324592678818,8.8549653497107,-12.246736485329588
aggregate,227,5.7,0.195,0.205,0.1934744575911665,0.19357739834004958,-0.0014226016599504232,0.320533200879163,0.1269558025391134,-0.030457497321153205,,,,,26.898698826781267,17.790807638562647,12,0,0,1,4,0.1,0.980642260165995,,28.132332286091856,0.9029551810232446,8.579819841946293,13.648244517852953,-3.95073276791645,13.41653860094645,-10.611489130077253,-2.2129893027701573,-4.996009209115679,-10.21926427913812,8.858130624394768,-12.234844199443629
aggregate,228,5.7250000000000005,0.195,0.205,0.19357739834004956,0.19368492031455128,-0.0013150796854487223,0.3204356131260223,0.12675069281147103,-0.029965313639532358,,,,,26.911326788456922,17.795891391037312,12,0,0,1,4,0.1,0.9806315079685448,,28.13660918183754,0.9035376712207278,8.584914273886064,13.652198435695329,-3.9455131029349655,13.425501860046678,-10.61040714648877,-2.232003379594562,-4.9964039034645005,-10.209257616377597,8.861404286837429,-12.22281455405038
aggregate,229,5.75,0.195,0.205,0.1936849203145513,0.1937968589836149,-0.0012031410163851064,0.3203409500872245,0.12654409110360962,-0.029465969085499998,,,,,26.92404383600797,17.80109853866525,12,0,0,1,4,0.1,0.9806203141016385,,28.14089334611511,0.9041957734692916,8.590001787937782,13.656107353333601,-3.9402724399743776,13.434515056444509,-10.609205933599469,-2.2511011473827622,-4.996772685085704,-10.199307831359027,8.864786259883646,-12.210653077695993
aggregate,230,5.775,0.195,0.205,0.1937968589836149,0.19391304594537984,-0.0010869540546201706,0.32024924446884423,0.1263361985234644,-0.028960112523737352,,,,,26.93683980343483,17.806426877806626,12,0,0,1,4,0.1,0.980608695405462,,28.145186397796298,0.9049300173453994,8.595082454170553,13.659971905221644,-3.935011962114017,13.443572089400577,-10.607884761907501,-2.2702711527596797,-4.997114246105157,-10.18941812103028,8.868276212836614,-12.198365439139586
aggregate,231,5.800000000000001,0.195,0.205,0.1939130459453798,0.19403330900624152,-0.0009666909937584844,0.3201605302736178,0.12612722126737627,-0.02844840124868894,,,,,26.949704005371753,17.811874035332888,12,0,0,1,4,0.1,0.9805966690993758,,28.149489860731354,0.9057408727709737,8.60015631947085,13.66379273293298,-3.9297328766495054,13.452666871715982,-10.606443080730825,-2.2895016680530182,-4.997427317413217,-10.179591641864734,8.871873559989842,-12.18595743793137
aggregate,232,5.825,0.195,0.205,0.1940333090062415,0.19415747229483613,-0.0008425277051638813,0.32007484247796275,0.12591737018312663,-0.027931499348630075,,,,,26.962625271375988,17.817437461335544,12,0,0,1,4,0.1,0.9805842527705164,,28.153805163905798,0.9066287465926985,8.605223408322214,13.667570487053602,-3.9244364169472337,13.461793338903865,-10.604880530605788,-2.3087807082817515,-4.997710678677444,-10.16983149974097,8.875577460458405,-12.17343499436748
aggregate,233,5.8500000000000005,0.195,0.205,0.19415747229483613,0.1942853564101066,-0.0007146435898933989,0.3199922167004374,0.12570686029033082,-0.027410075998611595,,,,,26.975591984129164,17.823114422958394,12,0,0,1,4,0.1,0.9805714643589893,,28.158133641701117,0.9075939793484168,8.610283723592048,13.671305828968485,-3.9191238440488125,13.47094545847034,-10.60319695462099,-2.3280960501457413,-4.997963167819773,-10.160140740195338,8.879386819304688,-12.1608041388771
aggregate,234,5.875,0.195,0.205,0.1942853564101066,0.19441677860215675,-0.0005832213978432532,0.31991268886302965,0.1254959102608729,-0.026884803703572328,,,,,26.98859212141476,17.828901999412395,12,0,0,1,4,0.1,0.9805583221397843,,28.162476534270365,0.9086368422401604,8.615337247327346,13.674999432526423,-3.91379644800772,13.480117239263512,-10.601392408604159,-2.34743525298645,-4.9981836899255185,-10.150522339078178,8.883300289949089,-12.148071000901822
aggregate,235,5.9,0.195,0.205,0.19441677860215675,0.19455155298300858,-0.00044844701699142675,0.3198362948458241,0.12528474186281552,-0.026356356558605225,,,,,27.00161330138938,17.834797078220006,12,0,0,1,4,0.1,0.9805448447016991,,28.166834988033497,0.909757534331875,8.620383941556918,13.678651985578238,-3.908455548945117,13.489302740850732,-10.599467170093344,-2.366785681668905,-4.998371225554071,-10.140979193642464,8.887316277795744,-12.13524179734848
aggregate,236,5.925000000000001,0.195,0.205,0.19455155298300858,0.1946894907687982,-0.0003105092312017943,0.31976307013786054,0.12507357936906233,-0.02582540835824506,,,,,27.01464283111603,17.840796352732994,12,0,0,1,4,0.1,0.9805310509231202,,28.17121005628906,0.9109561799873979,8.625423749100802,13.682264191374609,-3.903102497813803,13.498496082880674,-10.5974217460411,-2.386134531317226,-4.998524838429244,-10.131514114088862,8.891432945147587,-12.122322820638287
aggregate,237,5.95,0.195,0.205,0.19468949076879818,0.1948304005470491,-0.00016959945295091927,0.3196930494842664,0.12486264893721732,-0.025292630866452233,,,,,27.027667758153516,17.846896320965197,12,0,0,1,4,0.1,0.9805169599452951,,28.1756026999536,0.9122328265646812,8.630456594385842,13.685836769814978,-3.8977386768558784,13.50769145438734,-10.595256879174629,-2.405468853821172,-4.998643682476027,-10.122129815594713,8.895648217216433,-12.109320426480341
aggregate,238,5.9750000000000005,0.195,0.205,0.19483040054704906,0.1949740885703123,-2.5911429687719423e-05,0.31962626653237125,0.12465217796205896,-0.024758691959715674,,,,,27.040674924359607,17.85309328575748,12,0,0,1,4,0.1,0.9805025911429688,,28.180013788418684,0.9135874423772842,8.635482384265002,13.689370458541154,-3.892365499751193,13.516883122992851,-10.592973552994593,-2.424775586006882,-4.998727008194332,-10.112828910844248,8.899959789287282,-12.09624102139233
aggregate,239,6.0,0.195,0.205,0.19497408857031231,0.19512035907244155,0.00012035907244153932,0.31956275347849983,0.12444239440605828,-0.024224253840707227,,,,,27.053651022019974,17.859383356297077,12,0,0,1,4,0.1,0.9804879640927558,,28.18444410053365,0.9150199149346366,8.64050100884105,13.692866013862805,-3.886984411446841,13.526065443964283,-10.590572995366342,-2.4440415793510812,-4.998774168346312,-10.10361390307965,8.904365134929442,-12.083091050056582
allocation,0,0.025,0.195,0.205,0.9528077435349479,0.9008435429403724,0.7058435429403724,0.9247245635246186,0.023881020584246238,0.15294416792961957,-9.727767874338797e-12,-1.806784632811194e-11,329.9578888133471,10.0,24.082147097947118,29.415873207057558,15,0,0,0,0,0.1,0.9099156457059627,1.6782945342419286e-16,12.509697673891672,0.15014287762963344,5.832769017669704,10.490073491375584,-6.052607943163867,10.738262188560299,-12.180171381913024,-0.06512454148978876,-6.176213747963316,-10.256905851494025,6.003991731803904,-10.42407180978297
allocation,1,0.05,0.195,0.205,0.9008435429403724,0.851255113159602,0.6562551131596019,0.88799556659837,0.03674045343876797,0.10481344497938966,-1.1775693440128312e-16,-1.708438211757336e-11,322.78652254585944,10.0,24.44570257492972,28.90859631662573,15,0,0,0,0,0.1,0.9148744886840398,1.9736434693636125e-16,12.976062780844535,0.18717490081636595,5.851823593927149,10.58787840324186,-6.041900471639932,10.86515715167529,-12.256447369761288,-0.08664303021310318,-6.2083222614206734,-10.37174868198672,6.032026306387037,-10.525292824134313
allocation,2,0.07500000000000001,0.195,0.205,0.8512551131596019,0.803961428343523,0.608961428343523,0.8534576760500201,0.049496247706497076,0.03641841242817778,-1.74430893659154e-11,-1.757699862648539e-11,546.977135934567,10.0,24.65859140229364,28.424048000130952,15,0,0,0,0,0.1,0.9196038571656477,1.0013427371767394e-16,13.428054232174924,0.2289167303491482,5.8938449743892765,10.689419815546072,-6.021998850919141,10.976352165026512,-12.306873375697569,-0.10302934097042263,-6.233732462505815,-10.482019104029922,6.064703953305532,-10.618188087841649
allocation,3,0.1,0.195,0.205,0.8039614283435228,0.7595228319826223,0.5645228319826223,0.8154870999332889,0.05596426795066667,0.016455098718977483,-1.443999437298141e-11,-1.7911025983992498e-11,292.86246244061243,10.0,24.748988831753294,27.952559997403938,15,0,0,0,0,0.1,0.9240477168017378,1.496293273509629e-16,13.858206520845497,0.2662002491795943,5.888072257821414,10.803341534287936,-6.010343612186015,11.128489502514496,-12.332903927875124,-0.1133315026905223,-6.241239836213433,-10.604353334271156,6.09991354223842,-10.733004903509265
allocation,4,0.125,0.195,0.205,0.7595228319826223,0.7185805652647596,0.5235805652647596,0.7794768606486095,0.060896295383849997,0.007794431782152229,-1.5997976266942852e-11,-1.6768322505640314e-11,265.7244523578068,10.0,25.080378810500708,27.50559841502732,15,0,0,0,0,0.1,0.9281419434735241,2.0816681711721685e-16,14.267387787567511,0.3048047144894312,5.916703913602087,10.901800684706675,-5.97561451563334,11.28194757356977,-12.350229391537917,-0.12370265479294525,-6.2345117123861185,-10.724468548363518,6.133192089422393,-10.84461896196709
allocation,5,0.15000000000000002,0.195,0.205,0.7185805652647599,0.6807493171105589,0.48574931711055885,0.7436952881455821,0.0629459710350232,0.004363333255793623,-1.4722884555090025e-11,-1.635365127422406e-11,258.91676306033366,10.0,25.185441329083652,27.0736196088044,15,0,0,0,0,0.1,0.9319250682889442,1.4220500840710912e-16,14.661572989104918,0.341277009088918,5.93241803515286,11.005104564724721,-5.9384027339698235,11.431639953580035,-12.366591750347027,-0.12693088768388242,-6.199369083430919,-10.847738682525275,6.181454589565019,-10.965665819187874
allocation,6,0.17500000000000002,0.195,0.205,0.6807493171105592,0.6459248236747543,0.45092482367475434,0.7112290496771786,0.06530422600242425,0.0032138948388363547,-1.623139504362086e-11,-1.634809707215147e-11,223.280541279963,10.0,25.234022753973186,26.660257235672297,15,0,0,0,0,0.1,0.9354075176325246,2.7755575615628914e-17,15.045439457990845,0.3783925461752583,5.9653756702486955,11.104939331615288,-5.889326598581702,11.567111135614567,-12.387221309535486,-0.13522257043308714,-6.159783624594047,-10.959800971417364,6.230652286509787,-11.067474321549147
allocation,7,0.2,0.195,0.205,0.6459248236747545,0.6148942801452268,0.41989428014522684,0.6865685894198694,0.07167430927464258,0.05695039877646593,-1.5694212441576878e-11,-1.7437152453806003e-11,236.8628589174426,10.0,26.502236920301353,26.29026288784931,15,0,0,0,0,0.1,0.9385105719854773,1.1464934308770758e-16,15.429788705329184,0.4209207445013574,5.9454127473457365,11.143508726269493,-5.875692211782241,11.69279264769883,-12.39707094819251,-0.14338187749657427,-6.135105091503488,-11.04846142378449,6.221447219758426,-11.136785037063355
allocation,8,0.225,0.195,0.205,0.6148942801452266,0.5856565911813837,0.3906565911813837,0.6612164391017117,0.075559847920328,0.025746137482434615,-1.4603523182457527e-11,-1.60359209857842e-11,182.717173907093,10.0,25.73187938225851,25.91584540356011,15,0,0,0,0,0.1,0.9414343408818616,1.2813490069415586e-16,15.808840061017536,0.46121819386022106,5.939637618284265,11.194942651271816,-5.840415311581138,11.810834156497766,-12.434205700028777,-0.15002489886205028,-6.090522627763206,-11.14500290866906,6.223403120843629,-11.212860609748205
allocation,9,0.25,0.195,0.205,0.585656591181384,0.5584349828096697,0.36343498280966974,0.6359758279141451,0.07754084510447534,0.013891660062351834,-1.4578455675046853e-11,-1.553637889716769e-11,169.37449279514308,10.0,25.01713088935793,25.537663140436187,15,0,0,0,0,0.1,0.944156501719033,2.3795449221434073e-16,16.18485383908774,0.5016780484116655,5.9499087784540166,11.256179124373,-5.792093896324146,11.921465087072637,-12.48891136483069,-0.15667807392981384,-6.0342156861523275,-11.23549323200896,6.242448224443326,-11.296795521291028
allocation,10,0.275,0.195,0.205,0.5584349828096699,0.5343266500630413,0.33932665006304125,0.6173787201850834,0.08305207012204219,0.060130018314809214,-1.3320821428719014e-11,-1.7960523148752503e-11,236.8287459098304,10.0,25.98990382364423,25.191174319030456,15,0,0,0,0,0.1,0.9465673349936958,7.473417450352271e-17,16.56465363001612,0.5444989343547035,5.934535120734014,11.271586180638472,-5.757976350714923,12.007226554238404,-12.544866622323738,-0.18056022039686934,-5.9888393019354735,-11.325492228669997,6.224706079416988,-11.333389477046723
allocation,11,0.30000000000000004,0.195,0.205,0.5343266500630413,0.5111427272942567,0.3161427272942567,0.5965449038339593,0.08540217653970261,0.024281637964636907,-6.623827560072175e-17,-1.7728002268699305e-11,315.46922239630993,10.0,24.65542364565221,24.828851755212884,15,0,0,0,0,0.1,0.9488857272705743,6.206335383118183e-17,16.94367986302855,0.5915554464707105,5.941938560608291,11.309362195208468,-5.717078174666559,12.099177607831608,-12.595816121904742,-0.19699624792914394,-5.945254485954254,-11.412509031420807,6.236942192174433,-11.394210584950436
allocation,12,0.325,0.195,0.205,0.5111427272942567,0.48938830793233434,0.29438830793233434,0.5750082242843524,0.08561991635201804,0.014729975120694822,-1.5505713028834024e-11,-1.6232631491432075e-11,189.21534547209018,10.0,23.540233833920986,24.44729693948714,14,0,1,0,1,0.1,0.9510611692067665,1.249000902703301e-16,17.325871425394,0.6406983374359957,5.961790918458726,11.355593741147462,-5.656190108157255,12.190605498695618,-12.709167737585412,-0.20152359856494467,-5.881945924301029,-11.490528038185465,6.264821896129143,-11.4638296724802
allocation,13,0.35000000000000003,0.195,0.205,0.4893883079323343,0.46893738290372117,0.27393738290372116,0.553162550587646,0.0842251676839248,0.006864340925909708,-1.4006253878000551e-11,-1.6079120607823203e-11,175.52987534697513,10.0,22.851799628299457,24.058941531393195,14,0,0,0,1,0.1,0.9531062617096279,5.887846720064156e-17,17.708954863705912,0.6909746387909536,5.993540126161479,11.411805137926018,-5.586659924443371,12.27980536723581,-12.830895454621563,-0.2035459593537237,-5.812003842440863,-11.567320321312163,6.30681600685392,-11.542541537549294
allocation,14,0.375,0.195,0.205,0.46893738290372117,0.4523673233009595,0.2573673233009595,0.5434334980716483,0.09106617477068879,0.10250048449930518,-1.4107084479716382e-11,-1.7623306540938696e-11,637.1079001295824,10.0,26.008885069180362,23.745586956768467,14,0,0,0,1,0.1,0.954763267669904,5.887846720064156e-17,18.095337562764612,0.7578388654761038,5.966047952220199,11.380104988194965,-5.54833542425555,12.33202633174867,-12.921019638373693,-0.22927570599780916,-5.769032796659523,-11.638153239445812,6.266643079325983,-11.52803833860148
allocation,15,0.4,0.195,0.205,0.4523673233009596,0.4363283276538076,0.24132832765380757,0.5314975089102977,0.0951691812564901,0.06901815129795773,-1.6886133411969862e-11,-1.7681184074196927e-11,296.32247894975245,10.0,24.637905288416505,23.415549827461902,14,0,0,0,1,0.1,0.9563671672346192,7.076311083754595e-17,18.48595326685244,0.8253917312132746,5.955202427203718,11.365013130525933,-5.5098179974836725,12.400254250383709,-13.00167179921154,-0.23353183178379167,-5.730999109559498,-11.708060432990306,6.249724803894454,-11.532146103091467
allocation,16,0.42500000000000004,0.195,0.205,0.4363283276538076,0.42077891392250416,0.22577891392250415,0.5175438091007499,0.09676489517824577,0.03590922822161038,-1.6127967656174536e-11,-1.7867593301354158e-11,701.4108896481163,10.0,22.965785386366406,23.057353107308433,14,0,0,0,1,0.1,0.9579221086077496,3.98609107286759e-17,18.88778415694892,0.9054608940700213,5.962352430037966,11.368961011147249,-5.4632353927844095,12.47283763695522,-13.092517049658008,-0.2403231400088127,-5.697468482639122,-11.771263919420477,6.262037033053409,-11.564148181083802
allocation,17,0.45,0.195,0.205,0.42077891392250416,0.4060151892503206,0.2110151892503206,0.5016652094992362,0.09565002024891561,0.016641718894105765,-1.602390241866687e-11,-1.7007793498092658e-11,739.1413076759767,10.0,21.517596151382715,22.673207187836695,14,0,0,0,1,0.1,0.959398481074968,6.206335383118183e-17,19.305652465519728,0.9831509212332914,5.985849988839145,11.38991158506196,-5.411120810905158,12.555055931475312,-13.185142148186156,-0.23352750196581426,-5.667951646558433,-11.843230483781445,6.288211766956696,-11.607321193329906
allocation,18,0.47500000000000003,0.195,0.205,0.40601518925032054,0.39215258444414397,0.19715258444414396,0.4855878190129564,0.09343523456881242,0.007785105948679315,-1.6464293727171934e-11,-1.7646085147936946e-11,255.27542633736493,10.0,20.15249424140452,22.2649573761431,14,0,0,0,1,0.1,0.9607847415555856,4.8074067159589095e-17,19.7462393022454,1.0560203762108544,6.026553334641771,11.42889716256996,-5.356403710678503,12.625431525211328,-13.270332269669236,-0.2275420711640171,-5.6540507349353115,-11.913595892094737,6.327979018974271,-11.660646252025176
allocation,19,0.5,0.195,0.205,0.39215258444414386,0.37922269394372876,0.18422269394372875,0.46906333958651747,0.08984064564278871,0.006425500135764932,-1.6218160383162426e-11,-1.877022473623466e-11,765.5634950806798,10.0,18.862393125274846,21.8316296962091,14,0,0,0,1,0.1,0.9620777306056272,5.003707553108401e-17,20.210307502437466,1.1172033369857872,6.080014489444784,11.489341243040085,-5.294927008695275,12.685909198015247,-13.347784965644971,-0.22219564796099764,-5.657252751312457,-11.986550815929116,6.385456944199359,-11.719950991801323
allocation,20,0.525,0.195,0.205,0.3792226939437288,0.36713560961035024,0.17213560961035024,0.4535711443270729,0.08643553471672266,0.0022057223332360306,-1.7370586666731477e-11,-1.949911317421447e-11,513.8293621732862,10.0,17.56330309646902,21.373282993349278,14,0,0,0,1,0.1,0.9632864390389649,3.1031676915590914e-17,20.702354028780885,1.1592608054615783,6.153968200122131,11.519542490400223,-5.260696775942478,12.762664683568868,-13.406423068311836,-0.2214873688135072,-5.699776174410978,-12.04922676384584,6.455564948565786,-11.783745241262144
allocation,21,0.55,0.195,0.205,0.3671356096103502,0.3559456294616211,0.1609456294616211,0.4402360509821752,0.0842904215205541,0.009783532557343492,-1.9125846998222337e-11,-1.962909229709882e-11,743.3501581261613,10.0,16.898264224054042,20.889533468694967,13,0,1,0,2,0.1,0.9644054370538379,5.003707553108401e-17,21.21943601368016,1.1760019003385291,6.238864337050775,11.566879480995961,-5.24376901609317,12.835790777810995,-13.43868587324882,-0.2453474014741335,-5.832418919119881,-12.105868285577971,6.551936333911769,-11.793872272087295
allocation,22,0.5750000000000001,0.195,0.205,0.3559456294616211,0.3453237231073683,0.1503237231073683,0.42532785359522596,0.08000413048785765,0.014021525408295495,-1.939893146227258e-11,-1.965566979186624e-11,958.7694694011052,10.0,15.543877198986923,20.408066901247583,13,0,0,0,2,0.1,0.9654676276892632,3.925231146709438e-17,21.71329527881851,1.168853855221056,6.327207963381414,11.629478345164578,-5.250890575025894,12.900674118766325,-13.475208653059765,-0.2632943198623087,-5.936896636065745,-12.169669880558745,6.674704220609412,-11.842514060782511
allocation,23,0.6000000000000001,0.195,0.205,0.3453237231073683,0.3354777454831526,0.14047774548315262,0.4112355096183481,0.07575776413519547,0.018761438765970112,-1.798322325112782e-11,-1.960747163328885e-11,607.0594581363608,10.0,15.128456211324009,19.9544161428466,13,0,0,0,2,0.1,0.9664522254516847,6.938893903907228e-17,22.16818623936334,1.1443361139869956,6.391302027206412,11.692142508831745,-5.30195713098121,12.965785890003778,-13.520108279956023,-0.29068890305680595,-6.033005838021759,-12.237306194795961,6.786990275269269,-11.8862142309854
allocation,24,0.625,0.195,0.205,0.3354777454831527,0.32628209123019664,0.13128209123019663,0.3999171754382013,0.07363508420800469,0.02757425617872884,-1.6757649556825465e-11,-1.955671594129243e-11,842.5125550825885,10.0,15.601870316486202,19.526277432872,12,0,1,0,3,0.1,0.9673717908769803,1.3877787807814457e-17,22.58773153553607,1.1105489428287796,6.471783095840294,11.708012046128196,-5.408145996396544,13.030006260566745,-13.566458724624876,-0.31443045803023056,-6.153079776915252,-12.300685423927964,6.903618465171014,-11.915161543889134
allocation,25,0.65,0.195,0.205,0.32628209123019664,0.3176362473435727,0.1226362473435727,0.3873002167335717,0.06966396938999897,0.014242733493965775,-1.949308058459587e-11,-1.9666845660921765e-11,1401.441475173752,10.0,15.493060754498327,19.135985223845413,12,0,0,0,3,0.1,0.9682363752656428,5.721958498152797e-17,22.957518693297818,1.074761659853981,6.558113697857306,11.756412048670398,-5.438777053012295,13.087994626117428,-13.638093176100236,-0.3376064327797757,-6.231152678749028,-12.376985077926184,7.030624585148848,-11.94479710256983
allocation,26,0.675,0.195,0.205,0.3176362473435727,0.3118153603305259,0.11681536033052592,0.38686834489484784,0.07505298456432191,0.11637109460240198,-1.931954120906091e-11,-1.9483252787112297e-11,951.6560564654767,10.0,22.974262442813874,18.890584476424888,12,0,0,0,3,0.1,0.9688184639669474,3.3993498887762956e-17,23.28464978340934,1.0322952735182584,6.51637619628184,11.684568272078847,-5.507383839324185,13.14010607031568,-13.679275103010445,-0.3979515595649877,-6.386937456390641,-12.445771182738614,6.996450074036863,-11.832321074242579
allocation,27,0.7000000000000001,0.195,0.205,0.31181536033052604,0.30417683000600565,0.10917683000600564,0.3763548516143986,0.07217802160839293,0.017480958493980608,-1.9452325338921742e-11,-1.9540693638405457e-11,766.5592719044945,10.0,16.4876381171527,18.556952201613623,12,0,0,0,3,0.1,0.9695823169993995,4.3885418357208765e-17,23.579620464433713,0.9900442778492043,6.56318941587226,11.72663893681337,-5.576732379599395,13.219887892221838,-13.734035487768315,-0.4381163793175421,-6.527695517200793,-12.5070038660201,7.0951466809206245,-11.840507618512229
allocation,28,0.7250000000000001,0.195,0.205,0.30417683000600565,0.29685226948855714,0.10185226948855713,0.3656794268464317,0.06882715735787454,0.005011012050988041,-1.717288626685379e-17,-1.948706271459407e-11,680.1605673256762,10.0,15.896718552247473,18.229963850074583,12,0,0,0,3,0.1,0.9703147730511443,6.359601310784502e-17,23.84424304971111,0.9582818373284147,6.641852344698158,11.74892694362023,-5.688318293544072,13.303011900168022,-13.797870796823739,-0.4570473596785394,-6.635996697108961,-12.575355141233118,7.197373138997776,-11.876067019042422
allocation,29,0.75,0.195,0.205,0.29685226948855714,0.29276060573510576,0.09776060573510575,0.36695538048840376,0.074194774753298,0.11673664975651266,-1.9450143462389804e-11,-1.9525485820981424e-11,1106.9440067782316,10.0,24.082266246172114,18.088850438391436,12,0,0,0,3,0.1,0.9707239394264894,4.3885418357208765e-17,24.07654164322666,0.9188308888974994,6.603300087833588,11.663864837135293,-5.7367344833858445,13.360182076170023,-13.85554476495222,-0.5273267735723063,-6.668744177875714,-12.59933220322815,7.1808247441897555,-11.772707422800051
allocation,30,0.775,0.195,0.205,0.2927606057351057,0.28654588373899703,0.09154588373899702,0.358003411002034,0.07145752726303695,0.014861679487846188,-1.6534999406471503e-11,-1.9493056051901204e-11,659.6541096948613,10.0,17.176102360170514,17.812246343474406,12,0,0,0,3,0.1,0.9713454116261003,1.962615573354719e-17,24.294547313034478,0.8901305818019464,6.658814860251519,11.683457523154281,-5.819477218845202,13.445510536828154,-13.90362367269904,-0.5651080513418463,-6.803046817030739,-12.663906341206285,7.270986338442565,-11.792428715258344
allocation,31,0.8,0.195,0.205,0.28654588373899703,0.2806718634762079,0.08567186347620787,0.34898920726342664,0.06831734378721876,0.009444522253670156,-9.03085903049207e-12,-1.9606625255322842e-11,748.8625148918215,10.0,16.74980778307182,17.53505168781784,12,0,0,0,3,0.1,0.9719328136523793,1.3877787807814457e-17,24.496564310527184,0.8655683421942434,6.729230685580126,11.70898980400461,-5.916982324400862,13.538188407692878,-13.954274182051535,-0.5780995659435524,-6.934483357746291,-12.73297321507204,7.371338558879748,-11.812389612517174
allocation,32,0.8250000000000001,0.195,0.205,0.2806718634762079,0.27505405366543406,0.08005405366543406,0.3397756267182219,0.06472157305278786,0.0010745848784863943,-1.9347947616215755e-11,-1.957688917611705e-11,485.40783360072,10.0,16.279227942067248,17.264743163202787,12,0,0,0,3,0.1,0.9724945946334566,2.7755575615628914e-17,24.683230450783515,0.8462805423132983,6.811610016777641,11.74023310712268,-5.995828441578861,13.623473618590292,-14.017876101060637,-0.5839203587605719,-7.038395490717046,-12.807625911589044,7.477691091715633,-11.845758279733802
allocation,33,0.8500000000000001,0.195,0.205,0.27505405366543406,0.2726979656781968,0.07769796567819681,0.34278083916955315,0.07008287349135633,0.11705469738018341,-1.937352785694497e-11,-1.9523074257095665e-11,611.7557585773444,10.0,25.247190214816992,17.186937631431388,12,0,0,0,3,0.1,0.9727302034321803,3.1031676915590914e-17,24.84785978143077,0.81142563333696,6.765268594912465,11.627772023370369,-6.089392141067047,13.71104745803024,-14.033298938601959,-0.648065678771956,-7.086093860542799,-12.838623037379806,7.455903139018274,-11.722256432463283
allocation,34,0.875,0.195,0.205,0.2726979656781968,0.2678554199729859,0.07285541997298589,0.33490226282593066,0.06704684285294477,0.008800435262282523,-1.609241242179375e-11,-1.954432693048563e-11,800.8672902109073,10.0,17.123748829872582,16.950612514478728,12,0,0,0,3,0.1,0.9732144580027015,5.003707553108401e-17,25.006129133287295,0.7939738182469239,6.832426843384916,11.638254147823842,-6.187560647149312,13.812797142413585,-14.088509479763056,-0.6631664066162565,-7.163820968789143,-12.904055613813126,7.54526067650279,-11.76225132094954
allocation,35,0.9,0.195,0.205,0.26785541997298584,0.2632576123171685,0.06825761231716848,0.3270551448203328,0.06379753250316433,0.003844907760416748,-1.9392263475862106e-11,-1.9529298201732664e-11,545.2882365787518,10.0,16.77366007810287,16.714954133873857,12,0,0,0,3,0.1,0.9736742387682832,5.887846720064156e-17,25.15446682158256,0.7766879894845415,6.904939501212501,11.67074158621165,-6.253460635420573,13.897132999772738,-14.141763460149186,-0.6699938660948377,-7.270519961943218,-12.984488004637761,7.646277949592769,-11.793800953000895
allocation,36,0.925,0.195,0.205,0.2632576123171685,0.2590078222130434,0.06400782221304341,0.3192789905205611,0.060271168307517664,0.004613347114813645,-1.937551132530879e-11,-1.9570513128773115e-11,1095.838214979519,10.0,16.5897018244986,16.482897146212483,12,0,0,0,3,0.1,0.9740992177786957,6.509259464525837e-17,25.292846322521488,0.7627056701830603,6.990561490566139,11.703105928195688,-6.335240585375514,13.997072014617856,-14.202532075889625,-0.6605950622570376,-7.326309912922937,-13.057805324151497,7.757928626714198,-11.832890232423841
allocation,37,0.9500000000000001,0.195,0.205,0.2590078222130434,0.25788912032759537,0.06288912032759536,0.3233932937452013,0.06550417341760595,0.11838238820509149,-1.481189898441953e-11,-1.91654403141453e-11,867.2794077379955,10.0,26.187636043312015,16.444051844438626,12,0,0,0,3,0.1,0.9742110879672404,2.8609792490763984e-17,25.413029857793134,0.7283180532198347,6.936033889038425,11.58007622607475,-6.445085151250841,14.092112467811033,-14.173892231911791,-0.7291673958292638,-7.435842502799904,-13.12777848625249,7.725515332680288,-11.691794349156023
allocation,38,0.9750000000000001,0.195,0.205,0.2578891203275954,0.25408757879396804,0.05908757879396803,0.3165723822457697,0.062484803451801685,0.005992611733332802,-1.9119112160218896e-11,-1.9446669632824964e-11,261.0972334019894,10.0,17.1838528954204,16.239537660553303,12,0,0,0,3,0.1,0.9745912421206032,5.763878168445254e-17,25.530091908080013,0.7113520223503056,6.9970349888450185,11.610073420599544,-6.511874008185632,14.18612348883251,-14.211555917718691,-0.7405136867209631,-7.518274864028092,-13.211422569696383,7.814160653295773,-11.736361134696626
allocation,39,1.0,0.195,0.205,0.254087578793968,0.2506028910362565,0.055602891036256485,0.3098530335287104,0.05925014249245392,0.007735912325080178,-1.930366610234194e-11,-1.9497900339121872e-11,1346.8840287399817,10.0,17.116147967321286,16.045370658090466,12,0,0,0,3,0.1,0.9749397108963743,3.1031676915590914e-17,25.6396514459188,0.6967896588095166,7.072053977119458,11.646777151748637,-6.547185464165107,14.268204130344463,-14.264005593430657,-0.7375346784563135,-7.553206108646321,-13.285694695054932,7.91381054472306,-11.786948774767314
allocation,40,1.0250000000000001,0.195,0.205,0.2506028910362565,0.24764743839262657,0.05264743839262656,0.3044180842731657,0.05677064588053912,0.018441153081023703,-1.730791299166586e-11,-1.946287593092194e-11,847.4786570317964,10.0,17.615991959377094,15.842637358055915,11,0,1,0,4,0.1,0.9752352561607374,5.551115123125783e-17,25.744420741192034,0.6827737891036204,7.160063457220315,11.683263224337887,-6.646678088854584,14.372748255355118,-14.264462818682832,-0.7382259894725244,-7.667230549787124,-13.389433402949587,8.022490144490936,-11.811005210581916
allocation,41,1.05,0.195,0.205,0.24764743839262657,0.2473885135944739,0.052388513594473884,0.3093105808972277,0.06192206730275379,0.11851059588274372,-1.0177049831391159e-11,-1.9203160558830443e-11,480.6008242936555,10.0,26.49530220402177,15.85742639375502,12,1,0,1,4,0.1,0.9752611486405526,5.419449386414209e-17,25.82939796033181,0.6421010485854729,7.0965947627310815,11.559997683958752,-6.711451074623328,14.448516359672178,-14.239104271741926,-0.8071510180015998,-7.738634454844519,-13.441800724810829,7.977579030815535,-11.678383780177594
allocation,42,1.075,0.195,0.205,0.24738851359447386,0.2443541796038272,0.04935417960382718,0.3033335742921355,0.05897939468830829,0.005720827752336816,-1.9260935054771073e-11,-1.9260935054771073e-11,614.7533189989648,10.0,17.356201852409146,15.683809657786673,11,0,1,1,5,0.1,0.9755645820396173,0.0,25.91415435895388,0.6278145600952775,7.156376200593146,11.600209676450513,-6.758267580785089,14.539984729257268,-14.28317667914737,-0.8172534838841587,-7.7673788729255335,-13.515736825746263,8.061075215606333,-11.734306814498266
allocation,43,1.1,0.195,0.205,0.24435417960382727,0.24147285170631108,0.046472851706311075,0.29743989734032056,0.05596704563400948,0.002916574441881651,-1.8632625145069396e-11,-1.9086145738442835e-11,260.22686440535216,10.0,16.936514165972735,15.4998294434727,11,0,0,1,5,0.1,0.9758527148293689,5.003707553108401e-17,25.993662428987033,0.615139451761799,7.231780470119554,11.646002228340663,-6.804676578794087,14.625196947961642,-14.328878357962367,-0.8203742905686731,-7.82219753652684,-13.615774004509344,8.15605417051339,-11.785185379244597
allocation,44,1.125,0.195,0.205,0.24147285170631103,0.24153554274949318,0.046535542749493175,0.30213348660382894,0.060597943854335756,0.11247436782836442,-9.848817096364384e-12,-1.8679470938853273e-11,481.9781562512908,10.0,26.19607539449767,15.527500155780391,11,0,0,1,5,0.1,0.9758464457250506,3.5381555418772973e-17,26.056649031571734,0.5683173050957648,7.172725927071851,11.530362151064029,-6.86405444184191,14.697043167772643,-14.303431591491462,-0.8859476219569661,-7.893525944315647,-13.670302875439504,8.110038248025472,-11.665533362374987
allocation,45,1.1500000000000001,0.195,0.205,0.24153554274949318,0.23896952818216113,0.04396952818216113,0.29697183458571835,0.05800230640355722,0.006940797519929856,-1.884301201467672e-11,-1.884301201467672e-11,232.2030303594522,10.0,17.58256032418901,15.367496099932698,11,0,0,1,5,0.1,0.9761030471817839,7.601177430610147e-17,26.12099302574824,0.5521582471601217,7.226251470505897,11.574580231394323,-6.909719534578241,14.786458547188168,-14.336115431759978,-0.9046162822799766,-7.9498447204792955,-13.766465405777552,8.183384081566087,-11.71615888513302
allocation,46,1.175,0.195,0.205,0.23896952818216116,0.23653742740403833,0.04153742740403832,0.2918741880443184,0.05533676064028009,0.005116025482542747,-1.7694976355138676e-11,-1.8567798112729388e-11,517.4788339988023,10.0,17.32462569860865,15.210452910094194,11,0,0,1,5,0.1,0.9763462572595961,3.925231146709438e-17,26.180284349541203,0.5383666561884904,7.2957484120327925,11.628218474101365,-6.940945968376559,14.854763012510848,-14.380696224451018,-0.9071074919012648,-7.986370309013486,-13.843657957156012,8.27027188158911,-11.771503782382913
allocation,47,1.2000000000000002,0.195,0.205,0.23653742740403835,0.23686682921297805,0.041866829212978046,0.2963090568766377,0.05944222766365967,0.10831861988302964,-1.526553794804474e-11,-1.8370417864517105e-11,494.47492628302734,10.0,25.973974676320317,15.249036977890453,11,0,0,1,5,0.1,0.9763133170787022,1.5515838457795457e-17,26.222678234662695,0.49017260280955344,7.236913659078738,11.521844578642993,-6.996416060249609,14.926054456568988,-14.354350257201482,-0.9717587844891552,-8.056675640533708,-13.901613409518838,8.219784306723788,-11.664312293343098
allocation,48,1.225,0.195,0.205,0.23686682921297803,0.2346678263127986,0.03966782631279858,0.2917694811283882,0.0571016548155896,0.007763200319647913,-1.5829502892856616e-11,-1.7651241920355934e-11,238.34899621838716,10.0,17.903950355440262,15.106204924807038,11,0,0,1,5,0.1,0.9765332173687201,2.0816681711721685e-17,26.268394174619026,0.47390946976035425,7.2830736553118856,11.571594201707617,-7.0448362575582975,15.016197525900596,-14.380303353107763,-0.9924967243314041,-8.11495713263626,-13.996118379766582,8.282000919178799,-11.715310434998687
allocation,49,1.25,0.195,0.205,0.23466782631279862,0.23257328273334776,0.03757328273334776,0.2873022715063235,0.05472898877297572,0.005951789962587341,-4.906538933386797e-18,-1.777236474046552e-11,249.28483293889457,10.0,17.531171511128047,14.961801005790232,10,0,1,1,6,0.1,0.9767426717266652,2.7755575615628914e-17,26.311036150705853,0.46095558071897236,7.3474595884211,11.624721455042437,-7.083863293374622,15.089725244209617,-14.422462312885614,-1.00024745424776,-8.160424402431097,-14.078730568313524,8.360011374017821,-11.766642992121097
allocation,50,1.2750000000000001,0.195,0.205,0.23257328273334776,0.23305508256980215,0.03805508256980214,0.29146031958010044,0.05840523701029829,0.10237592280747689,-5.712418327039844e-12,-1.749761327981266e-11,460.5027762825209,10.0,25.76344406480414,15.010391618499384,11,1,0,2,6,0.1,0.9766944917430198,1.5515838457795457e-17,26.338353073164345,0.40561545530329013,7.2890743645676,11.528663948582446,-7.130051345682023,15.153995693821683,-14.40227219328741,-1.0658187731558915,-8.226331853297145,-14.131459919531713,8.305598225432737,-11.668125246313002
allocation,51,1.3,0.195,0.205,0.23305508256980215,0.2311549641121847,0.03615496411218469,0.28734024583554774,0.05618528172336304,0.008452754419181028,-1.6073946662517948e-11,-1.6263066752435874e-11,227.7696034807261,10.0,18.19199998984545,14.886258700359047,10,0,1,2,7,0.1,0.9768845035887815,3.94053425015214e-17,26.36957073006079,0.38796240558839123,7.329623099483019,11.58163780249997,-7.1692588881582875,15.236036233272246,-14.429627242075748,-1.0894701994844023,-8.275074161655787,-14.214690163276668,8.361272249254423,-11.718999532410901
allocation,52,1.3250000000000002,0.195,0.205,0.2311549641121847,0.22933570732659966,0.03433570732659966,0.2832348375263759,0.05389913019977624,0.006452642990334245,-1.6171817394622214e-11,-1.705612413322125e-11,257.4520798234898,10.0,17.83795053499371,14.75936803769284,10,0,0,2,7,0.1,0.97706642926734,1.0569008315563939e-16,26.39810765979659,0.37468786404829224,7.387724134434741,11.636809602920307,-7.203740399590092,15.30336149826506,-14.469612087114019,-1.0998307567609455,-8.314900051201457,-14.287534593521949,8.431698505466953,-11.77117961065263
allocation,53,1.35,0.195,0.205,0.22933570732659966,0.2299394051440293,0.034939405144029295,0.2870429221957263,0.057103517051697,0.09752221052652368,-4.430047764679338e-12,-1.5994963652037755e-11,433.1034216448077,10.0,25.644863188196965,14.817556098201354,10,0,0,2,7,0.1,0.977006059485597,2.0816681711721685e-17,26.411955194328115,0.3140404953727065,7.327745839209207,11.550732242222079,-7.2405077732138645,15.360970598989912,-14.452983591322582,-1.1678218286044435,-8.376864227901118,-14.331895181870284,8.37205223064228,-11.682209754421896
allocation,54,1.375,0.195,0.205,0.2299394051440293,0.22827028110953462,0.033270281109534616,0.2831627326485215,0.054892451538986864,0.008327542354610442,-1.6536257933707917e-11,-1.6536257933707917e-11,243.55787596102127,10.0,18.50498129748968,14.708920949889295,10,0,0,2,7,0.1,0.9771729718890465,3.555125210177728e-17,26.4306111219384,0.29631270099103774,7.360934989570356,11.60546826173027,-7.276932815537291,15.439076582999473,-14.477049081018132,-1.1937860186391744,-8.423870842339793,-14.409192530756064,8.419159528306585,-11.734191928821637
allocation,55,1.4000000000000001,0.195,0.205,0.22827028110953468,0.22882794273089269,0.03382794273089268,0.286360087694939,0.057532144964046295,0.09227182602543922,-1.3796637948323133e-11,-1.7041890263775495e-11,488.0933976490437,10.0,25.223948752162602,14.760419000195098,10,0,0,2,7,0.1,0.9771172057269107,1.5515838457795457e-17,26.439032923078116,0.23475017335593493,7.309161737922003,11.532924729104804,-7.313968655875727,15.499834054322552,-14.459184676347629,-1.2591668422116107,-8.490451003201589,-14.462606259495754,8.36701857840936,-11.65384689947095
allocation,56,1.425,0.195,0.205,0.22882794273089266,0.22737951160576766,0.03237951160576766,0.2829605651258317,0.05558105352006401,0.013727203896419016,-1.5722709619701987e-11,-1.673743093651571e-11,270.06113652978763,10.0,19.0968209624945,14.6719323688158,9,0,1,2,8,0.1,0.9772620488394232,2.8609792490763984e-17,26.452334660225986,0.21173981389338178,7.332320444609768,11.581115933455113,-7.34415132058898,15.571363303965976,-14.4826080322792,-1.291959159366517,-8.532096350819133,-14.524283377174905,8.40283804511283,-11.697724118264166
allocation,57,1.4500000000000002,0.195,0.205,0.22737951160576766,0.22593997296678123,0.03093997296678122,0.27943926471856534,0.05349929175178411,0.009910144783549898,-1.5768350244860352e-11,-1.6504765313563974e-11,320.34933950010077,10.0,18.596890865525925,14.57632003083992,9,0,0,2,8,0.1,0.9774060027033219,1.962615573354719e-17,26.46479819604405,0.19552756963718948,7.374513043487207,11.632170002477332,-7.373782519932607,15.628746919105643,-14.51859013242039,-1.3121365753905343,-8.565150811043951,-14.574083143416985,8.452702510393246,-11.745477790823731
allocation,58,1.475,0.195,0.205,0.2259399729667812,0.22665401425952061,0.03165401425952061,0.2825874284551688,0.05593341419564821,0.09160962581917012,-1.3496053560185991e-11,-1.5949509475358857e-11,444.3164227354713,10.0,25.445222072410832,14.641665756437218,9,0,0,2,8,0.1,0.9773345985740479,4.1051049941978724e-17,26.46424324350749,0.12846813191217543,7.320713128885317,11.561198619974856,-7.403459535891622,15.680448025372248,-14.504929150831156,-1.3807645278469387,-8.627254886771114,-14.610278384531385,8.395031291909142,-11.666461603914154
allocation,59,1.5,0.195,0.205,0.22665401425952061,0.2270910508458535,0.03209105084585348,0.28468565133256063,0.05759460048670714,0.08250066636967858,-1.6771609886725683e-11,-1.777921549545126e-11,454.9898859831047,10.0,24.30016231671227,14.682312957602134,9,0,0,2,8,0.1,0.9772908949154147,1.2509268882771003e-17,26.464191976626456,0.07625904269308945,7.285858933570653,11.514948870954338,-7.441731886150044,15.725924965313581,-14.489791550613877,-1.433442617783047,-8.689199071736429,-14.656341924950077,8.354887436407914,-11.606472120891862
allocation,60,1.5250000000000001,0.195,0.205,0.2270910508458535,0.22605636188118888,0.031056361881188876,0.2821626442767847,0.05610628239559584,0.024984104716973463,-1.6591117945522118e-11,-1.6591117945522118e-11,309.96461079891026,10.0,20.22665287219896,14.625699324985215,9,0,0,2,8,0.1,0.9773943638118812,1.3877787807814457e-17,26.46888694198526,0.034156452435991816,7.300650022712794,11.552320517731419,-7.469495998988752,15.788429093398856,-14.508736913089649,-1.4711868096331495,-8.732749368605369,-14.71013763590205,8.367486894895908,-11.629470342510464
allocation,61,1.55,0.195,0.205,0.2260563618811889,0.22647973798566096,0.03147973798566095,0.28395789986315323,0.05747816187749227,0.08020671953803944,-1.7405576422500192e-11,-1.7405576422500192e-11,412.9158939384138,10.0,24.25442920864865,14.669983511933134,9,0,0,2,8,0.1,0.9773520262014339,2.797157557069881e-17,26.465794717118563,-0.017771750998060734,7.2662771305648,11.509723901597818,-7.494284359195771,15.832629144162482,-14.503982231467049,-1.5260882682291215,-8.782711557301255,-14.734210018134737,8.331755368769038,-11.572365925372347
allocation,62,1.5750000000000002,0.195,0.205,0.226479737985661,0.22562888215907065,0.03062888215907064,0.2818649265589457,0.056236044399875035,0.030505887910084288,-1.632570362845949e-11,-1.6754248098709892e-11,434.14320644066925,10.0,20.73878178439942,14.62461827222141,9,0,0,2,8,0.1,0.977437111784093,4.443059973708341e-17,26.467470576831307,-0.06220267769931734,7.276310497566641,11.54100974963481,-7.525292289179326,15.892543886992764,-14.517706013404366,-1.5678528453350895,-8.838514952473625,-14.795357822164265,8.341702012093027,-11.584247617094249
allocation,63,1.6,0.195,0.205,0.22562888215907062,0.22605714742187763,0.031057147421877623,0.2834369127198283,0.05737976529795066,0.07911404173152083,-1.7436932272871364e-11,-1.7436932272871364e-11,505.82668119841674,10.0,24.208891701742484,14.671059793047936,9,0,0,2,8,0.1,0.9773942852578122,6.397344083151129e-17,26.461488944588535,-0.11282225481887212,7.245092320564494,11.50378332067659,-7.54422550756866,15.93075161843362,-14.518174453146113,-1.618752906981259,-8.88056074131398,-14.799602920124789,8.30981221155035,-11.530391876813857
allocation,64,1.625,0.195,0.205,0.22605714742187769,0.22539696102027992,0.030396961020279917,0.2816930898219063,0.05629612880162635,0.03688258023959194,-1.6297795235006385e-11,-1.6667745817314283e-11,711.0795180810322,10.0,21.263890300658232,14.635552044848904,9,0,0,2,8,0.1,0.977460303897972,5.763878168445254e-17,26.459889992251554,-0.15771703021722588,7.251624914376555,11.529643019430297,-7.57900433468818,15.989914153464902,-14.52554807771731,-1.6625001495160954,-8.944347895100218,-14.878098904198529,8.315623692300102,-11.532264670545871
allocation,65,1.6500000000000001,0.195,0.205,0.2253969610202799,0.22581688228426977,0.030816882284269764,0.28308567887549924,0.057268796591229465,0.07805388237086586,-1.750594090301735e-11,-1.750594090301735e-11,535.3859033542835,10.0,24.183867718063194,14.682225041727879,9,0,0,2,8,0.1,0.977418311771573,7.757919228897728e-18,26.45236636904723,-0.21006405506749848,7.22393850572172,11.496565565219322,-7.59661280960167,16.02440696726822,-14.528078486143226,-1.709261979115672,-8.9841575547824,-14.875915848134738,8.2868147463849,-11.47989045625566
allocation,66,1.675,0.195,0.205,0.22581688228426977,0.22533689627138487,0.03033689627138486,0.28165506470458607,0.0563181684332012,0.043358617602114104,-1.5880386154865304e-11,-1.7449280191414602e-11,774.013474633281,10.0,21.717277336604624,14.658458084641914,9,0,0,2,8,0.1,0.9774663103728615,2.8609792490763984e-17,26.44850652782194,-0.25625832777212015,7.228213549438178,11.517860499280484,-7.630754836379215,16.07894428051813,-14.53111305417804,-1.7527468820989853,-9.044691083978059,-14.954105078829686,8.289338685638572,-11.474315573087697
allocation,67,1.7000000000000002,0.195,0.205,0.22533689627138484,0.22576652269563469,0.03076652269563468,0.28292369570440995,0.057157173008775264,0.07826492210518597,-1.865518663771984e-11,-1.865518663771984e-11,571.0486253391784,10.0,24.176820913535806,14.705466252580475,9,0,0,2,8,0.1,0.9774233477304365,2.5078606370050884e-17,26.439262290853584,-0.3067408257490536,7.203302756711422,11.488392310902933,-7.647189391967663,16.109644562808633,-14.535016998838833,-1.7943839976301896,-9.081608303263808,-14.945934747842795,8.262874851195775,-11.423036031217482
allocation,68,1.725,0.195,0.205,0.22576652269563463,0.22580802680732684,0.030808026807326833,0.2832124973224296,0.05740447051510275,0.06399915462376292,-1.827966529377045e-11,-1.8644015061885887e-11,442.8843249095406,10.0,22.81961073451139,14.719694256325404,9,0,0,2,8,0.1,0.9774191973192673,2.110382192020081e-17,26.43385145219878,-0.33333269879538857,7.193986026230316,11.479657763254485,-7.673430954164188,16.13489180116871,-14.542260863236054,-1.8270037271107862,-9.121111135567356,-14.954653626566893,8.251062771679962,-11.395484966064284
allocation,69,1.75,0.195,0.205,0.2258080268073268,0.22550326416518707,0.03050326416518706,0.282600517594002,0.05709725342881494,0.04994329417068753,-1.2266347333466992e-17,-1.6645443144592575e-11,423.52838122241434,10.0,21.63686920451344,14.705550764797398,9,0,0,2,8,0.1,0.9774496735834813,6.283435673255384e-17,26.431348866811827,-0.3396545261759161,7.197850545986013,11.487782470454947,-7.700752301355471,16.159560723674964,-14.558108054817387,-1.8504023936998704,-9.155593210580072,-14.966844411991485,8.252907031058202,-11.390334026701412
allocation,70,1.7750000000000001,0.195,0.205,0.22550326416518704,0.22494588456856054,0.029945884568560538,0.2812455500955603,0.05629966552699975,0.03849838463310568,-1.7794562842576212e-11,-1.7794562842576212e-11,761.3075010029365,10.0,20.751270766813068,14.6706969190518,9,0,0,2,8,0.1,0.977505411543144,3.1031676915590914e-17,26.42959405710536,-0.3302564469961664,7.213386407840281,11.510205534301297,-7.721950219158272,16.182045143687297,-14.584660581534203,-1.85952752687724,-9.171205142328978,-14.954201189695512,8.268155680017998,-11.408834604121568
allocation,71,1.8,0.195,0.205,0.2249458845685606,0.224239973373273,0.029239973373273,0.2794410882842963,0.05520111491102331,0.031224553998766048,-1.6605386160740406e-11,-1.8290675260478284e-11,552.9415700082558,10.0,19.970597040328226,14.615897262499677,9,0,0,2,8,0.1,0.9775760026626727,2.8609792490763984e-17,26.427695112009044,-0.31100416368982137,7.238653549193002,11.544979671255104,-7.747071275799382,16.202317486845097,-14.612053429586629,-1.859823149716033,-9.195230349799543,-14.97005878926131,8.307347462825275,-11.434679273776469
allocation,72,1.8250000000000002,0.195,0.205,0.22423997337327306,0.2235051803123874,0.028505180312387385,0.27763632043410646,0.054131140121719074,0.029048485158798494,-1.6981967930416776e-11,-1.7994720498483476e-11,900.6822764565783,10.0,19.692528911863278,14.553345425935705,9,0,0,2,8,0.1,0.9776494819687612,2.5018537765542006e-17,26.423752079722952,-0.28878463965500756,7.270966181497556,11.587694139099387,-7.783896627279079,16.219709644439583,-14.639159861039696,-1.839286727978832,-9.21489210665893,-14.979603810621201,8.364869573973287,-11.463142920878356
allocation,73,1.85,0.195,0.205,0.2235051803123874,0.22258709481413208,0.027587094814132074,0.2755201636537051,0.052933068839572994,0.019445185469483952,-1.3030191794760349e-11,-1.7901376355203944e-11,571.7328754783041,10.0,19.421375811060326,14.47935344445076,9,0,0,2,8,0.1,0.9777412905185868,2.5018537765542006e-17,26.41819071645271,-0.2648585847532332,7.3061452066055095,11.639608751620907,-7.8170842739924415,16.233949837887977,-14.670722112902887,-1.8259761970426684,-9.26677309015922,-15.053904742722906,8.424882698228,-11.481817611466921
allocation,74,1.875,0.195,0.205,0.22258709481413205,0.22165532576599978,0.02665532576599977,0.27326838532034864,0.05161305955434886,0.016527000932291588,-1.7608470087180184e-11,-1.7608470087180184e-11,431.82450490341694,10.0,19.292368195548452,14.40933103200237,9,0,0,2,8,0.1,0.9778344674234001,4.706186817419514e-17,26.408566864613814,-0.24115473595731124,7.343990276015579,11.698733342454057,-7.836274338339582,16.234994498477594,-14.71422261874556,-1.7987255288310986,-9.280497391553043,-15.081303539956364,8.488240860357951,-11.50728608387236
allocation,75,1.9000000000000001,0.195,0.205,0.2216553257659998,0.22336780572786089,0.02836780572786088,0.27600048513376507,0.05263267940590419,0.1163207996477729,-1.652869277898701e-11,-1.668517629687514e-11,646.8599517854894,10.0,27.505053063178508,14.539610808397669,9,0,0,2,8,0.1,0.9776632194272139,2.5962963631595152e-17,26.36735612331226,-0.3521307063578991,7.275155352565892,11.651716058640542,-7.850284149507007,16.260544230276196,-14.668048030057705,-1.8523080508465601,-9.315010365310064,-15.078396120679212,8.404188115074716,-11.430614825804907
allocation,76,1.925,0.195,0.205,0.2233678057278609,0.22232636776230774,0.027326367762307735,0.27324442985880365,0.05091806209649591,0.012062921361787736,-1.8114380556673547e-11,-1.8114380556673547e-11,289.8571576928724,10.0,19.82003102614931,14.48338689476352,9,0,0,2,8,0.1,0.9777673632237692,3.469446951953614e-17,26.358890355301888,-0.33622662604999953,7.282625959929885,11.700576944975927,-7.868253596200388,16.304805884225473,-14.712154729451663,-1.8581485131475344,-9.326205033130751,-15.120936780558102,8.400076291008613,-11.459208077906734
allocation,77,1.9500000000000002,0.195,0.205,0.22232636776230777,0.2213243834991577,0.026324383499157694,0.27065993650420145,0.04933555300504375,0.010973537634896573,-1.6458028076953998e-11,-1.791092233335753e-11,291.93850526380544,10.0,19.418690885475367,14.420189803890384,9,0,0,2,8,0.1,0.9778675616500843,3.7367087251761353e-17,26.35196384147098,-0.3128175466714219,7.3050533359697445,11.750916292941293,-7.888808064822999,16.33502280613316,-14.754639122380713,-1.8572145986588326,-9.331385350264013,-15.149109955481261,8.43200441210993,-11.48976266910918
allocation,78,1.975,0.195,0.205,0.22132438349915767,0.22305770897908359,0.02805770897908358,0.27365201009788315,0.05059430111879956,0.11690851867682031,6.133173666733496e-19,-1.6327842879434447e-11,562.2218192840633,10.0,27.605004225757767,14.553383741028146,9,0,0,2,8,0.1,0.9776942291020916,1.962615573354719e-17,26.3174359681122,-0.4080586105787995,7.231521458302227,11.697321159643593,-7.8912110397582405,16.366906238102207,-14.705229282343279,-1.9074622967319337,-9.37047116956495,-15.140425133582445,8.346232090407874,-11.405075443593912
allocation,79,2.0,0.195,0.205,0.2230577089790836,0.2220841799989868,0.027084179998986796,0.27118787450129916,0.04910369450231236,0.014230522535401306,-1.2987980226999055e-11,-1.705503610821277e-11,306.17860161329014,10.0,20.03977493738396,14.503772301712502,9,0,0,2,8,0.1,0.9777915820001013,2.5018537765542006e-17,26.315168876517323,-0.39161048195756093,7.235548918928776,11.740558291875951,-7.906645303028102,16.409220291471573,-14.739550439913215,-1.9171758523663147,-9.382775314397744,-15.176640783327509,8.341368325042069,-11.42833311485975
allocation,80,2.025,0.195,0.205,0.22208417999898683,0.22361322180564416,0.028613221805644157,0.27421018505895417,0.05059696325331001,0.11180292281019212,3.6799042000400975e-18,-1.8531129094010723e-11,552.5183845104265,10.0,27.162897965238784,14.625357548497423,9,0,0,2,8,0.1,0.9776386778194356,1.993045536433795e-17,26.292103599795723,-0.4660597858658198,7.169106273088441,11.685516975930572,-7.908133794452623,16.441133892481812,-14.694486900138093,-1.9619576357350943,-9.420424537638262,-15.169777151122046,8.266027437079119,-11.338562278332336
allocation,81,2.0500000000000003,0.195,0.205,0.22361322180564416,0.22280073390168686,0.027800733901686858,0.2723149345380932,0.049514200636406325,0.022831013686951285,-1.2559278747502784e-11,-1.6353376508043793e-11,346.3746326011428,10.0,20.61533855035477,14.588929126732257,9,0,0,2,8,0.1,0.9777199266098313,3.5381555418772973e-17,26.29565537092339,-0.4544675529606311,7.169150937499301,11.719315831829286,-7.9211151829325335,16.47904358594944,-14.718277981867676,-1.9764248551628947,-9.435399737797814,-15.198502374981455,8.256283317765847,-11.34856098705571
allocation,82,2.075,0.195,0.205,0.22280073390168692,0.22193374431306304,0.02693374431306303,0.2703004809279618,0.04836673661489874,0.01742863814801424,-1.6989690822697927e-11,-1.850804873486807e-11,322.1554724951506,10.0,19.908515298717838,14.535650660383931,9,0,0,2,8,0.1,0.9778066255686937,4.6027415078689346e-17,26.302100710412216,-0.4317278289586689,7.187669673226699,11.75669915083829,-7.9428438420677505,16.505510568235486,-14.737915943347202,-1.9901134610473619,-9.456956763868584,-15.236922741310105,8.277630734653277,-11.369093480986436
allocation,83,2.1,0.195,0.205,0.22193374431306295,0.2236697445394362,0.028669744539436187,0.2739886631905481,0.050318918651111905,0.11959025262842649,-6.133173666733496e-19,-1.8466918445624223e-11,571.9670363780776,10.0,27.611302836630003,14.667770089945005,9,0,0,2,8,0.1,0.9776330255460564,2.943923360032078e-17,26.283734834538155,-0.5050297187741761,7.124825232813792,11.689234596920357,-7.94182984722988,16.52981816768452,-14.686017418708492,-2.03027452664691,-9.489477282571045,-15.22971901137224,8.206761972246683,-11.26520715820748
allocation,84,2.125,0.195,0.205,0.22366974453943622,0.22290677827738778,0.027906778277387773,0.2722836788626768,0.04937690058528901,0.02484357631000014,-1.2549338099623742e-11,-1.7835705704826078e-11,358.5306288682415,10.0,20.5835747157798,14.630279545156808,9,0,0,2,8,0.1,0.9777093221722613,2.8609792490763984e-17,26.292932976419944,-0.48962892069530667,7.131501389956853,11.719495945977677,-7.95185329906854,16.562317421307,-14.704082556529952,-2.043595681543787,-9.499766407364781,-15.2505136621946,8.205939051181165,-11.275178894254347
allocation,85,2.15,0.195,0.205,0.22290677827738778,0.22209425036294592,0.02709425036294591,0.270544819184201,0.04845056882125506,0.020549219996204685,-1.6440884629920745e-11,-1.89360958047341e-11,356.56435779737205,10.0,19.9320967266291,14.57716150675164,9,0,0,2,8,0.1,0.9777905749637054,2.5018537765542006e-17,26.30495099474772,-0.4648928730758535,7.155008955946278,11.754467612349277,-7.968431097623643,16.58360761912657,-14.724684112197806,-2.051875538693008,-9.5060285584884,-15.264359608982373,8.244675446728532,-11.289762648844263
allocation,86,2.1750000000000003,0.195,0.205,0.22209425036294592,0.2212441589354199,0.026244158935419898,0.26881647436178496,0.04757231542636506,0.01683105239372681,-1.8814124153389038e-11,-1.907509805271695e-11,490.0006810989151,10.0,19.652725506502012,14.517388798592423,9,0,0,2,8,0.1,0.977875584106458,6.938893903907228e-18,26.316847955266155,-0.4387489370487605,7.188134920279432,11.791335416127394,-7.9818528656972285,16.601127161780017,-14.75621685512001,-2.050437343716069,-9.499442532276719,-15.270318043564137,8.300154003358925,-11.302829434713042
allocation,87,2.2,0.195,0.205,0.22124415893541988,0.22335489247696708,0.02835489247696707,0.27333002219966024,0.04997512972269316,0.1319411128974892,4.906538933386797e-18,-1.8193097387416604e-11,605.8221750216885,10.0,28.467264298931465,14.670356362171152,9,0,0,2,8,0.1,0.9776645107523033,3.1031676915590914e-17,26.298767498300577,-0.5156850963579022,7.118615191375851,11.709789198993532,-7.979177106263738,16.616105077728566,-14.686189921642615,-2.085043377558683,-9.529865479885808,-15.256917560515811,8.221836174790706,-11.188590411274307
allocation,88,2.225,0.195,0.205,0.2233548924769671,0.22250968787251388,0.02750968787251387,0.2715144734230752,0.04900478555056134,0.020328529463085047,-6.3041052168253585e-12,-1.832324885248099e-11,344.75939348175234,10.0,20.20100819002389,14.622810359338606,9,0,0,2,8,0.1,0.9777490312127486,4.443059973708341e-17,26.311091435241345,-0.49585917733584234,7.134073227946684,11.743892287502995,-7.990729606624387,16.646154779087595,-14.705495725188234,-2.0920312659348554,-9.540339584149338,-15.290031468702715,8.228545765177035,-11.200892567518999
allocation,89,2.25,0.195,0.205,0.22250968787251388,0.22161377629076479,0.02661377629076478,0.2699342917371353,0.048320515446370504,0.016322538569203095,-1.8764001404915024e-11,-1.8945431721689602e-11,695.3935850443158,10.0,19.894618146138967,14.563706315344048,9,0,0,2,8,0.1,0.9778386223709236,3.1031676915590914e-17,26.326866864100992,-0.4702625751688301,7.162683218768284,11.784418732777155,-8.004531088778693,16.66258578104742,-14.724415768343823,-2.096798718518754,-9.578418594355844,-15.35110376457737,8.277618760781058,-11.196820404199233
allocation,90,2.275,0.195,0.205,0.22161377629076479,0.2237824126425692,0.0287824126425692,0.2747190301453401,0.0509366175027709,0.1355045205121058,0.0,-1.6451114763596857e-11,627.1311610917701,10.0,28.66609013152132,14.720156547328203,9,0,0,2,8,0.1,0.9776217587357431,2.943923360032078e-17,26.312544385852494,-0.5393845147945003,7.092679802331814,11.69632461755389,-8.000258584338976,16.675233316358067,-14.651003109545055,-2.126998077038845,-9.605569572017174,-15.336840780403874,8.202022188522282,-11.076678727539255
allocation,91,2.3000000000000003,0.195,0.205,0.2237824126425692,0.2229903989602622,0.027990398960262203,0.27310338663899303,0.05011298767873082,0.02403264705386058,-1.8876497302944984e-11,-1.8876497302944984e-11,363.8895970970394,10.0,20.35001355118978,14.675577757108293,9,0,0,2,8,0.1,0.9777009601039738,1.5515838457795457e-17,26.32741387449322,-0.5193496362924486,7.10879239310411,11.728491396395949,-8.010121377393865,16.69940537452824,-14.66698238307671,-2.13089120252345,-9.607101065178819,-15.354801314337745,8.206990160641626,-11.089556790239634
allocation,92,2.325,0.195,0.205,0.22299039896026224,0.2222240498222973,0.027224049822297286,0.2715857017493144,0.04936165192701711,0.023062014685339527,-1.8840684475270195e-11,-1.924933170351098e-11,880.8427669566706,10.0,19.944401509778153,14.619912227327672,9,0,0,2,8,0.1,0.9777775950177703,3.1031676915590914e-17,26.343706373794017,-0.4925449955668635,7.1396378634389315,11.762990993913832,-8.02130236218274,16.711948758678123,-14.690034159651157,-2.1296104633289556,-9.589863807780048,-15.351364114563609,8.25943474203169,-11.102430938359399
allocation,93,2.35,0.195,0.205,0.2222240498222973,0.22130466123663925,0.026304661236639243,0.27012865210554154,0.048823990868902295,0.014322762095904466,-1.8570172877573146e-11,-1.910719540378443e-11,632.8573748136763,10.0,19.705251082422475,14.556522203740904,9,0,0,2,8,0.1,0.9778695338763361,0.0,26.36132586793307,-0.46541195703321314,7.176869327132021,11.802066630221118,-8.033783193605647,16.723208528373334,-14.714064291546286,-2.126101511548214,-9.621498111461438,-15.406997772930984,8.3140022281706,-11.099522390459814
allocation,94,2.375,0.195,0.205,0.2213046612366392,0.22372686493859223,0.028726864938592223,0.27539387388933,0.05166700895073778,0.14429879151556302,-4.906538933386797e-18,-1.676839119718538e-11,655.0972726501434,10.0,29.24132478750508,14.72681895340712,9,0,0,2,8,0.1,0.9776273135061407,2.5018537765542006e-17,26.346284174142784,-0.5351715324708348,7.100593505585315,11.703458444888085,-8.027580069019896,16.729151795903462,-14.627885785032767,-2.152349713277017,-9.64608258094601,-15.38503015036076,8.232908072574851,-10.977590117052182
allocation,95,2.4000000000000004,0.195,0.205,0.22372686493859223,0.22288803078691788,0.027888030786917872,0.27376442064791856,0.05087638986100068,0.0218776958474863,-1.6596412101031242e-11,-1.8765332303600708e-11,347.87557345477916,10.0,20.10314563158528,14.675551554949916,9,0,0,2,8,0.1,0.9777111969213083,2.7755575615628914e-17,26.36258534616475,-0.5124152208930528,7.12247999015518,11.737162384542609,-8.03962330458578,16.74972388718359,-14.644083642477808,-2.1505156330335184,-9.649201826209396,-15.411205826079042,8.24069800919834,-10.994864773200806
allocation,96,2.4250000000000003,0.195,0.205,0.2228880307869178,0.22204163341183855,0.027041633411838545,0.27223029174433006,0.050188658332491504,0.019542044547451322,-1.7382817441657675e-11,-1.9114967361454916e-11,485.5437277384788,10.0,19.725332689764265,14.614407315369505,9,0,0,2,8,0.1,0.9777958366588162,1.3877787807814457e-17,26.38065595292619,-0.4847284135160474,7.156773108066345,11.772384245721792,-8.051778380111301,16.760582826612584,-14.669166964365818,-2.1435359032204535,-9.632785959457223,-15.41545733808557,8.293402645639674,-11.01053748101313
allocation,97,2.45,0.195,0.205,0.22204163341183852,0.22115740371046058,0.026157403710460575,0.27062991997496627,0.04947251626450569,0.015197683632510423,-1.6774627408169717e-11,-1.920233748692437e-11,370.31063002300147,10.0,19.466622705178484,14.548342214157676,9,0,0,2,8,0.1,0.977884259628954,3.179800655392251e-17,26.39657214963021,-0.45764265473316557,7.1977885750606845,11.808131912577474,-8.063492041824576,16.770727087794803,-14.698555697088565,-2.1317369166086015,-9.619343884720857,-15.433160249803201,8.348617369301097,-11.029299441276388
allocation,98,2.475,0.195,0.205,0.2211574037104606,0.223718920326439,0.028718920326438996,0.276084031077642,0.05236511075120301,0.1492029738850834,-7.359808400080195e-18,-1.8176147135353852e-11,668.578032064941,10.0,29.51929803997041,14.725484685364522,9,0,0,2,8,0.1,0.9776281079673561,1.962615573354719e-17,26.380902390354564,-0.5244337755464186,7.116211316391303,11.704381873179143,-8.054950388410605,16.772738059543464,-14.602834004117963,-2.157514239200767,-9.643878740488331,-15.407064073135716,8.264959863336092,-10.909914191708667
allocation,99,2.5,0.195,0.205,0.223718920326439,0.22284948606462138,0.02784948606462137,0.2744691260465726,0.05161963998195121,0.02068380460668475,-1.6792492116426177e-11,-1.8068422846436614e-11,341.65260386512796,10.0,19.953636747327884,14.670589241836906,9,0,0,2,8,0.1,0.9777150513935379,1.3877787807814457e-17,26.398550839963157,-0.49899035767102456,7.140196970130161,11.73872838705587,-8.066773153049574,16.78948903808564,-14.619073227294686,-2.1508871298139023,-9.643621746029762,-15.431972894351295,8.271573317751255,-10.932086818285175
allocation,100,2.5250000000000004,0.195,0.205,0.22284948606462138,0.22197711863539896,0.02697711863539895,0.272947816087007,0.050970697451608066,0.018361746470840358,-1.6604836628379865e-11,-1.896004830117216e-11,429.4203349594387,10.0,19.604799266291163,14.606685390021848,9,0,0,2,8,0.1,0.9778022881364601,0.0,26.417781798462677,-0.4692139050195633,7.175799567712556,11.774110963180894,-8.078752375366035,16.79755840041061,-14.64266763513667,-2.140931239191294,-9.627704934476567,-15.441653336010416,8.323123637970035,-10.951358950269539
allocation,101,2.5500000000000003,0.195,0.205,0.22197711863539893,0.2210772681893463,0.026077268189346303,0.2713691231988962,0.05029185500954991,0.014345681559744472,-1.7378381930461894e-11,-1.919731135110448e-11,340.5905261083022,10.0,19.37923990554157,14.538827189145536,9,0,0,2,8,0.1,0.9778922731810654,2.1942709178604383e-17,26.434793055970964,-0.44040940542972806,7.217628482333615,11.809800088009062,-8.090111404404661,16.805511030707812,-14.670151438894093,-2.1266939735938526,-9.61497067392712,-15.462644592062489,8.376276563012093,-10.97329865736404
allocation,102,2.575,0.195,0.205,0.22107726818934628,0.22370923364842996,0.02870923364842995,0.2769873855998685,0.05327815195143856,0.15169515988862253,-2.943923360032078e-17,-1.7160364779495785e-11,678.4812915820017,10.0,29.703316490369847,14.720403907224169,9,0,0,2,8,0.1,0.977629076635157,1.5515838457795457e-17,26.41977288133401,-0.5051772099259078,7.132433537485541,11.70109828942038,-8.080924993212957,16.803496400212158,-14.569458211961596,-2.1524269805005756,-9.638826829362525,-15.433791544356122,8.291064698005833,-10.854792563776662
allocation,103,2.6,0.195,0.205,0.22370923364842998,0.22282391280883815,0.02782391280883814,0.2754034133879073,0.052579500579069155,0.02013241757166069,-1.7158073425813895e-11,-1.7158073425813895e-11,335.90941502494314,10.0,19.84567753636289,14.663001668697518,9,0,0,2,8,0.1,0.9777176087191162,1.962615573354719e-17,26.438673977709506,-0.4774888985016222,7.157484426369452,11.735230338513306,-8.0926921316186,16.81635319760654,-14.5839185696325,-2.143011811893689,-9.636709472293347,-15.457439961776842,8.297937519024934,-10.881995847563383
allocation,104,2.625,0.195,0.205,0.22282391280883818,0.22189613561235824,0.026896135612358235,0.2739386579203208,0.05204252230796255,0.015972470791235923,-6.597612535868457e-12,-1.8944275005136055e-11,497.53113735423113,10.0,19.55676391230997,14.597183532285962,9,0,0,2,8,0.1,0.9778103864387642,5.0515910130503314e-17,26.459670294516354,-0.445583027136455,7.192671772848445,11.773049145390296,-8.102326481075915,16.819062221379603,-14.599906698166384,-2.1346741340053508,-9.653038811937504,-15.499692414500299,8.34730535551869,-10.896762491411303
allocation,105,2.6500000000000004,0.195,0.205,0.22189613561235821,0.22096545180821908,0.025965451808219076,0.2724535147835999,0.05148806297538083,0.012730223094814358,-8.586443133426895e-18,-1.9250329264207876e-11,464.6562410169343,10.0,19.38324751781975,14.529277086628145,9,0,0,2,8,0.1,0.9779034548191781,2.8609792490763984e-17,26.478385281866103,-0.4154551023243874,7.234127698815724,11.810495017646762,-8.110814449961318,16.822687626271133,-14.621482179178713,-2.1213176172379447,-9.665885937490582,-15.541261876896257,8.396573735093721,-10.913632017524082
allocation,106,2.6750000000000003,0.195,0.205,0.2209654518082191,0.22011230483077565,0.025112304830775645,0.2708341036855776,0.050721798854801936,0.012704014757025248,-1.2841823018616596e-11,-1.7633892398687477e-11,563.6174344288222,10.0,19.23506430995474,14.460310003245636,9,0,0,2,8,0.1,0.9779887695169225,3.1031676915590914e-17,26.491397879623158,-0.38931938437654445,7.281394524981071,11.844046689755634,-8.123711538400524,16.83030429444776,-14.646991026716876,-2.1034248023333704,-9.651448575534527,-15.568586703308888,8.444020328373522,-10.946929404578581
allocation,107,2.7,0.195,0.205,0.22011230483077562,0.22293500403285124,0.027935004032851235,0.27656729197791374,0.0536322879450625,0.15566687122717746,5.28986228755764e-18,-1.826980683041854e-11,691.8989136891851,10.0,30.107584654449884,14.652865212691207,9,0,0,2,8,0.1,0.9777064995967149,4.163336342344337e-17,26.473953608619308,-0.4596621999059877,7.185309212974734,11.730116097215577,-8.111950541215576,16.827217289957282,-14.533811851557438,-2.131185432727505,-9.673033476578667,-15.53098133462674,8.34867935097934,-10.83496415849602
allocation,108,2.725,0.195,0.205,0.22293500403285127,0.22202229206928978,0.02702229206928977,0.2748870463091441,0.052864754239854345,0.016773803538892938,-1.6400864445110577e-11,-1.799925536709266e-11,314.3339148375646,10.0,19.592827152916243,14.591291093233867,9,0,0,2,8,0.1,0.9777977707930711,2.4037033579794548e-17,26.492194253308387,-0.4314252368890039,7.213102969987107,11.765884196202153,-8.12294670208231,16.838404125643475,-14.548789541090557,-2.1163132918923186,-9.664902895808305,-15.552692300142406,8.354328642497427,-10.870896405773761
allocation,109,2.75,0.195,0.205,0.22202229206928978,0.22108225193965733,0.026082251939657325,0.2734222163798505,0.05233996444019315,0.013099032206095748,-9.714505499601852e-12,-1.8868858435143068e-11,484.0920904842411,10.0,19.40369792328084,14.52455076111276,9,0,0,2,8,0.1,0.9778917748060343,4.906538933386797e-17,26.512968709147042,-0.39899711014129563,7.249976296003679,11.805297326611042,-8.132048839699426,16.840377114767985,-14.564404206192624,-2.102983740228614,-9.678551719756333,-15.592304213849932,8.400854365564488,-10.888326571322892
allocation,110,2.7750000000000004,0.195,0.205,0.22108225193965733,0.22018212021700131,0.025182120217001308,0.2717510008845555,0.05156888066755419,0.011587812183749513,-1.1784719018496278e-11,-1.910288654262487e-11,270.19656796207727,10.0,19.130094941592866,14.453433732701166,9,0,0,2,8,0.1,0.9779817879782998,2.0816681711721685e-17,26.52920325125904,-0.36898139740924507,7.293758146611512,11.840617196015913,-8.141707494734773,16.845239018335597,-14.585908834690285,-2.0846398482665327,-9.66433263332601,-15.616131864700005,8.449103681292673,-10.925225297951123
allocation,111,2.8000000000000003,0.195,0.205,0.22018212021700131,0.21928069561416577,0.024280695614165765,0.2701789478110134,0.050898252196847654,0.008425392270279332,-1.8513571044437596e-11,-1.8513571044437596e-11,365.4991394964262,10.0,19.113104347416026,14.384350906069761,9,0,0,2,8,0.1,0.9780719304385834,3.469446951953614e-17,26.543803093356917,-0.3406619656535572,7.340948250519639,11.87938686983205,-8.147967483265056,16.847756481669453,-14.608458063304255,-2.063817773051841,-9.66666837767389,-15.651944066569417,8.492081229230013,-10.952638258417922
allocation,112,2.825,0.195,0.205,0.21928069561416574,0.2222112771758676,0.027211277175867604,0.27600708243865285,0.05379580526278524,0.15722817153400998,-1.3333279131070885e-11,-1.7101937713877016e-11,690.788065574045,10.0,30.271970035161566,14.582623933524964,9,0,0,2,8,0.1,0.9777788722824132,5.003707553108401e-17,26.52517003483941,-0.4126561741179336,7.238322615394698,11.762926370950737,-8.1357028114124,16.837330368935856,-14.487324379500404,-2.0966099023614153,-9.684961594307673,-15.609605549779404,8.392568164185194,-10.846214605189772
allocation,113,2.85,0.195,0.205,0.22221127717586764,0.22128468598388001,0.026284685983880007,0.2742498683092521,0.05296518232537206,0.014224239801095067,-1.656755183902506e-11,-1.890654556069041e-11,296.80106495993573,10.0,19.432452867898466,14.519316009028326,9,0,0,2,8,0.1,0.977871531401612,1.3877787807814457e-17,26.543819870629964,-0.3823985888051983,7.2652002332802095,11.79927485647113,-8.144453991127044,16.84974093547659,-14.499589155546579,-2.0791216812136017,-9.673345333297098,-15.629661448680071,8.39935963514793,-10.887660743804961
allocation,114,2.875,0.195,0.205,0.22128468598388001,0.2203916990997409,0.0253916990997409,0.2725755528798178,0.052183853780076866,0.012738537273719666,-1.658824516697662e-11,-1.9128290454611163e-11,559.9432656145681,10.0,19.16505339095364,14.44987716894173,9,0,0,2,8,0.1,0.9779608300900259,5.099024833164444e-17,26.56266179776607,-0.3492164392858042,7.303304115245523,11.834716568057365,-8.157353865274166,16.85513239532795,-14.513016835890095,-2.0633094601826194,-9.658956022276367,-15.650554191570949,8.4425675283994,-10.927369176150737
allocation,115,2.9000000000000004,0.195,0.205,0.22039169909974093,0.21947450660320553,0.02447450660320552,0.2709927126763582,0.05151820607315269,0.00890301785855115,-1.1653029966793642e-17,-1.8575134921728217e-11,368.8415038373458,10.0,19.078304511152684,14.38018178267551,9,0,0,2,8,0.1,0.9780525493396794,1.962615573354719e-17,26.580896411876353,-0.3168083533107308,7.346036367000821,11.873391684983726,-8.163603731222743,16.856854787535823,-14.529516316097414,-2.044413114267149,-9.662250598664524,-15.684541179521558,8.489365726605865,-10.956380588228718
allocation,116,2.9250000000000003,0.195,0.205,0.21947450660320547,0.2186024241466905,0.023602424146690504,0.269309428607897,0.05070700446120646,0.0077445425640969776,-1.7249499419029158e-11,-1.8687220203781188e-11,235.8545659602033,10.0,18.945358050133667,14.309134970678878,9,0,0,2,8,0.1,0.978139757585331,6.798699777552591e-17,26.595031361617345,-0.28748692368760237,7.394155373180081,11.909805305682646,-8.171251600996015,16.860621370328992,-14.550470754898305,-2.021219606711904,-9.646877263106575,-15.709608856932366,8.536323028599584,-10.99555761593528
allocation,117,2.95,0.195,0.205,0.21860242414669057,0.22152972574429958,0.02652972574429957,0.27515919397192695,0.053629468227627375,0.15571545343743437,-1.2573006016803667e-17,-1.762342920441203e-11,677.4279434737163,10.0,30.249254731944298,14.508689861026253,9,0,0,2,8,0.1,0.9778470274255701,2.0816681711721685e-17,26.577025941170046,-0.3583679575721522,7.287802376026411,11.789167000920218,-8.157671892002082,16.85186506154965,-14.429779980882392,-2.060636074872513,-9.664196212883033,-15.665067126662743,8.4352414958772,-10.891310454003372
allocation,118,2.975,0.195,0.205,0.22152972574429963,0.22059501290716876,0.025595012907168757,0.273345262014507,0.05275024910733822,0.011954732280433427,-1.6843036827248462e-11,-1.6946056971963316e-11,275.7615970808023,10.0,19.295481532533383,14.444411028265032,9,0,0,2,8,0.1,0.9779404987092831,4.654751537338637e-17,26.595979888629355,-0.3265989623657093,7.314076199294855,11.825449167060633,-8.164724664502522,16.863976129052098,-14.439611489298384,-2.0423582679748153,-9.650580953631893,-15.684281563249932,8.446157875374858,-10.936529868137871
allocation,119,3.0,0.195,0.205,0.22059501290716876,0.21968777220088653,0.024687772200886526,0.2716465879381571,0.05195881573727057,0.01025118814155712,-1.6599657776535677e-11,-1.8757396896852004e-11,242.67297688699657,10.0,19.048585102790184,14.374699041092855,9,0,0,2,8,0.1,0.9780312227799114,3.3993498887762956e-17,26.6155123685696,-0.2924019368513011,7.35135544189647,11.86196958008461,-8.173549290583262,16.866866050509103,-14.451995950713595,-2.0244838396705127,-9.63639505178296,-15.704287455145822,8.490621091437443,-10.977094951150598
allocation,120,3.0250000000000004,0.195,0.205,0.21968777220088656,0.21880610406561213,0.02380610406561212,0.26991816190877665,0.05111205784316453,0.008356906470607398,-1.771077786377365e-11,-1.8876050807902045e-11,214.0472036062548,10.0,18.911060105916185,14.303047274349687,9,0,0,2,8,0.1,0.9781193895934388,4.6027415078689346e-17,26.632451514955036,-0.2596635999650194,7.395122351167457,11.897103459320135,-8.18321761812323,16.871125301287343,-14.467733773559472,-2.0033983446338914,-9.619014395171622,-15.725489607956865,8.539873778479445,-11.020641601435592
allocation,121,3.0500000000000003,0.195,0.205,0.21880610406561204,0.21795203044339695,0.022952030443396942,0.26817453538915453,0.050222504945757585,0.006621494966522949,-1.784473373646351e-11,-1.8762227384431923e-11,194.76923443581978,10.0,18.840190829943307,14.231609322951824,9,0,0,2,8,0.1,0.9782047969556603,6.206335383118183e-17,26.646081964785314,-0.2294585360372284,7.443443219279991,11.93272403689173,-8.191484511564537,16.87491745845205,-14.486215512948291,-1.9789815783516282,-9.600294415301345,-15.748131529786791,8.589397836748429,-11.06509350485985
allocation,122,3.075,0.195,0.205,0.21795203044339695,0.22082611491470744,0.025826114914707432,0.27403969122161437,0.05321357630690693,0.1525059525247897,-1.292340158819255e-11,-1.7209253533428052e-11,658.853467750745,10.0,30.113719293101106,14.429977716154138,9,0,0,2,8,0.1,0.9779173885085293,3.1031676915590914e-17,26.628708572661363,-0.29872806066663743,7.33511588827324,11.808725895452682,-8.177556439427171,16.867044095016535,-14.370480537752584,-2.0247031685279016,-9.61797994201558,-15.703269648170904,8.486838759603284,-10.962004203732146
allocation,123,3.1,0.195,0.205,0.22082611491470744,0.21988914045671892,0.024889140456718917,0.2721546182583962,0.052265477801677285,0.009804518239761147,-1.6537115351386528e-11,-1.669562967807272e-11,255.62064214276404,10.0,19.18222725121946,14.36550716671879,9,0,0,2,8,0.1,0.9780110859543281,3.7367087251761353e-17,26.646976348170853,-0.2664087505174501,7.360685980220818,11.845013067433488,-8.182869398866776,16.879201141216075,-14.379115689854501,-2.0063178182419787,-9.603492934841107,-15.722429791374188,8.50231845117107,-11.009811099934375
allocation,124,3.125,0.195,0.205,0.21988914045671892,0.21897171601738388,0.023971716017383876,0.27049543870860515,0.05152372269122127,0.007817576093754155,-1.0731375880468399e-11,-1.9018211333664578e-11,329.96776519726285,10.0,19.01148573387511,14.29766596441152,9,0,0,2,8,0.1,0.9781028283982616,1.6996749443881478e-17,26.666381745655087,-0.23220615030477854,7.396480107589183,11.883575365022658,-8.188511584358878,16.88011287158546,-14.388673805953712,-1.9884868623176717,-9.606526260008497,-15.752538587036971,8.547979587798642,-11.044334273630914
allocation,125,3.1500000000000004,0.195,0.205,0.21897171601738394,0.218093608278912,0.023093608278911992,0.26887055966437334,0.050776951385461344,0.00645688770918448,-2.4532694666933983e-18,-1.8469942253571264e-11,304.1048650262309,10.0,18.910796625736996,14.229154791456434,9,0,0,2,8,0.1,0.9781906391721088,2.5018537765542006e-17,26.683489896700415,-0.199547171768245,7.4389509954662785,11.921294320271326,-8.19321203090706,16.881043639038865,-14.402625568841227,-1.9670065507748975,-9.606332795509056,-15.781937530017652,8.59723860019942,-11.078089046255027
allocation,126,3.1750000000000003,0.195,0.205,0.21809360827891203,0.21729391222612401,0.022293912226124007,0.2671368250738929,0.0498429128477689,0.006715692412673233,-1.741638552777044e-11,-1.8476399565466285e-11,518.5691573382766,10.0,18.837921990038005,14.160145550092475,9,0,0,2,8,0.1,0.9782706087773876,3.1031676915590914e-17,26.695372901619752,-0.1703052245097628,7.487423470124036,11.955915628940192,-8.201144076270154,16.884501242294654,-14.420099658396817,-1.9421427392137307,-9.58535838763484,-15.80269615833205,8.647019878568399,-11.123432088019513
allocation,127,3.2,0.195,0.205,0.21729391222612407,0.2201017764433028,0.025101776443302803,0.273006778901114,0.05290500245781121,0.148704853699763,-1.4555046577795664e-11,-1.6830723867795128e-11,743.1868433845789,10.0,29.979514106736357,14.35683320992313,9,0,0,2,8,0.1,0.9779898223556697,6.973502068242161e-17,26.678822624463777,-0.23880754059788328,7.377167089446405,11.829134350963301,-8.187505893562035,16.87813138700329,-14.310928127034199,-1.9921064434629345,-9.602536928705375,-15.756116303444468,8.540551951129467,-11.020976591510564
allocation,128,3.225,0.195,0.205,0.22010177644330284,0.2191748590318421,0.024174859031842105,0.2710413865021217,0.05186652747027956,0.008088818121700677,-1.6458102901672734e-11,-1.6515525353444892e-11,248.36303612148996,10.0,19.13091857680849,14.293612775131653,9,0,0,2,8,0.1,0.9780825140968158,4.654751537338637e-17,26.695577671810977,-0.207753566901523,7.401038278055576,11.864876363167106,-8.190192896616063,16.89317153280167,-14.32041674005563,-1.9741410830398283,-9.585234964449372,-15.774361945282806,8.55868891885722,-11.069760108321224
allocation,129,3.25,0.195,0.205,0.2191748590318421,0.21831665145355122,0.023316651453551218,0.26922107391152744,0.05090442245797622,0.00800776253984747,-1.7492205047273335e-11,-1.9159777554898803e-11,530.136673382029,10.0,18.939528758187173,14.226360727972251,9,0,0,2,8,0.1,0.9781683348546448,7.376145397762941e-17,26.711701685314623,-0.1755634924207341,7.437368876164826,11.90006302720222,-8.1988441866096,16.89794839502071,-14.330908557124552,-1.9558430827588302,-9.56773034253226,-15.79245120718862,8.602357218688361,-11.116832269661622
allocation,130,3.2750000000000004,0.195,0.205,0.21831665145355125,0.21747417330795232,0.022474173307952316,0.2674467304599309,0.04997255715197857,0.00602016476410524,-1.7554088769570677e-11,-1.8841092944636398e-11,180.19486682303148,10.0,18.817345196244702,14.157650849650521,9,0,0,2,8,0.1,0.9782525826692048,6.434865484555646e-17,26.72610803547059,-0.1445865131862769,7.480141010325654,11.935473986186139,-8.205940375819853,16.90135940692695,-14.346126100463863,-1.933067807000334,-9.55121072512538,-15.812097188193306,8.652808167910468,-11.160977016372824
allocation,131,3.3000000000000003,0.195,0.205,0.21747417330795232,0.21666505128943905,0.021665051289439047,0.2657431428222011,0.04907809153276202,0.004680006352061095,-1.714793038320385e-11,-1.8846936325847378e-11,186.2176756364991,10.0,18.785377911316296,14.09030597634267,9,0,0,2,8,0.1,0.9783334948710561,3.5381555418772973e-17,26.73772882397721,-0.11580958205612236,7.527542858414122,11.972098123994856,-8.210839134210314,16.903381212783277,-14.364662933203148,-1.9068149309489135,-9.538011257440168,-15.834688729867475,8.703550551454457,-11.200300424515325
allocation,132,3.325,0.195,0.205,0.216665051289439,0.219444190587662,0.024444190587662007,0.2716427228873709,0.05219853229970889,0.14610747757456038,-1.8199961942043096e-11,-1.838402124370992e-11,640.9576148086549,10.0,29.816563469273525,14.285332594470875,9,0,0,2,8,0.1,0.9780555809412338,6.088854689467823e-17,26.720245444945377,-0.18306394790801306,7.416064266439029,11.84606729960709,-8.19133851322395,16.8869144058521,-14.259432667530643,-1.9601416321722753,-9.555605002527487,-15.791083334475546,8.595479134011804,-11.100245183839434
allocation,133,3.35,0.195,0.205,0.21944419058766199,0.2185255188844569,0.023525518884456892,0.2696051220031048,0.051079603118647926,0.006496512525498853,-1.1645890339328198e-11,-1.7528973423405404e-11,238.00920296723407,10.0,19.072508068538955,14.223107084686045,9,0,0,2,8,0.1,0.9781474481115543,2.5018537765542006e-17,26.735066782585964,-0.15300507248656892,7.438758231852084,11.882210620114186,-8.192964127279911,16.903033679477687,-14.269205434352466,-1.9420088312267216,-9.538360972207807,-15.808952618913834,8.616303140482191,-11.150107449800453
allocation,134,3.375,0.195,0.205,0.2185255188844569,0.21766542334882596,0.022665423348825958,0.2677307968593633,0.05006537351053733,0.006058225668184986,-1.6487709570914157e-11,-1.690197478623367e-11,181.02433231314967,10.0,18.87471115621849,14.156896322525844,9,0,0,2,8,0.1,0.9782334576651174,3.1031676915590914e-17,26.749557562836532,-0.12203478312349533,7.4740304882165995,11.917929682259615,-8.200580740315853,16.907978334538843,-14.28089469827052,-1.9225827357667833,-9.522368068570511,-15.826625189813084,8.659677203470558,-11.197498980794252
allocation,135,3.4000000000000004,0.195,0.205,0.21766542334882602,0.21683207548846392,0.021832075488463915,0.2660291412103018,0.04919706572183788,0.004528932514031911,6.133173666733496e-19,-1.8220782840006922e-11,254.16172029352614,10.0,18.824869489508497,14.091383770750117,9,0,0,2,8,0.1,0.9783167924511535,2.5962963631595152e-17,26.762840996209523,-0.09205042078322824,7.515198417351221,11.955672025164333,-8.204261133764549,16.90903667942564,-14.295389012231995,-1.8997601030089777,-9.521644977646991,-15.853080425817275,8.709260513714524,-11.233535676416427
allocation,136,3.4250000000000003,0.195,0.205,0.21683207548846392,0.21946281720953487,0.02446281720953486,0.2719637972208124,0.05250098001127751,0.1415501821665082,-1.056864070366476e-11,-1.6151541122479992e-11,616.5432509595157,10.0,29.579710886691732,14.280794251722499,9,0,0,2,8,0.1,0.9780537182790465,4.3885418357208765e-17,26.748432276334942,-0.1545106536917067,7.4092231979848195,11.82331795605218,-8.189504851136602,16.90490267812617,-14.203329971011069,-1.9555488364061944,-9.539574382967595,-15.809526123913948,8.605914516046344,-11.128241759684325
allocation,137,3.45,0.195,0.205,0.21946281720953492,0.21855922050792154,0.02355922050792153,0.2700154197664311,0.05145619925850958,0.00719167805173584,-1.6740603627253512e-11,-1.846331091287345e-11,236.77436506322994,10.0,19.129147132213838,14.220480563465635,9,0,0,2,8,0.1,0.9781440779492079,6.973502068242161e-17,26.763499569001866,-0.12472606398456573,7.430500665663503,11.857403532900486,-8.192248721526044,16.91711838751202,-14.212261699635274,-1.9404312851884733,-9.525077041912393,-15.826465571722538,8.629985938305659,-11.176735663612554
allocation,138,3.475,0.195,0.205,0.2185592205079215,0.2177087387743244,0.02270873877432439,0.26822399040101624,0.05051525162669185,0.006646511432170508,-1.7365686260971756e-11,-1.8824145759160482e-11,189.7648679650065,10.0,18.92135333558361,14.1558403570056,9,0,0,2,8,0.1,0.9782291261225675,4.163336342344337e-17,26.7784785819067,-0.09400296145103162,7.463945799036594,11.8913910549079,-8.199684143192135,16.920427508795303,-14.224893571520946,-1.922518220447299,-9.512348550327154,-15.843298330750176,8.675853197275408,-11.220907324624884
allocation,139,3.5,0.195,0.205,0.2177087387743244,0.21689779556253258,0.021897795562532574,0.26643311950566523,0.04953532394313265,0.005607594995739378,-1.6659708906541396e-11,-1.9032960849686365e-11,165.6254642882537,10.0,18.803779220557598,14.089459139824688,9,0,0,2,8,0.1,0.9783102204437467,3.1031676915590914e-17,26.790637239221653,-0.06457315089068956,7.504760421828571,11.924951424773104,-8.207325870721672,16.92275480916339,-14.241362805210253,-1.900769553053903,-9.497861176672748,-15.860956379778282,8.72766906165378,-11.266227839298084
allocation,140,3.5250000000000004,0.195,0.205,0.21689779556253255,0.2161105422038007,0.02111054220380068,0.2647690454400347,0.048658503236234024,0.004044442783999716,-1.717288626685379e-17,-1.7173510623933063e-11,232.6314085387241,10.0,18.78887992314644,14.024981594869049,9,0,0,2,8,0.1,0.9783889457796199,4.443059973708341e-17,26.800331300829598,-0.03728485017786004,7.549833745659319,11.961381746092414,-8.210958374597876,16.92238058619278,-14.260801079151227,-1.8758780508449906,-9.496623917071995,-15.88645474705963,8.77988459308878,-11.301446452226367
allocation,141,3.5500000000000003,0.195,0.205,0.2161105422038007,0.21872910680274413,0.02372910680274412,0.2706695805058753,0.05194047370313118,0.1391835844813334,-1.8094207829752373e-11,-1.8094207829752373e-11,714.5478477229796,10.0,29.4474408956613,14.212888873968108,9,0,0,2,8,0.1,0.9781270893197256,4.220764384040162e-17,26.78296370158757,-0.10067643326433527,7.441513078006069,11.828248012450535,-8.197936127568427,16.916688920144658,-14.175510160873843,-1.933147642192936,-9.51447147221319,-15.842610854024676,8.67092174172648,-11.199860568090852
allocation,142,3.575,0.195,0.205,0.21872910680274413,0.21784600861961118,0.02284600861961117,0.2685866194819732,0.050740610862362034,0.005790401896382553,-1.1950858413343638e-11,-1.7591909598303955e-11,229.51396454417775,10.0,19.06156472693126,14.153082117162421,9,0,0,2,8,0.1,0.9782153991380389,6.434865484555646e-17,26.793761048519258,-0.07405394505117295,7.463354957767031,11.863520595111368,-8.19785429206868,16.931761027833723,-14.189244075492999,-1.9172794597074043,-9.497731262102613,-15.859442761518423,8.696527902590004,-11.249472536386714
allocation,143,3.6,0.195,0.205,0.21784600861961118,0.21702019361921837,0.022020193619218364,0.2666883273406662,0.04966813372144785,0.0054950557687770156,-1.6702032098063426e-11,-1.724926513179509e-11,173.8982933784633,10.0,18.88333682170507,14.089838347763664,9,0,0,2,8,0.1,0.9782979806380782,4.654751537338637e-17,26.80401863346665,-0.04708130871511909,7.497413658597097,11.898917486821048,-8.20490938018441,16.9361406389113,-14.205566515786,-1.898680323284983,-9.483613752016515,-15.87600279121398,8.741113596847796,-11.295175500301916
allocation,144,3.625,0.195,0.205,0.21702019361921843,0.21624093560060242,0.021240935600602417,0.26482481767184185,0.048583882071239426,0.004833490988925163,-1.7521491564849354e-11,-1.848323253424839e-11,492.81209326132097,10.0,18.802125065769182,14.025792123119116,9,0,0,2,8,0.1,0.9783759064399398,8.151354677681473e-17,26.811356011317812,-0.021422139703299328,7.538403674276745,11.934130201463168,-8.211816342705106,16.939135002866305,-14.225211763233201,-1.8760289769524496,-9.468680181314278,-15.893320075727807,8.791035510529793,-11.340582045497781
allocation,145,3.6500000000000004,0.195,0.205,0.21624093560060245,0.21876041388475315,0.02376041388475314,0.2706647848622344,0.05190437097748124,0.13580034992644882,-1.3512946773733642e-11,-1.6486108199269772e-11,596.423760710149,10.0,29.24464802788544,14.209044165817344,9,0,0,2,8,0.1,0.9781239586115247,4.906538933386797e-17,26.794851548492808,-0.081897973086611,7.432894462060608,11.801796735230258,-8.197809541754735,16.935731149472513,-14.147483021652757,-1.9329939039252522,-9.488137261438311,-15.850940423511156,8.68431496341026,-11.237061172742438
allocation,146,3.6750000000000003,0.195,0.205,0.21876041388475315,0.21788381808867296,0.022883818088672958,0.26863051931827897,0.050746701229606006,0.006179857285288407,-1.670559209871828e-11,-1.670559209871828e-11,231.46979572853374,10.0,19.11867578238677,14.151200013135552,9,0,0,2,8,0.1,0.9782116181911327,2.0816681711721685e-17,26.804802571860215,-0.056719344843823516,7.452887530733326,11.836636245650446,-8.199552036958496,16.94913186230927,-14.161971622693551,-1.9186253924005603,-9.474230122298248,-15.867398292738542,8.709447581269998,-11.284463476713734
allocation,147,3.7,0.195,0.205,0.217883818088673,0.21705704328019507,0.02205704328019506,0.26679278966401504,0.04973574638381997,0.00566090172578875,-1.6279928686797824e-11,-1.8736165996228555e-11,190.86264930421504,10.0,18.932748938139785,14.089772538405475,9,0,0,2,8,0.1,0.9782942956719805,2.4037033579794548e-17,26.81458610561407,-0.030794478808153558,7.48456424600821,11.872612263540764,-8.205217305960215,16.951016580868608,-14.179543301908742,-1.9010582473615771,-9.466901969148624,-15.885576961820695,8.75388260401135,-11.32554795237197
allocation,148,3.725,0.195,0.205,0.2170570432801951,0.21627538630467294,0.021275386304672933,0.26497623232782436,0.04870084602315142,0.004946970932185205,-1.7307756595737358e-11,-1.895559255050328e-11,162.40722747469823,10.0,18.833115037949465,14.02697883541427,9,0,0,2,8,0.1,0.9783724613695327,3.179800655392251e-17,26.821557310302186,-0.005912714181693323,7.523628720976748,11.907944883614913,-8.2118002686204,16.952545343966843,-14.201185868139351,-1.8791797488166648,-9.456191006639274,-15.902942948641996,8.803512075243496,-11.367278080081828
allocation,149,3.75,0.195,0.205,0.21627538630467297,0.2155320119489675,0.020532011948967505,0.26314147260083964,0.04760946065187213,0.004037852326523664,-1.6937672923560892e-11,-1.7578604291351343e-11,140.96321201652094,10.0,18.786037104457357,13.964319525241843,9,0,0,2,8,0.1,0.9784467988051032,2.0816681711721685e-17,26.824524763850974,0.016852070000882447,7.567940029898979,11.94362542670882,-8.218317477805325,16.95368147047461,-14.225900672365263,-1.8540960456167508,-9.442843198822576,-15.920760430306721,8.854738136907605,-11.41045848642516
allocation,150,3.7750000000000004,0.195,0.205,0.21553201194896748,0.2180887162693469,0.023088716269346887,0.26887279867317604,0.050784082403829145,0.1351469284927263,-1.8248531770944694e-11,-1.8248531770944694e-11,594.1899029393982,10.0,29.119715904128466,14.14665200488063,9,0,0,2,8,0.1,0.9781911283730653,2.5018537765542006e-17,26.802872795081804,-0.044878001229900974,7.458531124010493,11.815301367047024,-8.202938907494572,16.940477878026094,-14.149535944940322,-1.9117058248925705,-9.46230497045041,-15.880647020241224,8.742389843979067,-11.314899104518785
allocation,151,3.8000000000000003,0.195,0.205,0.2180887162693469,0.21722668296589617,0.022226682965896166,0.2666749664016409,0.04944828343574473,0.004730326008906058,-8.677427538138152e-12,-1.6737529067294378e-11,511.75122578076173,10.0,19.065826848608854,14.08929964546037,9,0,0,2,8,0.1,0.9782773317034104,3.7367087251761353e-17,26.808171783463372,-0.022048959684483744,7.478373380031576,11.852074890763493,-8.203434454597183,16.958699032044926,-14.16768457571002,-1.8959772153248848,-9.44682086960012,-15.897182099315756,8.766300823391989,-11.364421962536369
allocation,152,3.825,0.195,0.205,0.21722668296589612,0.21643019057963944,0.021430190579639435,0.2647290722374732,0.048298881657833775,0.004773336767493901,-1.684501201582783e-11,-1.821803272493476e-11,164.08877697640423,10.0,18.899930692444293,14.029075866002136,9,0,0,2,8,0.1,0.978356980942036,9.813077866773595e-18,26.813218711633475,0.0011822509187904527,7.511259102714677,11.887603584778157,-8.20991253357178,16.962983296600925,-14.189157562094376,-1.8775357085577973,-9.434340564550777,-15.9132438496462,8.807243065175385,-11.409592627444136
allocation,153,3.85,0.195,0.205,0.2164301905796394,0.21568846590206153,0.020688465902061526,0.26288847482944666,0.04720000892738513,0.004475259604408486,-1.663936516948884e-11,-1.879770442084846e-11,481.3729004950568,10.0,18.841274539948493,13.968563680483042,9,0,0,2,8,0.1,0.9784311534097938,2.8609792490763984e-17,26.8157215143783,0.02327876733067734,7.551716450121104,11.921477802275245,-8.216488260561462,16.96453992876788,-14.214362415960213,-1.8553286040659756,-9.421737961189498,-15.929981672426484,8.853791052523853,-11.453297921141724
allocation,154,3.875,0.195,0.205,0.21568846590206156,0.21813416553312812,0.02313416553312811,0.26853964123762086,0.05040547570449275,0.1313153045081536,-1.3128396784829452e-11,-1.710335079708983e-11,583.3257421678386,10.0,28.928457989552523,14.145937611395542,9,0,0,2,8,0.1,0.9781865834466872,1.5515838457795457e-17,26.795875862380182,-0.03675719912802404,7.444445767791621,11.793575583417283,-8.201119120754672,16.95698161006582,-14.145006895714397,-1.9116676494402292,-9.443288549059739,-15.890165360011338,8.74239819316527,-11.356119106279179
allocation,155,3.9000000000000004,0.195,0.205,0.21813416553312812,0.2172785615280768,0.022278561528076807,0.26642157905702424,0.049143017528947425,0.005140295907113292,-9.212897758094388e-12,-1.7673775200407513e-11,242.42120217991473,10.0,19.14316443229472,14.091040027326876,9,0,0,2,8,0.1,0.9782721438471923,3.1031676915590914e-17,26.801244549847542,-0.015036575288107264,7.461766967916388,11.828347142196595,-8.201306603787577,16.97549914157079,-14.16461974251026,-1.8975278817566525,-9.430053299057095,-15.906048087419423,8.765246289090586,-11.401999804053538
allocation,156,3.9250000000000003,0.195,0.205,0.21727856152807687,0.21647266215365074,0.021472662153650734,0.2646042381528388,0.04813157599918805,0.004627312333320145,-1.819491464677406e-11,-1.8553593069199865e-11,237.42683031721833,10.0,18.978238766174734,14.033419524374096,9,0,0,2,8,0.1,0.9783527337846349,1.962615573354719e-17,26.806915684246384,0.007386947173096375,7.4915294784548605,11.864312574155786,-8.204547510319268,16.97744051975324,-14.185853772829155,-1.881554342960742,-9.433566120950445,-15.92883830111828,8.805597404325118,-11.438364624974232
allocation,157,3.95,0.195,0.205,0.2164726621536508,0.21571262442623754,0.02071262442623753,0.26283532822044064,0.04712270379420311,0.004031053070443117,-1.8122894321699023e-11,-1.8416133621052884e-11,217.63914257016626,10.0,18.90308109171852,13.975062674734207,9,0,0,2,8,0.1,0.9784287375573762,2.8609792490763984e-17,26.80975333672476,0.028590138497242318,7.528442305916273,11.900924234580634,-8.208121659103822,16.977290787713805,-14.210119932687753,-1.8615137134774529,-9.436176216598907,-15.951280112228343,8.850935723895494,-11.473708253535644
allocation,158,3.975,0.195,0.205,0.21571262442623754,0.21813893409488874,0.023138934094888736,0.26846519622591314,0.050326262131024396,0.13062414776909198,-1.3692410795030665e-11,-1.834686402436738e-11,581.0120164581377,10.0,28.856281747942127,14.150895630029797,9,0,0,2,8,0.1,0.9781861065905111,2.1942709178604383e-17,26.789530866787494,-0.031273206064408254,7.4235256947510555,11.77306808622932,-8.192373781711895,16.970094767364998,-14.144358259027566,-1.9170706087560845,-9.456852084401428,-15.91188621719154,8.740894193966522,-11.376072266633365
allocation,159,4.0,0.195,0.205,0.21813893409488874,0.21729605670268945,0.022296056702689443,0.26635605498688797,0.04905999828419852,0.0056749349670184085,-1.266590427835763e-11,-1.7732918620710558e-11,244.66392961441178,10.0,19.19577056581758,14.097266695719648,9,0,0,2,8,0.1,0.9782703943297311,3.179800655392251e-17,26.794016106285675,-0.010763884019050627,7.439983208689641,11.80764600554132,-8.192821545991468,16.988012938326225,-14.16396438149642,-1.9044528079088088,-9.44482125498373,-15.926357899988231,8.763513752523128,-11.42174679089738
allocation,160,4.025,0.195,0.205,0.21729605670268945,0.21649129750459806,0.02149129750459805,0.26448968867470335,0.04799839117010529,0.0048043566245820285,-1.831667654357972e-11,-1.904588697317703e-11,240.22321083746866,10.0,19.024675972433485,14.040673670942535,9,0,0,2,8,0.1,0.9783508702495401,1.5515838457795457e-17,26.798459493160042,0.010253702975971803,7.467832039730803,11.845450569406367,-8.196986718877545,16.98965715026137,-14.184717999187713,-1.8901663268593467,-9.448401018820904,-15.947916895219606,8.80329442663613,-11.458203739167157
allocation,161,4.05,0.195,0.205,0.21649129750459803,0.21574052747805375,0.020740527478053744,0.26266570883422924,0.04692518135617549,0.004523092484914219,-1.672952496900061e-11,-1.8684739028374314e-11,172.71294886463232,10.0,18.928888475682726,13.982771608850287,9,0,0,2,8,0.1,0.9784259472521947,3.8005887153050735e-17,26.800255154509447,0.03038623885100116,7.503692242708688,11.882375508437395,-8.202421593278812,16.990087888778124,-14.210439552526518,-1.870886639620427,-9.4433934574907,-15.964940348215547,8.848348918673098,-11.495449019454043
allocation,162,4.075,0.195,0.205,0.21574052747805375,0.21815619248215032,0.023156192482150312,0.26829801162520106,0.05014181914305074,0.13029561370109657,-1.2046048641896858e-11,-1.8180306653734633e-11,578.9855005975692,10.0,28.803817795340183,14.15742706309005,9,0,0,2,8,0.1,0.9781843807517849,4.163336342344337e-17,26.779681453817897,-0.029013775440878,7.400931202973879,11.754695199639379,-8.187074493660049,16.98338736656472,-14.147508315429704,-1.9251308057356051,-9.46373276350795,-15.925895989173949,8.73913525143083,-11.396803249127796
allocation,163,4.1000000000000005,0.195,0.205,0.2181561924821503,0.21731988505900254,0.022319885059002537,0.26618531435080667,0.048865429291804124,0.005998653621337922,-1.2387481499947862e-11,-1.787119715420073e-11,247.91967010514307,10.0,19.233986722752366,14.104593732042723,9,0,0,2,8,0.1,0.9782680114940997,2.0816681711721685e-17,26.783301449678707,-0.009483038018340818,7.416906410525732,11.789967934847988,-8.188118922311062,17.00107838966372,-14.167682323526192,-1.9133229869138981,-9.452418864491863,-15.939505856588678,8.76133310114558,-11.4415259908081
allocation,164,4.125,0.195,0.205,0.21731988505900257,0.21652020806991276,0.021520208069912755,0.26431133319901495,0.04779112512910219,0.005086136199997148,-1.8593347687590266e-11,-1.8593347687590266e-11,241.7477083215092,10.0,19.057539644307493,14.048628285749961,9,0,0,2,8,0.1,0.9783479791930088,1.5515838457795457e-17,26.786917084633274,0.010630565398074023,7.444269482122224,11.828324043378972,-8.192888932428831,17.00239858512645,-14.189291255216226,-1.8999378510287834,-9.456160638492856,-15.960316436724556,8.800485043747598,-11.477279056464411
allocation,165,4.15,0.195,0.205,0.21652020806991276,0.2157735362682761,0.020773536268276105,0.26248003358539557,0.046706497317119455,0.0047800333642198135,-1.696863747745213e-11,-1.851735797251812e-11,175.228010133937,10.0,18.958176067111314,13.991241337031097,9,0,0,2,8,0.1,0.9784226463731724,3.179800655392251e-17,26.78792079793405,0.02992774068373361,7.479675050713003,11.865757775832712,-8.198897863833148,17.00240413922026,-14.215944172164662,-1.881567976671368,-9.451445280869846,-15.97663467444906,8.845007228804837,-11.513863870789441
allocation,166,4.175,0.195,0.205,0.21577353626827614,0.21818835838751768,0.023188358387517677,0.26812749893459725,0.04993914054707957,0.1303445494414888,-1.1861263479126578e-11,-1.719961709096288e-11,578.14318700455,10.0,28.769494331145747,14.165084515478192,9,0,0,2,8,0.1,0.9781811641612482,4.906538933386797e-17,26.766872858561907,-0.029512327943377836,7.378887570409778,11.738333628367704,-8.183964411176863,16.99507162144145,-14.15539770547443,-1.9339965423179144,-9.471563298548917,-15.937821587175268,8.736117588982129,-11.41429004896533
allocation,167,4.2,0.195,0.205,0.21818835838751768,0.21735969067240185,0.022359690672401844,0.2660090618834093,0.04864937121100743,0.00638203319397234,-8.486742262300474e-12,-1.781710992226854e-11,250.89545653497342,10.0,19.262230314645404,14.112712345427864,9,0,0,2,8,0.1,0.9782640309327598,2.5962963631595152e-17,26.769594511645277,-0.010944329656077844,7.395157765330473,11.774037612864811,-8.185477581128207,17.012741968674685,-14.176693472290351,-1.9228192140299156,-9.46068820090972,-15.950814858352397,8.757806398532702,-11.458243605733253
allocation,168,4.2250000000000005,0.195,0.205,0.21735969067240182,0.21657370815276836,0.02157370815276835,0.2641008232357808,0.04752711508301247,0.005731243248946854,-1.666333299886107e-11,-1.6765509218879383e-11,193.27266499292583,10.0,19.073753098355066,14.056862361114261,9,0,0,2,8,0.1,0.9783426291847231,4.906538933386797e-17,26.772101831381896,0.008165125540600296,7.42304629050391,11.812016757352742,-8.191567834620546,17.01477803621283,-14.200904752959923,-1.909350899919885,-9.456388378979366,-15.96587120110068,8.796403677278862,-11.495749517297561
allocation,169,4.25,0.195,0.205,0.21657370815276836,0.215831907817149,0.020831907817148998,0.2622351629643803,0.046403255147231315,0.005111069826519897,-1.6803111706630127e-11,-1.8598113776846684e-11,165.51112571463386,10.0,18.97913891074973,13.999627699420765,9,0,0,2,8,0.1,0.9784168092182851,6.245004513516506e-17,26.771976450441887,0.02649105034367198,7.4585151949216595,11.849640272741338,-8.19892237965506,17.015115779159785,-14.228929623203745,-1.8916492602820507,-9.449041260457124,-15.980090683010104,8.840397750527988,-11.533383567307185
allocation,170,4.275,0.195,0.205,0.21583190781714903,0.2182467623450418,0.023246762345041805,0.26786827506634187,0.049621512721300054,0.13045499634613814,-1.286333573857003e-11,-1.6912839703384287e-11,577.2923437541964,10.0,28.738077260044403,14.172708439778795,9,0,0,2,8,0.1,0.9781753237654958,2.1942709178604383e-17,26.750165587213747,-0.033189451990735655,7.3589757914570155,11.72303850026752,-8.184883065408327,17.00857846581323,-14.170043188675987,-1.9423130807624795,-9.469443300912346,-15.941800815950579,8.731697598028285,-11.433323596599134
allocation,171,4.3,0.195,0.205,0.21824676234504173,0.2174212412561466,0.022421241256146585,0.2657288048992666,0.04830756364312,0.006656716144604408,-1.2284854491665043e-11,-1.7726324232384086e-11,256.32553294735294,10.0,19.284679197314606,14.120606671112876,9,0,0,2,8,0.1,0.9782578758743854,1.5515838457795457e-17,26.751880297233843,-0.015542647594268003,7.37550610619607,11.759426054662898,-8.186733853087933,17.026622350098208,-14.192378062211693,-1.9315405191863848,-9.459427518552827,-15.95461708461714,8.752631115205803,-11.4768616487979
allocation,172,4.325,0.195,0.205,0.21742124125614662,0.21663999085447153,0.02163999085447152,0.2637841177311323,0.04714412687666078,0.006068224429260972,-1.640235357967686e-11,-1.880289063250105e-11,185.78240161469532,10.0,19.094077181008736,14.064908485596074,9,0,0,2,8,0.1,0.9783360009145529,3.5381555418772973e-17,26.753204694957088,0.002572493216167135,7.403672934366174,11.79771090196671,-8.193977844645204,17.02911549882043,-14.217890136778403,-1.9186106586544744,-9.452839631048215,-15.96768459614035,8.790320332021851,-11.515433227628069
allocation,173,4.3500000000000005,0.195,0.205,0.21663999085447147,0.2158992160050616,0.02089921600506159,0.2618799409072001,0.04598072490213853,0.005316601464822418,-1.693735829175179e-11,-1.903608708163364e-11,163.11377828673588,10.0,19.00091637171151,14.007852365505038,9,0,0,2,8,0.1,0.9784100783994938,2.0816681711721685e-17,26.75186398746029,0.019904044620118987,7.439129037677289,11.83589765646954,-8.202008046312967,17.029441039523707,-14.246808907214616,-1.9017428435334327,-9.44486382952905,-15.98117212697643,8.833726229072179,-11.553972709340982
allocation,174,4.375,0.195,0.205,0.21589921600506154,0.21831629921132498,0.02331629921132497,0.26747700984848155,0.049160710637156574,0.1306526720873806,-1.2310692632346941e-11,-1.6331473718245153e-11,577.331864182153,10.0,28.714873627020268,14.180321406868831,9,0,0,2,8,0.1,0.9781683700788675,4.277421474636178e-17,26.729185290180315,-0.04021224338862642,7.3402096602743185,11.710398039245385,-8.18909991564626,17.0252683116108,-14.188848728511287,-1.9506730961952221,-9.465738929823578,-15.943346547059477,8.725048554987442,-11.453761655010918
allocation,175,4.4,0.195,0.205,0.21831629921132503,0.21749202905790016,0.022492029057900154,0.265313993385417,0.04782196432751684,0.006881004484130294,-1.2457817118881315e-11,-1.8452599938381865e-11,267.8200333121424,10.0,19.307578858529563,14.128483776737824,9,0,0,2,8,0.1,0.97825079709421,1.5515838457795457e-17,26.72995162738434,-0.023386088174904358,7.356899104294383,11.747408955925478,-8.191152141933934,17.043954355232344,-14.21208819219741,-1.9401696738324472,-9.456672051717232,-15.956121682111208,8.745033111422858,-11.497027049920696
allocation,176,4.425,0.195,0.205,0.21749202905790013,0.21671105001434326,0.02171105001434326,0.26333976547092997,0.0466287154565867,0.006255421048474928,-1.6206920614103763e-11,-1.8436032396355918e-11,184.99239957635095,10.0,19.116718507613378,14.073026159284229,9,0,0,2,8,0.1,0.9783288949985657,3.179800655392251e-17,26.73023871433929,-0.006166459967763188,7.385120588694819,11.786311530018404,-8.198879318938847,17.046516700522847,-14.23855373978614,-1.9278948258268684,-9.449748274429155,-15.968520856469498,8.781878596731568,-11.535912860649741
allocation,177,4.45,0.195,0.205,0.21671105001434324,0.21905253898266222,0.024052538982662214,0.26895425919667504,0.04990172021401282,0.12997305090815248,-1.2586871895829418e-11,-1.763041120931424e-11,577.1235066861905,10.0,28.622621635783602,14.241946370160473,9,0,0,2,8,0.1,0.9780947461017337,3.5381555418772973e-17,26.710494350333892,-0.0643771475040609,7.293034183213173,11.66322210750834,-8.181981230701627,17.03619557193465,-14.185122254076715,-1.9742409244994394,-9.471012347323379,-15.932196566686548,8.6798010868437,-11.429708289529326
allocation,178,4.4750000000000005,0.195,0.205,0.21905253898266222,0.21822584538277282,0.02322584538277281,0.26691284393040765,0.048686998547634835,0.009014928842509064,-1.2477668592082444e-11,-1.802819658699124e-11,260.6905616394233,10.0,19.43727549982274,14.191675640706137,9,0,0,2,8,0.1,0.9781774154617228,6.434865484555646e-17,26.71315951795559,-0.04778197155662783,7.307953262606506,11.699407600227442,-8.183555891299267,17.049576492387043,-14.206786831246706,-1.9665268759890717,-9.465870313520396,-15.943812142513247,8.698620389697888,-11.470111154281806
allocation,179,4.5,0.195,0.205,0.21822584538277282,0.21742502952842477,0.02242502952842476,0.2650634633606093,0.04763843383218455,0.007713765243770394,-1.1899340674519126e-11,-1.8712138061754396e-11,264.43510944127206,10.0,19.226898494616016,14.137013789160463,9,0,0,2,8,0.1,0.9782574970471575,5.721958498152797e-17,26.71604094851928,-0.030139883053389785,7.333963277854202,11.738268532923113,-8.190001236711622,17.048973407325896,-14.230525115083106,-1.9577251569713183,-9.474021711037231,-15.963472856189401,8.736245887433896,-11.50270785398471
allocation,180,4.525,0.195,0.205,0.21742502952842474,0.21667154236135122,0.021671542361351215,0.2632156009045519,0.046544058543200706,0.0071641708085403285,-1.71618109818464e-11,-1.860563657433696e-11,183.47708190425038,10.0,19.096438626140223,14.080095203267339,9,0,0,2,8,0.1,0.9783328457638649,2.5018537765542006e-17,26.716233682236094,-0.013130806641160588,7.368077178371002,11.775911367340319,-8.198595045001932,17.047724064153204,-14.260026939996065,-1.9440925640612001,-9.469868214962903,-15.975996272714815,8.780227072101797,-11.538336927266387
allocation,181,4.55,0.195,0.205,0.21667154236135125,0.21907362275240683,0.02407362275240682,0.268937548683291,0.04986392593088418,0.13215942683804183,-1.2376479506365792e-11,-1.8252864551481557e-11,583.9987915491275,10.0,28.711749139467678,14.251049298119412,9,0,0,2,8,0.1,0.9780926377247593,2.3013707539344673e-17,26.69494646150374,-0.07442617293708062,7.277072328057774,11.652194074277086,-8.18299940527252,17.032837426067864,-14.20712954116099,-1.987097980177507,-9.48983774613733,-15.93997524971083,8.676262644197609,-11.4309330977424
allocation,182,4.575,0.195,0.205,0.21907362275240683,0.21825523368557667,0.023255233685576665,0.26684891463402544,0.048593680948448764,0.00928350152475368,-1.231179813690037e-11,-1.614049405007147e-11,251.64387415207113,10.0,19.39990330356384,14.199265232110882,9,0,0,2,8,0.1,0.9781744766314423,3.3993498887762956e-17,26.696235130064167,-0.058775672725266015,7.295580635221518,11.689093303617055,-8.184738863095294,17.045539864687647,-14.231651640581287,-1.9793767938337448,-9.483655372064435,-15.951651648493417,8.696328100954243,-11.472264464114597
allocation,183,4.6000000000000005,0.195,0.205,0.21825523368557667,0.2174739449024914,0.022473944902491383,0.264895363804684,0.04742141890219259,0.008434901855476252,-1.6574132734369463e-11,-1.8672515306597828e-11,197.07966022759504,10.0,19.20090896642788,14.14337442509894,9,0,0,2,8,0.1,0.9782526055097509,3.1031676915590914e-17,26.696806012367023,-0.04263038735959185,7.324837669602226,11.727203308094499,-8.194027489228159,17.047230937416703,-14.259183420253054,-1.9696214406056063,-9.478353772558398,-15.962790737558649,8.73353968664331,-11.51093298285427
allocation,184,4.625,0.195,0.205,0.21747394490249142,0.2167141095480755,0.021714109548075483,0.26305502844564654,0.046340918897571054,0.007106264502682273,-1.736123112362024e-11,-1.8561021875803698e-11,195.56870512858356,10.0,19.12179087115475,14.086605830365333,9,0,0,2,8,0.1,0.9783285890451925,6.973502068242161e-17,26.695558696324486,-0.02727009542419153,7.360035416479762,11.76699241734082,-8.201866554300123,17.045216920229592,-14.291270744303876,-1.9557093603981481,-9.4775030957243,-15.97745079713736,8.77865144274686,-11.542722702492506
allocation,185,4.65,0.195,0.205,0.2167141095480754,0.2191424821262629,0.024142482126262882,0.26871424689432644,0.04957176476806355,0.13317023085203708,-1.848414975037025e-11,-1.848414975037025e-11,585.2583608824162,10.0,28.765837217561938,14.258663945738704,9,0,0,2,8,0.1,0.9780857517873737,3.6055550369691825e-17,26.67239191630667,-0.09064581036670888,7.266906815794377,11.644894117492123,-8.188662364185522,17.034593783556566,-14.237373225298628,-1.9963198217105873,-9.497487548228492,-15.940980361120463,8.672249591549283,-11.436128930769616
allocation,186,4.675,0.195,0.205,0.21914248212626294,0.21831873901368634,0.023318739013686335,0.2665597616839028,0.04824102267021643,0.009230104871054225,-8.31803092107597e-12,-1.7983174185738485e-11,260.6105877489624,10.0,19.409621291621036,14.206630471950195,9,0,0,2,8,0.1,0.9781681260986314,4.443059973708341e-17,26.672151368623343,-0.07636141281133574,7.285935314034954,11.683202858724067,-8.19103707775323,17.050918542277326,-14.263804744764032,-1.9876900555673722,-9.490983658744065,-15.952720704742465,8.690971746433128,-11.477194916186942
allocation,187,4.7,0.195,0.205,0.21831873901368637,0.21753713458138885,0.02253713458138884,0.2645675952726539,0.04703046069126504,0.008602816584049145,-1.6337188609467817e-11,-1.80792846970004e-11,490.4190183389767,10.0,19.231432848066092,14.151103872332813,9,0,0,2,8,0.1,0.9782462865418611,1.5515838457795457e-17,26.67101694206125,-0.06151002355883152,7.315328737325247,11.723104174854093,-8.200058250108201,17.053135271765303,-14.292789980212595,-1.9777310722748762,-9.485280951374515,-15.963989074390723,8.727369748112675,-11.51517487698283
allocation,188,4.7250000000000005,0.195,0.205,0.21753713458138887,0.21987420454897766,0.024874204548977652,0.27013894957874623,0.050264745029768576,0.1319776424815595,-1.195323164489398e-11,-1.8456836734750846e-11,584.185073084952,10.0,28.69093054582953,14.319469625528058,9,0,0,2,8,0.1,0.9780125795451022,1.5515838457795457e-17,26.650591429934554,-0.12273557787113602,7.226796362360384,11.602263747324413,-8.187790439277897,17.04788783538325,-14.24330957313221,-2.0168623900791878,-9.506341091332411,-15.927043083348252,8.626455057757425,-11.40367376135242
allocation,189,4.75,0.195,0.205,0.21987420454897763,0.21905038929592985,0.02405038929592984,0.268110430133666,0.04906004083773613,0.011475319464160196,-1.5831840858658377e-11,-1.621415591907841e-11,263.86639020264386,10.0,19.54103901415629,14.26899235054358,9,0,0,2,8,0.1,0.978094961070407,1.962615573354719e-17,26.651974165545102,-0.10914572805262787,7.244427228374709,11.640343476640624,-8.190747848726742,17.058915376838183,-14.268236699192714,-2.0099160945433083,-9.502952545465638,-15.937852167913526,8.643037080254892,-11.441708915786164
allocation,190,4.775,0.195,0.205,0.21905038929592985,0.21825584562903688,0.023255845629036875,0.2661997215541058,0.047943875925068935,0.0103120603754051,-1.6218530098537523e-11,-1.8747491514721546e-11,214.54753743520908,10.0,19.31726545246848,14.21373118472339,9,0,0,2,8,0.1,0.9781744154370963,1.3877787807814457e-17,26.653047073461885,-0.09399667720826532,7.272451242344189,11.67982029603186,-8.19987813497865,17.059323348597985,-14.296113279576097,-2.0013916652119565,-9.500870097897499,-15.948492850498301,8.678936624055991,-11.477010066128205
allocation,191,4.800000000000001,0.195,0.205,0.21825584562903688,0.21747050670476284,0.022470506704762833,0.2643852197015737,0.04691471299681085,0.00839919838674209,-1.1246100640496908e-11,-1.879032897285553e-11,261.8240204243047,10.0,19.230401584057265,14.157211550214651,9,0,0,2,8,0.1,0.9782529493295237,1.6996749443881478e-17,26.65244061754744,-0.07916055684209752,7.306209579858121,11.721234777606067,-8.207634607982168,17.05579278687984,-14.327076380197731,-1.9902442541131828,-9.509365831901459,-15.96824922814035,8.722997313365862,-11.505316951511967
allocation,192,4.825,0.195,0.205,0.21747050670476292,0.2199048612124405,0.024904861212440482,0.2700694466607354,0.05016458544829491,0.13539702142312426,-1.8954872209256123e-11,-1.8954872209256123e-11,597.17524609072,10.0,28.834467766589324,14.329244062846985,9,0,0,2,8,0.1,0.9780095138787559,4.220764384040162e-17,26.629434121547465,-0.14427983559409635,7.216903036062346,11.602191351103794,-8.192514916190785,17.03908949465662,-14.27447135590275,-2.0257276068872794,-9.528585241013742,-15.932606046973872,8.61954525535952,-11.394272053024093
allocation,193,4.8500000000000005,0.195,0.205,0.2199048612124405,0.21907738119765743,0.024077381197657427,0.2679755435653841,0.04889816236772668,0.011298567586909778,-1.1516879107913129e-11,-1.628748169016841e-11,257.4412206678853,10.0,19.50198181070664,14.277137055777427,9,0,0,2,8,0.1,0.9780922618802342,5.1925927263190304e-17,26.62959194942134,-0.13065318839735124,7.236879676550554,11.64145707457281,-8.194720355282847,17.049898778832468,-14.301471280942021,-2.018035996883656,-9.52393797589858,-15.943542240444808,8.636404871097762,-11.434119939794144
allocation,194,4.875,0.195,0.205,0.21907738119765743,0.21826507820015525,0.023265078200155248,0.2660948412033764,0.04782976300322114,0.009731036222844916,-1.8582516502894816e-11,-1.8690368668483008e-11,276.1564954426144,10.0,19.338404484031752,14.2217748945639,9,0,0,2,8,0.1,0.9781734921799845,1.962615573354719e-17,26.630034091513156,-0.11586083210096774,7.265624424119694,11.68345584804226,-8.201851924623428,17.049547965391064,-14.33040643973867,-2.009377669312755,-9.532072689636493,-15.962558584824576,8.674389744142108,-11.463362505693894
allocation,195,4.9,0.195,0.205,0.21826507820015528,0.21747971754939124,0.022479717549391237,0.26428039493407446,0.046800677384683215,0.008380709700176884,-1.2030737787155225e-11,-1.877536310913265e-11,264.54261103367355,10.0,19.263966658546938,14.165644689011003,9,0,0,2,8,0.1,0.9782520282450609,3.3993498887762956e-17,26.628105593032984,-0.10169076737381855,7.300295470603522,11.725874130705096,-8.209168261272598,17.04701162182076,-14.363531009631227,-1.9973772948978343,-9.539105383338677,-15.981725938947571,8.718189134304104,-11.48989627180064
allocation,196,4.925000000000001,0.195,0.205,0.2174797175493913,0.21996269105423907,0.024962691054239067,0.2699018409058915,0.049939149851652404,0.13721203662811185,-1.868880102929379e-11,-1.868880102929379e-11,601.4765683986758,10.0,28.934870934812757,14.339818867105912,9,0,0,2,8,0.1,0.978003730894576,5.238750013840908e-17,26.603052621388816,-0.16877945197968974,7.207982551518532,11.607604551284805,-8.196045247335642,17.03516607968585,-14.308247835226565,-2.031014202966729,-9.557428756669895,-15.944798524631814,8.611735862791122,-11.380967055121413
allocation,197,4.95,0.195,0.205,0.2199626910542391,0.21913034610548293,0.024130346105482925,0.26775106830084877,0.04862072219536584,0.011197368878787787,0.0,-1.6772505330081026e-11,265.485943013836,10.0,19.51533571558677,14.287449367793199,9,0,0,2,8,0.1,0.9780869653894517,2.943923360032078e-17,26.60225344422294,-0.1554295410828352,7.228243278207747,11.64766393210981,-8.19887275312831,17.05038024017904,-14.336337973017924,-2.0220062602397273,-9.551386246432369,-15.955268118867185,8.625937376792347,-11.421324413635514
allocation,198,4.9750000000000005,0.195,0.205,0.2191303461054829,0.21832234984432247,0.023322349844322465,0.2658160279976282,0.04749367815330574,0.009981296862971447,-1.7008479186908596e-11,-1.8630790712825673e-11,225.0557010608814,10.0,19.34779495546499,14.23200306659792,9,0,0,2,8,0.1,0.9781677650155678,3.1031676915590914e-17,26.601551137557454,-0.1408370550273887,7.257417939672013,11.6900217639472,-8.206551805004056,17.05161263065253,-14.367272020517017,-2.0121376803551643,-9.549685299606258,-15.967551415222049,8.661837983092786,-11.453344021090338
allocation,199,5.0,0.195,0.205,0.21832234984432253,0.2207253501935096,0.025725350193509605,0.27136097904718814,0.05063562885367853,0.13665316078416412,-9.813077866773593e-18,-1.660916419571911e-11,603.1292284045657,10.0,28.867209814159413,14.40275673523432,9,0,0,2,8,0.1,0.9779274649806491,2.5962963631595152e-17,26.579305082083714,-0.20436548696036477,7.169548726986853,11.571940195542567,-8.194326237597277,17.044845573018556,-14.315388528496062,-2.045420834160856,-9.568170893833729,-15.9308368659756,8.561526154760251,-11.340476137761208
allocation,200,5.025,0.195,0.205,0.22072535019350958,0.21989247651631447,0.02489247651631446,0.2693487046712159,0.049456228154901444,0.013552274810726295,-1.6466266155823155e-11,-1.6487972684064458e-11,272.7935315589078,10.0,19.637986988378415,14.351623628991376,9,0,0,2,8,0.1,0.9780107523483685,3.179800655392251e-17,26.5807426316081,-0.19045323062050795,7.188445905848689,11.611775527243317,-8.198129586955398,17.05443893230612,-14.34046274419964,-2.037545955523327,-9.565360108339014,-15.940325655773947,8.573428957828288,-11.378599695120352
allocation,201,5.050000000000001,0.195,0.205,0.21989247651631447,0.21909984046998235,0.024099840469982342,0.26744126354673314,0.048341423076750795,0.012757393611493395,-1.6012219949466474e-11,-1.8793361520575047e-11,503.3888449379776,10.0,19.427977454148408,14.296075352767442,9,0,0,2,8,0.1,0.9780900159530017,2.8609792490763984e-17,26.581761749261755,-0.17441550359473323,7.2172651620483625,11.652055584560472,-8.20881397576659,17.055033086328603,-14.367592563886944,-2.029815321132608,-9.56127445739782,-15.949406843363366,8.607228391046442,-11.414694913332319
allocation,202,5.075,0.195,0.205,0.21909984046998235,0.21832433179267005,0.023324331792670044,0.26557582793159384,0.04725149613892379,0.01112595636335862,-1.688381261905437e-11,-1.7007194900342783e-11,497.4810643164012,10.0,19.322403629969276,14.238885468215054,9,0,0,2,8,0.1,0.978167566820733,4.443059973708341e-17,26.580797383426773,-0.1586151976165509,7.2518056100949275,11.692739463559054,-8.219416999386098,17.053453863241735,-14.398997439025198,-2.0191876140571816,-9.556469257692427,-15.959952237835102,8.650123496361692,-11.448285744373495
allocation,203,5.1000000000000005,0.195,0.205,0.21832433179267002,0.2207910894013438,0.02579108940134378,0.2712511760045168,0.05046008660317303,0.1389528692480711,-1.1473852978024223e-11,-1.8439990133323062e-11,613.4304692777289,10.0,28.994136779457236,14.412464057391608,9,0,0,2,8,0.1,0.9779208910598656,3.1031676915590914e-17,26.557627890649552,-0.2252664444047427,7.163400689300316,11.57682461395542,-8.204104372237603,17.035635612209152,-14.34421366180659,-2.0494706858435032,-9.574656310711056,-15.92425937411598,8.547513547736726,-11.333981997996391
allocation,204,5.125,0.195,0.205,0.2207910894013438,0.2199430372204323,0.024943037220432285,0.2691953044706784,0.04925226725024612,0.01301691587410927,-8.498628352866604e-12,-1.8373697885794074e-11,267.7069671401942,10.0,19.583610709698924,14.359442232387156,9,0,0,2,8,0.1,0.9780056962779567,6.206335383118183e-17,26.55917276406804,-0.21018440921321502,7.184234780281953,11.617570910444366,-8.206248498149234,17.04411037955312,-14.371366001185848,-2.0413595158129128,-9.570234343290961,-15.934678363120717,8.560745802346702,-11.372473014002308
allocation,205,5.15,0.195,0.205,0.21994303722043226,0.21911964371974338,0.024119643719743372,0.26730909227336586,0.04818944855362248,0.011743963810928473,-1.7066637619520764e-11,-1.8721278023811243e-11,236.2296686753925,10.0,19.400166962542716,14.302777597632826,9,0,0,2,8,0.1,0.9780880356280257,3.98609107286759e-17,26.5609320682014,-0.19340944844124552,7.213832629253554,11.65956333948271,-8.214554457296,17.044455521749594,-14.40084422896396,-2.0322691282364955,-9.569325236885861,-15.946525943019179,8.597533992349149,-11.403710090448254
allocation,206,5.175000000000001,0.195,0.205,0.21911964371974338,0.2183169690449684,0.023316969044968383,0.26545266010215135,0.04713569105718296,0.010095955629610864,-3.925231146709437e-17,-1.908352595331109e-11,226.34730343939245,10.0,19.31130252408998,14.244980972789614,9,0,0,2,8,0.1,0.9781683030955032,3.179800655392251e-17,26.560245512417303,-0.17711744583890254,7.248860902335528,11.701802942031192,-8.222962005413137,17.04289663119485,-14.433654920931954,-2.0206748928126737,-9.5679990298153,-15.960003038622705,8.641190359846032,-11.433875758328847
allocation,207,5.2,0.195,0.205,0.21831696904496836,0.2208424935905327,0.0258424935905327,0.27110434551128354,0.05026185192075083,0.14111668440856148,-1.1330719424259464e-11,-1.848414407718461e-11,618.416944511188,10.0,29.096459753758847,14.420997038643494,9,0,0,2,8,0.1,0.9779157506409467,5.0515910130503314e-17,26.535433932007876,-0.24497211905742916,7.158053970403529,11.58546891136395,-8.209385848431758,17.02952207560675,-14.375150550834292,-2.050376256614841,-9.585377264756765,-15.924213953657919,8.537202499967814,-11.321532173081046
allocation,208,5.2250000000000005,0.195,0.205,0.2208424935905327,0.21999156650099896,0.024991566500998957,0.2690187621372405,0.049027195636241555,0.013040577370536979,-8.695640610658885e-12,-1.6476498742768733e-11,490.95155662546546,10.0,19.574310105789174,14.367289345616413,9,0,0,2,8,0.1,0.9780008433499001,6.434865484555646e-17,26.536791324013837,-0.2289559426623093,7.179344342623297,11.626957180605386,-8.21189006707888,17.040656633923433,-14.401936986827018,-2.041100370076721,-9.580674761207078,-15.934697619607672,8.55071318002943,-11.36044591732902
allocation,209,5.25,0.195,0.205,0.21999156650099894,0.21916284927077673,0.02416284927077672,0.26707467636200455,0.04791182709122782,0.011557368130091453,-1.6953492831716864e-11,-1.6953492831716864e-11,226.40550365200104,10.0,19.38624114522945,14.309914683843777,9,0,0,2,8,0.1,0.9780837150729224,2.8609792490763984e-17,26.538043601276037,-0.21145721394387715,7.209426823217067,11.669183477025717,-8.220924356666684,17.04225111184719,-14.431044840528239,-2.031668768009367,-9.57639828248206,-15.945087151421598,8.585663573907377,-11.395047776614565
allocation,210,5.275,0.195,0.205,0.21916284927077673,0.2216020374039317,0.02660203740393169,0.2726738034290606,0.05107176602512892,0.14042746063692385,-1.085318561602866e-11,-1.6927363058627114e-11,619.1005070840282,10.0,29.02562007055216,14.482335351630049,9,0,0,2,8,0.1,0.9778397962596068,2.8609792490763984e-17,26.516656121971053,-0.2750012782245752,7.123216716154627,11.552221151430569,-8.208494787016479,17.033223448991958,-14.376093054966171,-2.0617365037248843,-9.593978898572036,-15.909536918639974,8.487990306374103,-11.278474996057897
allocation,211,5.300000000000001,0.195,0.205,0.22160203740393178,0.22074629239387566,0.02574629239387566,0.2707119209283503,0.049965628534474615,0.015179490957491227,-1.66325953723955e-11,-1.811868297800076e-11,281.396629581749,10.0,19.67919382048392,14.429389423977156,9,0,0,2,8,0.1,0.9779253707606125,1.5515838457795457e-17,26.520705293264886,-0.2580277163883233,7.14352865860256,11.59288357393898,-8.212319099181952,17.040333487569004,-14.39939667316883,-2.053471625200183,-9.592285872023506,-15.919247065120306,8.4985843229495,-11.316191115245207
allocation,212,5.325,0.195,0.205,0.2207462923938757,0.21989951047827008,0.024899510478270076,0.26890902962675023,0.049009519148480146,0.01321997762835022,-1.1364941306685103e-11,-1.893259314925303e-11,307.36412323981614,10.0,19.479412072520013,14.372195686792312,9,0,0,2,8,0.1,0.978010048952173,1.5515838457795457e-17,26.525607254333426,-0.23862490145345866,7.172226372480815,11.635519592693925,-8.220293929904047,17.038681480712494,-14.424261800606264,-2.0459687948600918,-9.601199310179203,-15.93775202772795,8.535884055722573,-11.344100928858477
allocation,213,5.3500000000000005,0.195,0.205,0.21989951047827008,0.21908213462308476,0.024082134623084755,0.2671122112355727,0.048030076612487954,0.011856107083528718,-1.6703499766521873e-11,-1.6840836244536837e-11,242.44529096353168,10.0,19.36094766346264,14.313286440743031,9,0,0,2,8,0.1,0.9780917865376915,1.5515838457795457e-17,26.528143543695453,-0.21958823073035538,7.206840199734653,11.677255733288831,-8.228989421332772,17.03637514975896,-14.454391133569152,-2.0352223080112917,-9.60040657415665,-15.950142847822322,8.58088325684277,-11.373431074708767
allocation,214,5.375,0.195,0.205,0.21908213462308476,0.22160618787490013,0.026606187874900128,0.2728733499224439,0.05126716204754375,0.1433619475626281,-1.2723950780550378e-11,-1.766837555431132e-11,638.1124979547561,10.0,29.19174563035139,14.489548081096684,9,0,0,2,8,0.1,0.97783938121251,1.5515838457795457e-17,26.50564131770101,-0.2866522169182142,7.120082220434724,11.561315249532454,-8.211909837436577,17.01431765676142,-14.39619255864514,-2.0627704741246085,-9.616288274708596,-15.91518144987213,8.480644807942552,-11.255924762150794
allocation,215,5.4,0.195,0.205,0.22160618787490013,0.2207414678256413,0.025741467825641295,0.2708771332807487,0.05013566545510739,0.01473564737166241,-1.1629902343881422e-11,-1.6354622768932873e-11,278.86333557089847,10.0,19.616418790865346,14.434569356439658,9,0,0,2,8,0.1,0.9779258532174359,4.6027415078689346e-17,26.509864932957562,-0.26848443677975187,7.142571124649545,11.602950282641839,-8.213048051435102,17.018284693279902,-14.421014229445715,-2.0544011797827606,-9.612327131558231,-15.924991240092604,8.493331418226356,-11.294975722709365
allocation,216,5.425000000000001,0.195,0.205,0.2207414678256413,0.21990100656957665,0.02490100656957664,0.26901714828793105,0.049116141718354406,0.01334955776688818,-1.61123403296717e-11,-1.9103708081237526e-11,246.53323914003056,10.0,19.427434586891103,14.375839507702418,9,0,0,2,8,0.1,0.9780098993430424,2.5018537765542006e-17,26.514336640542513,-0.24849221507006447,7.173446849660918,11.644676194716833,-8.221821809473612,17.01839544531165,-14.447734393048,-2.0455021528503963,-9.61078644379255,-15.936338912588146,8.530867086852224,-11.327578368914892
allocation,217,5.45,0.195,0.205,0.21990100656957665,0.21908066781420132,0.024080667814201318,0.2671562656136267,0.048075597799425385,0.011614110486386666,-1.738527807093277e-11,-1.738527807093277e-11,227.77312664545425,10.0,19.327647070519117,14.315774220678955,9,0,0,2,8,0.1,0.9780919332185799,3.5381555418772973e-17,26.516241385397194,-0.22921202732394727,7.209467855494568,11.686006483074866,-8.231364054867568,17.017937180588106,-14.478046602138964,-2.0342652737076308,-9.605959718379156,-15.947524352764065,8.575561023884301,-11.360830871355518
allocation,218,5.4750000000000005,0.195,0.205,0.2190806678142013,0.22164772009696054,0.026647720096960537,0.2729007933466557,0.051253073249695136,0.1449676437674231,-1.1415602547807054e-11,-1.7614114140246997e-11,639.4776857600327,10.0,29.268588425191915,14.49391702214742,9,0,0,2,8,0.1,0.977835227990304,1.6996749443881478e-17,26.492792892523116,-0.2968166686126814,7.1206560442336295,11.569697910326857,-8.215750454055188,16.99921293461081,-14.416318149642187,-2.0620498375320393,-9.621512243831639,-15.912262724198431,8.474233383702002,-11.244999436521148
allocation,219,5.5,0.195,0.205,0.22164772009696057,0.22077767903130058,0.02577767903130057,0.27088010285475644,0.050102423823455866,0.014652724111184203,-9.215186658506811e-12,-1.6548715636059787e-11,488.5472113642676,10.0,19.59292950541343,14.438099496611537,9,0,0,2,8,0.1,0.9779222320968699,3.98609107286759e-17,26.49718311313926,-0.27779681128746536,7.143694400690874,11.611923215025447,-8.217166632608734,17.005509456383724,-14.440946067066129,-2.0527691891954873,-9.61698339826719,-15.922467981471712,8.488188870079567,-11.283974455863184
allocation,220,5.525,0.195,0.205,0.22077767903130052,0.2199387370939068,0.024938737093906788,0.2689754838838854,0.04903674678997863,0.01342395999808383,-1.6605170273027335e-11,-1.9019373416745082e-11,514.6705500236933,10.0,19.412497476892277,14.378775871065054,9,0,0,2,8,0.1,0.9780061262906093,4.85722573273506e-17,26.501365051409284,-0.2572516985396075,7.175260385680765,11.653451308745748,-8.227389573734685,17.00764914667193,-14.46734817830354,-2.0435378186094657,-9.611313802379703,-15.931985162632426,8.524463318886909,-11.319365036098649
allocation,221,5.550000000000001,0.195,0.205,0.21993873709390682,0.21909448476587062,0.024094484765870616,0.2671745029485014,0.0480800181826308,0.010761063388418556,-4.906538933386797e-18,-1.8588300162327214e-11,296.05929200599917,10.0,19.35582265758763,14.319369661874752,9,0,0,2,8,0.1,0.978090551523413,1.962615573354719e-17,26.504366248473847,-0.23723861926217887,7.210703581463906,11.697186049433977,-8.234174219224972,17.00628875495932,-14.496776077808113,-2.0324229058354244,-9.617144974091174,-15.951419118871515,8.568400989680333,-11.345321848529714
allocation,222,5.575,0.195,0.205,0.21909448476587057,0.22167968752569353,0.026679687525693524,0.2729105559562283,0.05123086843053479,0.1456763191816418,-1.3380744988712468e-11,-1.7526441649315775e-11,641.8782818463828,10.0,29.349256153022225,14.499008730592484,9,0,0,2,8,0.1,0.9778320312474307,2.4037033579794548e-17,26.481307053235664,-0.3054603255461035,7.119709338331495,11.580177664416569,-8.219811108682016,16.992279542903574,-14.432278530242561,-2.059816262973913,-9.632528121270711,-15.914975359801133,8.465133818133337,-11.229724105040717
allocation,223,5.6000000000000005,0.195,0.205,0.22167968752569356,0.22079556268290493,0.02579556268290492,0.27085846912179734,0.05006290643889241,0.014133842578478457,-8.366286731485828e-12,-1.6238379501792538e-11,486.31460370194844,10.0,19.577524686478196,14.442603372509703,9,0,0,2,8,0.1,0.9779204437317095,1.5515838457795457e-17,26.486437526896886,-0.28583416936773665,7.1427321101325525,11.622341990244559,-8.221632243748989,17.001491053559366,-14.456420800760384,-2.0498060428178464,-9.62704719709011,-15.925079395383188,8.47633569488577,-11.269668124512894
allocation,224,5.625,0.195,0.205,0.22079556268290498,0.2199403413352897,0.02494034133528969,0.2689322513121722,0.04899190997688249,0.012784692231929823,-1.6561722870772195e-11,-1.703511556014322e-11,236.7296670732371,10.0,19.3898981258672,14.38264024650235,9,0,0,2,8,0.1,0.978005965866471,8.121767085755589e-17,26.491504747666646,-0.26462626266353245,7.174251124132088,11.66441590809549,-8.230715998001388,17.003875884225124,-14.48204734588657,-2.040400499513292,-9.621356873206672,-15.935087415040668,8.511373705676718,-11.305562148663185
allocation,225,5.65,0.195,0.205,0.21994034133528967,0.2191244548971409,0.024124454897140907,0.2670627765464744,0.04793832164933351,0.011797188953711554,-1.655492486107999e-11,-1.8862133410217494e-11,510.75364002550117,10.0,19.332595711189438,14.322494183515698,9,0,0,2,8,0.1,0.978087554510286,8.151354677681473e-17,26.49415668284456,-0.24419419924065364,7.210794721812745,11.706050908496783,-8.240134018863118,17.00498301862626,-14.510582336386873,-2.0291637522033694,-9.61387918505656,-15.94604919196938,8.554939424811053,-11.339202579203915
allocation,226,5.675000000000001,0.195,0.205,0.2191244548971409,0.2217191988400708,0.02671919884007079,0.2728078608309807,0.05108866199090989,0.14612651697545043,-1.2296581426374521e-11,-1.7512109649091353e-11,642.8026856257619,10.0,29.40330097050861,14.503076176156457,9,0,0,2,8,0.1,0.9778280801159929,4.6027415078689346e-17,26.47217421373857,-0.3120404641165101,7.118706907018938,11.588153819915053,-8.226408972614337,16.99543159982331,-14.443125472807198,-2.0569197246343203,-9.629961182670456,-15.908929632212235,8.451541118846418,-11.22306084135591
allocation,227,5.7,0.195,0.205,0.2217191988400708,0.2208238802480116,0.025823880248011605,0.2707516789873129,0.04992779873930128,0.013795493034669707,-8.640464127083483e-12,-1.631964895941569e-11,278.0808849520533,10.0,19.560338428923234,14.446121374133954,9,0,0,2,8,0.1,0.9779176119751989,5.551115123125783e-17,26.47859408076572,-0.29131693867456443,7.141726561951091,11.630274112284106,-8.22773063968175,17.005966393681742,-14.466138364387476,-2.0465771596253695,-9.624305997492769,-15.919409387351845,8.462310953973509,-11.262925804411857
allocation,228,5.7250000000000005,0.195,0.205,0.22082388024801158,0.21995711616670552,0.024957116166705512,0.2688572918447643,0.048900175678058794,0.012448039528760366,-1.656410744869382e-11,-1.8936769227202708e-11,247.27167725442771,10.0,19.38029279396676,14.385860007241282,9,0,0,2,8,0.1,0.9780042883833294,2.943923360032078e-17,26.485263541556957,-0.2689701298024259,7.173150488640165,11.673021806267945,-8.235174661352337,17.007830100550095,-14.490503714034404,-2.037087242097555,-9.621227449205536,-15.931519911832504,8.498594893022059,-11.296205969188405
allocation,229,5.75,0.195,0.205,0.21995711616670555,0.21911802727924895,0.024118027279248944,0.2669771193776046,0.04785909209835565,0.010905478214517494,-1.6662390330068494e-11,-1.8920772530315792e-11,227.53278683827332,10.0,19.286708406848145,14.324518829342352,9,0,0,2,8,0.1,0.9780881972720751,3.98609107286759e-17,26.48951452903388,-0.24743062551152228,7.209855111066308,11.714995875222442,-8.243455870286766,17.008548431716008,-14.517926160544578,-2.025743587147352,-9.614940313107732,-15.94321117537671,8.542430610079593,-11.33017668838615
allocation,230,5.775,0.195,0.205,0.21911802727924895,0.22175574931954842,0.02675574931954841,0.2727752308006212,0.0510194814810728,0.1477817328154363,-1.2775822710154144e-11,-1.7974182953143053e-11,748.6648711153932,10.0,29.472544541719593,14.506830542546576,9,0,0,2,8,0.1,0.9778244250680451,2.0816681711721685e-17,26.467908877139717,-0.3147953960425222,7.117500041058495,11.595047140742418,-8.229607083829308,17.0009248471747,-14.446805279332326,-2.0543698440050497,-9.630358472738115,-15.90638979034253,8.440606073994168,-11.21419895156464
allocation,231,5.800000000000001,0.195,0.205,0.22175574931954836,0.2208616342178089,0.025861634217808904,0.2707101755790912,0.049848541361282306,0.013974345574983626,-1.878284435437133e-17,-1.8515204921902414e-11,546.7342065657671,10.0,19.54782770659738,14.449370702744197,9,0,0,2,8,0.1,0.9779138365782191,1.5515838457795457e-17,26.47557052066508,-0.2924604688432193,7.140408200122767,11.636284269062473,-8.229749707119623,17.016137098803767,-14.467512265861174,-2.0433498938256536,-9.625431089062754,-15.91693512996772,8.453513893213255,-11.25435980260946
allocation,232,5.825,0.195,0.205,0.22086163421780888,0.21999320198578856,0.024993201985788555,0.2687927208795932,0.048799518893804655,0.012444286062504086,-1.68529774751275e-11,-1.9208960087849707e-11,236.66910929840557,10.0,19.351420457996554,14.38822196732296,9,0,0,2,8,0.1,0.9780006798014211,1.6996749443881478e-17,26.483174761371522,-0.2690373467684707,7.17225300481071,11.678191638754294,-8.237711857450964,17.018564599415726,-14.490235747632287,-2.034224445276472,-9.619646160798956,-15.927238882432652,8.489866880575397,-11.290712294003756
allocation,233,5.8500000000000005,0.195,0.205,0.2199932019857886,0.21916573184850482,0.024165731848504818,0.2669354275150244,0.04776969566651959,0.01145882340006721,-1.6790068286193084e-11,-1.8925923169561115e-11,512.2523327147209,10.0,19.289951920007443,14.326849623240758,9,0,0,2,8,0.1,0.9780834268151495,0.0,26.48846579410907,-0.24660636922779092,7.2093580082917,11.71948152072869,-8.246211923314238,17.019503730756878,-14.516010053808758,-2.0233900489251426,-9.611982815696754,-15.938399157470197,8.534672797691876,-11.324803423079135
allocation,234,5.875,0.195,0.205,0.21916573184850488,0.22180349724671947,0.02680349724671946,0.2728203927337189,0.05101689548699942,0.14795077201312398,-1.1806742018498783e-11,-1.639492507973171e-11,748.2260781130167,10.0,29.542706514033302,14.5102393420321,9,0,0,2,8,0.1,0.977819650275328,2.5018537765542006e-17,26.468882098013513,-0.3138840469612021,7.1166252280125315,11.597894028577201,-8.231588637356708,17.01238786320863,-14.443331660841945,-2.0514980199924837,-9.628099898804114,-15.90070441056051,8.432409459105351,-11.206340240080358
allocation,235,5.9,0.195,0.205,0.2218034972467195,0.22089841324642043,0.02589841324642042,0.2707710257208872,0.049872612474466754,0.013657080659471913,-1.1412612548979852e-11,-1.856356622289934e-11,291.75616278321684,10.0,19.528556675453796,14.45224159550783,9,0,0,2,8,0.1,0.9779101586753579,2.8609792490763984e-17,26.478067886400215,-0.2907806000021117,7.139865420393591,11.6385988591751,-8.23118372055429,17.02742875625802,-14.463334626130807,-2.0404825628274037,-9.622694103470648,-15.91153642048019,8.44498168850333,-11.246332761267988
allocation,236,5.925000000000001,0.195,0.205,0.22089841324642046,0.22002097502267448,0.025020975022674474,0.26889755097030466,0.048876575947630174,0.012241808824198454,-1.6424864780303237e-11,-1.9019962968063798e-11,248.25513963270492,10.0,19.34175554523453,14.390802004400795,9,0,0,2,8,0.1,0.9779979024977326,6.938893903907228e-17,26.487448083639638,-0.2665370754258336,7.171834240180085,11.680688516723437,-8.237431968149806,17.029404903742186,-14.485120784277868,-2.0312664575494397,-9.619516911285443,-15.923930429377721,8.483084368107127,-11.279751845534758
allocation,237,5.95,0.195,0.205,0.22002097502267448,0.2191736612917207,0.02417366129172069,0.2670434599033065,0.04786979861158583,0.010754093920476536,-1.7260715767030878e-11,-1.9050608596924365e-11,227.8040981925829,10.0,19.246488742611444,14.328285642195322,9,0,0,2,8,0.1,0.9780826338708279,4.3885418357208765e-17,26.494441361862982,-0.24335330199601957,7.209340794857511,11.722029572890717,-8.244907034350533,17.02979710317275,-14.510120506333925,-2.02035475019991,-9.613059360918314,-15.935786252167835,8.52869415420114,-11.313655165352415
allocation,238,5.9750000000000005,0.195,0.205,0.2191736612917207,0.22185108330697853,0.026851083306978524,0.2730100841145613,0.05115900080758276,0.14954186627482904,-1.1731117533918493e-11,-1.7158441416233898e-11,752.6850601489448,10.0,29.612778599500473,14.513426413786854,9,0,0,2,8,0.1,0.9778148916693021,1.5515838457795457e-17,26.475392710450542,-0.31039375755878057,7.117101375150602,11.59822577195464,-8.229426656105234,17.022215949278614,-14.434701681773753,-2.0491100760545686,-9.628416598605003,-15.898391771610198,8.428200954572533,-11.194515075245796
allocation,239,6.0,0.195,0.205,0.22185108330697856,0.22094511022148877,0.025945110221488765,0.27098781127574995,0.050042701054261174,0.013800061284473843,-9.034800207890313e-12,-1.6630782406259616e-11,494.41715909272716,10.0,19.498428994495605,14.454549958929347,9,0,0,2,8,0.1,0.9779054889778511,1.5515838457795457e-17,26.485544347609125,-0.28641267912306734,7.141278483585583,11.639111834906414,-8.228406878596124,17.03429957881022,-14.45289239478649,-2.037915323857662,-9.62363489827841,-15.909225437060222,8.442761209394796,-11.235535106203189
