ros_time_s,elapsed_s,mode,computation_ms,minimum_separation_m,geofence_margin_m,car_1_world_x_m,car_1_world_y_m,car_1_local_x_m,car_1_local_y_m,car_1_yaw_rad,car_1_valid,car_1_mocap_age_s,car_1_reference_x_m,car_1_reference_y_m,car_1_world_cmd_x_mps,car_1_world_cmd_y_mps,car_1_body_cmd_x_mps,car_1_body_cmd_y_mps,car_1_yaw_rate_cmd_rps,car_2_world_x_m,car_2_world_y_m,car_2_local_x_m,car_2_local_y_m,car_2_yaw_rad,car_2_valid,car_2_mocap_age_s,car_2_reference_x_m,car_2_reference_y_m,car_2_world_cmd_x_mps,car_2_world_cmd_y_mps,car_2_body_cmd_x_mps,car_2_body_cmd_y_mps,car_2_yaw_rate_cmd_rps,car_3_world_x_m,car_3_world_y_m,car_3_local_x_m,car_3_local_y_m,car_3_yaw_rad,car_3_valid,car_3_mocap_age_s,car_3_reference_x_m,car_3_reference_y_m,car_3_world_cmd_x_mps,car_3_world_cmd_y_mps,car_3_body_cmd_x_mps,car_3_body_cmd_y_mps,car_3_yaw_rate_cmd_rps,car_4_world_x_m,car_4_world_y_m,car_4_local_x_m,car_4_local_y_m,car_4_yaw_rad,car_4_valid,car_4_mocap_age_s,car_4_reference_x_m,car_4_reference_y_m,car_4_world_cmd_x_mps,car_4_world_cmd_y_mps,car_4_body_cmd_x_mps,car_4_body_cmd_y_mps,car_4_yaw_rate_cmd_rps,minimum_local_gram_eigenvalue,procrustes_factor_disagreement,minimum_node_lambda2_estimate,maximum_node_lambda2_estimate,node_lambda2_estimate_disagreement,node1_lambda2_estimate,node2_lambda2_estimate,node3_lambda2_estimate,node4_lambda2_estimate,active_edge_count,communication_rounds,directed_messages,communication_bytes,maximum_node_bytes,virtual_communication_time_ms,estimator_time_ms,allocation_time_ms,maximum_local_solve_time_ms,total_local_solve_time_ms,parallel_local_solve_time_ms,controller_wall_time_ms,virtual_total_time_ms,deadline_miss,minimum_inner_local_margin,minimum_applied_local_margin,estimated_tightened_global_margin,estimated_untightened_global_margin,allocation_stationarity_residual,maximum_command_speed_mps,maximum_applied_command_speed_mps,saturated_node_count
1786206714.6908321,0.074026773,RUNNING,16.88775299999179,1.1308520497480372,0.6411903202533722,0.9532783031463623,-0.513123095035553,0.9648445397615433,-0.5266546905040741,-0.013137059957114738,True,0.007654604036360979,0.9599923175712355,-0.5600179256671171,-0.009704444380615573,-0.06672647032608592,-0.00882704255714279,-0.06684819670424083,-0.00023951262896862961,0.9118282794952393,0.6169690489768982,0.9233945161104202,0.6034374535083771,0.010298329179680696,True,0.000625567976385355,0.9599923175712355,0.5600179256671171,-0.0064384479063759326,-0.08984098193998095,-0.007363302144664456,-0.0897699138292417,-0.0002166482934181985,-0.982506513595581,0.5455592274665833,-0.9709402769804001,0.5320276319980621,-0.012705654328745618,True,0.008820807561278343,-0.9599923175712355,0.5600179256671171,0.021895918818329196,0.055980587338109844,0.02118290061819603,0.05625426331415457,0.0006414702097233585,-0.9288731217384338,-0.5952780842781067,-0.9173068851232529,-0.6088096797466278,0.004197443435226935,True,0.023679496720433235,-0.9599923175712355,-0.5600179256671171,-0.01701312844739214,0.1005672899251239,-0.0165908543030861,0.100637815437067,-0.00024077351906640282,0.02631719037846852,0.0012655394496011293,0.5381712381964578,0.5885214914106314,0.050350253214173524,0.5885214914030622,0.5381712382018196,0.5381712381964578,0.5885214914106314,4,12,96,4288,1072,120.0,3.2314629997927113,10.93394100007572,4.828793000342557,7.8522140006498375,4.828793000342557,15.76545600028112,135.76545600028112,0,-4.632165276231807e-13,-4.632165276231807e-13,0.10286793267163225,0.1278679326716322,0.08327765769863131,0.1019962074905307,0.1019962074905307,0
1786206714.8908172,0.272907587,RUNNING,15.564837000056286,1.1306970457017023,0.6411908566951752,0.9532988667488098,-0.513034462928772,0.9648651033639908,-0.5265660583972931,-0.013429766005446892,True,0.029177188873291016,0.9598964555001934,-0.5602416038328818,-0.00993729572759472,-0.06735109087117741,-0.009031917401103344,-0.06747846883247215,0.00019954644352960203,0.9116758108139038,0.6168962121009827,0.9232420474290848,0.6033646166324615,0.010200889041129783,True,0.02295251563191414,0.9598964555001934,0.5602416038328818,-0.005965927441292221,-0.08922897293676287,-0.006875816108722693,-0.08916347376826092,-7.048808559182924e-05,-0.9824540615081787,0.5456239581108093,-0.9708878248929977,0.5320923626422882,-0.012598473029426268,True,0.024062171578407288,-0.9598964555001934,0.5602416038328818,0.021982738785608635,0.056298482381187176,0.021271738092636997,0.056570956165327466,0.00048069826074433313,-0.92889004945755,-0.5952775478363037,-0.9173238128423691,-0.6088091433048248,0.0038556464334746168,True,0.011835492216050625,-0.9598964555001934,-0.5602416038328818,-0.01702751629394962,0.10011151526925266,-0.016641396078065834,0.10017642306061574,0.00027192198356207407,0.02635808149413559,0.0012570780891599787,0.5391049250650193,0.5885233123256779,0.049418387260658614,0.5885233123207076,0.5391049250687321,0.5391049250650193,0.5885233123256779,4,12,96,4288,1072,120.0,1.93613200008258,12.766931999976805,6.269283999699837,9.352931999728753,6.269283999699837,15.366971000275953,135.36697100027595,0,3.925231146709437e-17,3.925231146709437e-17,0.10353405884690703,0.12853405884690713,0.08290231937454798,0.10154925800145724,0.10154925800145724,0
1786206715.0742514,0.470389351,RUNNING,8.611836999989464,1.1162799958373244,0.6411907374858856,0.9533389210700989,-0.5130008459091187,0.9649051576852798,-0.5265324413776398,-0.01360156999910395,True,0.01201607659459114,0.9596949429984313,-0.5607117996703271,-0.010420429373697138,-0.06835871658537473,-0.009489708284606192,-0.06849412323845655,0.0004572524340151884,0.9057024121284485,0.6022622585296631,0.9172686487436295,0.588730663061142,0.018227794133663357,True,0.005793548189103603,0.9596949429984313,0.5607117996703271,0.0007182828267382896,-0.0585606010819072,-0.0003492079680198944,-0.05856396488531604,-0.012110845724392187,-0.9824174046516418,0.5456445813179016,-0.9708511680364609,0.5321129858493805,-0.012112450892270884,True,0.006735547911375761,-0.9596949429984313,0.5607117996703271,0.022312450076059198,0.05719762764189329,0.021618026834210064,0.05746368376681643,-0.000248334944988742,-0.928861677646637,-0.5952776670455933,-0.917295441031456,-0.6088092625141144,0.0037022347290147292,True,0.0026439130306243896,-0.9596949429984313,-0.5607117996703271,-0.01706675548463607,0.09915571217051425,-0.016699541639097617,0.09921821762084959,0.0005020395402519053,0.027716955690221,0.005189552822436181,0.5667470578150916,0.5990452973675194,0.03229823955242783,0.599045297364032,0.5667470578180741,0.5667470578150916,0.5990452973675194,4,12,96,4288,1072,120.0,2.071690999855491,5.609761999949114,1.6383570000471082,3.3035309998012963,1.6383570000471082,8.410067000113486,128.4100670001135,0,-3.925231146709437e-17,-3.925231146709437e-17,0.12438016903186153,0.14938016903186163,0.08517243417684608,0.10061376346610947,0.10061376346610947,0
1786206715.276207,0.671870551,RUNNING,8.963855999809311,1.106437732558033,0.6411730349063873,0.9509072303771973,-0.5210427045822144,0.9624734669923782,-0.5345743000507355,-0.015722952371606685,True,0.012383967638015747,0.959382975481363,-0.5614397238768195,-0.006180983022030517,-0.05373084765216807,-0.005335446282259348,-0.05382138565206445,0.003639325992769291,0.9055169820785522,0.5844635963439941,0.9170832186937332,0.570932000875473,0.02021035515623004,True,0.006234914064407349,0.959382975481363,0.5614397238768195,0.0006975139217346576,-0.020711165305179795,0.0002788199621786348,-0.020721031668287843,-0.015084687258242212,-0.9824780225753784,0.5456107258796692,-0.9709117859601974,0.5320791304111481,-0.012476619165159953,True,0.007972059771418571,-0.959382975481363,0.5614397238768195,0.023057620957668945,0.05872118693134287,0.02232320345833188,0.05900429023563597,0.00029791746434486115,-0.9289170503616333,-0.5952953696250916,-0.9173508137464523,-0.6088269650936127,0.0038951122408868075,True,0.003499221056699753,-0.959382975481363,-0.5614397238768195,-0.019660203622632877,0.09731843166725537,-0.019280989225579952,0.09739427192161103,0.00021272327244378796,0.028488021673845797,0.004952875133923084,0.5756247863817506,0.6126613155898496,0.03703652920809897,0.6126613155864462,0.5756247863847707,0.5756247863817506,0.6126613155898496,4,12,96,4288,1072,120.0,1.8842250001398497,6.103260000145383,1.9207069999538362,3.6890540000058536,1.9207069999538362,8.769572999881348,128.76957299988135,0,-7.850462293418875e-17,-7.850462293418875e-17,0.12278629831313438,0.14778629831313433,0.0831332316547801,0.09928444363875763,0.09928444363875763,0
1786206715.4744234,0.8709328740000001,RUNNING,8.9451660001032,1.1122890070843081,0.6411716639995575,0.9498296976089478,-0.5348600745201111,0.9613959342241287,-0.5483916699886322,-0.014446826023713574,True,0.012542537413537502,0.9589720339362207,-0.5623985874821519,-0.00484780057581613,-0.028013834987039354,-0.0044425977679531155,-0.02808094453853238,0.0017251364709296247,0.9058351516723633,0.576558530330658,0.9174013882875443,0.5630269348621368,0.016509943526838454,True,0.006114173214882612,0.9589720339362207,0.5623985874821519,0.0005175536990080915,-0.002613309334228091,0.00047433953421181205,-0.0026214975708560837,-0.009534069814154836,-0.982480525970459,0.5455539226531982,-0.970914289355278,0.5320223271846771,-0.01238935309052155,True,0.006827489007264376,-0.9589720339362207,0.5623985874821519,0.023884510838114714,0.06075252059494951,0.023130012599034314,0.06104376408597604,0.00016701835238725797,-0.9289023876190186,-0.5952967405319214,-0.9173361510038376,-0.6088283360004425,0.004074918547320599,True,0.01067997608333826,-0.9589720339362207,-0.5623985874821519,-0.020689520150595192,0.09487269642368798,-0.020302750936110333,0.09495621662213283,-5.6986187206899044e-05,0.028833202981028042,0.0032309146153074266,0.5788230062380949,0.619941714117559,0.041118707879464145,0.6199417141145104,0.5788230062408664,0.5788230062380949,0.619941714117559,4,12,96,4288,1072,120.0,1.6665500002090994,4.86533999992389,1.4988930001891276,2.9392540004664625,1.4988930001891276,8.621534000212705,128.6215340002127,0,-3.925231146709437e-17,-3.925231146709437e-17,0.12259246803336206,0.147592468033362,0.08131363778216553,0.09710244472083668,0.09710244472083668,0
1786206715.6730428,1.070789478,RUNNING,7.567686999664147,1.118698714547768,0.6412375271320343,0.9489346146583557,-0.5436326861381531,0.9605008512735367,-0.5571642816066742,-0.011969822598581797,True,0.0034567539114505053,0.9584595465276914,-0.5635943914353867,-0.004082609491690592,-0.01286021965742501,-0.003928386151837409,-0.012908165328229833,-0.0019903686667680416,0.9064772129058838,0.5742600560188293,0.9180434495210648,0.5607284605503082,0.012946874394391801,True,0.0059386747889220715,0.9584595465276914,0.5635943914353867,-5.1410557277753455e-05,0.00450435254873569,6.909408905343943e-06,0.00450464062814892,-0.004189466115484855,-0.9824720025062561,0.5455929040908813,-0.9709057658910751,0.5320613086223602,-0.012501175399830354,True,0.007331035099923611,-0.9584595465276914,0.5635943914353867,0.024892438726767496,0.06306616562605294,0.02410211300127004,0.0633724143568211,0.00033475181635046324,-0.928870677947998,-0.5952308773994446,-0.9173044413328171,-0.6087624728679657,0.004071239705867374,True,0.0024745920673012733,-0.9584595465276914,-0.5635943914353867,-0.02153732933784666,0.09200607547664363,-0.021162573094665516,0.09209299636581306,-5.146792502706181e-05,0.028961629960722032,0.0017140835801923529,0.5790609517180078,0.6246040197923562,0.04554306807434849,0.6246040197896096,0.5790609517205462,0.5790609517180078,0.6246040197923562,4,12,96,4288,1072,120.0,1.6492049999214942,4.990658000224357,1.5490719997615088,3.094944000167743,1.5490719997615088,7.373597999958292,127.37359799995829,0,0.0,0.0,0.12366745465469164,0.14866745465469158,0.07931566756161028,0.09449325097392255,0.09449325097392255,0
1786206715.8754578,1.270536444,RUNNING,8.690689000104612,1.1221223916663658,0.6412566006183624,0.9484578371047974,-0.5476526021957397,0.9600240737199783,-0.5611841976642609,-0.009817013427670006,True,0.004050545860081911,0.9578501174563697,-0.565016392601804,-0.004347912527217224,-0.00766438987508633,-0.00427246280680184,-0.0077067033851156656,-0.0052195824231357265,0.9066459536552429,0.5736905336380005,0.9182121902704239,0.5601589381694794,0.011375103345706978,True,0.005918257869780064,0.9578501174563697,0.565016392601804,-9.938529142153318e-05,0.008536706419917663,-2.2750379767556795e-06,0.008537284624528843,-0.0018318095424576216,-0.9824262261390686,0.5456501841545105,-0.9708599895238876,0.5321185886859894,-0.012380566212644592,True,0.00814902875572443,-0.9578501174563697,0.565016392601804,0.026019744135035827,0.0657956078316293,0.02520318395822032,0.06611269630830674,0.0001538380355718197,-0.9288530349731445,-0.5952118039131165,-0.9172867983579636,-0.6087433993816376,0.0034785854531773613,True,0.011735167354345322,-0.9578501174563697,-0.565016392601804,-0.021979553482200362,0.08895242715477135,-0.021669992504834586,0.08902834656918111,0.0008375134540079573,0.029061762805954638,0.0008883801331173798,0.5799700610640061,0.6272973553781056,0.047327294314099544,0.627297355375624,0.5799700610663279,0.5799700610640061,0.6272973553781056,4,12,96,4288,1072,120.0,1.9334439998601738,5.785578999621066,1.7967969997698674,3.648221000275953,1.7967969997698674,8.47810200002641,128.4781020000264,0,-1.1775693440128312e-16,-1.1775693440128312e-16,0.1283796019224941,0.1533796019224942,0.07756980712642766,0.09162769814855008,0.09162769814855008,0
1786206716.0747526,1.470426425,RUNNING,9.009905999846524,1.1234199537997258,0.6412286460399628,0.9476263523101807,-0.5490285754203796,0.9591925889253616,-0.5625601708889008,-0.010209178814621696,True,0.004104276187717915,0.9571457575356569,-0.5666598990834669,-0.004093662779409479,-0.008199456389132331,-0.004009741183160627,-0.008240821298442962,-0.004631334342708193,0.9064180254936218,0.5736353397369385,0.9179842621088028,0.5601037442684174,0.01007718686763901,True,0.0060600899159908295,0.9571457575356569,0.5666598990834669,0.00026821255243890396,0.011956310921300976,0.0003886828742954967,0.011953001064307498,0.00011506517464433125,-0.9823971390724182,0.5456618070602417,-0.9708309024572372,0.5321302115917206,-0.012148298293337186,True,0.007957498542964458,-0.9571457575356569,0.5666598990834669,0.0273702898431607,0.06905937498349268,0.026529336946781352,0.06938677338206052,-0.000194563843389289,-0.9288802146911621,-0.5952397584915161,-0.9173139780759811,-0.6087713539600372,0.00390522337684804,True,0.011918247677385807,-0.9571457575356569,-0.5666598990834669,-0.022833264677975515,0.08562242264447699,-0.022498716729184784,0.08571093851372666,0.0001975565685019393,0.02927059472988125,0.0005550507403310079,0.5827963222470333,0.6317343372834031,0.04893801503636985,0.6317343372810158,0.5827963222492863,0.5827963222470333,0.6317343372834031,4,12,96,4288,1072,120.0,1.8115489997398981,6.193697000071552,2.0726829998238827,3.7693479994231893,2.0726829998238827,8.809990999907313,128.8099909999073,0,-3.925231146709437e-17,-3.925231146709437e-17,0.13469471348155082,0.1596947134815506,0.07561183563966044,0.08861465587228746,0.08861465587228746,0
1786206716.2756598,1.670417655,RUNNING,8.22538500005976,1.1251971981215685,0.6411596834659576,0.9470182657241821,-0.5508617758750916,0.9585845023393631,-0.5643933713436127,-0.012605240665630447,True,0.003803173080086708,0.9563492504798923,-0.5685184155469182,-0.004470503718941643,-0.008250088406611011,-0.004366156963879747,-0.008305783261362703,-0.0010372415661950658,0.9063448309898376,0.5736000537872314,0.9179110676050186,0.5600684583187103,0.009778665345174882,True,0.006227233912795782,0.9563492504798923,0.5685184155469182,0.00032644142888269,0.015766130384062764,0.00048059507725129944,0.015762184482662287,0.0005628474583405218,-0.9824463129043579,0.5456250905990601,-0.9708800762891769,0.5320934951305389,-0.012249296803284918,True,0.007034890819340944,-0.9563492504798923,0.5685184155469182,0.02906165161856933,0.07284984083275847,0.028167134357233753,0.07320035140802864,-4.3066078467692004e-05,-0.9288669228553772,-0.5953087210655212,-0.9173006862401962,-0.6088403165340424,0.003936604028438742,True,0.0035431599244475365,-0.9563492504798923,-0.5685184155469182,-0.02347811258522274,0.0819379368288778,-0.023155374287948532,0.08202972573355695,0.00015048559111588682,0.0294137925109736,0.00017625322790152816,0.5842925859151725,0.6350464457008673,0.0507538597856948,0.6350464456985869,0.5842925859173368,0.5842925859151725,0.6350464457008673,4,12,96,4288,1072,120.0,1.8506229998820345,5.46943499966801,1.5401440000459843,3.358383000431786,1.5401440000459843,8.036894999804645,128.03689499980464,0,-7.850462293418875e-17,-7.850462293418875e-17,0.14228155654706567,0.1672815565470656,0.07361067859689081,0.08523524659633222,0.08523524659633222,0
1786206716.472517,1.8702658060000001,RUNNING,6.36349699971106,1.1268430267477552,0.6411644518375397,0.9459845423698425,-0.5523661375045776,0.9575507789850235,-0.5658977329730988,-0.014180995475751268,True,0.0035168849863111973,0.9554644061393647,-0.5705830523414824,-0.0041727456913176475,-0.009370638736767356,-0.004039445595749653,-0.009428868236347013,0.0013263906489861662,0.906618595123291,0.5737890601158142,0.918184831738472,0.5602574646472931,0.008906502623916004,True,0.0058703189715743065,0.9554644061393647,0.5705830523414824,-9.251424964948352e-05,0.019535460055971326,8.147974561582944e-05,0.01953550919571573,0.0018710915402288392,-0.9825091361999512,0.5455548763275146,-0.9709428995847702,0.5320232808589935,-0.012628542199709184,True,0.006588019896298647,-0.9554644061393647,0.5705830523414824,0.030956986890811056,0.0771195429649778,0.029980636895783543,0.0775043247555134,0.0005258020161687083,-0.928864061832428,-0.5953039526939392,-0.917297825217247,-0.6088355481624603,0.00386334762781166,True,0.002329655922949314,-0.9554644061393647,-0.5705830523414824,-0.024603481280381374,0.07768970568174419,-0.024303156078010025,0.07778417746995847,0.0002603701920565093,0.029531935866837816,0.0006501437716658258,0.5848996559940874,0.639720650244802,0.054820994250714516,0.6397206502425496,0.5848996559962316,0.5848996559940874,0.639720650244802,4,12,96,4288,1072,120.0,1.4325860001918045,4.155863000050886,1.2684180001087952,2.5581810000403493,1.2684180001087952,6.206720000136556,126.20672000013656,0,0.0,0.0,0.14886638601266353,0.17386638601266363,0.07108883147970807,0.08310089617137052,0.08310089617137052,0
1786206716.6754317,2.0705834850000002,RUNNING,9.707189999971888,1.1287355009866389,0.6411993205547333,0.9452702403068542,-0.5535973310470581,0.9568364769220352,-0.5671289265155792,-0.01583145663718262,True,0.01248160470277071,0.9544911130311643,-0.5728540695939499,-0.004690727781741844,-0.011450286156741374,-0.004508872827125041,-0.011523109216807822,0.0038020823911331936,0.9066948294639587,0.574478805065155,0.9182610660791397,0.5609472095966339,0.006094452404486509,True,0.006322086788713932,0.9544911130311643,0.5728540695939499,-0.00022048006536476428,0.02270147433123021,-8.212377243820259e-05,0.022702396436427758,0.006089166869373082,-0.9824819564819336,0.5455683469772339,-0.9709157198667526,0.5320367515087128,-0.012291721011865788,True,0.007102958858013153,-0.9544911130311643,0.5728540695939499,0.03284921367117666,0.08163463617047428,0.03184332726215237,0.08203223250878762,2.0570234403613843e-05,-0.9288774728775024,-0.5952690839767456,-0.9173112362623215,-0.6088006794452667,0.00395156023425723,True,0.0034732359927147627,-0.9544911130311643,-0.5728540695939499,-0.02537006384928412,0.07298250750554057,-0.025081471751029857,0.07308218877616714,0.00012805128238815465,0.029650930044812923,0.001034439468723366,0.5859800205221813,0.6433428612194246,0.05736284069724329,0.6433428612173017,0.5859800205242058,0.5859800205221813,0.6433428612194246,4,12,96,4288,1072,120.0,1.970534000065527,6.372489000114001,2.0772910002051503,4.068434000146226,2.0772910002051503,9.50359499984188,129.50359499984188,0,-3.925231146709437e-17,-3.925231146709437e-17,0.15751897960326264,0.18251897960326258,0.06859407103505559,0.08799593548284107,0.08799593548284107,0
1786206716.8754363,2.2706505910000003,RUNNING,7.386941999811825,1.1330429370757304,0.6412909924983978,0.9435099363327026,-0.5555945038795471,0.9550761729478836,-0.5691260993480682,-0.015276363834367875,True,0.0027436299715191126,0.9534355455832042,-0.5753170603058568,-0.003281254729358807,-0.012381921915577188,-0.0030917284807351173,-0.012430600867367657,0.0029694431869110756,0.908343493938446,0.5769025683403015,0.919909730553627,0.5633709728717804,0.0030112862111221737,True,0.005100359208881855,0.9534355455832042,0.5753170603058568,-0.0022797225828427303,0.022745774751449115,-0.0022112183124106052,0.022752536510755084,0.010713916159419586,-0.9824382662773132,0.5456383228302002,-0.9708720296621323,0.5321067273616791,-0.012478282543639722,True,0.008308621123433113,-0.9534355455832042,0.5753170603058568,0.03487296815785612,0.08642066588835551,0.03379189969969713,0.0868490812583025,0.00030041253206451474,-0.9288941621780396,-0.595177412033081,-0.9173279255628586,-0.6087090075016022,0.00368346228835917,True,0.003330379957333207,-0.9534355455832042,-0.5753170603058568,-0.027319643900764058,0.067732994139745,-0.027069967200539696,0.06783316529368941,0.0005301982012352441,0.029590574504834072,0.002278948923919977,0.5822083245086693,0.6494730764911475,0.06726475198247817,0.6494730764893292,0.582208324510407,0.5822083245086693,0.6494730764911475,4,12,96,4288,1072,120.0,1.7652759997872636,4.76165400004902,1.447915000426292,2.893463000873453,1.447915000426292,7.203220000064903,127.2032200000649,0,0.0,0.0,0.15988292375931865,0.18488292375931842,0.06473370236845667,0.09319149854319127,0.09319149854319127,0
1786206717.0745435,2.4712638360000003,RUNNING,9.139992000200436,1.1376596576791966,0.6412205994129181,0.9437249898910522,-0.5576095581054688,0.9552912265062332,-0.5711411535739899,-0.015289480962834858,True,0.004006798844784498,0.9522961457647334,-0.5779756598822887,-0.005990161482999579,-0.013669012616597698,-0.005780477376262714,-0.013758997848958104,0.002989118879611551,0.9094765782356262,0.5795344710350037,0.9210428148508072,0.5660028755664825,0.0006825751361076575,True,0.006186943966895342,0.9522961457647334,0.5779756598822887,-0.003893077510808751,0.022756917123021136,-0.0038775432993027655,0.022759569139402653,0.014206982771941356,-0.9824115633964539,0.5456669330596924,-0.9708453267812729,0.5321353375911713,-0.012252036002203471,True,0.00707098888233304,-0.9522961457647334,0.5779756598822887,0.037098362033078924,0.0916806445822349,0.03597233115065252,0.09212828256371255,-3.895728008986194e-05,-0.9288891553878784,-0.5952478051185608,-0.9173229187726974,-0.6087794005870819,0.0038389059660377724,True,0.011519283056259155,-0.9522961457647334,-0.5779756598822887,-0.027097019477487848,0.06246872535800976,-0.026857008837205716,0.06257228770578922,0.0002970326847173406,0.029300123801746923,0.0032876470338219113,0.5766180209773829,0.6472190350280534,0.07060101405067054,0.647219035027009,0.5766180209783837,0.5766180209773829,0.6472190350280534,4,12,96,4288,1072,120.0,2.024168999923859,5.855407000126434,1.6205000001718872,3.298667000308342,1.6205000001718872,8.934893000059674,128.93489300005967,0,-3.925231146709437e-17,-3.925231146709437e-17,0.16885429555226084,0.19385429555226077,0.062057754928678766,0.09890211856452555,0.09890211856452555,0
1786206717.278725,2.6702934760000003,RUNNING,8.600188000400522,1.142173344205914,0.6411643326282501,0.9433025121688843,-0.5603783130645752,0.9548687487840652,-0.5739099085330963,-0.012495670774917022,True,0.012316316366195679,0.9510884312239362,-0.5807936604774822,-0.0075606351202581745,-0.013767503888771682,-0.007388015143328143,-0.013860901810162956,-0.0012015964022652039,0.9093558192253113,0.5839797854423523,0.9209220558404922,0.5704481899738312,0.0026066170392963083,True,0.00611461978405714,0.9510884312239362,0.5807936604774822,-0.004145434201957385,0.019383272472065075,-0.00409489540789936,0.019394012169931175,0.011320919917158383,-0.9824918508529663,0.5456116199493408,-0.9709256142377853,0.5320800244808197,-0.012265233218310263,True,0.007598247844725847,-0.9510884312239362,0.5807936604774822,0.03967436602769836,0.0974272719933249,0.038476443587700394,0.0979065469547548,-1.91614559296744e-05,-0.928907036781311,-0.5953040719032288,-0.9173408001661301,-0.6088356673717499,0.003884575299264026,True,0.0017332419520244002,-0.9510884312239362,-0.5807936604774822,-0.02756560272570048,0.05682889496658905,-0.027344639178046432,0.05693554658539079,0.00022852868487796053,0.02931169832190551,0.0031147505211414563,0.5767466879636309,0.6496867712747136,0.0729400833110827,0.6496867712747136,0.5767466879636309,0.576746687964358,0.6496867712739337,4,12,96,4288,1072,120.0,1.439914000002318,6.303333000232669,2.804880999974557,4.407555000398133,2.804880999974557,8.396594000259938,128.39659400025994,0,3.925231146709437e-17,3.925231146709437e-17,0.1813251192049792,0.20632511920497915,0.05960033358555989,0.10519566838877491,0.10519566838877491,0
1786206717.4752336,2.870845659,RUNNING,9.466377000080684,1.1420933816944512,0.6411801874637604,0.9422886371612549,-0.5623103976249695,0.9538548737764359,-0.5758419930934906,-0.012108785214640058,True,0.0019032349810004234,0.9497964076662084,-0.5838083821121802,-0.008116932220454842,-0.015932778037379247,-0.00792341529195752,-0.016029893785394406,-0.0017819247426806495,0.9072308540344238,0.5897586345672607,0.9187970906496048,0.5762270390987396,0.013507784357343074,True,0.005788011010736227,0.9497964076662084,0.5838083821121802,-0.0018202034096536507,0.013669593991153679,-0.0016353970419584875,0.013692933098889111,-0.005030831059911765,-0.9825178980827332,0.5455464720726013,-0.9709516614675522,0.5320148766040802,-0.012365479071083282,True,0.007314392831176519,-0.9497964076662084,0.5838083821121802,0.04231050760268751,0.10358701101620005,0.04102640252404015,0.10410226799067761,0.0001312073232298547,-0.9289128184318542,-0.5952882170677185,-0.9173465818166733,-0.6088198125362396,0.004092906367437532,True,0.002703787060454488,-0.9497964076662084,-0.5838083821121802,-0.02875861304698752,0.050659805974257385,-0.028551026903329866,0.05077708763311558,-8.396791738229893e-05,0.029893283809935445,0.002288148120938329,0.5866922091383365,0.6584261795405016,0.07173397040216511,0.6584261795405016,0.5866922091383365,0.5866922091416283,0.6584261795370026,4,12,96,4288,1072,120.0,2.1539989998018427,6.282021000060922,1.5863219996390399,3.489812999305286,1.5863219996390399,9.290207000049122,129.29020700004912,0,-3.925231146709437e-17,-3.925231146709437e-17,0.2003509021717293,0.2253509021717294,0.05748093967766771,0.11189480731860361,0.11189480731860361,0
1786206717.6758902,3.0707227030000004,RUNNING,9.236414000042714,1.1420907098415225,0.6411929428577423,0.9413626790046692,-0.5639616847038269,0.9529289156198502,-0.577493280172348,-0.014248853394371389,True,0.0008264430216513574,0.9484365686702344,-0.5869813397694532,-0.00898469389923151,-0.018976119194210384,-0.008713403043240735,-0.019102210121915496,0.0014281775269163466,0.9075091481208801,0.5920937061309814,0.9190753847360611,0.5785621106624603,0.013146645716580314,True,0.006183167919516563,0.9484365686702344,0.5869813397694532,-0.002307091287909964,0.015335706207329785,-0.0021052846297729723,0.015364710596556155,-0.004489123098767626,-0.9825042486190796,0.5455551743507385,-0.9709380120038986,0.5320235788822174,-0.012576189889641421,True,0.006797503214329481,-0.9484365686702344,0.5869813397694532,0.045002886667328434,0.10991552177447161,0.04361704583763151,0.11047277966877045,0.0004472735510670633,-0.9288698434829712,-0.5952754616737366,-0.9173036068677902,-0.6088070571422577,0.0038718880820469395,True,0.002399164019152522,-0.9484365686702344,-0.5869813397694532,-0.02989031448685877,0.04419350777183319,-0.029718978548047954,0.044308908171642694,0.00024755951070358994,0.0300545595508221,0.0021295090585098965,0.5872711048276608,0.6633414691512167,0.07607036432355596,0.6633414691512167,0.5872711048276608,0.5872711048329023,0.6633414691456554,4,12,96,4288,1072,120.0,2.4672639997334045,5.643779999900289,1.6223879997596669,3.4275699990757857,1.6223879997596669,9.04526700014685,129.04526700014685,0,0.0,0.0,0.2127928869114922,0.23779288691149214,0.054099142366853446,0.11877155271927176,0.11877155271927176,0
1786206717.8757124,3.2709108980000003,RUNNING,9.731573999943066,1.1419814732509863,0.6413349211215973,0.9392074942588806,-0.5677165389060974,0.9507737308740616,-0.5812481343746185,-0.015549393001550137,True,0.009078836999833584,0.9470052197519768,-0.5903211539120539,-0.007537022244169522,-0.018146039074870668,-0.007253962575396158,-0.018261036809847114,0.0033789869376844688,0.9072190523147583,0.5951257348060608,0.9187852889299393,0.5815941393375397,0.009056977902021864,True,0.00523662194609642,0.9470052197519768,0.5903211539120539,-0.002112107465343273,0.01591952719122214,-0.0019678400042655317,0.015938003314557067,0.001645378623070049,-0.9824473857879639,0.5456022620201111,-0.9708811491727829,0.53207066655159,-0.01230726281869387,True,0.006856705993413925,-0.9470052197519768,0.5903211539120539,0.04775185884161215,0.1165009747209278,0.04631447051221863,0.1170798315463784,4.388294464573779e-05,-0.9291215538978577,-0.5951334834098816,-0.9175553172826767,-0.6086650788784027,0.003983698383756016,True,0.011743230745196342,-0.9470052197519768,-0.5903211539120539,-0.03208915138635103,0.03708128501914363,-0.03194117649715192,0.03720882394466278,7.984405813997583e-05,0.030439292486667026,0.0025008266550480937,0.5920097131494417,0.6739189842408414,0.08190927109139967,0.6739189842408414,0.5920097131494417,0.5920097131591109,0.6739189842305616,4,12,96,4288,1072,120.0,2.120173000093928,6.458029999976134,1.9301150000501366,3.968716000144923,1.9301150000501366,9.510539000075369,129.51053900007537,0,0.0,0.0,0.22407914886231767,0.2490791488623176,0.05025251712180945,0.12590757377439812,0.12590757377439812,0
1786206718.073815,3.47041573,RUNNING,8.39992200008055,1.149969015113388,0.6459877192974091,0.9388167262077332,-0.5699998736381531,0.9503829628229141,-0.5835314691066742,-0.01623544752223935,True,0.0012672980083152652,0.945512466442533,-0.5938042449674229,-0.009740992760762346,-0.020545551721497413,-0.009406157403132161,-0.020700986411604925,0.004408068718718287,0.9069263935089111,0.5975232720375061,0.9184926301240921,0.583991676568985,0.009432955572800262,True,0.003904552897438407,0.945512466442533,0.5938042449674229,0.009581977183639193,0.018709892044932036,0.009758037844600956,0.01861867461727952,0.0010814121169024525,-0.9732998609542847,0.5588153004646301,-0.9617336243391037,0.545283704996109,-0.006577734641833418,True,0.007007497828453779,-0.945512466442533,0.5938042449674229,0.032442315793141496,0.09704107994262778,0.0318033080911254,0.09725237603737172,-0.00855040932064494,-0.9339619278907776,-0.5904806852340698,-0.9223956912755966,-0.6040122807025909,0.0054053635292657595,True,0.009789273142814636,-0.945512466442533,-0.5938042449674229,-0.026994408302705147,0.020626471798403316,-0.026882520907501813,0.02077208434705607,-0.0020526536601246396,0.03192057221177572,0.0037742766061733407,0.6258553129391791,0.6696593314995359,0.04380401856035687,0.6696593314995359,0.6258553129391791,0.6258553129448903,0.6696593314934319,4,12,96,4288,1072,120.0,1.9676209999488492,5.391222000071139,1.5426400000251306,3.251592000196979,1.5426400000251306,8.182949999991251,128.18294999999125,0,3.925231146709437e-17,3.925231146709437e-17,0.2066769909799488,0.23167699097994876,0.0373605765977526,0.10232045274750007,0.10232045274750007,0
1786206718.2746155,3.671323414,RUNNING,8.234281000113697,1.1666894762806563,0.6527436673641205,0.9367095232009888,-0.5742008090019226,0.9482757598161697,-0.5877324044704437,-0.0119517973237416,True,0.0038846489042043686,0.9439451708457155,-0.5974612680266637,-0.008661177940908482,-0.01945772711243987,-0.008428010069000168,-0.01955985158387172,-0.0020174065790283364,0.9076706171035767,0.6009109616279602,0.9192368537187576,0.5873793661594391,0.00799274075512545,True,0.006245890166610479,0.9439451708457155,0.5974612680266637,0.021055891308013597,0.01988841108903878,0.021214179966659273,0.01971948332902451,0.0032417343434146704,-0.9638606905937195,0.5827377438545227,-0.9522944539785385,0.5692061483860016,-0.00785989026657683,True,0.007290999870747328,-0.9439451708457155,0.5974612680266637,0.01669856626564603,0.05651023928132415,0.0162538907608826,0.05663974129614274,-0.006627175883529824,-0.9408473372459412,-0.5837247371673584,-0.9292811006307602,-0.5972563326358795,0.00518242458854833,True,0.010350934229791164,-0.9439451708457155,-0.5974612680266637,-0.02126314527434809,-0.00036896100347385413,-0.021264771841280877,-0.00025876189515424786,-0.0017182452490484951,0.0333663916015611,0.010001795281240025,0.6597508988279692,0.6628664536698741,0.003115554841904844,0.6628664536698741,0.6597508988279692,0.6597508988284388,0.6628664536693375,4,12,96,4288,1072,120.0,1.819038000121509,5.413016000147763,1.4677879998998833,3.1834920000619604,1.4677879998998833,8.039007000206766,128.03900700020677,0,-3.925231146709437e-17,-3.925231146709437e-17,0.17382007475579328,0.19882007475579339,0.022143861095292067,0.05892579451276565,0.05892579451276565,0
1786206718.4734006,3.871246567,RUNNING,7.108143000095879,1.1794034141482501,0.6553625762462616,0.9351445436477661,-0.5777256488800049,0.9467107802629471,-0.591257244348526,-0.014992396221362166,True,0.0031301130075007677,0.9423245760111761,-0.6012426559739222,-0.008772408503541884,-0.01997082325079247,-0.008472023347694554,-0.020100093349622167,0.0025434917674025132,0.9105604290962219,0.6043462157249451,0.9221266657114029,0.590814620256424,0.008100293375653751,True,0.006139709148555994,0.9423245760111761,0.6012426559739222,0.02192563025873862,0.02079513902390293,0.022093355825056168,0.02061685469837292,0.003080405412622219,-0.9611820578575134,0.5981714129447937,-0.9496158212423325,0.5846398174762726,-0.013819077061219705,True,0.008447092026472092,-0.9423245760111761,0.6012426559739222,0.014582490462312636,0.033205676995299305,0.014122240893518429,0.033404016598981394,0.00231160430843449,-0.9439309239387512,-0.5811058282852173,-0.9323646873235703,-0.5946374237537384,0.00429545503158443,True,0.010777773335576057,-0.9423245760111761,-0.6012426559739222,-0.01901906465912137,-0.013208844191140906,-0.01907562702140269,-0.013127027047812758,-0.0003877909136026452,0.033321812234614584,0.010687927912583436,0.6546625073410316,0.6594411843684822,0.004778677027450606,0.6546625073410316,0.6594411843684822,0.6594411843683102,0.6546625073411986,4,12,96,4288,1072,120.0,1.5793140000823769,4.454693999832671,1.4431459999286744,2.7671499997268256,1.4431459999286744,6.929509000201506,126.9295090002015,0,-3.925231146709437e-17,-3.925231146709437e-17,0.16282042736148936,0.18782042736148932,0.013146144254734394,0.03626659637737719,0.03626659637737719,0
1786206718.671735,4.070115298,RUNNING,6.931974000053742,1.1857182865281024,0.6553456485271454,0.9342951774597168,-0.5808141827583313,0.9458614140748978,-0.5943457782268524,-0.015424662018947018,True,0.004089395981281996,0.9406549656987604,-0.6051384133695592,-0.010412896752274747,-0.02158527028541357,-0.010078725761116316,-0.021743311594605418,0.0031918904637797917,0.9142008423805237,0.6081859469413757,0.9257670789957047,0.5946543514728546,0.009445737811146084,True,0.006530737038701773,0.9406549656987604,0.6051384133695592,0.021303146890365103,0.020955993120142784,0.02150013841623547,0.02075383731184813,0.0010622387593837203,-0.9586791396141052,0.6055044531822205,-0.9471129029989243,0.5919728577136993,-0.01082679873994067,True,0.007161138113588095,-0.9406549656987604,0.6051384133695592,0.012915874600327726,0.026331111311719724,0.01263004153780372,0.026469402908923315,-0.002176813173484063,-0.9460254311561584,-0.580146312713623,-0.9344591945409775,-0.5936779081821442,0.00233286699951692,True,0.0108999228104949,-0.9406549656987604,-0.6051384133695592,-0.012391542315565829,-0.022921010374830075,-0.012444980216729148,-0.022892040209792283,0.002556091134498619,0.03280919000727731,0.009863945115582444,0.6454490663350737,0.6539718065033394,0.008522740168265708,0.6454490663350737,0.6539718065033394,0.6539718065028022,0.6454490663356132,4,12,96,4288,1072,120.0,1.9771259999288304,3.9985430003071087,1.5660970002500108,1.9416370000726602,1.5660970002500108,6.751964000159205,126.7519640001592,0,3.925231146709437e-17,3.925231146709437e-17,0.1674267983892255,0.1924267983892256,0.005915609281564447,0.029882732724500684,0.029882732724500684,0
1786206718.870194,4.270771354,RUNNING,5.030499999975291,1.1908594430509185,0.6516067087650299,0.9329475164413452,-0.5848590135574341,0.9445137530565262,-0.5983906090259552,-0.013700750200880586,True,0.003982157912105322,0.9389149788098292,-0.6091983827770648,-0.011197548493393938,-0.02161554750221928,-0.010900357608991775,-0.021766928815951554,0.0006060227366801427,0.9180360436439514,0.6119248867034912,0.9296022802591324,0.5983932912349701,0.009246921743091004,True,0.0038141170516610146,0.9389149788098292,0.6091983827770648,0.01862539710139366,0.021610183084189494,0.018824425643662816,0.02143703406031261,0.0013604628614663399,-0.9549434781074524,0.6108414530754089,-0.9433772414922714,0.5973098576068878,-0.011091485823985996,True,0.005900432821363211,-0.9389149788098292,0.6091983827770648,0.008924525364884417,0.023777050340354045,0.008660259008660631,0.023874572033423094,-0.0017797825474160749,-0.9511550068855286,-0.5800119638442993,-0.9395887702703476,-0.5935435593128204,0.0016232989958245448,True,0.019816191866993904,-0.9389149788098292,-0.6091983827770648,0.0013475829210367607,-0.03130964692848881,0.0012967562494323364,-0.03131179320552013,0.003620443140037182,0.03184029199342829,0.01032997742550722,0.626314997528115,0.6481637393933388,0.021848741865223786,0.626314997528115,0.6481637393933388,0.6481637393899713,0.626314997531542,4,12,96,4288,1072,120.0,1.6992880000543664,2.3439930000677123,0.1560399996378692,0.44389599997884943,0.1560399996378692,4.831130000184203,124.8311300001842,0,0.008098142177213084,0.008098142177213084,0.1771088622000346,0.20210886220003454,0.0,0.031338633832949686,0.031338633832949686,0
1786206719.0719821,4.470427900000001,RUNNING,6.4452920000803715,1.1962503894820562,0.6474045217037201,0.9308362007141113,-0.5875323414802551,0.9424024373292923,-0.6010639369487762,-0.011610735622842315,True,0.0008266670047305524,0.937131261346781,-0.6133603901908443,-0.010542351965022512,-0.024592906484136146,-0.010256106050264755,-0.02471365053927894,-0.002528999130377264,0.9222010970115662,0.616127073764801,0.9337673336267471,0.6025954782962799,0.009100232442002195,True,0.013752230443060398,0.937131261346781,0.6133603901908443,0.00672785544006782,0.02152982378912882,0.006923500557583365,0.021467708104092768,0.0015804968130995528,-0.95351642370224,0.6153819561004639,-0.941950187087059,0.6018503606319427,-0.010614009927345725,True,0.0142219178378582,-0.937131261346781,0.6133603901908443,0.009637851480555959,0.023020059117803138,0.009392978050594605,0.02312105677276569,-0.0024959963923764806,-0.9536741375923157,-0.5808684229850769,-0.9421079009771347,-0.594400018453598,-0.00467882365289162,True,0.0033354361075907946,-0.937131261346781,-0.6133603901908443,0.009953279260707326,-0.03792074347449259,0.01013059413950284,-0.0378737589378262,0.01307362711311143,0.031156405143063517,0.008987267186773529,0.6177117630848682,0.6359464377041265,0.018234674619258318,0.6177117630848682,0.6359464377041265,0.6359464376997295,0.6177117630893213,4,12,96,4288,1072,120.0,2.125709000210918,2.5762609998309927,0.19396200013943599,0.5055299998275586,0.19396200013943599,6.2678109998159925,126.26781099981599,0,0.0320882521564963,0.0320882521564963,0.2098369362483119,0.23483693624831187,0.0,0.039205236304604756,0.039205236304604756,0
1786206719.2718713,4.6705469310000005,RUNNING,6.0434480001276825,1.2022418254510947,0.6444140374660492,0.9293350577354431,-0.5918400883674622,0.9409012943506241,-0.6053716838359833,-0.014302077617805596,True,0.002188880927860737,0.935293777959921,-0.6176478514268512,-0.011215032781406231,-0.02455233518173583,-0.01086274835435374,-0.024710216942679893,0.0015080138620676585,0.9243212938308716,0.6177046895027161,0.9358875304460526,0.604173094034195,0.011241352203978601,True,0.02276943065226078,0.935293777959921,0.6176478514268512,-0.0011875049722631648,0.02694951478531249,-0.0008844873347807301,0.026961160905597865,-0.0016311828298650561,-0.951882541179657,0.6191175580024719,-0.940316304564476,0.6055859625339508,-0.011445486775136612,True,0.023570017889142036,-0.935293777959921,0.6176478514268512,0.010045053209110089,0.02412377778580077,0.009768292918163333,0.024237165719149335,-0.0012487811206901495,-0.955702006816864,-0.583118200302124,-0.944135770201683,-0.5966497957706451,-0.0071212088662474145,True,0.012137138284742832,-0.935293777959921,-0.6176478514268512,0.01768398448352415,-0.0419961113124121,0.017982596646276574,-0.041869116188849184,0.016737204933145122,0.030836909742890762,0.0074004319208275495,0.6129298234635282,0.6334442138915869,0.020514390428058693,0.6129298234635282,0.6334442138915869,0.6334442138854698,0.6129298234696995,4,12,96,4288,1072,120.0,2.018505000251025,2.870868000172777,0.18647399974724976,0.5083459996058082,0.18647399974724976,5.855566000263934,125.85556600026393,0,0.050383877482355316,0.050383877482355316,0.24586663614756396,0.2708666361475636,0.0,0.045567495790069815,0.045567495790069815,0
1786206719.4745295,4.8709412400000005,RUNNING,5.884752000383742,1.2157779750516882,0.6390571892261505,0.9269798398017883,-0.5963940620422363,0.9385460764169693,-0.6099256575107574,-0.013672869306193231,True,0.012078030966222286,0.9334067953303355,-0.6220508108958838,-0.010278562173267503,-0.02425030677025264,-0.009946040469090017,-0.02438857309865237,0.0005642013946491104,0.9269853830337524,0.6238479614257812,0.9385516196489334,0.6103163659572601,0.011711020420585118,True,0.005841901991516352,0.9334067953303355,0.6220508108958838,-0.010289648637195725,0.023468889877247268,-0.010014104676652974,0.023587780070882892,-0.0023356851547748315,-0.9494840502738953,0.6244744062423706,-0.9379178136587143,0.6109428107738495,-0.012457000086202315,True,0.0065920851193368435,-0.9334067953303355,0.6220508108958838,0.009022036656757493,0.022216000244068557,0.008744599100574494,0.02232666116665369,0.00026848884590840484,-0.9528612494468689,-0.5912988781929016,-0.9412950128316879,-0.6048304736614227,-0.0006362798686407218,True,0.009179833345115185,-0.9334067953303355,-0.6220508108958838,0.01577643500270476,-0.03444067446892207,0.015798345715492008,-0.034430629269919306,0.007009811436735082,0.0318854763360803,0.004410712668014955,0.6350288426644132,0.6421390629916002,0.007110220327187,0.6350288426644132,0.6421390629916002,0.6421390629896603,0.6350288426663623,4,12,96,4288,1072,120.0,1.746234000165714,3.1726119996164925,0.49240899988944875,0.866860999394703,0.49240899988944875,5.703302000256372,125.70330200025637,0,0.06362507604086748,0.06362507604086748,0.2912754281143901,0.31627542811439024,0.0,0.03788213245408485,0.03788213245408485,0
1786206719.673804,5.071394144,RUNNING,7.284631999937119,1.226853223783449,0.633540004491806,0.926101565361023,-0.6002386212348938,0.9376678019762039,-0.6137702167034149,-0.016064150352067017,True,0.008962350897490978,0.9314750657830437,-0.6265581798395646,-0.012385472386320373,-0.025575926272299432,-0.011973036487643578,-0.025771579854249452,0.0041511229634597895,0.9261543154716492,0.6299915909767151,0.9377205520868301,0.616459995508194,0.011379929349113705,True,0.0050694141536951065,0.9314750657830437,0.6265581798395646,-0.012490972607572814,0.020196368662741326,-0.01226033552053946,0.020337204251526134,-0.0018390485475677128,-0.948477566242218,0.6292775273323059,-0.936911329627037,0.6157459318637848,-0.0142923796347178,True,0.004073906224220991,-0.9314750657830437,0.6265581798395646,0.010872527687986633,0.021624495951559686,0.010562362246360835,0.021777676351293965,0.0030215581686816317,-0.949527382850647,-0.5975752472877502,-0.937961146235466,-0.6111068427562714,0.0053895389014356745,True,0.011395820416510105,-0.9314750657830437,-0.6265581798395646,0.012972160904844543,-0.03090267416658654,0.012805422145006446,-0.03097213897804882,-0.0020289167183795125,0.033262098404498744,0.002535240338304279,0.6578709298963656,0.6590164630518317,0.0011455331554660608,0.6578709298963656,0.6590164630518317,0.6590164630515348,0.6578709298966631,4,12,96,4288,1072,120.0,2.0943800000168267,3.669181999612192,0.2872150002986018,0.6199360000209708,0.2872150002986018,7.116206999853603,127.1162069998536,0,0.08050455719477571,0.08050455719477571,0.3409325061795699,0.36593250617956985,0.0,0.033514955306361255,0.033514955306361255,0
1786206719.8781266,5.2738684650000005,RUNNING,5.904880999878515,1.2365678741033346,0.6286971867084503,0.9236486554145813,-0.6044468879699707,0.9352148920297623,-0.6179784834384918,-0.015451803987403074,True,0.012065806426107883,0.9294818677185213,-0.6312089753234507,-0.011466048622482017,-0.02646098376991768,-0.011055826178342045,-0.026634989029456258,0.0032326034164638744,0.9239417314529419,0.6348344087600708,0.9355079680681229,0.6213028132915497,0.009791790705952687,True,0.0058709909208118916,0.9294818677185213,0.6312089753234507,-0.012052200699203208,0.019812324063801956,-0.011857627895765504,0.0199293850178209,0.0005431594171738151,-0.946847140789032,0.632203996181488,-0.935280904173851,0.6186724007129669,-0.011975652627736139,True,0.005254223011434078,-0.9294818677185213,0.6312089753234507,0.011598072910659507,0.025073149220967483,0.011296981096300522,0.0252102424662617,-0.0004535323417908599,-0.9470651745796204,-0.6043638586997986,-0.9354989379644394,-0.6178954541683197,0.005513060827693339,True,0.002882228931412101,-0.9294818677185213,-0.6312089753234507,0.012034140491836265,-0.026627042310261917,0.011887161850130081,-0.026692982274720514,-0.00221419960776601,0.03516372756771867,0.0018797738816446734,0.6868832137321403,0.6885076558943531,0.0016244421622128025,0.6885076558943531,0.6868832137321403,0.6868832137327209,0.6885076558937706,4,12,96,4288,1072,120.0,1.781660000233387,3.120962000139116,0.7575110003017471,1.1238340002819314,0.7575110003017471,5.70208699991781,125.70208699991781,0,0.0958937650389294,0.0958937650389294,0.3967961712993834,0.42179617129938335,0.0,0.02922019711722923,0.02922019711722923,0
1786206720.0694492,5.470314569,RUNNING,5.018562999794085,1.2474599912166169,0.6237744390964508,0.9221934080123901,-0.6081494688987732,0.9337596446275711,-0.6216810643672943,-0.015328545717758674,True,0.0035257169511169195,0.9275104315766667,-0.6358089929877782,-0.012498426101808846,-0.028255857240967686,-0.01206385355012853,-0.02844411294038494,0.0030477160119972754,0.9216499924659729,0.6397571563720703,0.9332162290811539,0.6262255609035492,0.007937811687834714,True,0.003162690903991461,0.9275104315766667,0.6358089929877782,-0.011411595008974373,0.01916686416845792,-0.01125909413440297,0.019256842471537684,0.0033241279443507743,-0.9447226524353027,0.6378950476646423,-0.9331564158201218,0.6243634521961212,-0.012509356931905137,True,0.006582323927432299,-0.9275104315766667,0.6358089929877782,0.011291968486910164,0.022891081583313877,0.011004739750300342,0.023030542142803836,0.00034702411446263775,-0.9450507760047913,-0.6095649003982544,-0.9334845393896103,-0.6230964958667755,0.00491763674805211,True,0.011304998770356178,-0.9275104315766667,-0.6358089929877782,0.011948215625887215,-0.025424994242005283,0.011823040771361955,-0.0254834435617993,-0.0013210634883041661,0.03700606175167262,0.0018051477872292343,0.7141292663195756,0.7154371744519317,0.0013079081323560393,0.7141292663195756,0.7154371744519317,0.7154371744518406,0.7141292663196671,4,12,96,4288,1072,120.0,1.7813399999795365,2.320376000170654,0.15373499991255812,0.4365319996395556,0.15373499991255812,4.810232000181713,124.81023200018171,0,0.11056910464480225,0.11056910464480225,0.4522912353095834,0.4772912353095832,0.0,0.030896668484552223,0.030896668484552223,0
1786206720.27239,5.67071537,RUNNING,6.633621999753814,1.2562812411807607,0.6205818951129913,0.9193800091743469,-0.6136147975921631,0.9309462457895279,-0.6271463930606842,-0.011504282624607221,True,0.0024417899549007416,0.925463962464831,-0.640584087582061,-0.010964566649393825,-0.02687538904275355,-0.010654665834044617,-0.02699974729461739,-0.002688678627729905,0.9201346039772034,0.6429497003555298,0.9317008405923843,0.6294181048870087,0.00872101979327209,True,0.006084376946091652,0.925463962464831,0.640584087582061,-0.012473756255106716,0.022331965390104624,-0.012278526861501887,0.022439898649682474,0.0021493157861947098,-0.9424747824668884,0.6418794989585876,-0.9309085458517075,0.6283479034900665,-0.012910179792276617,True,0.004466917831450701,-0.925463962464831,0.640584087582061,0.010889166773752956,0.024472368183988902,0.010572325425947469,0.024610905969654637,0.0009482584050198566,-0.9413981437683105,-0.6144012808799744,-0.9298319071531296,-0.6279328763484955,0.005530225705642855,True,0.011326920241117477,-0.925463962464831,-0.640584087582061,0.008735889376597195,-0.02530242246713099,0.008595828396456269,-0.0253503467448474,-0.0022399469246902827,0.039248239015657604,0.0013052842316929462,0.7468079532743197,0.7532214906435288,0.006413537369209132,0.7532214906435288,0.7468079532743197,0.7468079532747084,0.7532214906431396,4,12,96,4288,1072,120.0,2.3428409999723954,3.128672999991977,0.22001099978297134,0.5292749992804602,0.22001099978297134,6.454541000039171,126.45454100003917,0,0.12298375525785779,0.12298375525785779,0.5129722102565715,0.5379722102565714,0.0,0.02902599279970208,0.02902599279970208,0
1786206720.468566,5.870555342,RUNNING,4.098836000139272,1.2650460504345173,0.6160328090190887,0.9175848960876465,-0.6204355955123901,0.9291511327028275,-0.6339671909809113,-0.01147984318640972,True,0.003681245958432555,0.9233904687866499,-0.645422239497817,-0.011521327832355155,-0.022910097033811416,-0.01125757011660959,-0.023040847557954002,-0.0027253377850261578,0.9173416495323181,0.6469578146934509,0.9289078861474991,0.6334262192249298,0.011080194405025029,True,0.0055937920697033405,0.9233904687866499,0.645422239497817,-0.011034834721698417,0.023992040545774307,-0.010768326317427412,0.02411283341307445,-0.001389446131434698,-0.9410603642463684,0.6469799876213074,-0.9294941276311874,0.6334483921527863,-0.014630893082748331,True,0.007913048379123211,-0.9233904687866499,0.645422239497817,0.012207317689075126,0.023947694690061416,0.011855647484369479,0.02412372916563204,0.003529328340727429,-0.9399058818817139,-0.6180655360221863,-0.9283396452665329,-0.6315971314907074,0.004885747747477692,True,0.0030985279008746147,-0.9233904687866499,-0.645422239497817,0.009898352959766044,-0.02765021601421913,0.009763143377373705,-0.027698246665482876,-0.0012732299874425386,0.04110897319244941,0.000919871618558775,0.7745824444594954,0.7784617069176165,0.003879262458121091,0.7784617069176165,0.7745824444594954,0.7745824444622004,0.7784617069149024,4,12,96,4288,1072,120.0,1.4717559997734497,1.8833290000657144,0.1285829998778354,0.3629640000326617,0.1285829998778354,3.9583799998581526,123.95837999985815,0,0.14148398023177472,0.14148398023177472,0.5713440942752971,0.5963440942752969,0.0,0.02936855183608973,0.02936855183608973,0
1786206720.6709206,6.070794278,RUNNING,5.090182000003551,1.2746582479732607,0.6099595129489899,0.9160500764846802,-0.626508891582489,0.9276163130998611,-0.6400404870510101,-0.011867679842055022,True,0.0021298059727996588,0.9212828504173878,-0.6503400156927616,-0.012666925364946735,-0.020599057283502864,-0.012421576080481465,-0.020747930182236828,-0.0021435828015582033,0.915012001991272,0.6500346660614014,0.9265782386064529,0.6365030705928802,0.008963401324957862,True,0.0036995511036366224,0.9212828504173878,0.6503400156927616,-0.010590776378130329,0.02767389019976263,-0.01034230207334601,0.027767706619448145,0.0017857434886660519,-0.9391005635261536,0.6514648199081421,-0.9275343269109726,0.637933224439621,-0.01124570094878118,True,0.00709770992398262,-0.9212828504173878,0.6503400156927616,0.012502952987169635,0.024813582506281184,0.01222312215084997,0.024952614994841693,-0.0015484598602232991,-0.9379473328590393,-0.6231929063796997,-0.9263810962438583,-0.6367245018482208,0.0016453230792769537,True,0.003227334003895521,-0.9212828504173878,-0.6503400156927616,0.01019649165294112,-0.027231027689081477,0.010151674033429333,-0.027247767346170158,0.0035874070148585683,0.04296114126812004,0.0010837173836195095,0.8032399444393834,0.8046805495373213,0.0014406050979378637,0.8046805495373213,0.8032399444393834,0.8032399444404904,0.8046805495362106,4,12,96,4288,1072,120.0,1.5767849999974715,2.5968699997065414,0.1503440003034484,0.4108700004508137,0.1503440003034484,4.932190000090486,124.93219000009049,0,0.15675452795492636,0.15675452795492636,0.6306622622324537,0.6556622622324537,0.0,0.029631212312021277,0.029631212312021277,0
1786206720.8711855,6.271190791,RUNNING,5.429975999959424,1.2844516939270079,0.6063835322856903,0.9134423136711121,-0.6300848722457886,0.925008550286293,-0.6436164677143097,-0.013346479640745035,True,0.0027811669278889894,0.9191463477846976,-0.6553251885023721,-0.01172440500319083,-0.023417441576124798,-0.011410829664652655,-0.02357183083713158,7.461689647681596e-05,0.9128487706184387,0.6553438305854797,0.9244150072336197,0.6418122351169586,0.007442350539635981,True,0.005884367041289806,0.9191463477846976,0.6553251885023721,-0.01053731889784415,0.027025906770826946,-0.010335892660547859,0.027103580007997584,0.004067319666648873,-0.9374086856842041,0.655092716217041,-0.9258424490690231,0.6415611207485199,-0.008463000257960708,True,0.008185798302292824,-0.9191463477846976,0.6553251885023721,0.013392202568651035,0.027528135507704388,0.013158755143919119,0.02764048655926123,-0.005722510896454007,-0.9371290802955627,-0.6293589472770691,-0.9255628436803818,-0.6428905427455902,0.003809112377522607,True,0.002987259067595005,-0.9191463477846976,-0.6553251885023721,0.01283299179136832,-0.024869291513563763,0.01273816899533228,-0.02491799328497977,0.000341723067490089,0.04469930601427519,0.0010998009076048474,0.8297589332351444,0.8297890968504836,3.0163615339251493e-05,0.8297589332351732,0.8297890968504552,0.8297890968504836,0.8297589332351444,4,12,96,4288,1072,120.0,1.8376630000602745,2.6092549996974412,0.17312899990429287,0.49858599959407,0.17312899990429287,5.254991000128939,125.25499100012894,0,0.16903056012839182,0.16903056012839182,0.6899728552137049,0.7149728552137048,0.0,0.030612894900193914,0.030612894900193914,0
1786206721.0743804,6.471064428,RUNNING,7.095790000221314,1.2945897953660506,0.6022240221500397,0.9111635684967041,-0.6335610151290894,0.9227298051118851,-0.6470926105976105,-0.012131100861539446,True,0.0026162948925048113,0.9169911048505792,-0.6603540886819818,-0.011477400522611703,-0.026522956168742562,-0.011154811240358666,-0.026660234674088196,-0.0017484512723315668,0.910526692867279,0.6610286235809326,0.92209292948246,0.6474970281124115,0.008084342470623016,True,0.004142228979617357,0.9169911048505792,0.6603540886819818,-0.010203649263761605,0.02571412113914051,-0.009995436330480667,0.025795769746599202,0.0031043317701683216,-0.9334796667098999,0.6606188416481018,-0.9219134300947189,0.6470872461795807,-0.011424316135866653,True,0.006305092945694923,-0.9169911048505792,0.6603540886819818,0.009844650488279427,0.026533685004802132,0.009540885446022154,0.02664441945466864,-0.0012805370795950883,-0.9334215521812439,-0.6342443823814392,-0.9218553155660629,-0.6477759778499603,0.005546913646940231,True,0.00268273102119565,-0.9169911048505792,-0.6603540886819818,0.009728421430967416,-0.025156221664042855,0.009588733094403903,-0.025209797095439867,-0.0022649788366363474,0.04732474669119566,0.0012777840795719507,0.8720592190527617,0.8731068359339664,0.0010476168812046938,0.8720592190529244,0.8731068359338037,0.8731068359339664,0.8720592190527617,4,12,96,4288,1072,120.0,1.8853769997804193,4.227002000334323,0.17808899974625092,0.4596090002451092,0.17808899974625092,6.925028999830829,126.92502899983083,0,0.18623167000189433,0.18623167000189433,0.7560212225872418,0.7810212225872417,0.0,0.028899791118371192,0.028899791118371192,0
1786206721.2695923,6.670082369,RUNNING,4.600236999976914,1.3030666485777957,0.5972212851047516,0.9092358946800232,-0.6380195021629333,0.9208021312952042,-0.6515510976314545,-0.010426794885442743,True,0.003608762053772807,0.9148237491347169,-0.6654112520189939,-0.011956764320974589,-0.027720308775078806,-0.011667085632217366,-0.027843470409838447,-0.004304910236476622,0.9091463685035706,0.6663103103637695,0.9207126051187515,0.6527787148952484,0.011830502960583831,True,0.005204012151807547,0.9148237491347169,0.6654112520189939,-0.011777711968069315,0.025265074247490915,-0.011477996205299244,0.02540263921416765,-0.002514908964772901,-0.9321938157081604,0.6647099256515503,-0.9206275790929794,0.6511783301830292,-0.0129050559778158,True,0.006795070134103298,-0.9148237491347169,0.6654112520189939,0.011607659916525126,0.02846584367192939,0.01123935024777679,0.02861326669047466,0.0009405726833286304,-0.9318820834159851,-0.6383566856384277,-0.9203158468008041,-0.6518882811069489,0.004092053489859884,True,0.002786928089335561,-0.9148237491347169,-0.6654112520189939,0.01098419533217454,-0.027045941824090036,0.010873430235908213,-0.027090663172987566,-8.268860101582612e-05,0.0489311112114071,0.0008391329466625817,0.8942610335643301,0.8954549061084599,0.001193872544129837,0.8954549061084599,0.8942610335643301,0.8942610335656115,0.8954549061071767,4,12,96,4288,1072,120.0,1.4606830000047921,2.3132709998208156,0.1575119999870367,0.443478999841318,0.1575119999870367,4.440101000000141,124.44010100000014,0,0.20118121245680193,0.20118121245680193,0.8151520517405836,0.8401520517405835,0.0,0.030741535821953114,0.030741535821953114,0
1786206721.470831,6.870121962000001,RUNNING,5.9954130001642625,1.3130085786149888,0.5929411351680756,0.9069341421127319,-0.642454206943512,0.9185003787279129,-0.6559858024120331,-0.013033988704990307,True,0.003581145079806447,0.912626610553442,-0.6705379087086354,-0.011747536348941878,-0.029104212593204615,-0.011367205261276637,-0.029254853366376073,-0.0003941195071552753,0.90718013048172,0.6705904603004456,0.9187463670969009,0.6570588648319244,0.013768713894116545,True,0.005871695000678301,0.912626610553442,0.6705379087086354,-0.012239513086917952,0.0269580877534219,-0.011867186467526034,0.027124049499862638,-0.005422225365071973,-0.9301403760910034,0.6696715950965881,-0.9185741394758224,0.656139999628067,-0.014071536823554751,True,0.006692568771541119,-0.912626610553442,0.6705379087086354,0.01189505784476097,0.028795818161136744,0.011488692161448297,0.028960343525568526,0.002690293951937058,-0.9296504855155945,-0.6433368921279907,-0.9180842489004135,-0.6568684875965118,0.004324240195070685,True,0.002855282975360751,-0.912626610553442,-0.6705379087086354,0.010915276693943099,-0.027338842224247095,0.010796955289431653,-0.02738578675053224,-0.00043096865883202875,0.050767152735077835,0.0006496990619494769,0.9237517460638609,0.9264716067166163,0.0027198606527554237,0.9264716067166163,0.9237517460638609,0.9237517460639518,0.9264716067165257,4,12,96,4288,1072,120.0,2.0187919999443693,2.9912589998275507,0.19277799992778455,0.5495320001500659,0.19277799992778455,5.79876299980242,125.79876299980242,0,0.21626027182079918,0.21626027182079918,0.8771723626100288,0.9021723626100288,0.0,0.03138566234668564,0.03138566234668564,0
1786206721.6724489,7.070888281,RUNNING,7.108974999937345,1.3217213752841774,0.5879852473735809,0.9045239090919495,-0.6474611163139343,0.9160901457071304,-0.6609927117824554,-0.015261392699285708,True,0.003376333974301815,0.9104055114650379,-0.6757204732482447,-0.011369268484185069,-0.029455522931578493,-0.010918429648390458,-0.029625596889368805,0.0029469864842878255,0.9048928022384644,0.6755463480949402,0.9164590388536453,0.6620147526264191,0.010569952745266863,True,0.03041171282529831,0.9104055114650379,0.6757204732482447,-0.012107054777214854,0.027411441243651247,-0.011816646216264754,0.027537878615322958,-0.0006240836417974486,-0.9289432764053345,0.6734746694564819,-0.9173770397901535,0.6599430739879608,-0.01108078075624501,True,0.03211717680096626,-0.9104055114650379,0.6757204732482447,0.013943056650231211,0.03155479852056775,0.01359255601993146,0.0317073581250505,-0.0017958401490275546,-0.9289153218269348,-0.648246705532074,-0.9173490852117538,-0.6617783010005951,0.004098976529235965,True,0.016869541257619858,-0.9104055114650379,-0.6757204732482447,0.013887147493431895,-0.027884344495299196,0.01377273387683033,-0.02794103317694005,-9.307316007994794e-05,0.05231549735437578,0.0004908232864051585,0.947914621388638,0.9496050544583738,0.0016904330697358194,0.9496050544583738,0.947914621388638,0.9479146213915641,0.9496050544554443,4,12,96,4288,1072,120.0,2.8019679998578795,3.1930919999467733,0.19002599992745672,0.5362209999475454,0.19002599992745672,6.916676999935589,126.91667699993559,0,0.22877361326271856,0.22877361326271856,0.9372531786722228,0.9622531786722228,0.0,0.03449803093547778,0.03449803093547778,0
1786206721.8690515,7.270219454,RUNNING,4.975199999989854,1.3336390570921874,0.5811950862407684,0.9031699299812317,-0.6538222432136536,0.9147361665964127,-0.6673538386821747,-0.010545339050908261,True,0.0006892189849168062,0.9081872577285732,-0.6808963986333292,-0.013097817735678863,-0.027085119902308996,-0.012811472997503827,-0.027221732295975378,-0.004127093988278345,0.903364360332489,0.6823365092277527,0.91493059694767,0.6688049137592316,0.006378461126223198,True,0.005832363851368427,0.9081872577285732,0.6808963986333292,-0.013486678438193511,0.024182969748195227,-0.013332155001424009,0.0242685014814546,0.005663153786768049,-0.9256255030632019,0.679161012172699,-0.9140592664480209,0.6656294167041779,-0.010188175016602718,True,0.007624648977071047,-0.9081872577285732,0.6808963986333292,0.011744017438895415,0.03053396385830265,0.011432327950015423,0.030652027211075423,-0.003134748758490991,-0.9251328110694885,-0.6544779539108276,-0.9135665744543076,-0.6680095493793488,-0.0001251874824123103,True,0.002465855097398162,-0.9081872577285732,-0.6808963986333292,0.010758633451468658,-0.02577369850796085,0.01076185991158475,-0.025772351459766897,0.006243172857392464,0.05436134963283644,0.0005686940570998969,0.9825183712412343,0.9850505364262913,0.002532165185056945,0.9850505364262913,0.9825183712412343,0.982518371252749,0.9850505364147644,4,12,96,4288,1072,120.0,1.6506769998159143,2.1815840000272146,0.14624699997511925,0.4158289998485998,0.14624699997511925,4.81621599965365,124.81621599965365,0,0.2453159262824277,0.2453159262824277,1.0008545435260034,1.0258545435260034,0.0,0.03271459757516837,0.03271459757516837,0
1786206722.071776,7.470427056,RUNNING,6.3541190002069925,1.3432485523403754,0.5760910212993622,0.9002322554588318,-0.6592084169387817,0.9117984920740128,-0.6727400124073029,-0.009559562233658146,True,0.003911945968866348,0.9059489934280189,-0.6861190153346225,-0.011698997291987645,-0.026758005854639277,-0.011442671812023093,-0.02686861881000168,-0.005605759214153518,0.900748074054718,0.6874405741691589,0.912314310669899,0.6739089787006378,0.007258106770575016,True,0.005033763125538826,0.9059489934280189,0.6861190153346225,-0.012730634483760106,0.024420073267969356,-0.01255305721666792,0.024511829537738606,0.00434368532024032,-0.9230256080627441,0.6848234534263611,-0.9114593714475632,0.67129185795784,-0.012342267942876621,True,0.007873686030507088,-0.9059489934280189,0.6861190153346225,0.011020756039088475,0.02965431475356506,0.010653924439007747,0.029788073808565147,9.639063091986325e-05,-0.9234461188316345,-0.6584250330924988,-0.9118798822164536,-0.6719566285610199,0.003010080573592179,True,0.011120413430035114,-0.9059489934280189,-0.6861190153346225,0.011861777576869237,-0.028324773547205195,0.011776464117732255,-0.028360350080126617,0.0015402707733857307,0.05646634123863793,0.0005244929347091481,1.0180086748612904,1.0187152619934583,0.0007065871321678685,1.0187152619934583,1.0180086748612904,1.0180086748670434,1.0187152619876978,4,12,96,4288,1072,120.0,2.2368830000232265,2.519490000395308,0.16250499993475387,0.4251420000400685,0.16250499993475387,6.187838999721862,126.18783899972186,0,0.26143828948141073,0.26143828948141073,1.0645889425705979,1.0895889425705978,0.0,0.031635983423573405,0.031635983423573405,0
1786206722.2697635,7.6708132220000005,RUNNING,4.851258000144298,1.3550146559491933,0.57156702876091,0.898310661315918,-0.6649013757705688,0.9098768979310989,-0.67843297123909,-0.014087989258760297,True,0.002693867078050971,0.9037012610977411,-0.6913637241052708,-0.012351273666715734,-0.025861505732361678,-0.011985723436087042,-0.026032938244629922,0.0011868813234997084,0.8985975384712219,0.6913213133811951,0.9101637750864029,0.677789717912674,0.011046800441354003,True,0.005079588852822781,0.9037012610977411,0.6913637241052708,-0.012925027977323644,0.02714801238519371,-0.012624346777422291,0.027289133242457835,-0.0013393551859281585,-0.9212797284126282,0.691403865814209,-0.9097134917974472,0.6778722703456879,-0.014824469752437626,True,0.0058321719989180565,-0.9037012610977411,0.6913637241052708,0.012024461399412267,0.026982907519165877,0.011623147501059559,0.027158192360730252,0.0038196933452613706,-0.9209773540496826,-0.6636107563972473,-0.9094111174345016,-0.6771423518657684,0.004848587819438694,True,0.002530081896111369,-0.9037012610977411,-0.6913637241052708,0.011419712673521154,-0.028442744479004745,0.011281671837797255,-0.0284977794150349,-0.0012174900953840413,0.05821279916820309,0.00047063039604280883,1.046424279308333,1.0485297709509347,0.0021054916426017645,1.0485297709509347,1.046424279308333,1.046424279315647,1.0485297709436165,4,12,96,4288,1072,120.0,1.5971060001902515,2.121742000326776,0.14080700020713266,0.40686800002731616,0.14080700020713266,4.372674000023835,124.37267400002384,0,0.2777664321894002,0.2777664321894002,1.1262233502161971,1.151223350216197,0.0,0.03064962562648579,0.03064962562648579,0
1786206722.4713142,7.870291535000001,RUNNING,4.860987000029127,1.363886177732877,0.56734898686409,0.8959786295890808,-0.6689990162849426,0.9075448662042618,-0.6825306117534637,-0.015556945150095026,True,0.0026307590305805206,0.9014590923649043,-0.6965954511485564,-0.012171547678714978,-0.028129678790185242,-0.011732480619761414,-0.02831561936884221,0.0033903151605018025,0.8961392641067505,0.6961052417755127,0.9077055007219315,0.6825736463069916,0.009571904842147302,True,0.005892976187169552,0.9014590923649043,0.6965954511485564,-0.012492816714054333,0.028043609683129578,-0.012223817749643422,0.02816190322286789,0.0008729882128818917,-0.9193932414054871,0.6961826086044312,-0.9078270047903061,0.68265101313591,-0.012641654219022922,True,0.006832255981862545,-0.9014590923649043,0.6965954511485564,0.012735824850803601,0.027888876025292664,0.012382255062436209,0.0280476451801798,0.0005454700451393143,-0.9193702936172485,-0.6677035689353943,-0.9078040570020676,-0.6812351644039154,0.008161601395036997,True,0.0006908189970999956,-0.9014590923649043,-0.6965954511485564,0.01268992927432655,-0.03072057348928192,0.01243878033568236,-0.030823119314216448,-0.006187010458781497,0.05989615442692592,0.0003644160024743799,1.0758803816690357,1.0767382020407446,0.000857820371708895,1.0767382020407446,1.0758803816690357,1.0758803816727736,1.0767382020370033,4,12,96,4288,1072,120.0,1.6739750003580411,2.299126000252727,0.15434299984917743,0.42626199956430355,0.15434299984917743,4.700689999936003,124.700689999936,0,0.2936865231746272,0.2936865231746272,1.1869786173663381,1.211978617366338,0.0,0.03323835044790552,0.03323835044790552,0
1786206722.6724596,8.070544607,RUNNING,6.009206000271661,1.3756288619715304,0.5610184967517853,0.8938577175140381,-0.6738207340240479,0.905423954129219,-0.687352329492569,-0.014708935734773245,True,0.012166514992713928,0.8992063937416506,-0.7018517479361487,-0.012435120775136976,-0.02899883688715943,-0.012007248965120293,-0.029178600751063086,0.0021183010375191314,0.8943623900413513,0.7018080353736877,0.9059286266565323,0.6882764399051666,0.007399984182955644,True,0.002765679033473134,0.8992063937416506,0.7018517479361487,-0.013444465829763441,0.027150616061964117,-0.013243185427789824,0.02724936061115996,0.00413086920166938,-0.9178594946861267,0.7013427019119263,-0.9062932580709457,0.6878111064434052,-0.010851364651976251,True,0.006269314792007208,-0.8992063937416506,0.7018517479361487,0.014173728658590345,0.028081282985487066,0.013868179912152858,0.028233430966188126,-0.002139964305430692,-0.9167989492416382,-0.6754499077796936,-0.9052327126264572,-0.6889815032482147,0.00534577202884681,True,0.01142116542905569,-0.8992063937416506,-0.7018517479361487,0.012052637769613295,-0.025740489375867925,0.011914863421500062,-0.025804551927163518,-0.0019632664094962156,0.06141037120655588,0.0003684719826993045,1.1014890989004578,1.1064012242791312,0.004912125378673471,1.1064012242529406,1.10148909892663,1.1014890989004578,1.1064012242791312,4,12,96,4288,1072,120.0,1.9889340001100209,2.9918019999968237,0.6946919997972145,0.9729449998303608,0.6946919997972145,5.8318840001447825,125.83188400014478,0,0.3100038876528143,0.3100038876528143,1.246948678737718,1.271948678737718,0.0,0.031552571519613444,0.031552571519613444,0
1786206722.8740346,8.271384909,RUNNING,5.062885000370443,1.388227045694587,0.5552521646022797,0.8921467661857605,-0.6802613735198975,0.9037130028009415,-0.6937929689884186,-0.011064180494673677,True,0.0034836679697036743,0.8969480909125671,-0.70712112120401,-0.013529823776748717,-0.026656304431182942,-0.013234071504915897,-0.026804366225683295,-0.003348831822630221,0.8921677470207214,0.7079656720161438,0.9037339836359024,0.6944340765476227,0.006820998973625994,True,0.005084006115794182,0.8969480909125671,0.70712112120401,-0.013571785446670592,0.02537408931277474,-0.013398394432199102,0.025466071454041457,0.004999347015663854,-0.9147518277168274,0.7082794308662415,-0.9031855911016464,0.6947478353977203,-0.013050750215185836,True,0.0059613632038235664,-0.8969480909125671,0.70712112120401,0.01247500037815863,0.024746571612579427,0.012150985852255379,0.024907267690974646,0.001159114039383686,-0.9143922924995422,-0.6803781986236572,-0.9028260558843613,-0.6939097940921783,0.006182973288696692,True,0.016230596229434013,-0.8969480909125671,-0.70712112120401,0.011755929943588317,-0.02642265422366341,0.011592335710285022,-0.02649483530505304,-0.0032190682992710388,0.06318621303661197,0.00032119256515975497,1.1353442764677144,1.1367851624013625,0.0014408859336481061,1.1367851623976144,1.1353442764714594,1.1353442764677144,1.1367851624013625,4,12,96,4288,1072,120.0,1.538639000045805,2.4116760000651993,0.14176700005918974,0.4044360002808389,0.14176700005918974,4.8660749998816755,124.86607499988168,0,0.32290270311465036,0.32290270311465036,1.3077315785463965,1.3327315785463965,0.0,0.029893388857032892,0.029893388857032892,0
1786206723.0722122,8.471116801,RUNNING,6.063928000003216,1.3963255165381707,0.5507682859897614,0.8881886005401611,-0.6851882934570312,0.8997548371553421,-0.6987198889255524,-0.012876104264959994,True,0.0018618239555507898,0.8947060628362518,-0.7123525200487459,-0.010097548638180687,-0.027265262246387145,-0.00974565093426829,-0.027393015564776444,-0.0006309461672007449,0.8885636925697327,0.7127633094787598,0.9001299291849136,0.6992317140102386,0.010199821941343494,True,0.005620674230158329,0.8947060628362518,0.7123525200487459,-0.010847732697323753,0.026241612077014587,-0.010579513293257297,0.026350890071322006,-6.888743591239572e-05,-0.9126384258270264,0.7114945650100708,-0.9010721892118454,0.6979629695415497,-0.01601645860289225,True,0.008431410416960716,-0.8947060628362518,0.7123525200487459,0.012732252751187279,0.028779101014392516,0.012269700130085751,0.028979326666340923,0.005607676620943308,-0.9113613963127136,-0.684830367565155,-0.8997951596975327,-0.6983619630336761,0.003259315289375602,True,0.0018348139710724354,-0.8947060628362518,-0.7123525200487459,0.01017819372256179,-0.027981114030139587,0.010086940549138883,-0.02801413929036208,0.0011664186997105963,0.06531139834960503,0.0004155316718197075,1.176175550631834,1.1811989137737593,0.005023363141925197,1.1811989137737593,1.176175550631834,1.176175550688948,1.1811989137166212,4,12,96,4288,1072,120.0,2.1290700001372898,2.833202000147139,0.18698600024436018,0.5306529997142206,0.18698600024436018,5.861196999831009,125.86119699983101,0,0.3405018162248271,0.3405018162248271,1.3706982356249529,1.3956982356249528,0.0,0.0314697778085058,0.0314697778085058,0
1786206723.2700505,8.670487647,RUNNING,5.1870509996660985,1.404569626065019,0.546844094991684,0.8876829147338867,-0.6896243095397949,0.8992491513490677,-0.703155905008316,-0.014313440247707213,True,0.0008431790047325194,0.892474675310643,-0.7175590909418329,-0.013548952076849474,-0.02880637186703372,-0.01313525997897372,-0.02899734656494223,0.0015250578069200826,0.8869460225105286,0.7160075306892395,0.8985122591257095,0.7024759352207184,0.010336765000932332,True,0.00540802301838994,0.892474675310643,0.7175590909418329,-0.012075167630133166,0.030166311442229032,-0.011762706008442411,0.030289515788211718,-0.00027430202529565243,-0.9101613759994507,0.7155833840370178,-0.8985951393842697,0.7020517885684967,-0.013518943940109041,True,0.007885077968239784,-0.892474675310643,0.7175590909418329,0.012240928147253527,0.031014604746672392,0.011820537645511149,0.03117725002737719,0.0018614046267684935,-0.9101370573043823,-0.6889862418174744,-0.8985708206892014,-0.7025178372859955,0.0019054220270404982,True,0.0031325779855251312,-0.892474675310643,-0.7175590909418329,0.012192290757116808,-0.030082507311674833,0.012134948786880597,-0.030105684147729163,0.0031972585932132517,0.06658041596292617,0.00027666364920243147,1.1974729843892982,1.1992366563732229,0.0017636719839246862,1.1974729843892982,1.1992366563732229,1.1992366563583428,1.1974729844041871,4,12,96,4288,1072,120.0,2.0135119998485607,2.231379000022571,0.14861599993309937,0.41115799967883504,0.14861599993309937,5.016609999984212,125.01660999998421,0,0.3543823427750137,0.3543823427750137,1.4257036934169276,1.4507036934169275,0.0,0.03334285574899872,0.03334285574899872,0
1786206723.472821,8.872264825,RUNNING,5.479195000134496,1.414087213953142,0.5412129461765289,0.8845404386520386,-0.6947903037071228,0.8961066752672195,-0.7083218991756439,-0.014284324461400204,True,0.0023515450302511454,0.8902259069963415,-0.7228062170085363,-0.011761536541756046,-0.02896863566578478,-0.011346553319683457,-0.02913368019876001,0.0014813841274595695,0.8847351670265198,0.7213395833969116,0.8963014036417007,0.7078079879283905,0.009036021351021275,True,0.022087154909968376,0.8902259069963415,0.7228062170085363,-0.012150993290718448,0.029996458160291617,-0.011879452283824856,0.03010502870866491,0.0016768134495709335,-0.907991349697113,0.7188316583633423,-0.8964251130819321,0.7053000628948212,-0.008977118027345613,True,0.023410998284816742,-0.8902259069963415,0.7228062170085363,0.012398412171181095,0.03501230822743029,0.01208360718714539,0.035122197954083716,-0.004951334242376649,-0.9074669480323792,-0.69525545835495,-0.8959007114171982,-0.7087870538234711,0.00036016751816186037,True,0.010816301219165325,-0.8902259069963415,-0.7228062170085363,0.011349608841713321,-0.028038326370130484,0.011339509611370249,-0.028042412311915916,0.005515140356531208,0.0681396837673453,0.00033766662406241777,1.2305952879080693,1.2327535960579044,0.0021583081498350865,1.2327535960579044,1.2305952879080693,1.230595287951767,1.2327535960142033,4,12,96,4288,1072,120.0,1.93926800011468,2.5714280000102008,0.16743300011512474,0.48408900011054357,0.16743300011512474,5.305712999870593,125.3057129998706,0,0.36890708745123335,0.36890708745123335,1.4839468523607637,1.5089468523607639,0.0,0.0371427294605428,0.0371427294605428,0
1786206723.6716306,9.071320263,RUNNING,5.753160000040225,1.4271448521570183,0.5354249179363251,0.8823185563087463,-0.7000645399093628,0.8938847929239273,-0.7135961353778839,-0.011875724720369463,True,0.0024024280719459057,0.888019692938025,-0.7279540498112749,-0.011730199971804689,-0.028715828866781923,-0.01138835954690293,-0.028853105304547336,-0.002131515484086542,0.8821962475776672,0.7278937101364136,0.8937624841928482,0.7143621146678925,0.007527702299039492,True,0.022556426003575325,0.888019692938025,0.7279540498112749,-0.011485582509646486,0.027183870286764833,-0.011280626938204131,0.027269559315005742,0.003939292027543608,-0.9050567746162415,0.7261012196540833,-0.8934905380010605,0.7125696241855621,-0.011941348825391232,True,0.023084836080670357,-0.888019692938025,0.7279540498112749,0.010941690126071046,0.030768851251425477,0.010573497162066098,0.030897312956163162,-0.0005049880453082202,-0.9044114351272583,-0.7010434865951538,-0.8928451985120773,-0.7145750820636749,-0.001542410377434817,True,0.011461359448730946,-0.888019692938025,-0.7279540498112749,0.009651011148104738,-0.02675793549519989,0.009692271369107676,-0.026743017852398333,0.008369007199926226,0.06982074379010164,0.00020435184455075653,1.265458166623132,1.267031507071309,0.0015733404481770297,1.267031507071309,1.265458166623132,1.2654581666389282,1.2670315070555114,4,12,96,4288,1072,120.0,1.9993350001641375,2.7942240003540064,0.448983000296721,0.7775120002406766,0.448983000296721,5.571806999796536,125.57180699979654,0,0.38205765584683743,0.38205765584683743,1.5407672056243198,1.5657672056243204,0.0,0.03265643566201473,0.03265643566201473,0
1786206723.873138,9.271610068000001,RUNNING,5.4795780001768435,1.4388945029197047,0.5289601385593414,0.8800041079521179,-0.705515444278717,0.8915703445672989,-0.7190470397472382,-0.011053826863232244,True,0.0032718160655349493,0.8858148662379457,-0.7330986454447933,-0.011510956658706384,-0.028103211395110295,-0.01119961171382344,-0.028228732018573958,-0.003364362269792371,0.8797279596328735,0.7345714569091797,0.8912941962480545,0.7210398614406586,0.005861525658423415,True,0.0055282530374825,0.8858148662379457,0.7330986454447933,-0.010958660020217614,0.024117568008269474,-0.010817106830563254,0.024181387799057374,0.0064385569884677215,-0.902733564376831,0.7324971556663513,-0.8911673277616501,0.7189655601978302,-0.01395336575969563,True,0.004414916038513184,-0.8858148662379457,0.7330986454447933,0.010704923047408776,0.028266170493926213,0.010309485541899685,0.028412783737325174,0.0025130373561483765,-0.9023457765579224,-0.706397294998169,-0.8907795399427414,-0.7199288904666901,0.006991992562197946,True,0.011449998244643211,-0.8858148662379457,-0.7330986454447933,0.009929347409591394,-0.026339509956206486,0.00974494054068191,-0.026408291473929816,-0.00443259720952292,0.07125594024475852,0.0001487018260025903,1.2950360699020154,1.2954431997486022,0.00040712984658686224,1.2954431997486022,1.2950360699020154,1.2950360699096752,1.2954431997409408,4,12,96,4288,1072,120.0,1.889280999876064,2.6086470002155693,0.1725530000840081,0.483066000015242,0.1725530000840081,5.304496999997355,125.30449699999735,0,0.3960660873795803,0.3960660873795803,1.5949470428686137,1.6199470428686136,0.0,0.03036927088220713,0.03036927088220713,0
1786206724.0718436,9.470507833000001,RUNNING,6.133627000053821,1.4492734111701517,0.5244046747684479,0.8788127303123474,-0.7109811902046204,0.8903789669275284,-0.7245127856731415,-0.01262189668074028,True,0.012103087268769741,0.8836431042381113,-0.7381660901110735,-0.01347172537883412,-0.027306608875864002,-0.013126000242920443,-0.027474467976741433,-0.0010122575435303153,0.8789164423942566,0.7382922172546387,0.8904826790094376,0.7247606217861176,0.010851033107748695,True,0.005544350016862154,0.8836431042381113,0.7381660901110735,-0.01367914954265248,0.026810936649911854,-0.0133874235732854,0.026957788231330822,-0.001045704185520197,-0.9008404612541199,0.7391269207000732,-0.8892742246389389,0.7255953252315521,-0.01217095486467451,True,0.005341170821338892,-0.8836431042381113,0.7381660901110735,0.011262240801655166,0.025141529759042713,0.01095541779269236,0.025276736488060645,-0.00016057898638330292,-0.9008322954177856,-0.7106146812438965,-0.8892660588026047,-0.7241462767124176,0.008061368000628077,True,0.011097786948084831,-0.8836431042381113,-0.7381660901110735,0.011245909128986709,-0.028039626797311756,0.011019508417566042,-0.02812937214559083,-0.006036660367168116,0.0721423935637469,0.00010823363319419402,1.3119959005457036,1.312359999256123,0.0003640987104194249,1.312359999252685,1.311995900549141,1.3119959005457036,1.312359999256123,4,12,96,4288,1072,120.0,2.5100819998442603,2.672904999599268,0.17837699988376698,0.4739440000776085,0.17837699988376698,5.95438699974693,125.95438699974693,0,0.4055268772554937,0.4055268772554937,1.6440276491275339,1.6690276491275338,0.0,0.030448945350900713,0.030448945350900713,0
1786206724.272517,9.670318697,RUNNING,6.752763999884337,1.4588703043347222,0.5192677676677704,0.8770982027053833,-0.7155059576034546,0.8886644393205643,-0.7290375530719757,-0.01179073497911776,True,0.0015722409589216113,0.8814819691480709,-0.7432087386545012,-0.01436494034498681,-0.028342371165051006,-0.014029772195099757,-0.028509770369579447,-0.002259000095964097,0.8764574527740479,0.7442638278007507,0.8880236893892288,0.7307322323322296,0.01211250295583109,True,0.00558371189981699,0.8814819691480709,0.7432087386545012,-0.013083440482315911,0.024953012644543193,-0.012780244691453528,0.02510965154118251,-0.00293790895764379,-0.8992806077003479,0.7423298954963684,-0.8877143710851669,0.7287983000278473,-0.009641117256386604,True,0.006439179182052612,-0.8814819691480709,0.7432087386545012,0.012464803874192132,0.02882087725330784,0.0121863634174031,0.028939710570966188,-0.003955335398815162,-0.8990886807441711,-0.7165403962135315,-0.8875224441289902,-0.7300719916820526,0.00831730637074046,True,0.0024178209714591503,-0.8814819691480709,-0.7432087386545012,0.012080949961838616,-0.026273493944897197,0.011862009919698097,-0.026373064985283412,-0.00642056792233669,0.07310533814293416,0.00011872827934838904,1.3344544153128686,1.3355666533294794,0.001112238016610867,1.3344544153128686,1.3355666533294794,1.3355666533076707,1.334454415334683,4,12,96,4288,1072,120.0,2.094987999953446,3.507828999772755,0.4135569997743005,0.8594989994890057,0.4135569997743005,6.552626000029704,126.5526260000297,0,0.42031456139609835,0.42031456139609835,1.6933693164147496,1.7183693164147493,0.0,0.031774856638111595,0.031774856638111595,0
1786206724.4735713,9.872522004,RUNNING,5.7125829998767585,1.4697849090162352,0.5125367939472198,0.8738754987716675,-0.7208529710769653,0.8854417353868484,-0.7343845665454865,-0.01292474405546122,True,0.0109965018928051,0.879318836221748,-0.7482560488159213,-0.012245798330200897,-0.027742964540869774,-0.011886214787235441,-0.027898916758390718,-0.000557986481448905,0.8742708563804626,0.748931884765625,0.8858370929956436,0.7354002892971039,0.009308715324222758,True,0.005773898214101791,0.879318836221748,0.7482560488159213,-0.013036513547791229,0.02571151903763491,-0.012796610975987445,0.02583175650693627,0.0012677724897687077,-0.8969143629074097,0.7509948015213013,-0.8853481262922287,0.7374632060527802,-0.014422926175844642,True,0.006479308940470219,-0.879318836221748,0.7482560488159213,0.012058580140961395,0.021585685526282372,0.011746007989858838,0.021757354410812845,0.0032173779803718943,-0.8969451785087585,-0.7226381301879883,-0.8853789418935776,-0.7361697256565094,0.004874073608995487,True,0.011295045726001263,-0.879318836221748,-0.7482560488159213,0.012120211343659149,-0.024172646318823876,0.012002248585491525,-0.024231433757868726,-0.0012557187797192315,0.07434247128199717,0.00016992562096721018,1.3641496387205618,1.3650923478587071,0.0009427091381453145,1.3650923477596004,1.3641496388196759,1.3641496387205618,1.3650923478587071,4,12,96,4288,1072,120.0,1.8366069998592138,2.412027999980637,0.16093600015665288,0.44862900040243403,0.16093600015665288,5.090374000246811,125.09037400024681,0,0.43214574579810483,0.43214574579810483,1.74338744782001,1.7683874478200101,0.0,0.030325429234553444,0.030325429234553444,0
1786206724.6727705,10.071400180000001,RUNNING,5.36043600004632,1.481223589110333,0.5087630450725555,0.8715977072715759,-0.7270330190658569,0.8831639438867569,-0.740564614534378,-0.012279550359801963,True,0.0031592659652233124,0.8772175148151165,-0.7531591320980615,-0.011892858143280893,-0.02518903512736692,-0.011582659256144491,-0.025333171337595647,-0.0015257770249377921,0.8723053932189941,0.7547685503959656,0.8838716298341751,0.7412369549274445,0.006829263535508586,True,0.0058271801099181175,0.8772175148151165,0.7531591320980615,-0.013308230038117319,0.02384435434123411,-0.013145081585254868,0.02393468301053455,0.004986950172839967,-0.8946048021316528,0.7545062899589539,-0.8830385655164719,0.7409746944904327,-0.013941724521713623,True,0.006749467924237251,-0.8772175148151165,0.7531591320980615,0.011642101402710825,0.024368875215257546,0.011301236834462696,0.024528812656530657,0.002495575499175366,-0.8941643238067627,-0.7267172336578369,-0.8825980871915817,-0.740248829126358,0.003467132707514491,True,0.011201311834156513,-0.8772175148151165,-0.7531591320980615,0.010761144752930552,-0.02582060594340696,0.01067155678505131,-0.025857760990883435,0.0008546925725022626,0.07547978822429327,0.00017069091127655767,1.390430773073158,1.3932514416473465,0.0028206685741885007,1.3932514416473465,1.390430773073158,1.390430773127309,1.393251441593188,4,12,96,4288,1072,120.0,1.6050099998210499,2.296119000220642,0.1546319999761181,0.41262900003857794,0.1546319999761181,5.203436000101647,125.20343600010165,0,0.44311473651369426,0.44311473651369426,1.7905066705756543,1.815506670575654,0.0,0.027973307414001433,0.027973307414001433,0
1786206724.8709009,10.270821552000001,RUNNING,5.454104999898846,1.4895214127673784,0.504347950220108,0.869754433631897,-0.732085108757019,0.8813206702470779,-0.7456167042255402,-0.013458883083562074,True,0.0030973749235272408,0.8751393779143857,-0.7580081181997665,-0.012362584665384535,-0.024782827948452768,-0.012027925879517582,-0.024946964941015243,0.00024322206070237409,0.8701446056365967,0.7587116956710815,0.8817108422517776,0.7451801002025604,0.009264963388245236,True,0.005808650981634855,0.8751393779143857,0.7580081181997665,-0.013142928674783949,0.02565603599441224,-0.012904665753818267,0.025776701861938523,0.0013334003937349919,-0.8933475613594055,0.7591836452484131,-0.8817813247442245,0.745652049779892,-0.012808221970600261,True,0.0066293650306761265,-0.8751393779143857,0.7580081181997665,0.013283893659677748,0.024712136839749155,0.01296629417963376,0.0248802482542942,0.0007953216725053239,-0.8918005228042603,-0.7303369641304016,-0.8802342861890793,-0.7438685595989227,0.0011491996847905611,True,0.00397460488602519,-0.8751393779143857,-0.7580081181997665,0.01018981654938722,-0.02827911720168763,0.010157311475325706,-0.02829080865953053,0.004331592106588157,0.07638583980630297,0.00016311182838898498,1.4112619754687756,1.4158585091323415,0.004596533663565827,1.4158585091323415,1.4112619754687756,1.4112619756847051,1.4158585089164633,4,12,96,4288,1072,120.0,1.8844489995899494,2.6680410001063137,0.176041000031546,0.5955510000603681,0.176041000031546,5.280398999730096,125.2803989997301,0,0.4562047321187519,0.4562047321187519,1.8347068220952203,1.8597068220952202,0.0,0.030058955920273595,0.030058955920273595,0
1786206725.0719538,10.471503532,RUNNING,5.9855560002688435,1.4987457694111581,0.4995388686656952,0.8679749369621277,-0.736884355545044,0.8795411735773087,-0.7504159510135651,-0.013909362051102225,True,0.003688414115458727,0.8730801609554087,-0.7628129577707127,-0.012922025243799817,-0.02479401351429522,-0.012575917459102996,-0.024971346431666076,0.0009189405120126008,0.8672710061073303,0.7623677849769592,0.8788372427225113,0.7488361895084381,0.010515113387271199,True,0.0058837588876485825,0.8730801609554087,0.7628129577707127,-0.01151416353420509,0.027953536524549127,-0.011219597803748222,0.028073061664945782,-0.0005418246048039532,-0.8914074301719666,0.7639927268028259,-0.8798411935567856,0.7504611313343048,-0.01334351606637892,True,0.006202527787536383,-0.8730801609554087,0.7628129577707127,0.013522065202753675,0.02470365287281573,0.01319123761542593,0.024881880209933305,0.0015982628161733108,-0.8897977471351624,-0.7347521781921387,-0.8782315105199814,-0.7482837736606598,0.00523956311482884,True,0.011196480132639408,-0.8730801609554087,-0.7628129577707127,0.010302699129145276,-0.029058368220105768,0.010150305251688486,-0.029111950746359968,-0.0018039530384692604,0.07736126376023542,0.00011279670472722827,1.436385242306847,1.4384243513909334,0.0020391090840863324,1.4384243513909334,1.436385242306847,1.4363852423495507,1.4384243513482424,4,12,96,4288,1072,120.0,1.9709489997694618,2.985497999816289,0.18647400020199711,0.5022660002396151,0.18647400020199711,5.804809999972349,125.80480999997235,0,0.46899670776343005,0.46899670776343005,1.8778025300716907,1.9028025300716904,0.0,0.030830737470273782,0.030830737470273782,0
1786206725.273451,10.670372999000001,RUNNING,6.216767999831063,1.5082120555542695,0.4948512017726898,0.8653410077095032,-0.7402517199516296,0.8769072443246841,-0.7537833154201508,-0.01411268392459801,True,0.0031725470907986164,0.8710740542299326,-0.7674938734634907,-0.011666380189503167,-0.027421116086679964,-0.01127824572639735,-0.027583023900584404,0.0012239233222562788,0.8650630116462708,0.7679603099822998,0.8766292482614517,0.7544287145137787,0.009161599916524172,True,0.005758695770055056,0.8710740542299326,0.7674938734634907,-0.011110388063038323,0.026130317899424105,-0.010870529622211973,0.026231008790530346,0.0014884456013165874,-0.888729989528656,0.7677982449531555,-0.877163752913475,0.7542666494846344,-0.009958626295921253,True,0.006307364907115698,-0.8710740542299326,0.7674938734634907,0.012179397367084954,0.02645444795771268,0.011915347824328942,0.026574424230788974,-0.0034790718395131892,-0.8884256482124329,-0.7416172027587891,-0.8768594115972519,-0.7551487982273102,0.0034722412316116934,True,0.0029597359243780375,-0.8710740542299326,-0.7674938734634907,0.011570714734638665,-0.024690150472361116,0.01148491499756595,-0.02473017786666531,0.0008470297863564591,0.07832358434734103,0.00013047575641392145,1.4613601571810213,1.4613723219208439,1.2164739822573267e-05,1.4613601571826658,1.4613723219192007,1.4613723219208439,1.4613601571810213,4,12,96,4288,1072,120.0,2.3766340000292985,2.816561000145157,0.1629200000934361,0.4557679999379616,0.1629200000934361,6.052343000192195,126.0523430001922,0,0.47704422438130756,0.47704422438130756,1.9187892620232296,1.9437892620232295,0.0,0.029799698558294355,0.029799698558294355,0
1786206725.4727511,10.870978139,RUNNING,6.0826170001746505,1.5175137553258602,0.48869529366493225,0.8631831407546997,-0.7447543740272522,0.8747493773698807,-0.7582859694957733,-0.013239179826726788,True,0.004145205020904541,0.8690880632255854,-0.772127852473634,-0.011322628288590542,-0.027683765955721418,-0.010955136362126559,-0.027831237775922998,-8.633282455055429e-05,0.8625732660293579,0.7727592587471008,0.8741395026445389,0.7592276632785797,0.0069942035892022894,True,0.0056835561990737915,0.8690880632255854,0.772127852473634,-0.010102878837906948,0.025800378390108625,-0.00992218010025434,0.025870408345140764,0.004739540092299412,-0.8860679864883423,0.772688627243042,-0.8745017498731613,0.7591570317745209,-0.011202634337475677,True,0.006636021193116903,-0.8690880632255854,0.772127852473634,0.010827373295151821,0.0259416413982263,0.01053608524581675,0.026061306156822183,-0.0016130597771815526,-0.8856340646743774,-0.7477731108665466,-0.8740678280591965,-0.7613047063350677,0.0020064375598102396,True,0.002373657887801528,-0.8690880632255854,-0.772127852473634,0.009959529667222133,-0.02164629227713255,0.00991607771501886,-0.02166623186640982,0.00304573529405864,0.07928357701850129,9.056722116222437e-05,1.4874416012581442,1.4878778894663152,0.00043628820817098735,1.4874416013323413,1.4878778893921165,1.4878778894663152,1.4874416012581442,4,12,96,4288,1072,120.0,2.264243999889004,2.8763400000570982,0.1524560002508224,0.41883900075845304,0.1524560002508224,5.928113000209123,125.92811300020912,0,0.488012885426552,0.488012885426552,1.9587680602984505,1.9837680602984504,0.0,0.029909744379595607,0.029909744379595607,0
1786206725.673043,11.070608222,RUNNING,5.0536999997348175,1.528398933412162,0.48506513237953186,0.8602125644683838,-0.7506005764007568,0.8717788010835648,-0.764132171869278,-0.012724846755572504,True,0.011614518240094185,0.8671520428756582,-0.7766452332901308,-0.009253516415813179,-0.02502612284170569,-0.008934322269227801,-0.025141843133220116,-0.0008578324312819808,0.8607098460197449,0.7784664630889893,0.8722760826349258,0.7649348676204681,0.007404860546328034,True,0.005091013852506876,0.8671520428756582,0.7766452332901308,-0.010248079518535347,0.023420731339325318,-0.01007437289410511,0.02349597414617234,0.004123554656610794,-0.8831873536109924,0.777475893497467,-0.8716211169958115,0.7639442980289459,-0.012794493666436707,True,0.0067100729793310165,-0.8671520428756582,0.7766452332901308,0.008938148240306587,0.02540187052236975,0.008612421462574654,0.025514147380461618,0.0007747292162599919,-0.8842363953590393,-0.750922679901123,-0.8726701587438583,-0.7644542753696442,0.003390870136762345,True,0.0026994349900633097,-0.8671520428756582,-0.7766452332901308,0.011036231736400337,-0.024381915840973267,0.010953492537295615,-0.02441919802637348,0.0009690864286304814,0.0801307300621357,9.31873364779588e-05,1.5099861324338109,1.5111440474109885,0.0011579149771776542,1.5099861324338109,1.5111440474109885,1.5111440473571343,1.5099861324876533,4,12,96,4288,1072,120.0,1.6558610000174667,2.512737999950332,0.15027900008135475,0.42047000033562654,0.15027900008135475,4.896859999917069,124.89685999991707,0,0.49435519217571805,0.49435519217571805,1.9959823746557674,2.020982374655768,0.0,0.026928526138668134,0.026928526138668134,0
1786206725.871499,11.270247232000001,RUNNING,5.848653000157356,1.5355048881653657,0.4808337390422821,0.8592838644981384,-0.7556346654891968,0.8708501011133194,-0.7691662609577179,-0.014207441048367674,True,0.003541110083460808,0.8652589597228592,-0.7810624273133286,-0.011182282780920483,-0.023792332711221498,-0.010843137427688346,-0.02394879777271075,0.0013660590079107749,0.8590315580368042,0.7821711897850037,0.8705977946519852,0.7686395943164825,0.01213379688819835,True,0.005167177878320217,0.8652589597228592,0.7810624273133286,-0.010677669858252026,0.0248456659936922,-0.010375418969228438,0.0249733945126591,-0.0029698498561946804,-0.8827103972434998,0.7812390923500061,-0.8711441606283188,0.767707496881485,-0.013080994229536005,True,0.0064645567908883095,-0.8652589597228592,0.7810624273133286,0.011770401810919262,0.026709860863687318,0.011420013222658112,0.026861539869157555,0.0012044800609089395,-0.8822460770606995,-0.7542657256126404,-0.8706798404455185,-0.7677973210811615,0.003461570423595278,True,0.0021665110252797604,-0.8652589597228592,-0.7810624273133286,0.010841761445318676,-0.02653021246433429,0.010749860474449733,-0.02656758296156766,0.0008630359983810823,0.08067426689205102,7.130539008184665e-05,1.5227892191788581,1.5232171483384993,0.0004279291596411827,1.5232171483384993,1.5227892191788581,1.5227892192513193,1.5232171482660442,4,12,96,4288,1072,120.0,1.990918000046804,2.9297829996721703,0.18605700006446568,0.5386829998315079,0.18605700006446568,5.668803999924421,125.66880399992442,0,0.5047905479064464,0.5047905479064464,2.0291347805947977,2.054134780594798,0.0,0.029188337159694912,0.029188337159694912,0
1786206726.0709531,11.471176996,RUNNING,5.499963000147545,1.5469501326282795,0.4760061800479889,0.8575379848480225,-0.76046222448349,0.8691042214632034,-0.7739938199520111,-0.010967347737400806,True,0.0032837530598044395,0.8633999103787626,-0.7854002091162203,-0.01140862216888161,-0.022812778328418437,-0.011157745388615015,-0.022936526168901322,-0.0034940809585395274,0.8568102121353149,0.7874672412872314,0.8683764487504959,0.7739356458187103,0.012693735468068155,True,0.005894958972930908,0.8633999103787626,0.7854002091162203,-0.009953076743466571,0.02292912659502,-0.009661226428813521,0.023053617654567444,-0.003809757725999387,-0.8807327747344971,0.7872933745384216,-0.8691665381193161,0.7737617790699005,-0.01222968486312217,True,0.006009332835674286,-0.8633999103787626,0.7854002091162203,0.011533255481106952,0.02327686009263963,0.01124773143757056,0.023416163974338104,-7.248398871181288e-05,-0.8804242014884949,-0.7596567273139954,-0.8688579648733139,-0.7731883227825165,0.004695108312986524,True,0.002897365018725395,-0.8633999103787626,-0.7854002091162203,0.010916108989102558,-0.024423772667407695,0.010801316834961657,-0.02447475559432516,-0.0009872708357057864,0.08125630134309997,7.279721586240616e-05,1.5410260342753854,1.5418335855818073,0.0008075513064218498,1.5410260342753854,1.5418335855818073,1.5418335855161627,1.5410260343410462,4,12,96,4288,1072,120.0,1.8681919996197394,2.6328720000492467,0.17495300016889814,0.49429799992140033,0.17495300016889814,5.320433999713714,125.32043399971371,0,0.5130899481084381,0.5130899481084381,2.061855704022879,2.0868557040228786,0.0,0.02675223554716833,0.02675223554716833,0
1786206726.2716846,11.671762131000001,RUNNING,5.140840999956708,1.5573136656580269,0.4707222282886505,0.8555863499641418,-0.7645042538642883,0.8671525865793228,-0.7780358493328094,-0.01104994253089694,True,0.0031800679862499237,0.8615931896448845,-0.7896158908286027,-0.011118793868876597,-0.02316008299158656,-0.010862202688455832,-0.02328152860167579,-0.003370188768295327,0.8559591174125671,0.7928093671798706,0.8675253540277481,0.7792777717113495,0.00969590516749467,True,0.003948171157389879,0.8615931896448845,0.7896158908286027,-0.011864328765727183,0.020676238234506483,-0.01166329937986852,0.020790299953749775,0.0006869877248608398,-0.8780110478401184,0.7924254536628723,-0.8664448112249374,0.7788938581943512,-0.010336521623137659,True,0.006594899110496044,-0.8615931896448845,0.7896158908286027,0.009703243160105846,0.021444065268503065,0.00948107170237323,0.021543215694004875,-0.0029122288486885797,-0.8782607316970825,-0.7648906707763672,-0.8666944950819016,-0.7784222662448883,0.005391878208359486,True,0.010018659755587578,-0.8615931896448845,-0.7896158908286027,0.010202610874034068,-0.022387249167428847,0.010081753831405244,-0.022441934711928194,-0.00203242567876523,0.08187221912737194,5.8361657870826526e-05,1.558947468088152,1.5591925753193758,0.000245107231223729,1.5591925753183817,1.5589474680891444,1.558947468088152,1.5591925753193758,4,12,96,4288,1072,120.0,1.7176880000988604,2.5127059998339973,0.17325699991488364,0.4628729993783054,0.17325699991488364,4.970976000095106,124.9709760000951,0,0.518606631229311,0.518606631229311,2.0925729030155193,2.1175729030155193,0.0,0.02569079643132429,0.02569079643132429,0
1786206726.4722595,11.870523556,RUNNING,5.924496999796247,1.5653051172956984,0.46608415246009827,0.8534564971923828,-0.7689608931541443,0.8650227338075638,-0.7824924886226654,-0.011480116837374942,True,0.003409839002415538,0.8598541176075082,-0.7936737255824808,-0.010337232400111196,-0.022362473919630865,-0.010079833045393888,-0.022479670355169016,-0.002724927308578323,0.8540492057800293,0.7974474430084229,0.8656154423952103,0.7839158475399017,0.007789667958942914,True,0.0054132710210978985,0.8598541176075082,0.7936737255824808,-0.011522649575404165,0.01951575608515821,-0.011370280263704914,0.01960492069705343,0.0035463435376884745,-0.8766640424728394,0.7960503697395325,-0.8650978058576584,0.7825187742710114,-0.013298701196191082,True,0.006702135782688856,-0.8598541176075082,0.7936737255824808,0.010487376500300405,0.02230990262293897,0.010189765155616341,0.02244739421352642,0.0015310405108915548,-0.876559317111969,-0.769254744052887,-0.864993080496788,-0.7827863395214081,0.004977888357945013,True,0.0027219639159739017,-0.8598541176075082,-0.7936737255824808,0.010277925778559682,-0.021774772122145514,0.010169406501551837,-0.021825664495889747,-0.00141144090314352,0.08239073445413117,7.791442911161778e-05,1.5741575110970079,1.575408623641021,0.001251112544013111,1.575408623641021,1.5741575110970079,1.5741575112450548,1.5754086234930316,4,12,96,4288,1072,120.0,1.983014999950683,2.8767880003215396,0.1867289997790067,0.5230969995864143,0.1867289997790067,5.729798000174924,125.72979800017492,0,0.5267766833287272,0.5267766833287272,2.1209165947622317,2.1459165947622316,0.0,0.024651913128681764,0.024651913128681764,0
1786206726.672632,12.071103315,RUNNING,6.366055999933451,1.5732508014847713,0.46231529116630554,0.8502823710441589,-0.7735379934310913,0.8618486076593399,-0.7870695888996124,-0.014233652869039342,True,0.0030626850202679634,0.8581536416187043,-0.7976415028896897,-0.007389932081271144,-0.021143827980154573,-0.007088239759498527,-0.021246868355878523,0.001405376738918276,0.8516871333122253,0.8012163043022156,0.8632533699274063,0.7876847088336945,0.0082388585632365,True,0.005562142003327608,0.8581536416187043,0.7976415028896897,-0.010199456617403957,0.01991358811199051,-0.010035047076117048,0.01999694319050864,0.002872557631248094,-0.8748445510864258,0.8002890348434448,-0.8632783144712448,0.7867574393749237,-0.015453564910286308,True,0.006815358996391296,-0.8581536416187043,0.7976415028896897,0.010249345705080959,0.021768127029532014,0.00991174011768932,0.02192391045401098,0.004763336082034393,-0.874032199382782,-0.7729615569114685,-0.862465962767601,-0.7864931523799896,0.0015597235554399272,True,0.004768309183418751,-0.8581536416187043,-0.7976415028896897,0.008624642297793361,-0.022296701019400178,0.008589855131361684,-0.022310125950689444,0.003715806300614108,0.08297706327789599,0.00016772253388488265,1.5938897033995125,1.5975930217933334,0.003703318393820876,1.5975930217933334,1.5938897033995125,1.593889704060181,1.5975930211334957,4,12,96,4288,1072,120.0,1.8451190003361262,3.045532999749412,0.186888999905932,0.4977209996468446,0.186888999905932,6.175806000101147,126.17580600010115,0,0.5332841724155839,0.5332841724155839,2.14870849277339,2.17370849277339,0.0,0.02406034999238589,0.02406034999238589,0
1786206726.8725116,12.27173786,RUNNING,5.811499000174081,1.5806949346803099,0.45871952176094055,0.8502259850502014,-0.7777488827705383,0.8617922216653824,-0.7912804782390594,-0.015214384050561651,True,0.001890048966743052,0.8565103073001707,-0.8014759496329351,-0.010563828730423275,-0.02039094278775133,-0.010252382443666235,-0.02054929875805665,0.0028764735112017407,0.849819004535675,0.8037195801734924,0.861385241150856,0.7901879847049713,0.009485765266534366,True,0.005214381031692028,0.8565103073001707,0.8014759496329351,-0.00974986770137054,0.0225759298559276,-0.009535282299591136,0.022667397744802902,0.0010021975763012964,-0.8732790350914001,0.8040770888328552,-0.8617127984762192,0.7905454933643341,-0.01245038533502674,True,0.0067642200738191605,-0.8565103073001707,0.8014759496329351,0.010404982352096859,0.021860912537202015,0.010132006160322171,0.021988760899010133,0.00025856671914504213,-0.872185230255127,-0.7766174674034119,-0.860618993639946,-0.790149062871933,0.00386703711531593,True,0.010332467965781689,-0.8565103073001707,-0.8014759496329351,0.008217372679550472,-0.02265377352200426,0.008129708473753681,-0.022685380946165783,0.00025483596080010454,0.08345785444301179,7.810043135373909e-05,1.6062090685522679,1.6071836566432947,0.0009745880910267957,1.6071836566432947,1.6062090685522679,1.606209068650026,1.6071836565455742,4,12,96,4288,1072,120.0,1.8689280000216968,2.849363000223093,0.19581800006562844,0.5530840003302728,0.19581800006562844,5.603360999884899,125.6033609998849,0,0.5412828889803264,0.5412828889803264,2.172902126969348,2.197902126969348,0.0,0.024591310031269006,0.024591310031269006,0
1786206727.070856,12.470815044,RUNNING,5.5389730000570125,1.5890638250232783,0.4546090066432953,0.8475955724716187,-0.7818593978881836,0.8591618090867996,-0.7953909933567047,-0.014494016770882197,True,0.0033957590349018574,0.8549394726210199,-0.8051412305509535,-0.008444672931559483,-0.01950047438849767,-0.00816115562640849,-0.019620819074111253,0.001795922591682559,0.8476712107658386,0.8072044253349304,0.8592374473810196,0.7936728298664093,0.010325034150058124,True,0.005547613836824894,0.8549394726210199,0.8051412305509535,-0.008595949519999424,0.02293680136908849,-0.008358672283111825,0.023024330671247234,-0.00025670574898434094,-0.8716068863868713,0.8086680173873901,-0.8600406497716904,0.795136421918869,-0.010300991360912868,True,0.00798857118934393,-0.8549394726210199,0.8051412305509535,0.010202354301340977,0.020009617264169055,0.00999569776869644,0.020113648164007944,-0.0029655242420257664,-0.8707808256149292,-0.7804422974586487,-0.8592145889997482,-0.7939738929271698,0.006775994749486679,True,0.0027910880744457245,-0.8549394726210199,-0.8051412305509535,0.0085502327574567,-0.022334675247567493,0.008398697985958459,-0.022392098400142113,-0.004108600490456019,0.083895009592685,1.9204780154048705e-05,1.6215218976116856,1.6227823427704593,0.0012604451587736598,1.6227823427626842,1.6215218976194714,1.6215218976116856,1.6227823427704593,4,12,96,4288,1072,120.0,1.7494979997536575,2.85035400020206,0.27508600032888353,0.7333820003623259,0.27508600032888353,5.359667999982776,125.35966799998278,0,0.5459632133191932,0.5459632133191932,2.196086673990076,2.2210866739900754,0.0,0.02449463625358413,0.02449463625358413,0
1786206727.271968,12.670221490000001,RUNNING,6.182334000186529,1.5965623858350146,0.4510211646556854,0.8463117480278015,-0.7842233180999756,0.8578779846429825,-0.7977549135684967,-0.013886255978002866,True,0.010427447967231274,0.8534284880254157,-0.8086668612740302,-0.008898993235133545,-0.021823895411066996,-0.008595092802206829,-0.0219453610413134,0.0008842814023635633,0.8462820649147034,0.8123390674591064,0.8578483015298843,0.7988074719905853,0.009533491227857937,True,0.004466438200324774,0.8534284880254157,0.8086668612740302,-0.008839627008937256,0.01971877856688975,-0.008651239351511636,0.01980215370887773,0.0009306086343159395,-0.8694337010383606,0.8125104308128357,-0.8578674644231796,0.7989788353443146,-0.011271004666427938,True,0.005561726167798042,-0.8534284880254157,0.8086668612740302,0.008877952795527833,0.019376051859431254,0.00865900594658304,0.019474882477592242,-0.001510504283753161,-0.8686407208442688,-0.7843049764633179,-0.8570744842290878,-0.797836571931839,0.005960435910620828,True,0.015224559232592583,-0.8534284880254157,-0.8086668612740302,0.007291992407344239,-0.021660578684382426,0.007162757150583573,-0.021703657116091107,-0.0028852622321572426,0.08432115889659442,2.4904255426635356e-05,1.6348460683093171,1.6358395008234363,0.000993432514119208,1.6358395007859425,1.634846068346844,1.6348460683093171,1.6358395008234363,4,12,96,4288,1072,120.0,2.01248699977441,3.0057539997869753,0.22580299992114305,0.6448319995797647,0.22580299992114305,6.013588999849162,126.01358899984916,0,0.5518558961866084,0.5518558961866084,2.2173130978619744,2.242313097861974,0.0,0.0235685063487728,0.0235685063487728,0
1786206727.475083,12.872417423,RUNNING,7.094764999692416,1.6051382987470666,0.4463297426700592,0.8446072936058044,-0.7886687517166138,0.8561735302209854,-0.8022003471851349,-0.010715988215388907,True,0.0009104150230996311,0.8519630416708974,-0.8120862361012394,-0.008420977100175975,-0.01977177783220907,-0.008208623521015151,-0.01986087998700357,-0.0038711202415573753,0.8453701734542847,0.8172018527984619,0.8569364100694656,0.8036702573299408,0.005673354680227682,True,0.005452344194054604,0.8519630416708974,0.8120862361012394,-0.009946736797136424,0.016831957542597253,-0.009851083567161776,0.016888117721643805,0.006720813455761323,-0.8682904243469238,0.8162259459495544,-0.8567241877317429,0.8026943504810333,-0.011044821186415803,True,0.0063976407982409,-0.8519630416708974,0.8120862361012394,0.009522292121690867,0.018783771240412195,0.009314252147979556,0.018887795429504486,-0.0018497795037713642,-0.8674212694168091,-0.7889121174812317,-0.8558550328016281,-0.8024437129497528,0.005229135136567802,True,0.011247522197663784,-0.8519630416708974,-0.8120862361012394,0.007783982261461375,-0.01928504630297323,0.007683032186009496,-0.01932548594947379,-0.0017883110710777044,0.08460361802998324,6.666823772688664e-05,1.6432918389738003,1.6455067421442198,0.002214903170419502,1.6455067421442198,1.6432918389738003,1.6432918432459915,1.6455067378752601,4,12,96,4288,1072,120.0,2.434685000025638,3.301289999853907,0.17236100029549561,0.4765360004057584,0.17236100029549561,6.900642999880802,126.9006429998808,0,0.5563398018705212,0.5563398018705212,2.2365289212969897,2.2615289212969896,0.0,0.021490371191952972,0.021490371191952972,0
1786206727.6714313,13.070332688,RUNNING,6.228799999917101,1.6125095885207388,0.44231781363487244,0.8423253297805786,-0.7926414012908936,0.8538915663957596,-0.8061729967594147,-0.010136233758718867,True,0.0007361019961535931,0.8505964232650085,-0.8152750123816466,-0.006590286261502154,-0.018204031244463792,-0.00640543055437762,-0.018269895620145277,-0.004740751926562436,0.8430171012878418,0.820003867149353,0.8545833379030228,0.8064722716808319,0.008913497258114937,True,0.014753110706806183,0.8505964232650085,0.8152750123816466,-0.007973829276028521,0.01760548140162932,-0.007816588183799034,0.017675855788935897,0.0018605995889304401,-0.8674771189689636,0.8183583617210388,-0.8559108823537827,0.8048267662525177,-0.012547082016076424,True,0.021520979702472687,-0.8505964232650085,0.8152750123816466,0.010628918177548297,0.020896492258257737,0.010365898414254714,0.02102820582907143,0.00040361174071956805,-0.8660450577735901,-0.7941505908966064,-0.8544788211584091,-0.8076821863651276,0.0013403090305841303,True,0.01000518724322319,-0.8505964232650085,-0.8152750123816466,0.007764795786801226,-0.01518565203303801,0.007744435351891566,-0.015196045615870258,0.004044928087897803,0.08491710188268686,6.299482078553462e-05,1.6549363705187794,1.6576745124109253,0.00273814189214594,1.6576745124109253,1.6549363705187794,1.6549363751756356,1.6576745077593749,4,12,96,4288,1072,120.0,2.650568000262865,2.6644249996934377,0.22490800029117963,0.6032320006852387,0.22490800029117963,6.05675999986488,126.05675999986488,0,0.5597621565004923,0.5597621565004923,2.254302770680609,2.279302770680609,0.0,0.023444344527506888,0.023444344527506888,0
1786206727.8706818,13.270862295,RUNNING,5.594528000074206,1.6190595567622093,0.4398391544818878,0.8405240774154663,-0.7959380745887756,0.8520903140306473,-0.8094696700572968,-0.014436701164497742,True,0.0008442670223303139,0.8492829773094507,-0.8183397196112817,-0.005614673442393192,-0.01774009910796992,-0.0053579887388366144,-0.017819305006082888,0.0017099491821058765,0.8407047390937805,0.8231866359710693,0.8522709757089615,0.8096550405025482,0.008679738283615564,True,0.0132347596809268,0.8492829773094507,0.8183397196112817,-0.00597599679902161,0.01736935821746699,-0.005825012100558446,0.017420573373369552,0.0022112380506794987,-0.8645874857902527,0.8224302530288696,-0.8530212491750717,0.8088986575603485,-0.012983846500665908,True,0.015124841593205929,-0.8492829773094507,0.8183397196112817,0.007476543731242069,0.018882124101866404,0.007230757828474705,0.018977604116152572,0.0010587584676037941,-0.8650044202804565,-0.7966292500495911,-0.8534381836652756,-0.8101608455181122,0.002550991137482383,True,0.0027441729325801134,-0.8492829773094507,-0.8183397196112817,0.008310412711649784,-0.01635774818633906,0.008268657246033153,-0.01637889472807163,0.002228904927550425,0.08533276673819838,0.0001479454842323365,1.6693758207468077,1.6699198198652296,0.0005439991184219561,1.6693758207468077,1.6699198198652296,1.669919818940088,1.6693758216748031,4,12,96,4288,1072,120.0,1.920834999964427,2.6629210001374304,0.23070000042935135,0.5545240005631058,0.23070000042935135,5.41371799999979,125.41371799999979,0,0.5629159313299189,0.5629159313299189,2.2709712625505167,2.295971262550516,0.0,0.02030845431743783,0.02030845431743783,0
1786206728.0700707,13.470919685,RUNNING,5.113734000133263,1.6245435772882377,0.437565416097641,0.839820146560669,-0.7987359166145325,0.8513863831758499,-0.8122675120830536,-0.014596243759765709,True,0.011850785464048386,0.848046873677897,-0.8212239614182404,-0.006679018995905839,-0.0179128986703736,-0.0064168557734550725,-0.018008475657462508,0.0019492630750078265,0.8401305675506592,0.8258076310157776,0.8516968041658401,0.8122760355472565,0.011095931458035361,True,0.005460632964968681,0.848046873677897,0.8212239614182404,-0.0072998609758863076,0.01789585174196784,-0.007100844532501403,0.01797574718232892,-0.0014130517109501965,-0.863384485244751,0.8256831765174866,-0.85181824862957,0.8121515810489655,-0.010197739938235726,True,0.005915632005780935,-0.848046873677897,0.8212239614182404,0.007542749903346024,0.01814476073854987,0.0073573253625807125,0.018220734943266526,-0.0031204013760414793,-0.8632155656814575,-0.7989029884338379,-0.8516493290662766,-0.812434583902359,0.0035552099414992936,True,0.0025771569926291704,-0.848046873677897,-0.8212239614182404,0.00720491077675911,-0.01757875503176276,0.0071423692105137,-0.01760425885484788,0.0007225767215250588,0.08555517079136511,1.0409509116928572e-05,1.6760890496858702,1.6765528214367398,0.0004637717508695349,1.6765528207122697,1.6760890504114399,1.6760890496858702,1.6765528214367398,4,12,96,4288,1072,120.0,1.7273210000894323,2.442269999846758,0.15971999982866691,0.45855100006519933,0.15971999982866691,4.93596600017554,124.93596600017554,0,0.5679264939842369,0.5679264939842369,2.2849882997446604,2.3099882997446604,0.0,0.019650074258476664,0.019650074258476664,0
1786206728.2721946,13.670185447000001,RUNNING,7.718316000136838,1.6309115963382583,0.4329182207584381,0.8394618630409241,-0.8015918731689453,0.851028099656105,-0.8151234686374664,-0.011537742802807116,True,0.012198259122669697,0.8468921802839159,-0.8239182460041962,-0.008271838744378313,-0.017589554733459467,-0.008068348922998306,-0.017683820220504298,-0.0026384883604300626,0.838463306427002,0.829319417476654,0.8500295430421829,0.8157878220081329,0.01201729904324533,True,0.003962154965847731,0.8468921802839159,0.8239182460041962,-0.006274725516534074,0.01626084799212646,-0.006078865668604419,0.016335077285215074,-0.002795103088765149,-0.8621801137924194,0.8298090100288391,-0.8506138771772385,0.816277414560318,-0.009234779309028135,True,0.006374118849635124,-0.8468921802839159,0.8239182460041962,0.007443393786645158,0.015281662887756342,0.007301955619914149,0.0153497483954266,-0.004564842319852866,-0.8621311187744141,-0.8035501837730408,-0.8505648821592331,-0.8170817792415619,0.0025498855851514117,True,0.010090341791510582,-0.8468921802839159,-0.8239182460041962,0.007345403750634416,-0.013672933525268549,0.007310515492724534,-0.013691618994000721,0.0022305632560468817,0.08567860187694475,0.00012637414159483387,1.6819807474171,1.6832448198407899,0.001264072423689866,1.681980990736469,1.6832445766294803,1.6832448198407899,1.6819807474171,4,12,96,4288,1072,120.0,1.6543889996682992,2.4445409999316325,0.15443999973285827,0.40776600008030073,0.15443999973285827,7.561701000213361,127.56170100021336,0,0.5719663944970952,0.5719663944970952,2.2972027659527035,2.322202765952703,0.0,0.019437483168722347,0.019437483168722347,0
1786206728.4712532,13.870757324000001,RUNNING,5.808425999930478,1.6384204024532978,0.42942526936531067,0.8377373218536377,-0.8054748773574829,0.8493035584688187,-0.819006472826004,-0.012929591876869614,True,0.01194288581609726,0.8458098569533871,-0.8264436671087633,-0.006987403030863204,-0.014874388565518482,-0.006794504566607267,-0.014963487027030035,-0.0005507147493363151,0.8366556167602539,0.8329451680183411,0.8482218533754349,0.81941357254982,0.011165221111724976,True,0.00570653285831213,0.8458098569533871,0.8264436671087633,-0.004823992844095626,0.014060189117886646,-0.004666710303819321,0.014113172567883183,-0.0015169861914846186,-0.8602595329284668,0.8341063261032104,-0.8486932963132858,0.8205747306346893,-0.01227500943394162,True,0.0050560347735881805,-0.8458098569533871,0.8264436671087633,0.00576687871979753,0.011737872948147876,0.005622365377649463,0.011807775365238108,-4.497132482637715e-06,-0.8607696890830994,-0.8057811260223389,-0.8492034524679184,-0.81931272149086,0.003838219203977469,True,0.002183568896725774,-0.8458098569533871,-0.8264436671087633,0.006787191029062667,-0.014261891235806567,0.0067324009045023345,-0.014287836846353652,0.0002980628278077958,0.08584451819295838,9.139691466350084e-05,1.6912563437958967,1.6931055820058787,0.0018492382099819515,1.6912566329590804,1.6931052931996333,1.6931055820058787,1.6912563437958967,4,12,96,4288,1072,120.0,1.9582129998525488,2.4787829997876543,0.1937700003509235,0.49836100015454576,0.1937700003509235,5.640417999984493,125.64041799998449,0,0.5743683672162762,0.5743683672162762,2.308561067522515,2.333561067522515,0.0,0.01643384423419375,0.01643384423419375,0
1786206728.6716535,14.070626669000001,RUNNING,4.83788099973026,1.6443247803777767,0.42692282795906067,0.8362451791763306,-0.8079624772071838,0.8478114157915115,-0.821494072675705,-0.01417714528708626,True,0.011860770173370838,0.8448139159203213,-0.8287675295192504,-0.005994999742380491,-0.014546913687090823,-0.005788170480275728,-0.014630440944212076,0.001320615365988653,0.8362985849380493,0.8363623023033142,0.8478648215532303,0.8228307068347931,0.009662590147005493,True,0.00550853880122304,0.8448139159203213,0.8287675295192504,-0.006101811265817991,0.011873645368914554,-0.005986798034802168,0.01193204946188618,0.0007369602555946054,-0.8591383695602417,0.8366087675094604,-0.8475721329450607,0.8230771720409393,-0.01371950144507628,True,0.005969938822090626,-0.8448139159203213,0.8287675295192504,0.00551643404947888,0.011380714956622073,0.005359782055819328,0.011455324258188786,0.0021622408842193516,-0.8590375185012817,-0.8083956241607666,-0.8474712818861008,-0.8219272196292877,0.003145182863603364,True,0.002381562953814864,-0.8448139159203213,-0.8287675295192504,0.005314731931558958,-0.013680619779925296,0.005271677664495643,-0.013697267890673432,0.0013376173383689532,0.08600486532383889,7.573400768179227e-05,1.6981762454468616,1.6984321893567678,0.00025594390990613114,1.6984321729625118,1.6981762619156857,1.6981762454468616,1.6984321893567678,4,12,96,4288,1072,120.0,1.5141899998525332,2.469246999680763,0.14743199972144794,0.402741000016249,0.14743199972144794,4.682832999606035,124.68283299960603,0,0.5765020898101333,0.5765020898101333,2.318036178494588,2.3430361784945886,0.0,0.01573380817637016,0.01573380817637016,0
1786206728.8704247,14.270699256,RUNNING,5.494010999882448,1.6493963128108278,0.4235253632068634,0.835407018661499,-0.8124564290046692,0.84697325527668,-0.8259880244731903,-0.010279010640073555,True,0.003531638067215681,0.8439023498665585,-0.8308945169780299,-0.006141810820242899,-0.009812985009679087,-0.006040620356106667,-0.00987559723081237,-0.004526586604530404,0.836345911026001,0.8400062322616577,0.847912147641182,0.8264746367931366,0.0071692938450281865,True,0.005591135006397963,0.8439023498665585,0.8308945169780299,-0.008019595549246805,0.008839760369786509,-0.007956015154725169,0.00889702753882052,0.0044769047085605656,-0.8585442304611206,0.8378583788871765,-0.8469779938459396,0.8243267834186554,-0.012323662018349219,True,0.00641975412145257,-0.8439023498665585,0.8308945169780299,0.006151287958762186,0.013135467118748911,0.005988947898679755,0.013210274147278165,6.848174412875991e-05,-0.8577498197555542,-0.8115377426147461,-0.8461835831403732,-0.8250693380832672,0.00516627703123511,True,0.0023125989828258753,-0.8439023498665585,-0.8308945169780299,0.0045624665476293735,-0.011650357789525279,0.004502216952585107,-0.011673773174687124,-0.0016940239130786663,0.0859594108590376,0.00018691663749189266,1.7001508887062085,1.7020917002410247,0.001940811534816289,1.7020917002410247,1.7001508887062085,1.700151983887735,1.70209060504087,4,12,96,4288,1072,120.0,1.7774990001271362,2.508864999981597,0.15856800018809736,0.46165599997038953,0.15856800018809736,5.275343999983306,125.2753439999833,0,0.5776620020629397,0.5776620020629397,2.325352219602422,2.350352219602422,0.0,0.014504442077492899,0.014504442077492899,0
1786206729.0743768,14.471321343000001,RUNNING,6.289667000146437,1.6539269115104223,0.4221592843532562,0.834359884262085,-0.8143091201782227,0.8459261208772659,-0.8278407156467438,-0.010704615875015146,True,0.0028752190992236137,0.8430768923939478,-0.8328205844141215,-0.005698456966636289,-0.009959737534755542,-0.005591517351691632,-0.010020165530945856,-0.003888178752118017,0.8353915214538574,0.8412266969680786,0.8469577580690384,0.8276951014995575,0.008272481167704631,True,0.003965355921536684,0.8430768923939478,0.8328205844141215,-0.007761731350181211,0.0102509658291281,-0.00767666581418361,0.010314823118196575,0.0028221237245458983,-0.8572272658348083,0.8400461673736572,-0.8456610292196274,0.8265145719051361,-0.013532921368621834,True,0.005422551184892654,-0.8430768923939478,0.8328205844141215,0.00516827365135919,0.012612025017970874,0.0049971280665964055,0.01268080985880994,0.001882370769537683,-0.8571355938911438,-0.8138807415962219,-0.8455693572759628,-0.827412337064743,0.003774971340971986,True,0.00277911894954741,-0.8430768923939478,-0.8328205844141215,0.004984929764030088,-0.010816494698757007,0.004944062384910243,-0.010835235551415905,0.00039293462231602017,0.08600467776531187,2.0502218314683898e-05,1.7052430012586732,1.7063664856277976,0.0011234843691243501,1.7063664856277976,1.7052430012586732,1.7052433521160122,1.7063661349452193,4,12,96,4288,1072,120.0,1.7759309998837125,3.5422939999989467,0.31073599984665634,0.7331890001296415,0.31073599984665634,6.1057220000293455,126.10572200002935,0,0.5791077554061849,0.5791077554061849,2.3323978596750576,2.3573978596750575,0.0,0.01362990196550426,0.01362990196550426,0
1786206729.2721188,14.671419783000001,RUNNING,5.789833999642724,1.6589228010539818,0.4199143350124359,0.8330414891242981,-0.8161258697509766,0.8446077257394791,-0.8296574652194977,-0.01262751374869649,True,0.0034170718863606453,0.8423447987551418,-0.8345288029046689,-0.004525853968674554,-0.009742675370342457,-0.004402470642755455,-0.009799047390298767,-0.0010038319415960008,0.8336453437805176,0.8436172604560852,0.8452115803956985,0.8300856649875641,0.011025285032246096,True,0.004860249813646078,0.8423447987551418,0.8345288029046689,-0.005733563281113518,0.008886275834209645,-0.005635243068463302,0.008948948634310503,-0.0013070820722662982,-0.8562458753585815,0.8431902527809143,-0.8446796387434006,0.8296586573123932,-0.012815132651509357,True,0.006213087122887373,-0.8423447987551418,0.8345288029046689,0.004669679976517571,0.009740291184551442,0.004544476829484609,0.009799332313439381,0.0008056876938689669,-0.85642409324646,-0.8157325387001038,-0.844857856631279,-0.8292641341686249,0.0034172268082814043,True,0.011229696683585644,-0.8423447987551418,-0.8345288029046689,0.005026115752274407,-0.010529337472088063,0.004990105341967578,-0.010546451338362368,0.0009295514213518929,0.0860629690868853,4.207863900124283e-05,1.7109497020175808,1.7112796184261916,0.0003299164086107975,1.7112796184261916,1.7109497020175808,1.710949778551623,1.7112795418973132,4,12,96,4288,1072,120.0,1.9353309999132762,2.8069290001440095,0.19165799994880217,0.5283780001263949,0.19165799994880217,5.602175999683823,125.60217599968382,0,0.5813057181191043,0.5813057181191043,2.338127525890805,2.363127525890805,0.0,0.011667424186870844,0.011667424186870844,0
1786206729.4709706,14.870175914,RUNNING,6.326756999897043,1.6614636293983505,0.41867098212242126,0.8319979310035706,-0.8177974224090576,0.8435641676187515,-0.8313290178775787,-0.014472325023979667,True,0.002906549023464322,0.8417105763243865,-0.836008655243098,-0.0037071825887300403,-0.00935927473103848,-0.003571348626524983,-0.009411944285059103,0.0017633849713287637,0.8325867652893066,0.8448581099510193,0.8441530019044876,0.8313265144824982,0.010932753919775438,True,0.005508346948772669,0.8417105763243865,0.836008655243098,-0.004884851160202208,0.009364281521199613,-0.0047821838858537686,0.009417125705197416,-0.0011682854035603117,-0.8557338714599609,0.8446452617645264,-0.84416763484478,0.8311136662960052,-0.01296234404747153,True,0.006565713789314032,-0.8417105763243865,0.836008655243098,0.004914117040786925,0.009789977894185453,0.004786806697779589,0.009852852130083186,0.001026504787812228,-0.8555416464805603,-0.816818356513977,-0.8439754098653793,-0.8303499519824982,0.002898114806383143,True,0.003093502949923277,-0.8417105763243865,-0.836008655243098,0.0045296670819856555,-0.011317406521199613,0.004496848962009558,-0.011330486470253144,0.001708219424199285,0.08607902527901971,2.28307606192038e-05,1.7145772285439005,1.7152610396308885,0.0006838110869880065,1.7152610396308885,1.7145772285439005,1.7145774292943814,1.715260838893681,4,12,96,4288,1072,120.0,1.5907700003481295,2.235667000149988,0.14557600025000283,0.4187090003142657,0.14557600025000283,6.17362899993168,126.17362899993168,0,0.5824158318151574,0.5824158318151574,2.3431566010285376,2.3681566010285375,0.0,0.012190224536066429,0.012190224536066429,0
1786206729.6704907,15.070215119,RUNNING,6.410344999949302,1.6638701177716135,0.41660943627357483,0.8312436938285828,-0.819858968257904,0.8428099304437637,-0.8333905637264252,-0.014102340654679805,True,0.0030136900022625923,0.8411686054241388,-0.8372732540103426,-0.003282650039249768,-0.007765380567834823,-0.003172817212188434,-0.0078108999213620705,0.001208408417378971,0.831428587436676,0.8465020656585693,0.842994824051857,0.8329704701900482,0.01126170589067869,True,0.00532129779458046,0.8411686054241388,0.8372732540103426,-0.0036524372554362916,0.00860556764058873,-0.003555294322563958,0.008646153746122686,-0.001661713359915191,-0.8554301261901855,0.8460614681243896,-0.8438638895750046,0.8325298726558685,-0.012677825597130994,True,0.006500429939478636,-0.8411686054241388,0.8372732540103426,0.005390568301731458,0.009486762708948104,0.005269866800579686,0.009554339182573977,0.0005997271123014228,-0.8546135425567627,-0.8178084492683411,-0.8430473059415817,-0.8313400447368622,0.0033151149543989167,True,0.011038519442081451,-0.8411686054241388,-0.8372732540103426,0.0037574010348857545,-0.0118664185469608,0.003718041918484883,-0.011878809534671606,0.0010827192021756241,0.0860619268101322,6.276042838319617e-05,1.7176014845966507,1.7184713501344022,0.0008698655377514797,1.7184713501344022,1.7176014845966507,1.7176020475209632,1.718470787595772,4,12,96,4288,1072,120.0,3.361229000347521,2.241555000182416,0.14720800027134828,0.41218200021830853,0.14720800027134828,6.252385000152572,126.25238500015257,0,0.5835454409383704,0.5835454409383704,2.3469566733376954,2.3719566733376953,0.0,0.012447086071390999,0.012447086071390999,0
1786206729.870725,15.270229043,RUNNING,6.573137000032148,1.6680365260166872,0.41514232754707336,0.8306145071983337,-0.8206358551979065,0.8421807438135147,-0.8341674506664276,-0.014791506665144904,True,0.0033851980697363615,0.8407261479286232,-0.8383056548332123,-0.0029091917697829928,-0.008276408333569352,-0.0027864574414470716,-0.008318532718235443,0.0022421574330766195,0.8310806751251221,0.8474006056785583,0.842646911740303,0.8338690102100372,0.011099279259874284,True,0.005434839054942131,0.8407261479286232,0.8383056548332123,-0.003841527623359653,0.008873289246350113,-0.003742805906070651,0.008915379996383243,-0.0014180734137085801,-0.8543963432312012,0.8481605052947998,-0.8428301066160202,0.8346289098262787,-0.010390041816806122,True,0.006514702923595905,-0.8407261479286232,0.8383056548332123,0.004207917374793979,0.007353490013867203,0.004131288554155761,0.007396812752763134,-0.002831948558185885,-0.8537150025367737,-0.8213260769844055,-0.8421487659215927,-0.8348576724529266,0.004807349493423025,True,0.010811371728777885,-0.8407261479286232,-0.8383056548332123,0.0028452359859389986,-0.006895964760571305,0.002812051923426538,-0.006909563066842695,-0.0011556326063605388,0.0860318605907998,0.00012183136843158965,1.7200839586514092,1.7210544821914084,0.0009705235399992684,1.7210541306731815,1.7200843186900816,1.7200839586514092,1.7210544821914084,4,12,96,4288,1072,120.0,3.4012950000033015,2.3224549995575217,0.15482399976463057,0.4254309992575145,0.15482399976463057,6.413608999991993,126.413608999992,0,0.5844315391930697,0.5844315391930697,2.3494080682455296,2.3744080682455295,0.0,0.009669156971030506,0.009669156971030506,0
1786206730.0719266,15.470428479,RUNNING,4.976704000000609,1.6701246043733469,0.41397783160209656,0.8304473161697388,-0.8217049241065979,0.8420135527849197,-0.835236519575119,-0.01335960142763419,True,0.0035675109829753637,0.8403856750598391,-0.8391000915270423,-0.003255755450161324,-0.007727143903846656,-0.0031522364205950593,-0.007769948649166463,9.429957681054982e-05,0.8306633830070496,0.8484196662902832,0.8422296196222305,0.8348880708217621,0.012068849815176964,True,0.00512205483391881,0.8403856750598391,0.8391000915270423,-0.003687889124782906,0.008424041410560523,-0.003585954521844003,0.008467935406626406,-0.0028724292466626006,-0.8537985682487488,0.8495235443115234,-0.8422323316335678,0.8359919488430023,-0.012273952496745642,True,0.006200223229825497,-0.8403856750598391,0.8391000915270423,0.0036933131474574665,0.0062162853680800545,0.0036167384766994013,0.006261147544480201,-6.082538276604849e-06,-0.853396475315094,-0.8224905729293823,-0.841830238699913,-0.8360221683979034,0.0048910803224349,True,0.010210252366960049,-0.8403856750598391,-0.8391000915270423,0.002889127280147896,-0.006155846258277808,0.0028589841039472165,-0.006169903523542714,-0.0012812288498783506,0.08598094587226494,8.232592732975428e-05,1.7214707024029243,1.7219252108152683,0.0004545084123439569,1.721925053452311,1.7214708681451412,1.7214707024029243,1.7219252108152683,4,12,96,4288,1072,120.0,1.659797000229446,2.424860999781231,0.14685499991173856,0.39781199984645355,0.14685499991173856,4.820567000024312,124.82056700002431,0,0.5850127681513928,0.5850127681513928,2.3511962227824195,2.3761962227824194,0.0,0.009195923003349395,0.009195923003349395,0
1786206730.2713127,15.670211283,RUNNING,6.159451999792509,1.6732924076912787,0.4122723639011383,0.8299534320831299,-0.8232868909835815,0.8415196686983109,-0.8368184864521027,-0.01241440760130661,True,0.0026447440031915903,0.84015084294906,-0.8396480331188599,-0.002737651498501803,-0.005659093333514553,-0.002667188054446225,-0.005692642705009457,-0.0013234911626808224,0.8297775983810425,0.8500055074691772,0.8413438349962234,0.8364739120006561,0.011843891722114466,True,0.005485849920660257,0.84015084294906,0.8396480331188599,-0.0023859840943269983,0.00634824223640762,-0.002310630610196865,0.006376055659552566,-0.0025349921070688536,-0.8529711365699768,0.8512592315673828,-0.8414048999547958,0.8377276360988617,-0.014210576209566162,True,0.006626516114920378,-0.84015084294906,0.8396480331188599,0.0025081140114717737,0.003840794039996487,0.0024532827114170605,0.0038760467863631007,0.0028988530309541753,-0.8526180386543274,-0.8233012557029724,-0.8410518020391464,-0.8368328511714935,0.005070998381596028,True,0.01006605289876461,-0.84015084294906,-0.8396480331188599,0.0018019181801729456,-0.005630363894732815,0.0017733435682066674,-0.005639428987428488,-0.0015511059386200433,0.08595113492212747,4.2831684151479376e-05,1.7242357093611458,1.7242956302705987,5.992090945294848e-05,1.7242956168236518,1.7242357265345751,1.7242357093611458,1.7242956302705987,4,12,96,4288,1072,120.0,1.964708999821596,3.0866860001879104,0.1765539996085863,0.5214689999775146,0.1765539996085863,5.951761999767768,125.95176199976777,0,0.5855282563112212,0.5855282563112212,2.352199198678814,2.377199198678814,0.0,0.006781821259108135,0.006781821259108135,0
1786206730.4714282,15.870699274000001,RUNNING,5.493082000157301,1.6765897879306446,0.41141578555107117,0.829811692237854,-0.8250526189804077,0.841377928853035,-0.8385842144489288,-0.012527351638551834,True,0.00307062198407948,0.8400233839762904,-0.8399454373886558,-0.002709089753489158,-0.0027224458794539164,-0.0026747730365804766,-0.002756169091655592,-0.0011540751068129856,0.8291735649108887,0.8519891500473022,0.8407398015260696,0.8384575545787811,0.00873097752145143,True,0.004851704929023981,0.8400233839762904,0.8399454373886558,-0.0014328350995584938,0.0029757656197493265,-0.0014067994747746057,0.002988162091316799,0.0021343791939257,-0.8521592617034912,0.8519989252090454,-0.8405930250883102,0.8384673297405243,-0.012736084481603304,True,0.004809079226106405,-0.8400233839762904,0.8399454373886558,0.001139282224039695,0.0029562152962629984,0.0011015402351332306,0.00297048514122774,0.0006871154390098879,-0.8522149324417114,-0.8245908617973328,-0.8406486958265305,-0.8381224572658539,0.005255908111862924,True,0.010947378352284431,-0.8400233839762904,-0.8399454373886558,0.0012506237004801246,-0.0036459602456038187,0.0012314436827458395,-0.003652483019666405,-0.0018284705340203874,0.08588216209878381,0.00011365433413841702,1.7252162752056937,1.7258973909639237,0.0006811157582300442,1.7252162752056937,1.7258973909639237,1.7258969162803663,1.7252167395446356,4,12,96,4288,1072,120.0,1.7572750002727844,2.804623999963951,0.18144999967262265,0.5806710000797466,0.18144999967262265,5.315504999998666,125.31550499999867,0,0.5852988843479645,0.5852988843479645,2.352005957070911,2.3770059570709114,0.0,0.0038544890391238704,0.0038544890391238704,0
1786206730.6705124,16.071113118,RUNNING,5.356562999622838,1.6783401640698246,0.41078218817710876,0.82951420545578,-0.8256862163543701,0.841080442070961,-0.8392178118228912,-0.01192127151342793,True,0.0016844390193000436,0.8399926396662722,-0.8400031544287404,-0.002175604809377507,-0.0015706852116983416,-0.002156726094942939,-0.001596508964029512,-0.0020631952944988423,0.8286828994750977,0.8526537418365479,0.8402491360902786,0.8391221463680267,0.009283401185084758,True,0.021736029535531998,0.8399926396662722,0.8400031544287404,-0.000512992848012761,0.0017620161214273455,-0.0004966134753169595,0.0017667024453528446,0.0013057436984757077,-0.8521316051483154,0.8527308702468872,-0.8405653685331345,0.8391992747783661,-0.010940644307331335,True,0.022926073521375656,-0.8399926396662722,0.8400031544287404,0.001145457733724431,0.0016077593007486346,0.0011277996083501962,0.0016201948747906814,-0.0020060448223980657,-0.8524773716926575,-0.8256320357322693,-0.8409111350774765,-0.8391636312007904,0.005670236274121514,True,0.01091223955154419,-0.8399926396662722,-0.8400031544287404,0.001836990822408513,-0.0016790464559000018,0.0018274407523062295,-0.0016894355801550713,-0.002449962777408272,0.08580942406448756,4.903666839263414e-05,1.72515278312089,1.726197423839747,0.001044640718857126,1.72515278312089,1.726197423839747,1.7261972906215672,1.725152891630774,4,12,96,4288,1072,120.0,1.71068000008745,2.712140000312502,0.39349200005744933,0.7614150003973919,0.39349200005744933,5.192586999783089,125.19258699978309,0,0.5850955248711874,0.5850955248711874,2.351453768154783,2.3764537681547826,0.0,0.0026833390245800852,0.0026833390245800852,0
1786206730.8780465,16.270789996,RUNNING,4.113746999792056,1.6790003202901649,0.4100262224674225,0.8293578624725342,-0.8264421820640564,0.8409240990877151,-0.8399737775325775,-0.012940398268716118,True,0.0029437029734253883,0.8398938688311323,-0.8400454847866576,-0.002060460513165774,-0.00014341450816024448,-0.0020584322104322907,-0.0001700649361892125,-0.0005345051615665598,0.8287765383720398,0.8528042435646057,0.8403427749872208,0.8392726480960846,0.009093589948867213,True,0.005403028801083565,0.8398938688311323,0.8400454847866576,-0.0008978123121770043,0.0015456733811460843,-0.0008837196646616275,0.0015537736976054548,0.0015904605528020256,-0.852055549621582,0.8527637720108032,-0.8404893130064011,0.8392321765422821,-0.010868935410490416,True,0.005366963800042868,-0.8398938688311323,0.8400454847866576,0.0011908883505376,0.0016266164887510648,0.0011731387677093878,0.001639463844255282,-0.002113608167659445,-0.8521422743797302,-0.8262365460395813,-0.8405760377645493,-0.8397681415081024,0.0041206158536056135,True,0.0017098470125347376,-0.8398938688311323,-0.8400454847866576,0.0013643378668339867,-0.0005546865571104398,0.0013620406402271897,-0.0005603037443080791,-0.000125532146634421,0.08577516512291893,1.8391002346293418e-05,1.725678968265469,1.726215490454104,0.0005365221886350913,1.725678968265469,1.726215490454104,1.7262154634547855,1.7256790005603997,4,12,96,4288,1072,120.0,1.4671160001853423,1.8485110003894079,0.1302790001318499,0.3564359999472799,0.1302790001318499,3.9816769999561075,123.98167699995611,0,0.5853879508903488,0.5853879508903488,2.3509071731823807,2.375907173182381,0.0,0.0020654455324375437,0.0020654455324375437,0
1786206731.0740478,16.474987425000002,RUNNING,4.874554999787506,1.6794411333310997,0.40973564982414246,0.8292755484580994,-0.8265406489372253,0.8408417850732803,-0.8400722444057465,-0.013030966000611785,True,0.002879220061004162,0.8396753220715266,-0.8401391476836314,-0.0023329260035074295,-0.00013380655576988865,-0.002330984354473527,-0.00016419461442989487,-0.00039865356372305923,0.8289139270782471,0.8529004454612732,0.840480163693428,0.8393688499927521,0.009674865293183444,True,0.005043139215558767,0.8396753220715266,0.8401391476836314,-0.0016096832438028397,0.0015405953817586582,-0.0015947030885207153,0.0015560965057277872,0.0007185475363276794,-0.8518868684768677,0.8529963493347168,-0.8403206318616867,0.8394647538661957,-0.010515708789682398,True,0.006779675837606192,-0.8396753220715266,0.8401391476836314,0.0012906195803201737,0.0013487876348714511,0.0012763650259489463,0.0013622845905398363,-0.0026434480988714714,-0.8520249724388123,-0.8267327547073364,-0.8404587358236313,-0.8402643501758575,0.004125983505091841,True,0.0014238170115277171,-0.8396753220715266,-0.8401391476836314,0.0015668275042093338,0.0002504049844522793,0.0015678473315003676,0.0002439381669451761,-0.00013358362386376279,0.08575590981525308,2.109120410413291e-05,1.7258602217175039,1.7262359958474731,0.00037577412996925297,1.7258602217175039,1.7262359958474731,1.7262359814651929,1.7258602240733991,4,12,96,4288,1072,120.0,1.5411350000249513,2.428061000046,0.3063510002903058,0.6528640005853958,0.3063510002903058,4.699729000094521,124.69972900009452,0,0.5855029090047073,0.5855029090047073,2.3499711739451157,2.374971173945116,0.0,0.0023367601357880416,0.0023367601357880416,0
1786206731.2754214,16.670535959000002,RUNNING,6.755483000233653,1.679865732208151,0.40969452261924744,0.828929603099823,-0.8267523646354675,0.840495839715004,-0.8402839601039886,-0.013377686412380794,True,0.002767502097412944,0.8393565193428933,-0.8402757774244742,-0.0022786407442212386,1.6365359028824855e-05,-0.0022786557757581653,-1.4118137455669601e-05,0.00012142705393045509,0.828978955745697,0.8534920811653137,0.840545192360878,0.8399604856967926,0.010491637033641801,True,0.005078436806797981,0.8393565193428933,0.8402757774244742,-0.0023773460359692855,0.000630583455363265,-0.00237059946328256,0.0006554905442500203,-0.0005066100743598563,-0.8518633246421814,0.853091835975647,-0.8402970880270004,0.8395602405071259,-0.010554739556137081,True,0.005745063070207834,-0.8393565193428933,0.8402757774244742,0.0018811373682141586,0.001431073834696761,0.0018659282562948438,0.0014508486691608695,-0.002584901949189446,-0.8520826697349548,-0.8267738819122314,-0.8405164331197739,-0.8403054773807526,0.003874364813236511,True,0.009050511755049229,-0.8393565193428933,-0.8402757774244742,0.0023198275537610336,5.9399912556656886e-05,0.00232004027901731,5.041163097859334e-05,0.0002438444139192326,0.0857412768295201,3.9954104834199905e-05,1.7261147947262996,1.7262040310390205,8.923631272095278e-05,1.7261150195553228,1.7262037284574876,1.7262040310390205,1.7261147947262996,4,12,96,4288,1072,120.0,1.6938470002969552,2.259219999814377,0.15111199991224566,0.4241819997332641,0.15111199991224566,6.598834000214993,126.59883400021499,0,0.5859149142979285,0.5859149142979285,2.348738029906201,2.373738029906201,0.0,0.002459554770464921,0.002459554770464921,0
1786206731.4719262,16.870671224000002,RUNNING,6.665494000117178,1.679955196639936,0.4096560776233673,0.8288776278495789,-0.8267411589622498,0.8404438644647598,-0.8402727544307709,-0.013350165043037425,True,0.0029417190235108137,0.8389212208705779,-0.8404623339126095,-0.003045287188363943,-0.00037915896367723967,-0.0030399541319519135,-0.00041977905495493037,8.014499991540122e-05,0.8288170695304871,0.8535379767417908,0.840383306145668,0.8400063812732697,0.010521503195888867,True,0.005274991039186716,0.8389212208705779,0.8404623339126095,-0.0029241705501803494,0.0009119052786796811,-0.002914414258585158,0.0009426209063995116,-0.0005514093177304559,-0.8517884016036987,0.8531428575515747,-0.8402221649885178,0.8396112620830536,-0.01050237122240133,True,0.006973093841224909,-0.8389212208705779,0.8404623339126095,0.0026018882358798123,0.00170214365911181,0.0025838685273672753,0.0017293752807141574,-0.0026634544497930734,-0.8519906997680664,-0.8268123269081116,-0.8404244631528854,-0.8403439223766327,0.003983877911238403,True,0.002720812102779746,-0.8389212208705779,-0.8404623339126095,0.003006484564615164,-0.00023682307195360686,0.0030055172345531825,-0.00024879862837758114,7.957476691639518e-05,0.08573956729740459,9.243620387407444e-06,1.726456403456561,1.7266418491086968,0.0001854456521357406,1.7264564347945595,1.7266417821090787,1.7266418491086968,1.726456403456561,4,12,96,4288,1072,120.0,2.0577049999701558,3.52946199973303,0.4268689999662456,0.8652599999550148,0.4268689999662456,6.470892999914213,126.47089299991421,0,0.5862469840174532,0.5862469840174532,2.3475137661130474,2.3725137661130473,0.0,0.0031091985186321417,0.0031091985186321417,0
1786206731.673459,17.070116405,RUNNING,7.9184539999914705,1.6801823717980178,0.4096203148365021,0.8288467526435852,-0.8268438577651978,0.8404129892587662,-0.8403754532337189,-0.013783867116874458,True,0.008718944154679775,0.8383796326488149,-0.8406944431505078,-0.004066713219902596,-0.0006379798335778286,-0.004057533347656987,-0.0006939724876636103,0.0007306981106709508,0.828715443611145,0.8536067008972168,0.840281680226326,0.8400751054286957,0.010682149739167328,True,0.0008519149851053953,0.8383796326488149,0.8406944431505078,-0.0038040951550222246,0.0012386754436242153,-0.0037906466526996586,0.0012792399139637891,-0.000792379132648147,-0.8515617847442627,0.8533342480659485,-0.8399955481290817,0.8398026525974274,-0.010705487662261336,True,0.0029851130675524473,-0.8383796326488149,0.8406944431505078,0.0032318309605336992,0.0017835811061608364,0.003212552025516263,0.0018180765668886001,-0.0023587797900030644,-0.8518999814987183,-0.8268480896949768,-0.8403337448835373,-0.8403796851634979,0.0037644856308327763,True,0.015448025427758694,-0.8383796326488149,-0.8406944431505078,0.003908224469444832,-0.0006295159740197231,0.0039058269788237224,-0.0006442239335868308,0.0004086631875248347,0.08574039722720883,8.926140791299792e-06,1.726777868473525,1.7271476876063494,0.00036981913282430057,1.726777868473525,1.7271476876063494,1.7271476390043115,1.7267779222920236,4,12,96,4288,1072,120.0,3.0537569996340608,3.8930320001782093,0.19002599992745672,0.49567399992156425,0.19002599992745672,7.732588999715517,127.73258899971552,0,0.5859634034781319,0.5859634034781319,2.3458799387719993,2.370879938771999,0.0,0.004116451710026795,0.004116451710026795,0
1786206731.8699942,17.270250230000002,RUNNING,5.457976999878156,1.679282836398227,0.4091649353504181,0.8286195993423462,-0.827039361000061,0.8401858359575272,-0.8405709564685822,-0.013551007719985329,True,0.0006725140265189111,0.8377299547175229,-0.8409728765496329,-0.004911762480008575,-0.0008038401621015545,-0.004900419003033318,-0.0008703236529805349,0.0003814090153372567,0.8281840085983276,0.8539490103721619,0.8397502452135086,0.8404174149036407,0.011747854917883467,True,0.012395291589200497,0.8377299547175229,0.8409728765496329,-0.004040580991971465,0.001110923291984367,-0.004027251505191325,0.0011583136998623046,-0.002390936900722356,-0.8510987758636475,0.854366660118103,-0.8395325392484665,0.8408350646495819,-0.013171291402725228,True,0.014463174156844616,-0.8377299547175229,0.8409728765496329,0.0036051690618872367,0.0002756238001020428,0.003601226132362062,0.0003230832517543649,0.001339925820692774,-0.8516656160354614,-0.8272101879119873,-0.8400993794202805,-0.8407417833805084,0.0033563055194867387,True,0.002296757884323597,-0.8377299547175229,-0.8409728765496329,0.004738849405515166,-0.00046218633824901545,0.004737271478830546,-0.00047808873159083397,0.0010209333545438913,0.08571715901266888,6.314577045902002e-05,1.7252171042720514,1.7257588585255523,0.0005417542535008923,1.7257588585255523,1.725758577798873,1.725217422734606,1.7252171042720514,4,12,96,4288,1072,120.0,1.82380500018553,2.513665000151377,0.17002399999910267,0.4862969999521738,0.17002399999910267,5.175657000108913,125.17565700010891,0,0.5857862214463223,0.5857862214463223,2.3436136758657713,2.368613675865771,0.0,0.0049771045464433875,0.0049771045464433875,0
1786206732.0727358,17.47374093,RUNNING,4.369343999769626,1.6791202152493097,0.4089325964450836,0.8280546069145203,-0.8275358080863953,0.8396208435297012,-0.8410674035549164,-0.013538918825675374,True,0.001087927957996726,0.8369622913531249,-0.8413018751343749,-0.00531710435315258,-0.00046894315891710114,-0.005310268252406412,-0.0005408858253770501,0.00036327567387232484,0.8280677199363708,0.8542057871818542,0.8396339565515518,0.8406741917133331,0.011755565945091534,True,0.013691006228327751,0.8369622913531249,0.8413018751343749,-0.0053433303968537516,0.001255366842083605,-0.005328203986992663,0.0013180925275335274,-0.002402503441534455,-0.851052463054657,0.854534924030304,-0.839486226439476,0.8410033285617828,-0.012824962350368004,True,0.015038724057376385,-0.8369622913531249,0.8413018751343749,0.00504787017270214,0.000597093145184191,0.005039797555223351,0.0006617810112466359,0.000820432242156938,-0.8513013124465942,-0.827433705329895,-0.8397350758314133,-0.8409653007984161,0.0029791176923713108,True,0.0027400769758969545,-0.8369622913531249,-0.8413018751343749,0.005545568956576652,-0.0006731486719175894,0.005543538961586493,-0.0006896665629299512,0.001586715095217033,0.08572937328288321,2.5383352943688433e-05,1.7243250608987113,1.724515945166239,0.00019088426752777998,1.724515945166239,1.724515940198091,1.7243250684774492,1.7243250608987113,4,12,96,4288,1072,120.0,1.5244619999066344,2.064681999854656,0.14746399983778247,0.3904199998032709,0.14746399983778247,4.2230009999002505,124.22300099990025,0,0.5849358672962537,0.5849358672962537,2.3411367917871737,2.3661367917871736,0.0,0.005586274625065534,0.005586274625065534,0
1786206732.2716084,17.670551412000002,RUNNING,5.793065000034403,1.677997827925111,0.40852048993110657,0.8272038698196411,-0.8276820778846741,0.8387701064348221,-0.8412136733531952,-0.01280135679367432,True,0.011294595897197723,0.8361190252145936,-0.8416632749080313,-0.005302162440457003,-0.0008992031096721753,-0.005290217295710165,-0.0009670024517063568,-0.0007430673741292554,0.8273430466651917,0.8550111055374146,0.8389092832803726,0.8414795100688934,0.01087887309393133,True,0.005406676791608334,0.8361190252145936,0.8416632749080313,-0.005580516131558078,0.00036752967827569094,-0.005576187678246122,0.00042821645924636097,-0.0010874641647941503,-0.8508025407791138,0.8546456694602966,-0.8392363041639328,0.8411140739917755,-0.012719594572777698,True,0.007149550132453442,-0.8361190252145936,0.8416632749080313,0.006234557898678439,0.0010984018325115308,0.0062200827176220885,0.001177611890045874,0.000662380575771478,-0.8507939577102661,-0.8276456594467163,-0.8392277210950851,-0.8411772549152374,0.0028983686488941555,True,0.00267232907935977,-0.8361190252145936,-0.8416632749080313,0.006217391760983126,-0.0009720399855877027,0.006214548319999567,-0.0009900561708876714,0.001707838660432766,0.08574393819790299,5.2345845159712087e-05,1.723203413507797,1.7235831772454595,0.0003797637376625751,1.7232035173095168,1.723203413507797,1.7235831772454595,1.723583071261828,4,12,96,4288,1072,120.0,1.9257629996900505,2.745741000126145,0.15364000000772648,0.4428400002325361,0.15364000000772648,5.608926999684627,125.60892699968463,0,0.5844094432513238,0.5844094432513238,2.3387363432538546,2.3637363432538545,0.0,0.006330576496468422,0.006330576496468422,0
1786206732.4767518,17.872248417,RUNNING,6.8820169999526115,1.6766861680882774,0.4078510105609894,0.8264200091362,-0.8279551267623901,0.8379862457513809,-0.8414867222309113,-0.012443125513052778,True,0.011429226025938988,0.8351539384830565,-0.8420768835072614,-0.005664614536648793,-0.0011803225527002859,-0.005649489489611943,-0.0012507148691807933,-0.0012804142950615684,0.8268364667892456,0.8553899526596069,0.8384027034044266,0.8418583571910858,0.009746465477419267,True,0.0052644298411905766,0.8351539384830565,0.8420768835072614,-0.006497529842740102,0.00043705263235116476,-0.006492961582390069,0.0005003588215970078,0.0006111472599739454,-0.8498881459236145,0.8556805849075317,-0.8383219093084335,0.8421489894390106,-0.012753833139089352,True,0.0061838701367378235,-0.8351539384830565,0.8420768835072614,0.006335941650754018,-0.00014421186349844461,0.006337265558963504,-6.339478297327825e-05,0.0007137384252389597,-0.85026615858078,-0.8279198408126831,-0.8386999219655991,-0.8414514362812042,0.003636177798257493,True,0.0031741790007799864,-0.8351539384830565,-0.8420768835072614,0.0070919669650850725,-0.0012508944521143484,0.007087371616279809,-0.0012766737785901898,0.0006011249363877596,0.0857647075067432,2.8098744629599484e-05,1.7215074334904512,1.7217478420421757,0.00024040855172446918,1.721747825747098,1.7217478420421757,1.7215074334904512,1.7215074495774834,4,12,96,4288,1072,120.0,2.1378060000643018,3.3052579997274734,0.19025000028705108,0.5364420007936133,0.19025000028705108,6.609331000163365,126.60933100016337,0,0.5832663126797681,0.5832663126797681,2.335716308660505,2.3607163086605047,0.0,0.007201439603592355,0.007201439603592355,0
1786206732.67511,18.074857436000002,RUNNING,4.951102000177343,1.6747415718312553,0.4073235094547272,0.8262601494789124,-0.828029215335846,0.8378263860940933,-0.8415608108043671,-0.012762476191488056,True,0.010951985605061054,0.8340836684140651,-0.8425355706796862,-0.007485435360056414,-0.0019495197506382844,-0.007459945727510023,-0.0020448910803063844,-0.0008013882774086517,0.8253161907196045,0.856208086013794,0.8368824273347855,0.8426764905452728,0.008269710847797634,True,0.004837623797357082,0.8340836684140651,0.8425355706796862,-0.005597517841440691,-0.000281839731173239,-0.0055996571471941215,-0.00023554076758059054,0.0028262792044063947,-0.8494253754615784,0.8560705184936523,-0.8378591388463974,0.8425389230251312,-0.012440544127811974,True,0.004673424176871777,-0.8340836684140651,0.8425355706796862,0.007550940864664568,-6.7046908900358915e-06,0.0075504399612978616,8.723121790721032e-05,0.00024380490832289284,-0.8493900895118713,-0.8288048505783081,-0.8378238528966904,-0.8423364460468292,0.005318161905258855,True,0.010814666748046875,-0.8340836684140651,-0.8425355706796862,0.007480368965250506,-0.000398249265713968,0.0074781452383478,-0.00043802525966063,-0.0019218512241142831,0.08575534247382241,6.0445479684203316e-05,1.7193131718047454,1.7199027573466967,0.0005895855419513207,1.7199027573466967,1.7199025594163289,1.7193133699049226,1.7193131718047454,4,12,96,4288,1072,120.0,1.980710000225372,1.9886139998561703,0.13075900005787844,0.35701100023288745,0.13075900005787844,4.811191000044346,124.81119100004435,0,0.5820336187043906,0.5820336187043906,2.3322634137764684,2.357263413776468,0.0,0.007735138640497121,0.007735138640497121,0
1786206732.87538,18.272409812,RUNNING,5.905966999762313,1.6716221417349473,0.4060921370983124,0.824093222618103,-0.8286198973655701,0.835659459233284,-0.8421514928340912,-0.012857469431553392,True,0.002568420022726059,0.8329447415782779,-0.8430236821807381,-0.005429435310012165,-0.0017443786932938021,-0.005406558856170717,-0.0018140413848604093,-0.0006588984173106484,0.8249502778053284,0.8564519286155701,0.8365165144205093,0.842920333147049,0.008330685797626795,True,0.0032757199369370937,0.8329447415782779,0.8430236821807381,-0.007143545684462849,0.00020669806737827479,-0.00714157588696008,0.0002662008412008765,0.0027348167796626527,-0.8478449583053589,0.8574394583702087,-0.8362787216901779,0.8439078629016876,-0.014731724763985151,True,0.006230655126273632,-0.8329447415782779,0.8430236821807381,0.006667960223800007,-0.001768361441899069,0.006693286755911781,-0.0016699425554522335,0.0036805758625826582,-0.8475283980369568,-0.8299397826194763,-0.8359621614217758,-0.8434713780879974,0.004686735590218913,True,0.010193707421422005,-0.8329447415782779,-0.8430236821807381,0.006034839686995808,0.0008953918145186979,0.006038969857331655,0.0008670983862782977,-0.0009747117515543702,0.08574803956874229,0.00016329740479310823,1.7154414205536135,1.7176278782371226,0.002186457683509113,1.7176269482473883,1.7176278782371226,1.7154414205536135,1.715442344426799,4,12,96,4288,1072,120.0,1.9368029998076963,2.667624999958207,0.17280900010518963,0.5011459998058854,0.17280900010518963,5.72768600022755,125.72768600022755,0,0.5815368638554081,0.5815368638554081,2.328867580592925,2.353867580592925,0.0,0.007146535456923565,0.007146535456923565,0
1786206733.0699756,18.470209655,RUNNING,4.710576999968907,1.6686523069279784,0.4056454002857208,0.8225511312484741,-0.8288543224334717,0.8341173678636551,-0.8423859179019928,-0.013297220422702772,True,0.0027061549481004477,0.831711942231799,-0.8435520247578003,-0.004810851263712168,-0.002332213711615072,-0.004779414906167689,-0.002395976592729658,7.280694134222457e-07,0.8231648802757263,0.8568482995033264,0.8347311168909073,0.8433167040348053,0.008885462193733151,True,0.005379348061978817,0.831711942231799,0.8435520247578003,-0.006038349318216563,0.00047064144599007207,-0.006033929139854778,0.0005242756857812739,0.0019026521855031184,-0.847141444683075,0.8578861951828003,-0.835575208067894,0.8443545997142792,-0.016009457839572264,True,0.00630211504176259,-0.831711942231799,0.8435520247578003,0.007726531672189951,-0.0016051499129576818,0.007751238009862987,-0.0014812519160756492,0.005597175475963327,-0.8461005091667175,-0.8303457498550415,-0.8345342725515366,-0.8438773453235626,0.0032180988708982706,True,0.009207320399582386,-0.831711942231799,-0.8435520247578003,0.0056446606394751075,0.0006506411315245764,0.005646725234871719,0.0006324727177784337,0.0012282433274265934,0.08579844379842612,9.402446138508105e-05,1.7143178707509374,1.716650093350112,0.0023322225991746492,1.7166489455022078,1.716650093350112,1.7143178707509374,1.714319018744058,4,12,96,4288,1072,120.0,1.5776810000716068,2.083947000301123,0.14375099999597296,0.3993470004388655,0.14375099999597296,4.5652260000679235,124.56522600006792,0,0.5805031828367375,0.5805031828367375,2.3255414976176656,2.3505414976176655,0.0,0.007891501626713543,0.007891501626713543,0
1786206733.2774472,18.672589059,RUNNING,7.619558999977016,1.6668520278268457,0.4054975211620331,0.8220030665397644,-0.8291750550270081,0.8335693031549454,-0.8427066504955292,-0.012399683906071409,True,0.0035078919027000666,0.8303568205025462,-0.8441327912131943,-0.006424965304798302,-0.0028522814353302284,-0.006389104903062744,-0.0029317276633157815,-0.001345576705533623,0.8215878009796143,0.8572332262992859,0.8331540375947952,0.8437016308307648,0.008840582198137365,True,0.0051523600704967976,0.8303568205025462,0.8441327912131943,-0.0055944341844980094,0.000862320764859037,-0.005586592248619643,0.0009117444783764257,0.001969972178896797,-0.8470160961151123,0.858034074306488,-0.8354498594999313,0.8445024788379669,-0.015939519711185075,True,0.005735110025852919,-0.8303568205025462,0.8441327912131943,0.010186077994770226,-0.0007393752495452599,0.010196568829790476,-0.0005769270097054006,0.005492268283382545,-0.8448485136032104,-0.8303967118263245,-0.8332822769880295,-0.8439283072948456,0.004263770219521181,True,0.008861670270562172,-0.8303568205025462,-0.8441327912131943,0.005850912970966515,-0.0004089678366974159,0.005849116047419697,-0.00043391099213382445,-0.00034026369550777197,0.08585999192501811,2.517778610128406e-05,1.7139537200394206,1.715733366098886,0.0017796460594654562,1.7157324971084478,1.715733366098886,1.7139537200394206,1.7139545900583777,4,12,96,4288,1072,120.0,2.3036060001686565,4.099121999843192,0.3861629998027638,0.7303069996851264,0.3861629998027638,7.43132500019783,127.43132500019783,0,0.5793397987956854,0.5793397987956854,2.3213671015961963,2.346367101596196,0.0,0.010212877198673366,0.010212877198673366,0
1786206733.4723365,18.874330189000002,RUNNING,4.239674000018567,1.6650868592336354,0.40527674555778503,0.8211531043052673,-0.8296143412590027,0.8327193409204483,-0.8431459367275238,-0.013648818064892432,True,0.0020484570413827896,0.8289135556062065,-0.8447513333116259,-0.0076115706284836104,-0.0032107931682041624,-0.007567039487690826,-0.0033143798202844316,0.0005281245326979114,0.8205204606056213,0.8574653267860413,0.8320866972208023,0.8439337313175201,0.008495540250425244,True,0.005314833018928766,0.8289135556062065,0.8447513333116259,-0.006346283229191618,0.0016352039882114866,-0.0063321624374049,0.0016890594348630765,0.002487535100464979,-0.845100462436676,0.8582548499107361,-0.8335342258214951,0.844723254442215,-0.01463982186099052,True,0.005018177907913923,-0.8289135556062065,0.8447513333116259,0.009241340430577116,5.6157738821838166e-05,0.009239528016041021,0.00019143846594112424,0.0035427215080907097,-0.8439335227012634,-0.8304937481880188,-0.8323672860860825,-0.8440253436565399,0.005455568039643329,True,0.010851147584617138,-0.8289135556062065,-0.8447513333116259,0.006907460959751921,-0.0014519793101719358,0.006899436833233087,-0.0014896416387476868,-0.0021279604256909937,0.08593667862619332,4.340917351602706e-05,1.7135123434052473,1.7149355020083397,0.0014231586030923893,1.71493524151592,1.7149355020083397,1.7135123434052473,1.7135126019359266,4,12,96,4288,1072,120.0,1.5102530001058767,1.975332999791135,0.13872699992134585,0.370544999896083,0.13872699992134585,4.100818000097206,124.1008180000972,0,0.57844233823234,0.57844233823234,2.3170566040446325,2.342056604044633,0.0,0.009241511058557948,0.009241511058557948,0
1786206733.6736846,19.070376787,RUNNING,8.072510000147304,1.6628412024174581,0.40500113368034363,0.8196491003036499,-0.8301267027854919,0.8312153369188309,-0.8436582982540131,-0.012887972296135607,True,0.0017632900271564722,0.8274245246190012,-0.8453894894489995,-0.007581624599659387,-0.0034623823899728734,-0.007536373102080279,-0.0035598039062279107,-0.0006131441204373263,0.8193866014480591,0.8576370477676392,0.83095283806324,0.844105452299118,0.009503349779818258,True,0.005006464198231697,0.8274245246190012,0.8453894894489995,-0.007056626888477746,0.0025680742997629125,-0.007031903295008229,0.0026350189187067143,0.0009758208063754582,-0.8434543609619141,0.8585304617881775,-0.8318881243467331,0.8449988663196564,-0.014140241156135791,True,0.006295714993029833,-0.8274245246190012,0.8453894894489995,0.00892719945546383,0.0007812462586862523,0.00891526034717996,0.0009073967028514185,0.0027933504508086187,-0.8433423042297363,-0.8305270671844482,-0.8317760676145554,-0.8440586626529694,0.005470292608172342,True,0.009283579885959625,-0.8274245246190012,-0.8453894894489995,0.008703085991108361,-0.0026616535920602757,0.008688395824065687,-0.0027092219578897393,-0.0021500472784845145,0.08600569484370649,5.511892702582656e-05,1.7130294081067072,1.7140976173973412,0.0010682092906340035,1.7140975900150865,1.7140976173973412,1.7130294081067072,1.7130294334041938,4,12,96,4288,1072,120.0,3.5782959998869046,3.546518000348442,0.4280220000509871,0.8319789999404748,0.4280220000509871,7.878899999923306,127.8788999999233,0,0.5771850611930952,0.5771850611930952,2.3124613208242026,2.3374613208242025,0.0,0.009100994759516895,0.009100994759516895,0
1786206733.8723245,19.273236375,RUNNING,4.9244440001530165,1.6598925629107393,0.4049171507358551,0.818625807762146,-0.8305208086967468,0.830192044377327,-0.8440524041652679,-0.012578646916418563,True,0.003839012933894992,0.8257959530499148,-0.8460874486928937,-0.008792182654824288,-0.0040700890552514135,-0.008740292240967633,-0.0041803579148144004,-0.0010771321900128917,0.8183188438415527,0.8576371073722839,0.8298850804567337,0.8441055119037628,0.00959197393651177,True,0.004987743217498064,0.8257959530499148,0.8460874486928937,-0.008178254813637764,0.003963873578261667,-0.008139857803392518,0.0040421356337683855,0.0008428845713351913,-0.8417351245880127,0.858614444732666,-0.8301688879728317,0.8450828492641449,-0.013441833414672952,True,0.004723730031400919,-0.8257959530499148,0.8460874486928937,0.008745869845833809,0.0020091988574975073,0.00871807324017676,0.002126574331677185,0.0017457388386143604,-0.8412667512893677,-0.8306339979171753,-0.8297005146741867,-0.8441655933856964,0.003938121601907379,True,0.0023504251148551702,-0.8257959530499148,-0.8460874486928937,0.00780912324854377,-0.00384371061439448,0.007793925732873939,-0.0038744340062260765,0.00014820923091293054,0.08608134658209567,2.665914435631205e-05,1.713019092148838,1.7139116188619952,0.0008925267131572046,1.713911561543079,1.7139116188619952,1.713019092148838,1.713019148959538,4,12,96,4288,1072,120.0,1.9226579997848603,2.182223999625421,0.14490400008071447,0.4018129998257791,0.14490400008071447,4.780437000135862,124.78043700013586,0,0.5759920183278804,0.5759920183278804,2.307659754538277,2.332659754538277,0.0,0.009688555142717123,0.009688555142717123,0
1786206734.0710917,19.470313841000003,RUNNING,6.765947000076267,1.65751856226301,0.40479591488838196,0.8167931437492371,-0.8311670422554016,0.828359380364418,-0.8446986377239227,-0.014470851121662267,True,0.0027096099220216274,0.8241301917280007,-0.8468013464022852,-0.008458377272834605,-0.004205417356724972,-0.008396637828225325,-0.004327372691999627,0.0017611741178526646,0.8167994618415833,0.8579730987548828,0.8283656984567642,0.8444415032863617,0.009506490709498354,True,0.004713553003966808,0.8241301917280007,0.8468013464022852,-0.008471013457526988,0.004719686231847042,-0.008425763705900527,0.004800001364272649,0.000971109411855315,-0.8407189249992371,0.8587356805801392,-0.8291526883840561,0.845204085111618,-0.01248516356194897,True,0.006548430770635605,-0.8241301917280007,0.8468013464022852,0.010044993312110728,0.003194522581334347,0.010004327318218407,0.0033196837308625063,0.00031073405952838744,-0.8408589363098145,-0.8306132555007935,-0.8292926996946335,-0.8441448509693146,0.004124673224208089,True,0.010787464678287506,-0.8241301917280007,-0.8468013464022852,0.010325015933265513,-0.0053129908659412806,0.01030301381498009,-0.005355532867240348,-0.00013161820253813471,0.08614992393030205,6.841068077849581e-05,1.712566072145732,1.712604901773525,3.882962779289123e-05,1.7126048769855973,1.712604901773525,1.712566072145732,1.7125660968103293,4,12,96,4288,1072,120.0,1.6740050000407791,2.185200999974768,0.14218299975254922,0.39445099946533446,0.14218299975254922,6.617266999910498,126.6172669999105,0,0.574491342758673,0.574491342758673,2.3020525536864778,2.3270525536864777,0.0,0.011611796844750695,0.011611796844750695,0
1786206734.2721763,19.670262011000002,RUNNING,6.385992000105034,1.652842605728798,0.40462031960487366,0.8143495917320251,-0.8316243290901184,0.8259158283472061,-0.8451559245586395,-0.013288220744094716,True,0.002648743102326989,0.8223578860039574,-0.8475609059983039,-0.007115884686497376,-0.004809962879328777,-0.0070513424781122,-0.004904092885378407,-1.2771448498661783e-05,0.8148447275161743,0.8583841323852539,0.8264109641313553,0.8448525369167328,0.010877668912220521,True,0.00518490606918931,0.8223578860039574,0.8475609059983039,-0.008106156254795716,0.005416738163142254,-0.008046756362039281,0.005504592047117187,-0.0010856578922279368,-0.8379977941513062,0.8589112758636475,-0.8264315575361252,0.8453796803951263,-0.012696288427043081,True,0.004915132187306881,-0.8223578860039574,0.8475609059983039,0.00814734306433551,0.004362451206355145,0.008091300963906235,0.004465537845242769,0.0006274213571695538,-0.8387549519538879,-0.8311466574668884,-0.827188715338707,-0.8446782529354095,0.002126634807391777,True,0.002160110976547003,-0.8223578860039574,-0.8475609059983039,0.009661658669499085,-0.005765306125788738,0.009649376130275706,-0.005785839892913509,0.0028654394226863334,0.08621306730020052,4.283880935974307e-05,1.7113743927724814,1.711436972365134,6.25795926525452e-05,1.7113743927724814,1.711374405456242,1.7114369597177261,1.711436972365134,4,12,96,4288,1072,120.0,2.1403010000540235,2.9515429996536113,0.1919139999699837,0.5278369999359711,0.1919139999699837,6.191421000039554,126.19142100003955,0,0.5734134481457199,0.5734134481457199,2.296353579889598,2.3213535798895983,0.0,0.011251062304065513,0.011251062304065513,0
1786206734.4710996,19.870822500000003,RUNNING,5.906670999593189,1.649796069331863,0.404164582490921,0.812791109085083,-0.8323038220405579,0.824357345700264,-0.845835417509079,-0.013457277575273605,True,0.002282453002408147,0.8204988409965812,-0.8483576395728938,-0.007717009407365527,-0.00504444412762961,-0.007648428213296412,-0.005147834167511261,0.00024081379826967116,0.813359260559082,0.8592286109924316,0.824925497174263,0.8456970155239105,0.011749036763998444,True,0.005192361772060394,0.8204988409965812,0.8483576395728938,-0.008853312355363574,0.005321248097966524,-0.008790183206193564,0.005424896329267344,-0.00239270966989482,-0.8364368081092834,0.859181821346283,-0.8248705714941025,0.8456502258777618,-0.012508102660788447,True,0.008925129659473896,-0.8204988409965812,0.8483576395728938,0.008743460995042529,0.005414827390263888,0.008675049584383745,0.005523765069829231,0.0003451427077876016,-0.8373379707336426,-0.8315341472625732,-0.8257717341184616,-0.8450657427310944,0.0010562785201831664,True,0.0008914369973354042,-0.8204988409965812,-0.8483576395728938,0.01054578624376079,-0.006583793683598849,0.010538826042110167,-0.006594929296166183,0.00447097385349925,0.08621910336550621,7.098653670941266e-05,1.7085995137998438,1.7095135386031597,0.0009140248033159271,1.7085995137998438,1.7085995686501674,1.7095134837598625,1.7095135386031597,4,12,96,4288,1072,120.0,2.14590199993836,2.7144119999320537,0.17629700005272753,0.5017219996261701,0.17629700005272753,5.715877000056935,125.71587700005693,0,0.5717720048845544,0.5717720048845544,2.2890969618383608,2.3140969618383607,0.0,0.012432214073417913,0.012432214073417913,0
1786206734.673425,20.074778268000003,RUNNING,4.781685000125435,1.6458512799272744,0.40361377596855164,0.8117495179176331,-0.8328546285629272,0.823315754532814,-0.8463862240314484,-0.015305910375881932,True,0.0027819350361824036,0.8185391804605539,-0.8492050109577439,-0.009553148144520351,-0.005637573852591116,-0.009465744323066462,-0.0057831274259613815,0.003013762999182161,0.8106672763824463,0.8597224950790405,0.8222335129976273,0.8461908996105194,0.013917771735901674,True,0.003235110081732273,0.8185268287972045,0.849202787658341,-0.007413368400845499,0.006023776095643196,-0.00732881557741002,0.006126366927421928,-0.005645812127749666,-0.8356848955154419,0.8593137860298157,-0.8241186589002609,0.8457821905612946,-0.011372698507920165,True,0.006214398890733719,-0.8185268287972045,0.849202787658341,0.011183660206112833,0.006841194194092903,0.01110513581440182,0.006967937438781452,-0.0013579635215148211,-0.834101676940918,-0.8323254585266113,-0.822535440325737,-0.8458570539951324,0.0013814209978635897,True,0.0022976528853178024,-0.8185268287972045,-0.849202787658341,0.008017223057064982,-0.006691467326417122,0.008007971676805494,-0.006702536098427467,0.003983260136978615,0.08622251793611002,5.1141095092520986e-05,1.7065105345836677,1.707494739060313,0.0009842044766452673,1.706510609573957,1.7065105345836677,1.707494739060313,1.7074946640521096,4,12,96,4288,1072,120.0,1.6773980000834854,2.22942599975795,0.14986400037741987,0.4294950003895792,0.14986400037741987,4.629677000139054,124.62967700013905,0,0.5700635794237614,0.5700635794237614,2.2814937533804787,2.3064937533804777,0.0,0.013110156124435826,0.013110156124435826,0
1786206734.8727303,20.270478124,RUNNING,6.8523509999067755,1.6426523929386811,0.4032348096370697,0.810484766960144,-0.8332335948944092,0.822051003575325,-0.8467651903629303,-0.01737483366184855,True,0.0009916990529745817,0.8167198284815342,-0.8500749178220781,-0.010662350187581549,-0.006619454918295631,-0.010545734685604794,-0.006803703026940582,0.006117147928132088,0.809330403804779,0.8601614236831665,0.82089664041996,0.8466298282146454,0.01259679388856412,True,0.004487302154302597,0.8165592861812642,0.8500460202080296,-0.008674708477391713,0.006832383986768331,-0.008587956381805446,0.006941112540118269,-0.003664345356743335,-0.8337297439575195,0.8597529530525208,-0.8221635073423386,0.8462213575839996,-0.009277729679994776,True,0.005567421205341816,-0.8165592861812642,0.8500460202080296,0.011208442322148793,0.007649325248059835,0.011136992581391498,0.007752983443911939,-0.004500416763402904,-0.8321676254272461,-0.8331910371780396,-0.8206013888120651,-0.8467226326465607,0.003461071587707986,True,0.002748780883848667,-0.8165592861812642,-0.8500460202080296,0.008084205261601918,-0.006646775122937765,0.008061151922637564,-0.006674715269340944,0.0008637842522120202,0.0862256814705638,1.2198528819268774e-05,1.7043448013127198,1.7047740265178606,0.0004292252051407708,1.7043448231406269,1.7043448013127198,1.7047740265178606,1.7047740046957014,4,12,96,4288,1072,120.0,2.245779000077164,3.1493450001107703,0.2038819998233521,0.5966689996057539,0.2038819998233521,6.639860000177578,126.63986000017758,0,0.5678011164825411,0.5678011164825411,2.2732568224505716,2.2982568224505715,0.0,0.013569869418662138,0.013569869418662138,0
1786206735.0703843,20.4705751,RUNNING,5.453846999898815,1.6392912515361635,0.4022226631641388,0.8087651133537292,-0.8338510990142822,0.8203313499689102,-0.8473826944828033,-0.01434428301185987,True,0.0020819311030209064,0.8149558248433924,-0.8510269569836859,-0.010751050251035732,-0.007288525001765134,-0.01064539913014948,-0.007441985995785239,0.0015713219531490689,0.8081426620483398,0.8610198497772217,0.8197088986635208,0.8474882543087006,0.010943039277938181,True,0.004521158989518881,0.8144731550274352,0.8509400764168136,-0.010471487272171176,0.006903644216226024,-0.010395314955521156,0.007017818473784579,-0.001183713440804426,-0.8311484456062317,0.8603330254554749,-0.8195822089910507,0.8468014299869537,-0.006585417733801906,True,0.005312976893037558,-0.8144731550274352,0.8509400764168136,0.01021810792723099,0.008277292859719676,0.010163377322780156,0.008344403399459136,-0.008538884682692208,-0.8305870294570923,-0.8342457413673401,-0.8190207928419113,-0.8477773368358612,0.005082615696267469,True,0.002566371113061905,-0.8144731550274352,-0.8509400764168136,0.009095275628952182,-0.006325479161904735,0.009063008308904597,-0.006371625050725188,-0.001568531910627205,0.08618385752787121,1.702292028686013e-05,1.7005521050805024,1.7008146274745877,0.0002625223940853072,1.7005521050805024,1.7005521055380168,1.700814627022471,1.7008146274745877,4,12,96,4288,1072,120.0,1.792219999970257,2.6829859998542815,0.16964099995675497,0.5380760003390606,0.16964099995675497,5.263214000024163,125.26321400002416,0,0.5648157972569307,0.5648157972569307,2.2635035821960394,2.2885035821960393,0.0,0.013150030672896057,0.013150030672896057,0
1786206735.2732582,20.671764001,RUNNING,5.699619999631977,1.6348160744396145,0.4014127552509308,0.8066529035568237,-0.8349941372871399,0.8182191401720047,-0.848525732755661,-0.013927142058985448,True,0.0017740109469741583,0.8132786835892086,-0.8520465151450328,-0.009880913165592142,-0.007041564778743625,-0.00978188920131201,-0.00717849031290496,0.0009456105238374365,0.8065226078033447,0.8620970249176025,0.8180888444185257,0.8485654294490814,0.008032726009146072,True,0.00500467186793685,0.8123017688514492,0.8518706704922361,-0.011574151134152943,0.006610482086309322,-0.01152067810657638,0.006703239802832809,0.003181756462383738,-0.8282933831214905,0.8615744709968567,-0.8167271465063095,0.8480428755283356,-0.007980361774809215,True,0.0048108710907399654,-0.8123017688514492,0.8518706704922361,0.00885075530972057,0.007655589927801021,0.008789379747097079,0.007725977631116661,-0.006446468621181246,-0.8296643495559692,-0.8350556492805481,-0.8180981129407883,-0.8485872447490692,0.004378375682596691,True,0.009943485260009766,-0.8123017688514492,-0.8518706704922361,0.01159268817867809,-0.006566851486333736,0.011563825010937912,-0.0066175455244397935,-0.0005121718901210377,0.08607537433545787,2.849565534051666e-05,1.6947671504358004,1.6952394812334275,0.0004723307976270963,1.6947671504358004,1.694767212922018,1.6952394187680955,1.6952394812334275,4,12,96,4288,1072,120.0,2.053641000202333,2.5864039998850785,0.1890339999590651,0.5232599996816134,0.1890339999590651,5.51071400013825,125.51071400013825,0,0.5624982357402709,0.5624982357402709,2.252094157632182,2.277094157632182,0.0,0.013328895223897226,0.013328895223897226,0
1786206735.4731297,20.872450828,RUNNING,5.55273199961448,1.6300814259263772,0.39933744072914124,0.8046244382858276,-0.8371309638023376,0.8161906749010086,-0.8506625592708588,-0.012905607803940615,True,0.0027433400973677635,0.8117004999729239,-0.8531243006209618,-0.008980349856169356,-0.004923482700206039,-0.008916063233810017,-0.005038966347290919,-0.0005866908587298138,0.8038352727890015,0.8635804057121277,0.8154015094041824,0.8500488102436066,0.009143998562187177,True,0.005161160137504339,0.8100639731500356,0.8528297257928419,-0.010675072508293582,0.005561831098470638,-0.010623769558683802,0.005659210067599886,0.0015148476328220792,-0.8262460827827454,0.8631014823913574,-0.8146798461675644,0.8495698869228363,-0.009542183404905214,True,0.006096024066209793,-0.8100639731500356,0.8528297257928419,0.009231746035057498,0.006519677740011165,0.009169114731301472,0.0066074706002847445,-0.004103736176037247,-0.8277198672294617,-0.8369472026824951,-0.8161536306142807,-0.8504787981510162,0.004952000428647789,True,0.008824164047837257,-0.8100639731500356,-0.8528297257928419,0.012179314928490115,-0.004701855283651302,0.01215588210211886,-0.004762109359845506,-0.0013726090091976842,0.08586409172301172,3.327158156501348e-05,1.6845960045164932,1.6853363746929573,0.0007403701764641113,1.6845960045164932,1.6845961223890875,1.6853362568562122,1.6853363746929573,4,12,96,4288,1072,120.0,1.6341639998245228,3.0218829997465946,0.17319300013696193,0.4757680003422138,0.17319300013696193,5.382931999974971,125.38293199997497,0,0.5585524930974639,0.5585524930974639,2.237889227477252,2.262889227477252,0.0,0.01305538797722005,0.01305538797722005,0
1786206735.6727679,21.071346780000002,RUNNING,6.341476999750739,1.626354006568331,0.3977566659450531,0.8029505610466003,-0.8384661078453064,0.8145167976617813,-0.8519977033138275,-0.010658411540669231,True,0.0007212209748104215,0.8102282001072246,-0.8542508906160732,-0.008577195109113367,-0.0045063746044913255,-0.008528678035896556,-0.004597536185373449,-0.0039574852536368894,0.8017781972885132,0.8646040558815002,0.8133444339036942,0.8510724604129791,0.0110310324003286,True,0.005197098013013601,0.8077772999583546,0.8538097285892766,-0.011134267890679173,0.005474536352594983,-0.011073201905078442,0.005597023254075364,-0.0013157031243900546,-0.824575662612915,0.863913357257843,-0.8130094259977341,0.8503817617893219,-0.010907436576238834,True,0.006111673079431057,-0.8077772999583546,0.8538097285892766,0.010464252078759007,0.006855933599909436,0.010388850429410092,0.006969661673964175,-0.0020558564190368174,-0.8251627087593079,-0.8387117385864258,-0.8135964721441269,-0.8522433340549469,0.0023151815602742015,True,0.0023280230816453695,-0.8077772999583546,-0.8538097285892766,0.011638344371544651,-0.003132789068659436,0.011631060211409012,-0.0031597255288957106,0.002582619293362697,0.08567212927226893,1.4524157117370706e-05,1.677350329355132,1.6778350066077874,0.00048467725265544104,1.677350329355132,1.6773503769261133,1.6778349590412447,1.6778350066077874,4,12,96,4288,1072,120.0,2.086922000216873,3.035355000065465,0.19770600010815542,0.5425240001386555,0.19770600010815542,6.134010000096168,126.13401000009617,0,0.5539829913383915,0.5539829913383915,2.2243839153102836,2.249383915310283,0.0,0.012510171745191164,0.012510171745191164,0
1786206735.8714452,21.270631583,RUNNING,6.018164000124671,1.6228753334645623,0.3969210088253021,0.8016868233680725,-0.8394469022750854,0.8132530599832535,-0.8529784977436066,-0.010691282472876085,True,0.0029411748982965946,0.8088430963730797,-0.8554365579605249,-0.008819927220347523,-0.004916120433836602,-0.008766864519838501,-0.0050101340084881775,-0.003908178855326608,0.8004389405250549,0.8651681542396545,0.8120051771402359,0.8516365587711334,0.010477608818879575,True,0.0035667100455611944,0.8054193417151188,0.8548202821220919,-0.013171670850234296,0.006367446701917023,-0.013104233466900388,0.006505102284640394,-0.0004855677522165166,-0.8224363923072815,0.8652134537696838,-0.8108701556921005,0.8516818583011627,-0.012981064208013694,True,0.0030667169485241175,-0.8054193417151188,0.8548202821220919,0.010901627953963544,0.00627684764185843,0.010819231587008747,0.006417829557756679,0.001054585028625472,-0.8230471611022949,-0.8395473957061768,-0.811480924487114,-0.8530789911746979,0.003885581721515368,True,0.015559389255940914,-0.8054193417151188,-0.8548202821220919,0.0121231655439904,-0.003482581894788117,0.012109542205368638,-0.0035296610371674075,0.00022701905150094692,0.08552489322726552,4.677967942240047e-05,1.6717658275768843,1.6720223857584824,0.00025655818159808774,1.6720223857584824,1.6720223694149652,1.6717658439438876,1.6717658275768843,4,12,96,4288,1072,120.0,2.0022789999529778,2.759629000138375,0.1799769997887779,0.49032899960366194,0.1799769997887779,5.826186000376765,125.82618600037677,0,0.5512133396183956,0.5512133396183956,2.2108815306680674,2.2358815306680673,0.0,0.014630013345471215,0.014630013345471215,0
1786206736.0713422,21.470429564,RUNNING,5.703555999843957,1.61848892783884,0.3959910571575165,0.8001473546028137,-0.8400982022285461,0.8117135912179947,-0.8536297976970673,-0.013009756413877093,True,0.002611686009913683,0.8075433489656382,-0.8566809676716622,-0.00834048450471303,-0.006102339949189961,-0.008260390968674423,-0.006210328145394567,-0.00043046794382509644,0.7978751063346863,0.8662553429603577,0.8094413429498672,0.8527237474918365,0.010176055338849067,True,0.0050798761658370495,0.8029901046936777,0.8558613837027094,-0.01290247651237908,0.006275272421745637,-0.01283795206152118,0.006406241564731944,-3.323753217075471e-05,-0.8206135034561157,0.8672699928283691,-0.8090472668409348,0.853738397359848,-0.015351931918123394,True,0.0056341770105063915,-0.8029901046936777,0.8558613837027094,0.01211432429451409,0.004245972685722688,0.012047715436406224,0.004431443322884382,0.004610886593790024,-0.8208813071250916,-0.8404773473739624,-0.8093150705099106,-0.8540089428424835,0.006490668152487426,True,0.0026077181100845337,-0.8029901046936777,-0.8558613837027094,0.01264993163246575,-0.0037048817204516915,0.012625618181405892,-0.0037869096115365143,-0.00368061059495714,0.0853058883145079,0.00010788284272647932,1.663347272996221,1.665231267239865,0.0018839942436439383,1.665231267239865,1.6652311320672646,1.6633474084712652,1.663347272996221,4,12,96,4288,1072,120.0,1.8500470000617497,2.7665419997902063,0.24234900001829374,0.5532449999918754,0.24234900001829374,5.510746000254585,125.51074600025458,0,0.5484184278707427,0.5484184278707427,2.1957806519767633,2.2207806519767637,0.0,0.0143475762454714,0.0143475762454714,0
1786206736.2698262,21.671762692,RUNNING,4.178422000222781,1.6139161390467776,0.3951323926448822,0.799169659614563,-0.8409717679023743,0.810735896229744,-0.8545033633708954,-0.012008139659720331,True,0.008153890259563923,0.806322066270952,-0.8579898577622106,-0.00882765991758383,-0.006972988782630418,-0.008743292860323434,-0.007078487277789163,-0.001932893075060239,0.7952448129653931,0.8675588369369507,0.806811049580574,0.8540272414684296,0.00914297863212078,True,0.02199658192694187,0.8004781218699354,0.8569379477700276,-0.012665855421277294,0.00582141260319613,-0.012612101720343886,0.005936971319203842,0.0015163775279216744,-0.8186711072921753,0.8683992028236389,-0.8071048706769943,0.8548676073551178,-0.015732560233772022,True,0.023139040917158127,-0.8004781218699354,0.8569379477700276,0.01325349761411787,0.004140680829819665,0.013186716615197868,0.004348671251351228,0.005181829067262965,-0.8182671070098877,-0.8407343029975891,-0.8067008703947067,-0.8542658984661102,0.006270282071405219,True,0.01088340487331152,-0.8004781218699354,-0.8569379477700276,0.012445497049542675,-0.005344098607834802,0.012411743607929158,-0.005422029818386007,-0.0033500314733338286,0.0851527117970931,1.6848416079157435e-05,1.6580074458350922,1.6587628440275328,0.0007553981924406372,1.6587628440275328,1.6587627933793774,1.6580074965016416,1.6580074458350922,4,12,96,4288,1072,120.0,1.410471999861329,1.9863739998982055,0.12947900040671811,0.36229000079401885,0.12947900040671811,4.026573999908578,124.02657399990858,0,0.5436503233455885,0.5436503233455885,2.18052252534489,2.20552252534489,0.0,0.013939610405221165,0.013939610405221165,0
1786206736.4707196,21.870149365,RUNNING,6.568272000095021,1.6089522011295134,0.3937421143054962,0.7967712879180908,-0.8424127101898193,0.8083375245332718,-0.8559443056583405,-0.011948698327787735,True,0.003196900011971593,0.8052039235874757,-0.8593320604262727,-0.0062672018915921335,-0.006775509535864588,-0.006185797915298715,-0.006849908990027098,-0.0020220550729591336,0.7924574017524719,0.8685811758041382,0.8040236383676529,0.8550495803356171,0.009498449769666042,True,0.004924891982227564,0.797941906276129,0.8580248973102304,-0.0121634641830477,0.005950633949226569,-0.012106394542207114,0.006065897832834797,0.0009831708216037826,-0.816494345664978,0.8697894811630249,-0.8049281090497971,0.8562578856945038,-0.013611781177727218,True,0.007542434148490429,-0.797941906276129,0.8580248973102304,0.013972405547336031,0.0035340232314531317,0.01392300829412176,0.0037238792973851593,0.002000660483195759,-0.8151881098747253,-0.8413466215133667,-0.8036218732595444,-0.8548782169818878,0.0031251317010911103,True,0.0023705530911684036,-0.797941906276129,-0.8580248973102304,0.01135993396683066,-0.006293360656685065,0.011340210944891889,-0.0063288311567949625,0.0013676940821373339,0.08496529217248863,4.027215733555765e-05,1.6506840336099136,1.650799940255159,0.00011590664524541161,1.650799940255159,1.6507999347954243,1.6506840390681177,1.6506840336099136,4,12,96,4288,1072,120.0,3.253607000260672,2.452317999996012,0.15085599989106413,0.4205019999972137,0.15085599989106413,6.406055999832461,126.40605599983246,0,0.5394312827640975,0.5394312827640975,2.1639008246661957,2.188900824666195,0.0,0.014412405662472767,0.014412405662472767,0
1786206736.6700103,22.07020998,RUNNING,5.38581199998589,1.6046892312148138,0.3925447165966034,0.7946106791496277,-0.8439236879348755,0.8061769157648087,-0.8574552834033966,-0.01172411848960611,True,0.011070935055613518,0.8041604665571916,-0.8607368651028904,-0.004032898415234021,-0.006563163398987548,-0.003955675704904651,-0.006609993430180847,-0.0023589248302315724,0.7898676991462708,0.8697530031204224,0.8014339357614517,0.8562214076519012,0.009697851975132215,True,0.005344913806766272,0.7953249136483164,0.8591464655792929,-0.012218044226270708,0.005850115854783233,-0.012160737019109524,0.005968327687179413,0.0006840675134045229,-0.8148214221000671,0.8703470826148987,-0.8032551854848862,0.8568154871463776,-0.014285115420332674,True,0.007037096191197634,-0.7953249136483164,0.8591464655792929,0.015860543673139604,0.0046619568658305965,0.015792331086586977,0.004888043195190926,0.003010661847103943,-0.8140454292297363,-0.8417995572090149,-0.8024791926145554,-0.855331152677536,0.0028286842007351647,True,0.01137875858694315,-0.7953249136483164,-0.8591464655792929,0.014308557932477983,-0.007630625803513702,0.014286916086012506,-0.007671069613265465,0.0018123653326712521,0.08472771349020232,0.00014000796115427202,1.64306312284433,1.645333723215496,0.0022706003711661094,1.64306312284433,1.643063150252423,1.6453336960115776,1.645333723215496,4,12,96,4288,1072,120.0,2.1056109999335604,2.338423999844963,0.15802400002939976,0.44588000037038,0.15802400002939976,5.222731999765529,125.22273199976553,0,0.5347920925143855,0.5347920925143855,2.146847356439011,2.171847356439011,0.0,0.016531505903166648,0.016531505903166648,0
1786206736.8737369,22.270456236,RUNNING,7.307701999707206,1.6003062868127884,0.3916623294353485,0.7936878800392151,-0.8448060750961304,0.8052541166543961,-0.8583376705646515,-0.0130570466093917,True,0.011353510431945324,0.8031990342604444,-0.8621930664402399,-0.004110164787903381,-0.0077107917511767265,-0.004009137122598872,-0.007763799556012219,-0.0003595326505531869,0.7875325083732605,0.8704389929771423,0.7990987449884415,0.8569073975086212,0.010617781884233348,True,0.005011009052395821,0.7926477272503476,0.8602938311784224,-0.012902035476187734,0.006772867339602362,-0.012829396735808124,0.006909473990391385,-0.0006958273502471763,-0.8127737045288086,0.8709253668785095,-0.8012074679136276,0.8573937714099884,-0.01127081486090998,True,0.005538075231015682,-0.7926477272503476,0.8602938311784224,0.01711948132656005,0.005800119536867987,0.017053023293933222,0.005992697561947109,-0.0015107889920300994,-0.8112540245056152,-0.8430148363113403,-0.7996877878904343,-0.8565464317798615,0.0027830128787888473,True,0.00980882253497839,-0.7926477272503476,-0.8602938311784224,0.01408012128017333,-0.007494798797121893,0.01405920865915623,-0.007533954881205232,0.0018808723155907283,0.08454889941696417,4.7528312836567404e-05,1.637165393905267,1.6390496592416381,0.0018842653363710937,1.637165393905267,1.6371653990352517,1.6390496541626387,1.6390496592416381,4,12,96,4288,1072,120.0,4.382081000130711,2.047816999947827,0.14263100001699058,0.3818750001300941,0.14263100001699058,7.160366999869439,127.16036699986944,0,0.5300346203563332,0.5300346203563332,2.129243302462141,2.1542433024621404,0.0,0.018075343082010805,0.018075343082010805,0
1786206737.0708144,22.470041721,RUNNING,6.096439999964787,1.5942910204229308,0.3912729322910309,0.7932451963424683,-0.845195472240448,0.8048114329576492,-0.8587270677089691,-0.012704271726070849,True,0.0021969119552522898,0.8023218010872221,-0.8636928640138118,-0.004979263740854334,-0.009931592609685458,-0.004852691666185943,-0.009994047366241317,-0.0008886949755344629,0.7854882478713989,0.8708536028862,0.7970544844865799,0.8573220074176788,0.010852642004879114,True,0.005017120856791735,0.7899238078106144,0.8614612252240225,-0.014261353351930905,0.008278435612687263,-0.014170672375765145,0.008432718425322063,-0.0010481175312158251,-0.8088027238845825,0.8712475299835205,-0.7972364872694016,0.8577159345149994,-0.01013704549973561,True,0.009315259754657745,-0.7899238078106144,0.8614612252240225,0.014625358917574216,0.007490581418046149,0.014548676411127627,0.00763845194607811,-0.003211443033791654,-0.8086690902709961,-0.8435867428779602,-0.7971028536558151,-0.8571183383464813,0.004378604030390641,True,0.006758618168532848,-0.7899238078106144,-0.8614612252240225,0.014358091690401364,-0.008685773755082282,0.014319922610263958,-0.008748558689892865,-0.0005125144118119622,0.08443229697973502,2.4428650090342368e-05,1.6341067608380022,1.6358265338442908,0.0017197730062885608,1.6341067608380022,1.6341067626148467,1.6358265320797942,1.6358265338442908,4,12,96,4288,1072,120.0,2.347959999951854,2.7894229997400544,0.17575299989402993,0.5382680005823204,0.17575299989402993,5.901102999814611,125.90110299981461,0,0.5250433871761051,0.5250433871761051,2.112427066569106,2.137427066569106,0.0,0.016780865970338028,0.016780865970338028,0
1786206737.268246,22.670339303000002,RUNNING,4.138163999868993,1.5883090378552007,0.3904772102832794,0.7923282980918884,-0.8459911942481995,0.8038945347070694,-0.8595227897167206,-0.013485457372013301,True,0.008079901337623596,0.8015211633089566,-0.8652451198485256,-0.004746742796225556,-0.011444660263610018,-0.004591979386945144,-0.011507629687856845,0.0002830834933792159,0.7826998829841614,0.8719635605812073,0.7942661195993423,0.8584319651126862,0.012617378481254677,True,0.004625005181878805,0.7871363443261983,0.8626558524316291,-0.014259550546288136,0.00844777463788593,-0.014151829571843995,0.008627015583858462,-0.00369522224577917,-0.8056089878082275,0.8726920485496521,-0.7940427511930466,0.859160453081131,-0.011639715984776625,True,0.006004531867802143,-0.7871363443261983,0.8626558524316291,0.013812813733696583,0.006990798700996281,0.013730508969617654,0.0071510987375995125,-0.0009574373062301309,-0.8057109117507935,-0.8453861474990845,-0.7941446751356125,-0.8589177429676056,0.0038732960352764675,True,0.009445508010685444,-0.7871363443261983,-0.8626558524316291,0.014016661618828419,-0.0074762189280470626,0.013987598940295103,-0.007530453391548357,0.0002454475808592979,0.08422557569210443,9.521506611229828e-05,1.6251517131302013,1.6254484721955968,0.0002967590653955021,1.625448471492403,1.6254484721955968,1.6251517131302013,1.6251517138300196,4,12,96,4288,1072,120.0,1.4970049996918533,1.9028169999728561,0.1312710001002415,0.3661959999590181,0.1312710001002415,4.0033729997048795,124.00337299970488,0,0.5186307271975981,0.5186307271975981,2.0915291787443757,2.1165291787443765,0.0,0.016574066432672913,0.016574066432672913,0
1786206737.4700248,22.870046904000002,RUNNING,5.807817999993858,1.5819589801541578,0.38889196515083313,0.7909464836120605,-0.8475764393806458,0.8025127202272415,-0.8611080348491669,-0.014205439262100402,True,0.0028281130362302065,0.8008008033167222,-0.8668383182805287,-0.0034238338210386132,-0.011460566862723676,-0.003260691460327815,-0.011508045970085153,0.0013630563285098674,0.7793858647346497,0.8730828762054443,0.7909521013498306,0.8595512807369232,0.012236765606659492,True,0.003748479997739196,0.7843053484073635,0.8638691363968442,-0.013293505884934165,0.008635711319841866,-0.013186840084921615,0.008797730234959965,-0.0031243029338863916,-0.8025727868080139,0.8741025328636169,-0.791006550192833,0.8605709373950958,-0.011863060114625196,True,0.0056090871803462505,-0.7843053484073635,0.8638691363968442,0.013402403570938803,0.006596398003496651,0.013323208876555817,0.006754923636171772,-0.0006224211114572737,-0.8031007051467896,-0.84637051820755,-0.7915344685316086,-0.8599021136760712,0.005089232862553843,True,0.0018668790580704808,-0.7843053484073635,-0.8638691363968442,0.014458240248490073,-0.007934045441545967,0.014417674982085241,-0.008007523728502336,-0.0015784576600567659,0.08391868655469564,1.6959503865320938e-05,1.6152762974924664,1.61554332687446,0.0002670293819935221,1.6152762974924664,1.6152762981597089,1.6155433262066985,1.61554332687446,4,12,96,4288,1072,120.0,2.964631999930134,1.972260999991704,0.1268539999728091,0.38110599962237757,0.1268539999728091,5.655488999764202,125.6554889997642,0,0.5127759852108716,0.5127759852108716,2.069688565806245,2.094688565806245,0.0,0.016492112907434714,0.016492112907434714,0
1786206737.6705852,23.071167824,RUNNING,4.649294000046211,1.5778964152512538,0.38725224137306213,0.7896631956100464,-0.8492161631584167,0.8012294322252274,-0.8627477586269379,-0.014400057182992103,True,0.0008155300165526569,0.800152363890072,-0.868487237763283,-0.0021541366703106135,-0.011478958272690187,-0.0019886213886514026,-0.01150878676460458,0.0016549832098474186,0.777093768119812,0.8750700354576111,0.788660004734993,0.86153843998909,0.010786813572550465,True,0.005020161159336567,0.7814040643564576,0.8651125438472324,-0.014511880757070772,0.007148207716284771,-0.014433931609063965,0.00730432577090167,-0.0009493748827228516,-0.8008025884628296,0.8755003213882446,-0.7892363518476486,0.8619687259197235,-0.012126042460551514,True,0.004570569843053818,-0.7814040643564576,0.8651125438472324,0.01566457498238205,0.006287635855017681,0.015587181058980036,0.00647711823719064,-0.00022794759256779783,-0.7999602556228638,-0.8481184840202332,-0.7883940190076828,-0.8616500794887543,0.0035346156926928194,True,0.009846776723861694,-0.7814040643564576,-0.8651125438472324,0.01397990930245041,-0.006924928716956158,0.013955345062739734,-0.006974298962586082,0.0007534680947347701,0.08350907590634549,4.48286571704041e-05,1.601293010177225,1.60240731848763,0.0011143083104050433,1.601293010177225,1.6012930118104653,1.6024073168562463,1.60240731848763,4,12,96,4288,1072,120.0,1.6075699995781179,2.214609000020573,0.14730399971085717,0.45816800002285163,0.14730399971085717,4.497063000144408,124.49706300014441,0,0.5047306104737448,0.5047306104737448,2.0450745360870086,2.0700745360870085,0.0,0.016879374218968356,0.016879374218968356,0
1786206737.8713486,23.271120077000003,RUNNING,5.677731000105268,1.571091656036915,0.38502171635627747,0.7887688279151917,-0.8514466881752014,0.8003350645303726,-0.8649782836437225,-0.014207595215262237,True,0.011273249983787537,0.7995827054979748,-0.8701693139433339,-0.0015047180647955738,-0.010382060599222642,-0.001357067047226281,-0.010402390483431483,0.001366290258252619,0.7737951278686523,0.8764468431472778,0.7853613644838333,0.8629152476787567,0.009803079994776448,True,0.005229900125414133,0.7784715989023734,0.8663693147561256,-0.013779531162919856,0.006908134154737677,-0.01371114915207984,0.0070428819029679105,0.0005262254839381735,-0.7972965240478516,0.8763330578804016,-0.7857302874326706,0.8628014624118805,-0.012857487808798283,True,0.00591723108664155,-0.7784715989023734,0.8663693147561256,0.014517377060594416,0.007135704688490119,0.014424432398888895,0.007321766732879242,0.0008692204298023554,-0.7976529002189636,-0.8497922420501709,-0.7860866636037827,-0.863323837518692,0.0038188115519110603,True,0.000980913988314569,-0.7784715989023734,-0.8663693147561256,0.015230129402818537,-0.006090954474867072,0.015206758199239778,-0.00614907091448413,0.0003271743059074087,0.08305906750989608,0.0001157946935683999,1.5875939100205554,1.590658883124406,0.0030649731038505656,1.5875939100205554,1.5875939156333627,1.5906588775260433,1.590658883124406,4,12,96,4288,1072,120.0,1.95792500016978,2.7101549999315466,0.17348099981973064,0.4910329994345375,0.17348099981973064,5.498969000200304,125.4989690002003,0,0.49844742266084313,0.49844742266084313,2.0201208646814584,2.0451208646814583,0.0,0.01640294388338572,0.01640294388338572,0
1786206738.0723376,23.471450876000002,RUNNING,5.9651050000866235,1.5655735869483172,0.38347098231315613,0.7881709933280945,-0.8529974222183228,0.7997372299432755,-0.8665290176868439,-0.014117308534176396,True,0.001201821956783533,0.7990853695567267,-0.8718958313319016,-0.0013037207730974831,-0.01073362729011551,-0.001152065965606033,-0.010750962127559124,0.001230860236623858,0.7714657783508301,0.8774323463439941,0.783032014966011,0.863900750875473,0.01104012574059224,True,0.0053402092307806015,0.7754874991357192,0.8676482146561203,-0.015089031660583618,0.007494927561294551,-0.015005368849498981,0.007661052231490991,-0.0013293431347855145,-0.7941077947616577,0.8776404857635498,-0.7825415581464767,0.8641088902950287,-0.01379185114943871,True,0.006427688989788294,-0.7754874991357192,0.8676482146561203,0.014108118021515015,0.007078648722183223,0.014009151679332567,0.007272546394937364,0.0022707654407629974,-0.7951690554618835,-0.8506486415863037,-0.7836028188467026,-0.8641802370548248,0.006166836582155826,True,0.0014234649715945125,-0.7754874991357192,-0.8676482146561203,0.016230639421966675,-0.006935955202590938,0.016187558167195255,-0.007035914382787585,-0.0031948632394597394,0.0826963492451996,8.589742355295151e-05,1.577178848539392,1.5809393945439472,0.00376054600455511,1.577178848539392,1.577178856299363,1.5809393868008357,1.5809393945439472,4,12,96,4288,1072,120.0,2.0880109996141982,2.8938760001437913,0.17536900031700497,0.4994169999008591,0.17536900031700497,5.78496800017092,125.78496800017092,0,0.4919267369182321,0.4919267369182321,1.9955937336818816,2.020593733681881,0.0,0.017650527771663007,0.017650527771663007,0
1786206738.2727113,23.671618751,RUNNING,6.045782000001054,1.5604298682979472,0.38184091448783875,0.78861403465271,-0.8546274900436401,0.8001802712678909,-0.8681590855121613,-0.013692141613095685,True,0.0013154910411685705,0.7986602156600704,-0.873660714709981,-0.0030401112156410726,-0.011003258395639426,-0.002889172783291255,-0.011043851327909353,0.0005931098550027914,0.7685953974723816,0.8791252374649048,0.7801616340875626,0.8655936419963837,0.011354882458939534,True,0.005270862020552158,0.7724617062821175,0.8689449830219494,-0.015399855610890079,0.006702682051131559,-0.015322756312646048,0.006877109748876302,-0.0018014782123064559,-0.7918343544006348,0.8785224556922913,-0.7802681177854538,0.8649908602237701,-0.01469947850113229,True,0.006084662862122059,-0.7724617062821175,0.8689449830219494,0.01561282300667255,0.00790824559635861,0.015494893369440375,0.008136883317320072,0.0036322064683033672,-0.791733980178833,-0.8520175814628601,-0.780167743563652,-0.8655491769313812,0.0031325466949771157,True,0.011106968857347965,-0.7724617062821175,-0.8689449830219494,0.015412074563069034,-0.006791612181136442,0.0153907239374554,-0.006839857822908146,0.0013565715913083254,0.08227071884247338,0.0001444881838216807,1.5638567567913852,1.569678765413527,0.005822008622141661,1.5638567567913852,1.5638567696968226,1.5696787525455773,1.569678765413527,4,12,96,4288,1072,120.0,1.993029999994178,3.0436759998337948,0.1756569999997737,0.510745000156021,0.1756569999997737,5.863916000180325,125.86391600018032,0,0.4835393002656459,0.4835393002656459,1.9691143527691741,1.9941143527691738,0.0,0.01750144538745326,0.01750144538745326,0
1786206738.4722614,23.870859827,RUNNING,6.6765339997800766,1.5547212371613306,0.38070884346961975,0.7883813381195068,-0.8557595610618591,0.7999475747346878,-0.8692911565303802,-0.014990334919676461,True,0.002082922961562872,0.7983066916050574,-0.8754554420571892,-0.003281766259260799,-0.012328571053617843,-0.003096595055258175,-0.012376378835033976,0.002540399814873955,0.7657169103622437,0.8803085684776306,0.7772831469774246,0.8667769730091095,0.008952132204352084,True,0.004976734984666109,0.7694080603338138,0.8702536884283654,-0.015750173287221614,0.006953430838511743,-0.015687294975998266,0.0070941479643079714,0.0018026471695747198,-0.7890042662620544,0.8798747062683105,-0.7774380296468735,0.8663431107997894,-0.013350395948333696,True,0.005684354808181524,-0.7694080603338138,0.8702536884283654,0.01605993862611932,0.00782115525715188,0.015954095023510452,0.008034858443805514,0.001608582639105475,-0.7887980341911316,-0.8527835607528687,-0.7772317975759506,-0.8663151562213898,0.003297073475465296,True,0.001832445035688579,-0.7694080603338138,-0.8702536884283654,0.015647474484273616,-0.007877064413951196,0.015621418221811529,-0.00792861237902225,0.0011097814205760555,0.08190668818734757,8.981352948896876e-05,1.553601973832915,1.5598939532728189,0.006291979439903894,1.553601973832915,1.553601988781884,1.5598939383650576,1.5598939532728189,4,12,96,4288,1072,120.0,1.994598999772279,3.0900460001248575,0.21636299970850814,0.5656599996655132,0.21636299970850814,6.46577099996648,126.46577099996648,0,0.47533176687579665,0.47533176687579665,1.9429761753073116,1.9679761753073117,0.0,0.017863149168922978,0.017863149168922978,0
1786206738.6713135,24.070673380000002,RUNNING,6.093846999647212,1.5481039103656273,0.37760230898857117,0.7885489463806152,-0.8588660955429077,0.8001151829957962,-0.8723976910114288,-0.0131599417825706,True,0.0029059089720249176,0.7980203600025356,-0.8772919528132441,-0.004189645986521162,-0.009788523603630583,-0.004060470519154543,-0.009842809913550235,-0.00020518989078483624,0.7626310586929321,0.8816525340080261,0.7741972953081131,0.868120938539505,0.00959250508836602,True,0.0047571719624102116,0.7663056300259357,0.8715833014174561,-0.01578333056435488,0.006924725755902195,-0.01571617996088512,0.007075806521890424,0.0008420878435538145,-0.7854728102684021,0.8812944889068604,-0.7739065736532211,0.8677628934383392,-0.00902288712210595,True,0.006163579877465963,-0.7663056300259357,0.8715833014174561,0.015201887254570945,0.007640815958233738,0.015132327162550715,0.007777667983002085,-0.004882680600236142,-0.7858788371086121,-0.8538658022880554,-0.7743126004934311,-0.8673973977565765,0.005233968795096456,True,0.010723653249442577,-0.7663056300259357,-0.8715833014174561,0.016013940934990867,-0.008371807321759128,0.015969904010884425,-0.008455508736035545,-0.0017955615588706847,0.08133213476370263,0.00023299882377617037,1.5354272258955606,1.545721134807682,0.010293908912121452,1.5354272258955606,1.5354272530066082,1.5457211078103934,1.545721134807682,4,12,96,4288,1072,120.0,1.7755789999682747,2.686568999706651,0.21050700024716207,0.6014710002091306,0.21050700024716207,5.903054000100383,125.90305400010038,0,0.46910216714154,0.46910216714154,1.9129427547223854,1.9379427547223853,0.0,0.018070236913279136,0.018070236913279136,0
1786206738.8717911,24.27105509,RUNNING,6.007251000028191,1.5417482500115682,0.37508389353752136,0.7872818112373352,-0.8613845109939575,0.7988480478525162,-0.8749161064624786,-0.011230371192992894,True,0.002023654989898205,0.7978002109828205,-0.8791690481185052,-0.002095673739391346,-0.008505883312053042,-0.002000019367305623,-0.008528881630708645,-0.0030995457751513966,0.7594714760780334,0.882620632648468,0.7710377126932144,0.8690890371799469,0.010356476941341697,True,0.005431125871837139,0.763156086621788,0.8729331057335193,-0.01576325214285279,0.007688137107144888,-0.01568278620252999,0.007850973648099084,-0.00030386993590970045,-0.7822765111923218,0.8835207223892212,-0.7707102745771408,0.8699891269207001,-0.010258405709442652,True,0.00572147686034441,-0.763156086621788,0.8729331057335193,0.015108375910705574,0.00588795762563854,0.015047180954809617,0.006042632950437934,-0.00302940271923109,-0.7829458713531494,-0.8558560609817505,-0.7713796347379684,-0.8693876564502716,0.0033829772616442433,True,0.0021219009067863226,-0.763156086621788,-0.8729331057335193,0.016447096232360847,-0.007090898566495474,0.01642301381490592,-0.007146498036960149,0.0009809257413076343,0.0807334492027293,5.155507980733136e-05,1.517673144530373,1.526836561391912,0.009163416861538876,1.517673144530373,1.517673168946689,1.5268365370614978,1.526836561391912,4,12,96,4288,1072,120.0,1.9077460001426516,2.606469000056677,0.1754650002112612,0.5071949999546632,0.1754650002112612,5.828393999763648,125.82839399976365,0,0.46256001030772714,0.46256001030772714,1.8810562030436777,1.9060562030436776,0.0,0.017910550437015216,0.017910550437015216,0
1786206739.0725203,24.470966791000002,RUNNING,5.834859000060533,1.5360996708596568,0.37385669350624084,0.7862305641174316,-0.862611711025238,0.7977968007326126,-0.8761433064937592,-0.012762211397821232,True,0.0021806240547448397,0.797645834966056,-0.8810755570487359,-0.00030193153311319776,-0.009864501109953405,-0.00017601751396170267,-0.009867550994737184,-0.0008017854679088889,0.7566080689430237,0.8840941786766052,0.7681743055582047,0.8705625832080841,0.009782850905494437,True,0.0008883649716153741,0.7599776649568262,0.8742952864470745,-0.01639328120275696,0.007465406477980885,-0.0163194649627105,0.007625419713367128,0.0005565691178611894,-0.7794915437698364,0.8845168352127075,-0.7679253071546555,0.8709852397441864,-0.012191900534309807,True,0.002563619054853916,-0.7599776649568262,0.8742952864470745,0.01589528439565857,0.006620093405776295,0.015813393532554378,0.006813390323813618,-0.00012916048193035813,-0.7800854444503784,-0.856712281703949,-0.7685192078351974,-0.8702438771724701,0.005606551207254193,True,0.05293486639857292,-0.7599776649568262,-0.8742952864470745,0.017083085756742555,-0.008102818549208912,0.017037388638449332,-0.008198467893214071,-0.002354435177107291,0.08023847804257117,0.0001209363008262767,1.505447272663045,1.5165579131686426,0.011110640505597624,1.505447272663045,1.5054473021501888,1.5165578838059501,1.5165579131686426,4,12,96,4288,1072,120.0,1.9517480000104115,2.7887820001524233,0.18426499991619494,0.5146510006852623,0.18426499991619494,5.648672999996052,125.64867299999605,0,0.4525975727227763,0.4525975727227763,1.8515351964105162,1.8765351964105161,0.0,0.018907339511777546,0.018907339511777546,0
1786206739.270307,24.670362911,RUNNING,5.338609000318684,1.5294277188033767,0.37281253933906555,0.7857171297073364,-0.8636558651924133,0.7972833663225174,-0.8771874606609344,-0.01425447575283089,True,0.008305513300001621,0.7975551949545774,-0.8830093318814621,0.0005436572641199788,-0.011643742441055371,0.0007095718557687137,-0.011634810227759002,0.0014366110646055993,0.7528455853462219,0.8849223852157593,0.7644118219614029,0.8713907897472382,0.01038161487649459,True,0.0038081950042396784,0.7567732916602186,0.8756685892884776,-0.015277060602368664,0.008555599082478826,-0.015187418005567001,0.008713735744945253,-0.000341576838639039,-0.7765817642211914,0.8859851360321045,-0.7650155276060104,0.8724535405635834,-0.013832051522729842,True,0.006169211119413376,-0.7567732916602186,0.8756685892884776,0.016484471891583752,0.006430097449788397,0.016393956362462943,0.006657489132086572,0.0023310660006996943,-0.7753129601478577,-0.8582711219787598,-0.7637467235326767,-0.8718027174472809,0.0039049924742480795,True,0.0017312889685854316,-0.7567732916602186,-0.8756685892884776,0.013946863744916271,-0.007731743682393377,0.01391656508326551,-0.007786146991466646,0.00019790292240187994,0.07984460010133915,8.14415984997335e-05,1.4942211743347964,1.5032463140791874,0.009025139744391009,1.4942211743347964,1.4942211974383204,1.503246291054109,1.5032463140791874,4,12,96,4288,1072,120.0,1.9394270002521807,2.4505569999746513,0.15837699993426213,0.4556730004878773,0.15837699993426213,5.160679999789863,125.16067999978986,0,0.44357257629504554,0.44357257629504554,1.8208038515804725,1.8458038515804724,0.0,0.01769417889471535,0.01769417889471535,0
1786206739.471697,24.870774378,RUNNING,5.972048999865365,1.5230043873418466,0.3701876103878021,0.7866669297218323,-0.8662807941436768,0.7982331663370132,-0.8798123896121979,-0.012043060522838576,True,0.0009665769757702947,0.7975262330717257,-0.8849838682318882,-0.0014138665305751807,-0.010342957239380723,-0.0012892061524443256,-0.010359234070067079,-0.0018805117803828725,0.7494354844093323,0.8857578635215759,0.7610017210245132,0.8722262680530548,0.012534528459742619,True,0.004541127942502499,0.7535201821706938,0.8770627790697025,-0.014963077707638828,0.009673022033295453,-0.014840658670455678,0.009859812369841832,-0.0035709472135110817,-0.7735683917999268,0.887005627155304,-0.7620021551847458,0.8734740316867828,-0.013036522099973219,True,0.004306428134441376,-0.7535201821706938,0.8770627790697025,0.016963946028103916,0.007177494765839398,0.01686893761071251,0.007398029456819129,0.0011377718665647601,-0.7724451422691345,-0.8600056171417236,-0.7608789056539536,-0.8735372126102448,-0.0003755157828539517,True,0.010617919266223907,-0.7535201821706938,-0.8770627790697025,0.014717446966519443,-0.00705113291891557,0.014720093740486204,-0.0070456057882786775,0.006618665308054926,0.07925323640982213,8.324253118365975e-05,1.4771884309004049,1.488193994214592,0.011005563314187228,1.4771884309004049,1.4771884614509407,1.488193963782997,1.488193994214592,4,12,96,4288,1072,120.0,2.1253889999570674,2.589188000001741,0.16771999980846886,0.4851449998568569,0.16771999980846886,5.796776999886788,125.79677699988679,0,0.43668951160473346,0.43668951160473346,1.7872572331348786,1.8122572331348785,0.0,0.018419877740041453,0.018419877740041453,0
1786206739.6718066,25.070499090000002,RUNNING,7.36671300001035,1.5155015045690008,0.3681665360927582,0.786529541015625,-0.8683018684387207,0.798095777630806,-0.8818334639072418,-0.012762090521420997,True,0.002145997015759349,0.7975577523575144,-0.886981003883758,-0.0010760505465832182,-0.01029507995303236,-0.0009445797432818761,-0.010307973861371224,-0.0008019667825092409,0.7454590797424316,0.8875684142112732,0.7570253163576126,0.8740368187427521,0.01000036932620802,True,0.0034459689632058144,0.7502478264751555,0.8784652172249334,-0.013554979764914155,0.008856796964362701,-0.013465732207109754,0.008991906639950373,0.0002302914867908165,-0.7700424194335938,0.88744056224823,-0.7584761828184128,0.8739089667797089,-0.012498764000777478,True,0.005401523783802986,-0.7502478264751555,0.8784652172249334,0.016456712686514496,0.009112500890449127,0.016341535244132552,0.009317472339089444,0.0003311347177711484,-0.7703505158424377,-0.8615075945854187,-0.7587842792272568,-0.8750391900539398,-0.00028208299611057544,True,0.0014564900193363428,-0.7502478264751555,-0.8784652172249334,0.017072905504202485,-0.006852054341987213,0.01707483767294264,-0.0068472380931023655,0.006478516127939862,0.0785873395255131,0.00020993542281977655,1.4595205175645618,1.4751719589964538,0.01565144143189201,1.4595205175645618,1.45952056436104,1.4751719124365252,1.4751719589964538,4,12,96,4288,1072,120.0,4.210807000163186,2.3357349996331322,0.15220000022964086,0.4248220002409653,0.15220000022964086,7.207121000192274,127.20712100019227,0,0.42589322195586227,0.42589322195586227,1.7532135466335372,1.7782135466335367,0.0,0.018811195201924924,0.018811195201924924,0
1786206739.8744397,25.2710273,RUNNING,7.4356119998810755,1.5095740009814778,0.36719968914985657,0.7868846654891968,-0.8692687153816223,0.7984509021043777,-0.8828003108501434,-0.014189486175476626,True,0.0027282359078526497,0.7976484353494215,-0.8890141887658916,-0.0016049335099124207,-0.012427755831496246,-0.0014284343906696222,-0.0124492771585374,0.0013391266985742023,0.7423703670501709,0.8894312977790833,0.7539366036653519,0.8758997023105621,0.011473095355377346,True,0.004876953084021807,0.7469337340795846,0.8798855425373209,-0.01400573917153447,0.007971680453517482,-0.013913359537004542,0.00813184145123923,-0.001978797556963174,-0.7672027349472046,0.8877838253974915,-0.7556364983320236,0.8742522299289703,-0.011857571409541051,True,0.0052278838120400906,-0.7469337340795846,0.8798855425373209,0.017405528504877976,0.011266625216701076,0.01727071321070057,0.011472215631753834,-0.0006306541690834917,-0.7670992016792297,-0.8624699115753174,-0.7555329650640488,-0.8760015070438385,0.004284897173638251,True,0.009091665036976337,-0.7469337340795846,-0.8798855425373209,0.01719846196892827,-0.007768070986964748,0.017165018800771068,-0.007841693090421938,-0.00037195412668337676,0.07804995628998199,0.00021157334517589855,1.4462918255709085,1.465768501913766,0.019476676342857546,1.4462918255709085,1.4462918844630182,1.4657684433746225,1.465768501913766,4,12,96,4288,1072,120.0,2.1699989997614466,2.2881169998072437,0.1534470002297894,0.4233810000187077,0.1534470002297894,7.278195999788295,127.2781959997883,0,0.41287354512149266,0.41287354512149266,1.720085215074695,1.745085215074695,0.0,0.02073377115499552,0.02073377115499552,0
1786206740.0698888,25.470895026,RUNNING,4.988510999737628,1.5035746212875134,0.36534664034843445,0.7867269515991211,-0.8711217641830444,0.7982931882143021,-0.8846533596515656,-0.013383938002513827,True,0.0022405630443245173,0.7977960836727291,-0.8910671374448034,-0.0009942090831458472,-0.012827555586475636,-0.0008224419550970009,-0.01283971274038591,0.0001308044391300049,0.7405635714530945,0.8901033401489258,0.7521298080682755,0.8765717446804047,0.01149415519086013,True,0.0031566410325467587,0.7436040148624449,0.8813125650589522,-0.017051586411661157,0.009481640757095011,-0.016941478983140936,0.009677003692504547,-0.0020103873101873504,-0.7630103826522827,0.8886868953704834,-0.7514441460371017,0.8751552999019623,-0.007882495518340164,True,0.0023864260874688625,-0.7436040148624449,0.8813125650589522,0.015680262349313745,0.012314530313979777,0.015582706990397372,0.012437746059823458,-0.006593268005884822,-0.7635776400566101,-0.8632904291152954,-0.7520114034414291,-0.8768220245838165,0.005089948125930336,True,0.01612178422510624,-0.7436040148624449,-0.8813125650589522,0.01681477715796853,-0.00898108095027128,0.016768846304649053,-0.009066550585450004,-0.0015795305551215048,0.07756252693246503,0.0001549689125961089,1.4335970106586242,1.4552551533242475,0.02165814266562327,1.4335970106586242,1.433597075099008,1.4552550893029317,1.4552551533242475,4,12,96,4288,1072,120.0,1.6798619999462971,2.349463999962609,0.14848800037725596,0.4302640004425484,0.14848800037725596,4.828023000300163,124.82802300030016,0,0.4044443804882541,0.4044443804882541,1.6861669596176658,1.7111669596176655,0.0,0.0199378605722187,0.0199378605722187,0
1786206740.2713497,25.67043022,RUNNING,5.414133000158472,1.4977935750144773,0.3621082603931427,0.7867807745933533,-0.8743601441383362,0.7983470112085342,-0.8878917396068573,-0.012509792759263222,True,0.0026394310407340527,0.7979989209667598,-0.8931415562043442,-0.0006961804835488028,-0.010499633194973823,-0.0005647812004507299,-0.010507520482506227,-0.0011804134257459029,0.7379737496376038,0.8918732404708862,0.7495399862527847,0.8783416450023651,0.012472864035804193,True,0.004722225945442915,0.740255339668476,0.8827477115706531,-0.01856929316861744,0.008812133136576028,-0.01845793906456546,0.009043053946957959,-0.0034784505776034444,-0.7598191499710083,0.8904508352279663,-0.7482529133558273,0.8769192397594452,-0.007807477951693463,True,0.004786707926541567,-0.740255339668476,0.8827477115706531,0.015995147374702645,0.011656943622415872,0.015903649465689625,0.011781468831478912,-0.006705794355854874,-0.7606491446495056,-0.8645691275596619,-0.7490829080343246,-0.878100723028183,0.006214866821534571,True,0.009675310924649239,-0.740255339668476,-0.8827477115706531,0.017655136731697274,-0.009293977084940286,0.017597035313771082,-0.009403521214747957,-0.003266908598527857,0.07666942056364767,0.0002523842766928494,1.4084890699613455,1.435549673968181,0.02706060400683552,1.4084890699613455,1.408489150790189,1.4355495937543503,1.435549673968181,4,12,96,4288,1072,120.0,1.8758080000225164,2.5916530003087246,0.1710490000732534,0.4836740004066087,0.1710490000732534,5.235532000369858,125.23553200036986,0,0.3947943867191492,0.3947943867191492,1.6464811320479846,1.6714811320479845,0.0,0.020554131925206758,0.020554131925206758,0
1786206740.4734523,25.87063204,RUNNING,7.726730999820575,1.490664151503851,0.3599872291088104,0.7862452864646912,-0.8764811754226685,0.7978115230798721,-0.8900127708911896,-0.012519581664691939,True,0.011198812164366245,0.7982565041440887,-0.8952464244685453,0.0008899621284330639,-0.010467307154711447,0.0010209352664403407,-0.010455345180473813,-0.0011657300676028283,0.7338945269584656,0.8942060470581055,0.7454607635736465,0.8806744515895844,0.009122508033661169,True,0.0030477389227598906,0.736872822521534,0.8841973617764854,-0.01717588210422516,0.007045820373802192,-0.01711089275795083,0.007202212147946908,0.0015470834256110918,-0.7567690014839172,0.8928431272506714,-0.7452027648687363,0.8793115317821503,-0.00978917826886994,True,0.005701987072825432,-0.736872822521534,0.8841973617764854,0.016659884694404603,0.009771659988670356,0.016563431465113874,0.00993427576955228,-0.0037332438800901594,-0.7577066421508789,-0.866252601146698,-0.7461404055356979,-0.8797841966152191,0.0034122224997368486,True,0.010487223975360394,-0.736872822521534,-0.8841973617764854,0.018535166028327943,-0.00882633032253266,0.018504940779059356,-0.00888952492676903,0.0009370578841687263,0.07566460248379098,0.00011946615840701438,1.3831905122104293,1.4122341597555885,0.0290436475451592,1.3831905122104293,1.3831905989379052,1.412234073678863,1.4122341597555885,4,12,96,4288,1072,120.0,4.765938999753416,2.119533000040974,0.14199099996403675,0.39400400055455975,0.14199099996403675,7.577924000088387,127.57792400008839,0,0.38088309769253587,0.38088309769253587,1.6050173293037713,1.6300173293037716,0.0,0.02052940541418922,0.02052940541418922,0
1786206740.674094,26.071610028000002,RUNNING,6.63307500008159,1.4851185689892374,0.3583945333957672,0.7860279679298401,-0.8780738711357117,0.7975942045450211,-0.8916054666042328,-0.01412189158075002,True,0.005994995124638081,0.7985679466140595,-0.8973816642408678,0.0019474841380768826,-0.011552395273270122,0.00211042620114734,-0.011523742112154615,0.0012377348064842942,0.7315024733543396,0.8951734900474548,0.7430687099695206,0.8816418945789337,0.008714334449397476,True,0.020057089626789093,0.7334563293539061,0.8856615731340403,-0.01922476123122885,0.008039357110213086,-0.019153974515341936,0.008206580737976388,0.002159343802006631,-0.7536160945892334,0.8952292203903198,-0.7420498579740524,0.8816976249217987,-0.011477053086031638,True,0.02164200134575367,-0.7334563293539061,0.8856615731340403,0.01718705724029257,0.007927896424483105,0.017094938398930597,0.008124626725899066,-0.0012014316543476117,-0.7539117336273193,-0.8697762489318848,-0.7423454970121384,-0.8833078444004059,0.0022284034825220656,True,0.006467915140092373,-0.7334563293539061,-0.8856615731340403,0.017778335316464444,-0.00470745746726875,0.017767801068881286,-0.004747063050713796,0.0027127864099909006,0.07479055407950609,0.00039465526962533144,1.3624995320264737,1.3842561657589256,0.021756633732451958,1.3624995320264737,1.3624995944616485,1.3842561036577175,1.3842561657589256,4,12,96,4288,1072,120.0,1.9942450003327394,2.7607490001173574,0.1879770002233272,0.511642000219581,0.1879770002233272,6.198716999733733,126.19871699973373,0,0.3697509112681768,0.3697509112681768,1.562754838415243,1.5877548384152425,0.0,0.020838011112946777,0.020838011112946777,0
1786206740.8748631,26.270885241000002,RUNNING,7.35266399988177,1.4784579612630282,0.3565514385700226,0.7870907187461853,-0.8799169659614563,0.7986569553613663,-0.8934485614299774,-0.013414379695257246,True,0.011371908709406853,0.7989274471096347,-0.8995193175552278,0.0005409834965368621,-0.012141512250500863,0.000703800794269801,-0.012133163120743617,0.00017646697824513349,0.727599024772644,0.8963684439659119,0.739165261387825,0.8828368484973907,0.01027846227743428,True,0.0047064488753676414,0.7300500846177336,0.8871213923066856,-0.018230353540182875,0.008569087618589766,-0.018141315066519018,0.008756011676123832,-0.00018684794004857584,-0.7508589029312134,0.8966834545135498,-0.7392926663160324,0.8831518590450287,-0.014202908609325583,True,0.0043939207680523396,-0.7300500846177336,0.8871213923066856,0.01848516339659767,0.007939066523313887,0.018370544944863683,0.008200800051779152,0.002887351630593306,-0.7503421902656555,-0.8706766366958618,-0.7387759536504745,-0.8842082321643829,0.0019123707095532582,True,0.002852977951988578,-0.7300500846177336,-0.8871213923066856,0.017451738065481948,-0.005826320284605391,0.017440564076112025,-0.005859683803075607,0.0031868355694441124,0.07397815205170935,0.0001215881077410233,1.3447212944880884,1.3691064415579624,0.024385147069873936,1.3447212944880884,1.3447213652789818,1.3691063711638691,1.3691064415579624,4,12,96,4288,1072,120.0,2.6548880000518693,3.4515689999352617,0.19786599978033337,0.5462039998747059,0.19786599978033337,7.155597999826568,127.15559799982657,0,0.35824829927552804,0.35824829927552804,1.5232948485471054,1.5482948485471049,0.0,0.020143858935544767,0.020143858935544767,0
1786206741.0695696,26.470960269000003,RUNNING,4.846551999889925,1.4720405887895698,0.35465458035469055,0.7870710492134094,-0.8818138241767883,0.7986372858285904,-0.8953454196453094,-0.013873959465493352,True,0.01108994334936142,0.7993375783655418,-0.9016846206463721,0.001400585073902727,-0.012678402002125333,0.0015763442714903685,-0.012657750772332114,0.000865836633599292,0.7232614159584045,0.8982076048851013,0.7348276525735855,0.8846760094165802,0.013321970929116592,True,0.004934331867843866,0.7266133812713561,0.8885942651694188,-0.016428542604458807,0.007836511505677102,-0.01632269010846987,0.008054670217208628,-0.004752110917572042,-0.7487791180610657,0.8978060483932495,-0.7372128814458847,0.8842744529247284,-0.0142101194069657,True,0.005868492182344198,-0.7266133812713561,0.8885942651694188,0.021199000349057195,0.008639624489380715,0.021074094090678806,0.008939982403453083,0.0028981678270534805,-0.7476871609687805,-0.870829164981842,-0.7361209243535995,-0.8843607604503632,0.0009624277256736638,True,0.010407187975943089,-0.7266133812713561,-0.8885942651694188,0.019015086164486883,-0.008467009438111184,0.019006928474584173,-0.008485306160060794,0.004611750045263504,0.07315856155892096,0.00015484342259067355,1.3254597086027762,1.3570816799859904,0.03162197138321421,1.3254597086027762,1.3254598003983822,1.3570815887835688,1.3570816799859904,4,12,96,4288,1072,120.0,1.8552309998085548,2.206161000231077,0.14064700008020736,0.3964039997299551,0.14064700008020736,4.695952000020043,124.69595200002004,0,0.34438924327322684,0.34438924327322684,1.483405015964825,1.5084050159648252,0.0,0.02289193585341428,0.02289193585341428,0
1786206741.271082,26.673249744000003,RUNNING,4.22565599956215,1.465304678678519,0.3524937331676483,0.7877967357635498,-0.8839746713638306,0.7993629723787308,-0.8975062668323517,-0.013718774431237176,True,0.0025897331070154905,0.7998007257220896,-0.9038918153312748,0.0008755066867176531,-0.012771096997846287,0.0010506226040477677,-0.012757884723995184,0.0006330590822150274,0.7200382947921753,0.8993611335754395,0.7316045314073563,0.8858295381069183,0.012620282724542433,True,0.003981931135058403,0.7231235227912932,0.8900899188037315,-0.016962017232126092,0.00852076139362623,-0.01685313490347492,0.008734142615925686,-0.003699578610710805,-0.7452656030654907,0.9008738398551941,-0.7336993664503098,0.887342244386673,-0.01550123803527756,True,0.005741668865084648,-0.7231235227912932,0.8900899188037315,0.021151687318033074,0.005495348834116953,0.02106396481764937,0.005822552822371076,0.00483484576952127,-0.7428102493286133,-0.8715558052062988,-0.7312440127134323,-0.88508740067482,0.0038353707871681495,True,0.01046389527618885,-0.7231235227912932,-0.8900899188037315,0.01624097984427819,-0.010005036257823008,0.01620248746174737,-0.010067252697460359,0.00030233545302177497,0.07224134269683387,0.00022016398036270635,1.3035837688387488,1.335139577806277,0.031555808967528076,1.3035837688387488,1.3035838570579121,1.3351394900870368,1.335139577806277,4,12,96,4288,1072,120.0,1.376519000132248,2.043304999915563,0.1436229999853822,0.42338199955338496,0.1436229999853822,4.093968999768549,124.09396899976855,0,0.3328243836642102,0.3328243836642102,1.4398282294211349,1.464828229421135,0.0,0.021853895195330094,0.021853895195330094,0
1786206741.4713244,26.871036972000002,RUNNING,5.264334000003146,1.4574697878636265,0.350631445646286,0.7874143719673157,-0.8858369588851929,0.7989806085824966,-0.899368554353714,-0.011915583971376906,True,0.016179867088794708,0.8002991117425594,-0.9060658574454621,0.0026370063201255345,-0.013394606183496194,0.002796419897720526,-0.013362234577306642,-0.0020717266075753766,0.7168124318122864,0.9000591039657593,0.7283786684274673,0.8865275084972382,0.011636406996967308,True,0.004260986112058163,0.71969856306981,0.8915577586843672,-0.017360210715314794,0.010060500374257986,-0.017241969955497313,0.010261825174612146,-0.002223765019348116,-0.7406520247459412,0.9040012359619141,-0.7290857881307602,0.8904696404933929,-0.015463490439138911,True,0.006398375146090984,-0.71969856306981,0.8915577586843672,0.018774450121900488,0.0021762363819484154,0.018738554628371203,0.002466283156775247,0.004778224375313298,-0.739879310131073,-0.8729676008224487,-0.728313073515892,-0.8864991962909698,0.007619147487012467,True,0.0018366059521213174,-0.71969856306981,-0.8915577586843672,0.01722902089216416,-0.010117124786794607,0.017151437690026288,-0.010248100312709115,-0.005373329596744703,0.07131999169697584,0.00039549591933685945,1.2836285355646897,1.3109560422651005,0.027327506700410842,1.2836285355646897,1.2836286110930637,1.3109559670568935,1.3109560422651005,4,12,96,4288,1072,120.0,1.7051109998647007,2.6728079997155874,0.14947899990147562,0.42286899997634464,0.14947899990147562,5.108388999815361,125.10838899981536,0,0.32204409027567454,0.32204409027567454,1.3963182233612645,1.4213182233612645,0.0,0.02006466007338713,0.02006466007338713,0
1786206741.6744125,27.071114237000003,RUNNING,7.116011000107392,1.4496436342086882,0.3480278551578522,0.7880140542984009,-0.8884405493736267,0.7995802909135818,-0.9019721448421478,-0.01124429488772104,True,0.002587652998045087,0.8008474963862041,-0.9082796744193904,0.0025344109452445363,-0.012615059154485131,0.0026760951849809696,-0.012585764612110624,-0.0030786602330591783,0.7136129140853882,0.9017124176025391,0.7251791507005692,0.8881808221340179,0.01072160007003452,True,0.0049082511104643345,0.7162230339227427,0.8930472711759674,-0.017912233555652968,0.009732898083898878,-0.017806853794110525,0.00992438280292504,-0.0008515546289489338,-0.7360281944274902,0.9044184684753418,-0.7244619578123093,0.8908868730068207,-0.01344797087376603,True,0.005995666142553091,-0.7162230339227427,0.8930472711759674,0.016477847779133192,0.004320796338293409,0.01641825361739979,0.004541992578597314,0.0017549450272539764,-0.7373033165931702,-0.8753816485404968,-0.7257370799779892,-0.8889132440090179,0.00878006922222235,True,0.010705762542784214,-0.7162230339227427,-0.8930472711759674,0.019028092110493056,-0.008268054333898878,0.018954765524372114,-0.008434801464752237,-0.007114712199559526,0.07017924761966143,0.0001936898686199516,1.2583751637584106,1.2906406242121684,0.03226546045375778,1.2583751637584106,1.258375254333804,1.2906405340348253,1.2906406242121684,4,12,96,4288,1072,120.0,2.539169999636215,3.2473020000907127,0.18189799993706401,0.5030659995099995,0.18189799993706401,6.930370000191033,126.93037000019103,0,0.30937298489531484,0.30937298489531484,1.3514002505518476,1.3764002505518476,0.0,0.020746783168330268,0.020746783168330268,0
1786206741.872876,27.271724810000002,RUNNING,6.17029899967747,1.4438410602364598,0.34497806429862976,0.7881057858467102,-0.8914903402328491,0.7996720224618912,-0.9050219357013702,-0.013182405230567941,True,0.0016023849602788687,0.8014404013326498,-0.9105126639976262,0.0035367577415172935,-0.010981456592511929,0.003681208262672466,-0.010933880827146334,-0.0001714947187888248,0.710797131061554,0.9041741490364075,0.7223633676767349,0.8906425535678864,0.010419234527895947,True,0.003585910890251398,0.712729168473182,0.894544642082922,-0.019268398407105813,0.007804177030071191,-0.01918604044404232,0.008004511750957767,-0.000398006315741075,-0.7330438494682312,0.9046539068222046,-0.7214776128530502,0.8911223113536835,-0.013490479899954461,True,0.005055585876107216,-0.712729168473182,0.894544642082922,0.01749688875973643,0.006844661458476953,0.01740296166077795,0.007080072894062856,0.0018187085665366236,-0.7331120371818542,-0.8771532773971558,-0.7215458005666733,-0.8906848728656769,0.0056380652459636065,True,0.009958877228200436,-0.712729168473182,-0.894544642082922,0.017633264186982522,-0.007719538434490136,0.017589460895787983,-0.007818832708597635,-0.0024017062351714105,0.06882315102475767,0.00013339846556718985,1.228412696969046,1.271525805186751,0.043113108217704976,1.228412696969046,1.22841281210385,1.2715256906332715,1.271525805186751,4,12,96,4288,1072,120.0,2.008551000017178,3.153536999889184,0.1793689998521586,0.5101060005472391,0.1793689998521586,5.990162000216515,125.99016200021651,0,0.2946484151878911,0.2946484151878911,1.3051639125154666,1.3301639125154665,0.0,0.020788851730955432,0.020788851730955432,0
1786206742.0724993,27.470620574,RUNNING,4.95209300015631,1.436119284378029,0.3428114950656891,0.7891589403152466,-0.8936569094657898,0.8007251769304276,-0.9071885049343109,-0.013130105436487498,True,0.007673352025449276,0.8020692160670363,-0.9127382253594932,0.002688078273217487,-0.011099440850364628,0.0028335792058350284,-0.011063190357123316,-0.0002499444099094885,0.7066594362258911,0.9053751230239868,0.7182256728410721,0.8918435275554657,0.006720369622623653,True,0.021602991968393326,0.7092581302178435,0.8960322299066386,-0.01793508524645726,0.008377404702345714,-0.017878381411253513,0.008497745021964228,0.005150291042167366,-0.7294597029685974,0.9047293663024902,-0.7178934663534164,0.8911977708339691,-0.012639066857079405,True,0.022155659273266792,-0.7092581302178435,0.8960322299066386,0.01727067227114598,0.009668918145338878,0.017147089979763726,0.009886425239917637,0.000541589002224039,-0.7293995022773743,-0.8787331581115723,-0.7178332656621933,-0.8922647535800934,0.003931523810711725,True,0.0104140043258667,-0.7092581302178435,-0.8960322299066386,0.017150270888699692,-0.007534952653090343,0.017120514574582482,-0.007602320944396007,0.00015810591770641123,0.06780671871336122,0.00030384212234001775,1.2081543788779188,1.2575614294814308,0.049407050603512026,1.2081543788779188,1.208154509581431,1.2575612993533059,1.2575614294814308,4,12,96,4288,1072,120.0,1.575217000208795,2.344600000014907,0.17332099969280534,0.40923599954112433,0.17332099969280534,4.653805000089051,124.65380500008905,0,0.2820205706498998,0.2820205706498998,1.2616908141533796,1.2866908141533793,0.0,0.01979515577975008,0.01979515577975008,0
1786206742.271201,27.670381594000002,RUNNING,5.828873999689677,1.4282559467529563,0.34132763743400574,0.7896835803985596,-0.8951407670974731,0.8012498170137405,-0.9086723625659943,-0.014041988284243306,True,0.007592419162392616,0.8027402455896024,-0.9149836910592739,0.0029808571517238036,-0.012622656986559289,0.003157804654389649,-0.01257955676977659,0.0011178798617242228,0.7023590803146362,0.907177209854126,0.7139253169298172,0.8936456143856049,0.007942634662713005,True,0.004913979209959507,0.7057668713680705,0.8975284836993982,-0.016316891123493438,0.007765738627586671,-0.01625469667074301,0.007895091418727641,0.003316893482033338,-0.725895881652832,0.9054999947547913,-0.7143296450376511,0.8919683992862701,-0.014376581622378214,True,0.004961085040122271,-0.7057668713680705,0.8975284836993982,0.017125547339161162,0.011120168826256105,0.0169639130556656,0.011365218001873355,0.003147861150172253,-0.7266972064971924,-0.8798739910125732,-0.7151309698820114,-0.8934055864810944,0.0019845113981616525,True,0.010206249542534351,-0.7057668713680705,-0.8975284836993982,0.018728197027881865,-0.008245794436607667,0.018711796287095257,-0.008282944495540298,0.0030786245365315205,0.06682965592491655,0.00040777305716944426,1.1877007152999015,1.2425539508888215,0.05485323558891997,1.1877007152999015,1.1877008600354138,1.2425538066716644,1.2425539508888215,4,12,96,4288,1072,120.0,1.8799370000124327,2.6934810002785525,0.18234599974675803,0.5280609998408181,0.18234599974675803,5.6387840004390455,125.63878400043905,0,0.2656232731632251,0.2656232731632251,1.2174316703502814,1.2424316703502816,0.0,0.020463100688946266,0.020463100688946266,0
1786206742.4713674,27.870299327,RUNNING,6.118072999925062,1.4211690997651591,0.33905038237571716,0.7900096774101257,-0.8974180221557617,0.8015759140253067,-0.9109496176242828,-0.013969717024013305,True,0.002862387103959918,0.8034498201686904,-0.9172397092518002,0.003747812286767349,-0.012580183255034738,0.003923182478476328,-0.012526601570564821,0.0010094729713792207,0.6987047791481018,0.9083433747291565,0.7102710157632828,0.8948117792606354,0.011628952812812272,True,0.004820950794965029,0.7022696733920066,0.8990272828319972,-0.016002684742552287,0.008431007142723601,-0.015903561138408604,0.008616527347317582,-0.0022125837431155627,-0.7224633693695068,0.9066990613937378,-0.7108971327543259,0.8931674659252167,-0.011032539493451777,True,0.005792904179543257,-0.7022696733920066,0.8990272828319972,0.01725491872463847,0.011719633813561003,0.01712457392747515,0.011909282292408726,-0.001868202043217403,-0.7226257920265198,-0.8812816143035889,-0.7110595554113388,-0.89481320977211,-0.0006137014498701947,True,0.00937353540211916,-0.7022696733920066,-0.8990272828319972,0.017579764038664347,-0.008428146119774382,0.017584933093304594,-0.008417355806628652,0.00697594380857929,0.06574296137378133,0.0005600755524616135,1.165206629842778,1.2240695809300992,0.058862951087321314,1.165206629842778,1.165206778594982,1.2240694325678287,1.2240695809300992,4,12,96,4288,1072,120.0,2.056040999832476,2.984664999985398,0.19184999973731465,0.6108469997343491,0.19184999973731465,5.908557000111614,125.90855700011161,0,0.25284718141603724,0.25284718141603724,1.1716027022967879,1.1966027022967878,0.0,0.02085862020647199,0.02085862020647199,0
1786206742.672862,28.071256569000003,RUNNING,6.618802000048163,1.4153091254697068,0.33703795075416565,0.7904168963432312,-0.8994304537773132,0.8019831329584122,-0.9129620492458344,-0.012242663503443628,True,0.011003602296113968,0.8041998035214116,-0.9195148381742027,0.004433341125998913,-0.013105577856736605,0.00459345206103915,-0.013050321170813894,-0.0015811073094752943,0.6961809396743774,0.9089714884757996,0.7077471762895584,0.8954398930072784,0.013436646517280104,True,0.002614533994346857,0.6987530246989578,0.900534417986161,-0.01798830318120115,0.01018904995776504,-0.017849776827231587,0.010429825386777544,-0.00492412429981731,-0.7191272974014282,0.9073857069015503,-0.7075610607862473,0.8938541114330292,-0.007377574578501489,True,0.005369233898818493,-0.6987530246989578,0.900534417986161,0.017616072174578834,0.013360613106263575,0.017517024742174734,0.013490212215427556,-0.007350649415642834,-0.7183866500854492,-0.8826996684074402,-0.7068204134702682,-0.8962312638759613,0.003689862322415645,True,0.009952668100595474,-0.6987530246989578,-0.900534417986161,0.016134777542620826,-0.008606308220399317,0.016102911684192717,-0.008665784605300545,0.0005205981501505319,0.06481900169470453,0.0006249990670700867,1.1474966502850255,1.2092990228701979,0.061802372585172405,1.1474966502850255,1.14749679843549,1.2092988749480418,1.2092990228701979,4,12,96,4288,1072,120.0,2.5394259996573965,2.8508340001280885,0.1908580002236704,0.5209870005273842,0.1908580002236704,6.42074400002457,126.42074400002457,0,0.24133312761259407,0.24133312761259407,1.126898475712552,1.1518984757125517,0.0,0.022109545030036974,0.022109545030036974,0
1786206742.8747275,28.271592243,RUNNING,4.817878000267228,1.4083646416629314,0.33527448773384094,0.7908545136451721,-0.9011939167976379,0.8024207502603531,-0.9147255122661591,-0.013626789777282142,True,0.0026578321121633053,0.8049825012329992,-0.9217888137338621,0.005123501945292208,-0.01412660293540613,0.005315520553633556,-0.014055476652249732,0.0004950821012824763,0.6929676532745361,0.9101731777191162,0.7045338898897171,0.8966415822505951,0.011387008528818033,True,0.004703951999545097,0.6952479472808788,0.9020365940224805,-0.01857188521767661,0.010790023543770788,-0.01844781774364678,0.011000797657937076,-0.0018496673171242042,-0.7153960466384888,0.9085444808006287,-0.7038298100233078,0.8950128853321075,-0.010996766810758306,True,0.006389126181602478,-0.6952479472808788,0.9020365940224805,0.017163725484858006,0.014047417380745886,0.017008214640454163,0.014235309702731671,-0.0019218610672576096,-0.7156655788421631,-0.8835211992263794,-0.7040993422269821,-0.8970527946949005,0.005591266929094198,True,0.010515608824789524,-0.6952479472808788,-0.9020365940224805,0.01770278989220664,-0.009967598655159948,0.017646781963924038,-0.010066423358655506,-0.0023315087598672984,0.06384934392609762,0.0006707025001646446,1.128150219173787,1.1943511045112671,0.06620088533748003,1.128150219173787,1.128150375225198,1.1943509485117028,1.1943511045112671,4,12,96,4288,1072,120.0,1.7488570001660264,2.2115050001048076,0.14906399974279338,0.42510999946898664,0.14906399974279338,4.668110999773489,124.66811099977349,0,0.2271394144328585,0.2271394144328585,1.0816742304045048,1.1066742304045047,0.0,0.022179346419325476,0.022179346419325476,0
1786206743.0747616,28.476272746000003,RUNNING,4.891066000254796,1.4008743672520838,0.3330424129962921,0.7916054129600525,-0.9034259915351868,0.8031716495752335,-0.9169575870037079,-0.012753471552936081,True,0.010945486836135387,0.8058166268535268,-0.9241166341990386,0.005289954556586762,-0.01431809439066134,0.005472124813505601,-0.014249466523910891,-0.0008148952352366144,0.6893726587295532,0.9126988053321838,0.7009388953447342,0.8991672098636627,0.010507297401165284,True,0.0044501470401883125,0.6916696033901817,0.9035701699756364,-0.01853858390910501,0.008805920223947439,-0.01844503583795569,0.009000220957397874,-0.0005301006256450804,-0.7115001678466797,0.910621166229248,-0.6999339312314987,0.8970895707607269,-0.013993969376117913,True,0.006081557832658291,-0.6916696033901817,0.9035701699756364,0.016528655682634064,0.01296119842981902,0.01634566460194988,0.013191223299329632,0.0025739427807818013,-0.7123666405677795,-0.885304868221283,-0.7008004039525986,-0.8988364636898041,0.004494009831287806,True,0.001244639977812767,-0.6916696033901817,-0.9035701699756364,0.01826160112483377,-0.009467412571664724,0.018218870216399254,-0.009549384508053146,-0.00068562311315771,0.06228814954576928,0.000985255392330593,1.0962319210210092,1.16711385853244,0.0708819375114309,1.0962319210210092,1.0962320845996878,1.1671136947454381,1.16711385853244,4,12,96,4288,1072,120.0,1.4650349999101309,2.628006999657373,0.19837799982269644,0.5081859994788829,0.19837799982269644,4.732658000193624,124.73265800019362,0,0.2088548952736828,0.2088548952736828,1.0303290924584492,1.0553290924584486,0.0,0.02100450245571683,0.02100450245571683,0
1786206743.2728465,28.670155318000003,RUNNING,6.506604000151128,1.3932319789504561,0.33036336302757263,0.7928764224052429,-0.9061050415039062,0.8044426590204239,-0.9196366369724274,-0.013780444873178508,True,0.0078877629712224,0.8066373222294109,-0.9263244523368543,0.00438932641797396,-0.013375630728853949,0.004573225964717711,-0.013313875772058935,0.0007255647451270258,0.6853646636009216,0.914286196231842,0.6969309002161026,0.9007546007633209,0.009436775076201817,True,0.0041880859062075615,0.6882844740964971,0.9050209396729298,-0.017292852239211065,0.008532677819217849,-0.0172115624908466,0.00869548422788759,0.0010756828618001194,-0.7078670859336853,0.913486659526825,-0.6963008493185043,0.8999550640583038,-0.013699837674227692,True,0.009681710042059422,-0.6882844740964971,0.9050209396729298,0.016032750444014532,0.010131751229252028,0.01589244690439537,0.010350439660346425,0.00213274522794647,-0.7083674073219299,-0.8876952528953552,-0.696801170706749,-0.9012268483638763,0.0036421170334768986,True,0.010488663800060749,-0.6882844740964971,-0.9050209396729298,0.01703339322050379,-0.007588182618107009,0.01700564325844214,-0.007650169763910288,0.0005922160835586513,0.060518000307630604,0.0013746787667677169,1.063368605204825,1.1336926200963455,0.07032401489152051,1.063368605204825,1.0633687632530284,1.133692461462974,1.1336926200963455,4,12,96,4288,1072,120.0,2.7742850002141495,2.6993050000783114,0.17424899988327525,0.4835770000681805,0.17424899988327525,6.322561999695608,126.32256199969561,0,0.19518552889997567,0.19518552889997573,0.9792122227256379,1.0042122227256378,0.0,0.01928339517133224,0.01928339517133224,0
1786206743.4713495,28.870313315,RUNNING,6.505004000246117,1.3869496628559292,0.32698383927345276,0.7943180203437805,-0.9094845652580261,0.8058842569589615,-0.9230161607265472,-0.013692884941724612,True,0.00243769190274179,0.8075142140267528,-0.9286051438560435,0.0032599141355826866,-0.011177966258992589,0.0034126623543527853,-0.011132282134123797,0.0005942248479461819,0.6823529601097107,0.916209876537323,0.6939191967248917,0.9026782810688019,0.011862763069991985,True,0.005126469768583775,0.6847962212867147,0.9065159051628366,-0.018245950876353945,0.007675248188069528,-0.01815361954406635,0.007891150459855523,-0.0025632991288851315,-0.7045964002609253,0.9152938723564148,-0.6930301636457443,0.9017622768878937,-0.013073183368047466,True,0.005797511897981167,-0.6847962212867147,0.9065159051628366,0.016467884718059267,0.009507256549885934,0.016342190922595975,0.009721725672022464,0.0011927637686761309,-0.7051020264625549,-0.8893455862998962,-0.693535789847374,-0.9028771817684174,0.004629924319520752,True,0.010191624984145164,-0.6847962212867147,-0.9065159051628366,0.017479137121318544,-0.007277446788838571,0.017445255871027437,-0.007358295581492739,-0.0008894948455071294,0.0586195046298179,0.001527768770432662,1.0286428332790827,1.106593824709246,0.07795099143016326,1.0286428332790827,1.0286430060595788,1.106593650968119,1.106593824709246,4,12,96,4288,1072,120.0,2.6591120004013646,2.863922999949864,0.18244100010633701,0.48856900048122043,0.18244100010633701,6.316067000170733,126.31606700017073,0,0.18165346411652386,0.18165346411652386,0.9278598056932279,0.9528598056932278,0.0,0.01979454869732538,0.01979454869732538,0
1786206743.6710424,29.070844962000002,RUNNING,6.508523999855242,1.378689586318068,0.3254620134830475,0.7945125102996826,-0.9110063910484314,0.8060787469148636,-0.9245379865169525,-0.014673628180432718,True,0.008916807360947132,0.8084213408158152,-0.9308900678757157,0.00468518780190319,-0.01270416271752639,0.004871092884917207,-0.012634048804678527,0.0020653397060083414,0.6771953701972961,0.9181439876556396,0.6887616068124771,0.9046123921871185,0.014779616412726198,True,0.00449798908084631,0.6813099564079617,0.908010018682302,-0.014903300809030906,0.0067952529903669845,-0.014801245545696139,0.007014767886649058,-0.006938579142986451,-0.7014937996864319,0.9170724153518677,-0.6899275630712509,0.9035408198833466,-0.011696070883478116,True,0.0057748230174183846,-0.6813099564079617,0.908010018682302,0.017235213326578513,0.00893839759791093,0.017129492719688888,0.00913936590782615,-0.0008729049581778939,-0.7018454670906067,-0.8902850151062012,-0.6902792304754257,-0.9038166105747223,0.002418243533204077,True,0.0007302769809029996,-0.6813099564079617,-0.908010018682302,0.017938548134928123,-0.008386816215159465,0.0179182143392106,-0.008430171428274912,0.002428026333967884,0.05716882480043506,0.0017602439168916636,1.0038357017712625,1.0863895653074003,0.0825538635361378,1.0038357017712625,1.0038358780108343,1.0863893876202686,1.0863895653074003,4,12,96,4288,1072,120.0,3.773728000396659,1.9763889999921957,0.13507899984688265,0.36312099973656586,0.13507899984688265,6.364804999975604,126.3648049999756,0,0.16323414899421962,0.16323414899421962,0.8794742529482483,0.9044742529482483,0.0,0.0198022775310315,0.0198022775310315,0
1786206743.8709152,29.270619932000002,RUNNING,6.556943000305182,1.3732209430457094,0.3224201500415802,0.7947942018508911,-0.9140482544898987,0.8063604384660721,-0.9275798499584198,-0.014039100294530468,True,0.0007798480219207704,0.809351908302593,-0.9331648734531865,0.005982939673041754,-0.0111700469895335,0.006139162333653815,-0.011084953888974442,0.0011135478771549662,0.6740102171897888,0.9187777042388916,0.6855764538049698,0.9052461087703705,0.008559226305176514,True,0.004520295187830925,0.6778472512415401,0.9094940351821971,-0.015458405126859365,0.008495852823653172,-0.015385121847106888,0.008627851993222987,0.002392006018338074,-0.6992107033729553,0.918529212474823,-0.6876444667577744,0.9049976170063019,-0.010812502686101686,True,0.005288717802613974,-0.6778472512415401,0.9094940351821971,0.019594431032468496,0.008992836351790379,0.019496052476469846,0.009204171389700477,-0.0021982572542425397,-0.6986750960350037,-0.8910899758338928,-0.6871088594198227,-0.9046215713024139,0.0027920523888831823,True,0.007629733998328447,-0.6778472512415401,-0.9094940351821971,0.018523216356565175,-0.009744927759566258,0.01849593584374195,-0.009796607499306605,0.0018673130504492257,0.055793527540301674,0.0019357297091540562,0.9793947551146496,1.0682339931829987,0.08883923806834915,0.9793947551146496,0.9793949370253481,1.068233809308606,1.0682339931829987,4,12,96,4288,1072,120.0,1.857759000358783,3.5185159999855387,0.1865059998635843,0.5789429997093976,0.1865059998635843,6.374308999966161,126.37430899996616,0,0.15311299068017356,0.15311299068017356,0.831940451769526,0.8569404517695259,0.0,0.02155951838831858,0.02155951838831858,0
1786206744.0741231,29.471718295000002,RUNNING,6.307682000169734,1.3659341600536217,0.31926193833351135,0.796678900718689,-0.9172064661979675,0.8082451373338699,-0.9307380616664886,-0.01316523769689071,True,0.001407847972586751,0.8103141054287238,-0.9354517537701736,0.004137936189707814,-0.009427384207369993,0.004261687762805898,-0.009372091885796534,-0.00019724601930467146,0.6714422702789307,0.919100284576416,0.6830085068941116,0.9055686891078949,0.011587535329485948,True,0.004643469117581844,0.67437406019929,0.9109825456288756,-0.017268893389643214,0.010827713041961395,-0.01714227034736067,0.011027085560560555,-0.0021504575181260773,-0.6944854855537415,0.923283040523529,-0.6829192489385605,0.9097514450550079,-0.01138441122034616,True,0.0052803331054747105,-0.67437406019929,0.9109825456288756,0.01709037747854092,0.002462201147735321,0.01706123988797274,0.002656601275309453,-0.001340394452875828,-0.6955485343933105,-0.892201840877533,-0.6839822977781296,-0.9057334363460541,0.004290572111508973,True,0.008861061185598373,-0.67437406019929,-0.9109825456288756,0.019216475157679103,-0.010498218565643036,0.01917125505422018,-0.01058057135431483,-0.0003804665334894608,0.05401180781681259,0.0023945543295528704,0.9486004207110802,1.0325228564590991,0.08392243574801894,0.9486004207110802,0.9486005918133196,1.0325226828766094,1.0325228564590991,4,12,96,4288,1072,120.0,2.1228290001999994,3.0839650003144925,0.20081000002392102,0.5790380000689765,0.20081000002392102,6.099575000007462,126.09957500000746,0,0.1381071262726572,0.1381071262726572,0.779434709309488,0.8044347093094879,0.0,0.021897157590374836,0.021897157590374836,0
1786206744.2696793,29.670946256,RUNNING,4.8318310000468045,1.36122852899952,0.3179886043071747,0.7979806065559387,-0.9184798002243042,0.8095468431711197,-0.9320113956928253,-0.012777383696249799,True,0.0021766230929642916,0.8112909531089998,-0.937712934498031,0.003488219875760201,-0.01140307761041126,0.003633632666973742,-0.011357577670093759,-0.000779027020266038,0.668656587600708,0.9207831025123596,0.680222824215889,0.9072515070438385,0.009428423142153287,True,0.004995870869606733,0.6709474317913435,0.9124511006608528,-0.018550784849090896,0.01039918723402855,-0.01845191383275922,0.010573627076555691,0.0010882107628729142,-0.6925669312477112,0.9244763255119324,-0.6810006946325302,0.9109447300434113,-0.01222516553302814,True,0.007835855707526207,-0.6709474317913435,0.9124511006608528,0.020106525682373366,0.003012741234883043,0.020068192851105265,0.0032583155855674655,-7.926298385285777e-05,-0.6914467811584473,-0.8945258855819702,-0.6798805445432663,-0.9080574810504913,0.0030496479411178147,True,0.0009703219984658062,-0.6709474317913435,-0.9124511006608528,0.017866225503845534,-0.008787239220722887,0.017839344478352677,-0.0088416839719105,0.0014809197220972772,0.05250777321612544,0.002208337609422359,0.9248663254489513,1.008952379395731,0.0840860539467796,0.9248663254489513,0.924866489571749,1.0089522125034698,1.008952379395731,4,12,96,4288,1072,120.0,1.8321900001865288,2.14497399974789,0.1403589999426913,0.3962750001846871,0.1403589999426913,4.68065499990189,124.68065499990189,0,0.1271298918572498,0.1271298918572498,0.7308756480841574,0.7558756480841573,0.0,0.021266751365585736,0.021266751365585736,0
1786206744.47132,29.871353189,RUNNING,5.420692999905441,1.3536964635142712,0.3165217936038971,0.7983810901641846,-0.9199466109275818,0.8099473267793655,-0.9334782063961029,-0.01282583578349964,True,0.0024678700137883425,0.8122956776605301,-0.9399815737016695,0.00469670176232917,-0.013006734611133108,0.004863133127531366,-0.012945427334492316,-0.0007063488893912775,0.664903998374939,0.9232732653617859,0.6764702349901199,0.9097416698932648,0.008989195077014131,True,0.011919457465410233,0.6675167929437983,0.9139213744526578,-0.017906884092643294,0.008359409118785965,-0.017831017261719706,0.00852003768388716,0.0017470528605816483,-0.6887906789779663,0.9254723191261292,-0.6772244423627853,0.911940723657608,-0.012187087465791117,True,0.0127252247184515,-0.6675167929437983,0.9139213744526578,0.019415298837974104,0.003961301590099442,0.01936558149229544,0.004197617505303132,-0.00013638008470839326,-0.6878615617752075,-0.8966253399848938,-0.6762953251600266,-0.9101569354534149,0.005084978927565392,True,0.001992420991882682,-0.6675167929437983,-0.9139213744526578,0.017557064432456526,-0.007528877998485672,0.017518553425359278,-0.007618057579484701,-0.001572076757574089,0.05086679100757664,0.0024506748165490084,0.8970815497688401,0.9856173971999918,0.08853584743115162,0.8970815497688401,0.8970817145718355,0.9856172292255353,0.9856173971999918,4,12,96,4288,1072,120.0,1.9012490001841797,2.5372820000484353,0.16570400021009846,0.45170099974711775,0.16570400021009846,5.249388000265753,125.24938800026575,0,0.10741230860084436,0.10741230860084436,0.6818511332727636,0.7068511332727636,0.0,0.01981529054179027,0.01981529054179027,0
1786206744.671506,30.070904910000003,RUNNING,6.1192250000203785,1.3465045772448119,0.3145686089992523,0.7996165752410889,-0.9218997955322266,0.8111828118562698,-0.9354313910007477,-0.01397431987111986,True,0.001564783975481987,0.813316541676047,-0.9422331640950273,0.004267459639554216,-0.013603546188559301,0.004457137086826366,-0.013542585043806352,0.0010163772420390524,0.6616593599319458,0.9244078397750854,0.6732255965471268,0.9108762443065643,0.009459516628153797,True,0.021009359508752823,0.6641189422175182,0.9153775961924921,-0.01821330865921711,0.009002703771855636,-0.01812733382354751,0.009174587509494198,0.001041570533872149,-0.6848431825637817,0.9267486929893494,-0.6732769459486008,0.9132170975208282,-0.013624464237951033,True,0.02203834056854248,-0.6641189422175182,0.9153775961924921,0.018316007462165107,0.004320997343327804,0.01825543807217155,0.004570134373105825,0.0020196850735314815,-0.683783769607544,-0.8977416753768921,-0.672217532992363,-0.9112732708454132,0.007263254257440978,True,0.00998572539538145,-0.6641189422175182,-0.9153775961924921,0.01619718154968952,-0.008208650694157882,0.016137133318642992,-0.008326077385458508,-0.004839489752387467,0.049477458135542225,0.002694443370583463,0.8746903311641506,0.9673873634098468,0.09269703224569614,0.8746903311641506,0.8746904964738269,0.967387194423054,0.9673873634098468,4,12,96,4288,1072,120.0,2.365273000123125,2.739755999755289,0.17284000023209956,0.4830000002584711,0.17284000023209956,5.928334000145696,125.9283340001457,0,0.09350884222998765,0.09350884222998765,0.6350781345229997,0.6600781345229997,0.0,0.02031682277128234,0.02031682277128234,0
1786206744.8698854,30.271308451000003,RUNNING,4.594345999976213,1.3391012993073965,0.31221339106559753,0.8002758622169495,-0.9242550134658813,0.8118420988321304,-0.9377866089344025,-0.010644674454229789,True,0.0008444589911960065,0.8143606748169872,-0.9444854919443382,0.005037151969713438,-0.013397766019871415,0.005179478759295147,-0.01334338915235629,-0.003978090883296053,0.6579603552818298,0.9256670475006104,0.6695265918970108,0.9121354520320892,0.010699474667418557,True,0.021387780085206032,0.6607267621265344,0.9168313876600567,-0.017599659540952883,0.00939187125593488,-0.01749816598567757,0.009579637194757754,-0.0008183665250249897,-0.681140124797821,0.9271482825279236,-0.6695738881826401,0.9136166870594025,-0.012303424985125646,True,0.02133900858461857,-0.6607267621265344,0.9168313876600567,0.017694252112211428,0.006429401201308416,0.017613811242203826,0.006646608995713428,3.812619429340112e-05,-0.680719256401062,-0.9001151323318481,-0.669153019785881,-0.9136467278003693,0.005762954766871956,True,0.010310574434697628,-0.6607267621265344,-0.9168313876600567,0.016852515318693362,-0.006369319719374822,0.016815529571307046,-0.00646633369776952,-0.0025890405165339353,0.0479420474928172,0.0031229503850387936,0.8491178038742767,0.9463786999615592,0.0972608960872825,0.8491178038742767,0.8491179713373571,0.9463785282336199,0.9463786999615592,4,12,96,4288,1072,120.0,1.5615520001119876,2.186256000186404,0.14336699996420066,0.4133000002184417,0.14336699996420066,4.4334739995974815,124.43347399959748,0,0.07991950598056546,0.07991950598056546,0.5875368356616522,0.6125368356616521,0.0,0.019948816046209603,0.019948816046209603,0
1786206745.0726597,30.471200028000002,RUNNING,5.890027999612357,1.332160937182643,0.3097442090511322,0.8012848496437073,-0.9267241954803467,0.8128510862588882,-0.9402557909488678,-0.010832395635107028,True,0.011083892546594143,0.8154194211399701,-0.946721736166873,0.005136669762163759,-0.012931890436010507,0.005276449008600173,-0.012875490373346942,-0.003696509111980195,0.6541326642036438,0.9277603626251221,0.6656989008188248,0.914228767156601,0.012303976244864817,True,0.003776641096919775,0.6573653327390261,0.9182720002547031,-0.016667136159597362,0.008086466196204345,-0.01656638139711756,0.00829092098081695,-0.0032251188911943812,-0.6780282258987427,0.9274061918258667,-0.6664619892835617,0.9138745963573456,-0.013189121478540445,True,0.005105955991894007,-0.6573653327390261,0.9182720002547031,0.01819331308907124,0.008794807794715087,0.01807573829654612,0.009033989724243002,0.001366670934415599,-0.6774490475654602,-0.9008362889289856,-0.6658828109502792,-0.9143678843975067,0.002573504828137606,True,0.009663981385529041,-0.6573653327390261,-0.9182720002547031,0.017034956422506298,-0.0078082317143928215,0.0170148055120647,-0.007852045351941811,0.00219513439156759,0.04636733825453391,0.003848171819495883,0.8223499264032033,0.9327124390306576,0.11036251262745433,0.8223499264032033,0.8223501099965356,0.9327122501237279,0.9327124390306576,4,12,96,4288,1072,120.0,2.039239999703568,2.796717999899556,0.18071300019073533,0.4855600000155391,0.18071300019073533,5.698467000001983,125.69846700000198,0,0.0639833216539692,0.0639833216539692,0.5419301509750978,0.5669301509750978,0.0,0.02020755515402475,0.02020755515402475,0
1786206745.2748892,30.67217425,RUNNING,6.165690000216273,1.3250838250546044,0.30730846524238586,0.8023965954780579,-0.929159939289093,0.8139628320932388,-0.9426915347576141,-0.010523232445587607,True,0.010958511382341385,0.8164996874751629,-0.9489582072286772,0.005073710763848105,-0.012533344942126101,0.005205318707002095,-0.012479260134801265,-0.0041602538962593255,0.651104211807251,0.9291609525680542,0.662670448422432,0.9156293570995331,0.011603186382937907,True,0.004331069067120552,0.6540098956849683,0.9197100447064421,-0.01732110547492738,0.0081613752138181,-0.017225243650886696,0.00836180132638125,-0.0021739340983040144,-0.6739793419837952,0.9283130764961243,-0.6624131053686142,0.9147814810276031,-0.01148946951338165,True,0.0050704991444945335,-0.6540098956849683,0.9197100447064421,0.01680641936729188,0.009857127357677964,0.016692059416786555,0.01004956935003855,-0.0011828070133225932,-0.674130916595459,-0.9025309085845947,-0.662564679980278,-0.9160625040531158,0.00026361555894827994,True,0.0019830449018627405,-0.6540098956849683,-0.9197100447064421,0.017109568590619517,-0.007295081306652573,0.017107644899206548,-0.007299591401608578,0.00565996829535158,0.04476501407886755,0.004766917835106057,0.7960900081319982,0.9125490807664534,0.11645907263445521,0.7960900081319982,0.7960901953919428,0.9125488871590917,0.9125490807664534,4,12,96,4288,1072,120.0,1.8458869999449234,3.392173000065668,0.18800999987433897,0.4997049995836278,0.18800999987433897,5.980849000025046,125.98084900002505,0,0.05036390204142644,0.05036390204142644,0.4953157855265391,0.5203157855265389,0.0,0.019483805883214064,0.019483805883214064,0
1786206745.471198,30.870712539000003,RUNNING,6.736024000019825,1.3185600893375389,0.3054715096950531,0.8025964498519897,-0.9309968948364258,0.8141626864671707,-0.9445284903049469,-0.011840679571749505,True,0.002385977888479829,0.817580818578601,-0.9511544124315972,0.006836264222860544,-0.013251844253300504,0.006992692175587765,-0.013169971175973407,-0.0021840832070164785,0.6475225687026978,0.9303603768348694,0.6590888053178787,0.9168287813663483,0.008305754374475971,True,0.00459226593375206,0.6507208789642858,0.9211196233010204,-0.016735852707185916,0.008581683869344214,-0.016663998905631715,0.008720390148559281,0.0027722139143888883,-0.6710374355316162,0.9298866391181946,-0.6594711989164352,0.9163550436496735,-0.009944905066232898,True,0.005295438226312399,-0.6507208789642858,0.9211196233010204,0.017500639904298954,0.009529159302693824,0.017405009472294196,0.009702727417865889,-0.0034996536840457212,-0.6709622740745544,-0.9036546349525452,-0.6593960374593735,-0.9171862304210663,0.004483439888252118,True,0.009558663703501225,-0.6507208789642858,-0.9211196233010204,0.01735031699017542,-0.00786678575990818,0.01731487246617749,-0.007944495536651299,-0.0006697681986041781,0.04332520750996313,0.005099087701139707,0.7735938674299464,0.8933597410051829,0.11976587357523649,0.7735938674299464,0.7735940504922275,0.893359550838838,0.8933597410051829,4,12,96,4288,1072,120.0,2.646247000029689,3.321866000078444,0.16704900008335244,0.4591269998854841,0.16704900008335244,6.591247999949701,126.5912479999497,0,0.03610114207921679,0.03610114207921679,0.4502725324391431,0.4752725324391431,0.0,0.019926797888172025,0.019926797888172025,0
1786206745.670888,31.070548558000002,RUNNING,5.848298999808321,1.3114349290138243,0.3034658133983612,0.8037416934967041,-0.9330025911331177,0.8153079301118851,-0.9465341866016388,-0.014509991186420143,True,0.0016725329915061593,0.8186814368060454,-0.953350303933761,0.006747013388320733,-0.013632234664244347,0.006944099807187313,-0.013532903955582687,0.0018198842149894784,0.6436989903450012,0.9313939213752747,0.6552652269601822,0.9178623259067535,0.009405712358050307,True,0.004423233214765787,0.6474381415115704,0.9225265107807554,-0.01565417089722354,0.009328369748003773,-0.015565739791296917,0.009475193580322689,0.0011222769390273855,-0.6677352786064148,0.9327096939086914,-0.6561690419912338,0.9191780984401703,-0.010508249786610212,True,0.004398399963974953,-0.6474381415115704,0.9225265107807554,0.017461800959326812,0.006696824681170277,0.017390466261819337,0.006879944531026507,-0.0026546366034797507,-0.6678178906440735,-0.9047027230262756,-0.6562516540288925,-0.9182343184947968,0.006596607188168968,True,0.010303821414709091,-0.6474381415115704,-0.9225265107807554,0.017627025034644195,-0.008584384571917347,0.017570014111763763,-0.00870047551361235,-0.003839519148479453,0.04171101844343436,0.005405177570125956,0.748450888552857,0.8679832766401712,0.11953238808731415,0.748450888552857,0.7484510656898996,0.8679830917558012,0.8679832766401712,4,12,96,4288,1072,120.0,2.101226999911887,2.602852999643801,0.16365600004064618,0.5315780003911641,0.16365600004064618,5.650399999922229,125.65039999992223,0,0.022993980224534066,0.022993980224534066,0.4038346388700545,0.4288346388700544,0.0,0.01960621508732743,0.01960621508732743,0
1786206745.8713534,31.270651919000002,RUNNING,6.11327100023118,1.3054254808564947,0.3010843098163605,0.8050774931907654,-0.9353840947151184,0.8166437298059464,-0.9489156901836395,-0.012619182047530672,True,0.0025526098906993866,0.8197944181781505,-0.9555329188720104,0.006301376744408227,-0.013234457376741782,0.006467878618092431,-0.013153887528536442,-0.0010163294933447286,0.6408374309539795,0.9329632520675659,0.6524036675691605,0.9194316565990448,0.012403872974983975,True,0.010254123248159885,0.644180876713708,0.9239224814084108,-0.016445581710904822,0.008981649618732046,-0.016332912216664233,0.009184942362718287,-0.0033749639863731177,-0.6645863056182861,0.9350972771644592,-0.6530200690031052,0.9215656816959381,-0.012846561110160967,True,0.013454766012728214,-0.644180876713708,0.9239224814084108,0.017678384578794226,0.004713599424945425,0.017616373952917895,0.004940310679051601,0.0008528303818463815,-0.6636741161346436,-0.9064754843711853,-0.6521078795194626,-0.9200070798397064,0.005990449626472021,True,0.0012395200319588184,-0.644180876713708,-0.9239224814084108,0.01585400561150907,-0.007830803137408804,0.015806811396840693,-0.007925634685709396,-0.0029302828059340324,0.039810555456770924,0.005949996803606088,0.7189893672140095,0.8395146545380867,0.12052528732407719,0.7189893672140095,0.7189895374364742,0.8395144761469324,0.8395146545380867,4,12,96,4288,1072,120.0,2.1004589998483425,2.914389000125084,0.1855460000115272,0.5255319997559127,0.1855460000115272,5.91249399985827,125.91249399985827,0,0.009582673438869722,0.009582673438869722,0.3567121180119836,0.3817121180119835,0.0,0.018738388075918287,0.018738388075918287,0
1786206746.079202,31.471034749,RUNNING,8.777247000125499,1.299118739002523,0.2986302673816681,0.8064756393432617,-0.9378381371498108,0.8180418759584427,-0.9513697326183319,-0.013139836315683261,True,0.01629641465842724,0.8209182703336526,-0.9577008465295065,0.005621951297478256,-0.011210547957790732,0.005768766501008058,-0.01113571079733982,-0.0002353480911158447,0.63771653175354,0.934593677520752,0.649282768368721,0.9210620820522308,0.010648076707924094,True,0.003629337064921856,0.6409509612473842,0.9253067308939782,-0.016663614242673708,0.008489297683494712,-0.01657227659373877,0.00866624851295212,-0.0007412695857832953,-0.6614018082618713,0.9356118440628052,-0.6498355716466904,0.9220802485942841,-0.01326329503997704,True,0.009179572574794292,-0.6409509612473842,0.9253067308939782,0.01776922079861243,0.006452964599388267,0.01768207282129747,0.006688068529338793,0.0014779312765704918,-0.6606267690658569,-0.9081516861915588,-0.649060532450676,-0.92168328166008,0.004871233330936541,True,0.0016709649935364723,-0.6409509612473842,-0.9253067308939782,0.01621914240658362,-0.00724689846779647,0.016183648781893118,-0.00732581940208188,-0.0012514583626308123,0.03812050369728307,0.0067141347710095705,0.6928310943285404,0.8208167844711127,0.12798569014257233,0.6928310943285404,0.692831270273797,0.8208165992390285,0.8208167844711127,4,12,96,4288,1072,120.0,1.535406000130024,4.614763000063249,1.5808489997652941,2.221361999090732,1.5808489997652941,8.609975000126724,128.60997500012672,0,3.925231146709437e-17,3.925231146709437e-17,0.3163441049384342,0.34134410493843415,0.0010271603811610446,0.018904654450975788,0.018904654450975788,0
1786206746.2780228,31.671141434000003,RUNNING,10.063745000024937,1.292348566855162,0.2952481806278229,0.8080506324768066,-0.941220223903656,0.8196168690919876,-0.9547518193721771,-0.016265415426024547,True,0.002406202955171466,0.822048274321098,-0.9598466001902313,0.004280828453643222,-0.0038938855669953384,0.004343595063822376,-0.0038237441049204543,0.004453020574396085,0.6344708800315857,0.9365044236183167,0.6460371166467667,0.9229728281497955,0.01359717882672206,True,0.00457575311884284,0.6377593014819165,0.9266745850791787,-0.016130508853222866,0.0028046993986617893,-0.0160908829213966,0.003023762786771207,-0.005164922763980246,-0.6578776836395264,0.9364137053489685,-0.6463114470243454,0.9228821098804474,-0.013633541140984202,True,0.005356241948902607,-0.6377593014819165,0.9266745850791787,0.01710429108485778,0.007584950397462542,0.01699929496292864,0.007817430320179486,0.0020333004280812354,-0.6579510569572449,-0.9088858366012573,-0.6463848203420639,-0.9224174320697784,0.0033204603171516425,True,0.0018292140448465943,-0.6377593014819165,-0.9266745850791787,0.017251037720294793,-0.008514306018800433,0.017222671256784644,-0.008571540362708387,0.0010747011580465354,0.03627946570042606,0.008618740678862372,0.6628538266758256,0.8037729409423346,0.14091911426650905,0.6628538266758256,0.6628540173134266,0.8037727391483035,0.8037729409423346,4,12,96,4288,1072,120.0,2.333719000034762,6.6539709996504826,1.775289999841334,3.6342979997243674,1.775289999841334,9.851286999946751,129.85128699994675,0,-3.925231146709437e-17,-3.925231146709437e-17,0.29682588336688,0.3218258833668801,0.004523686884428837,0.01923776778653945,0.01923776778653945,0
1786206746.476487,31.872137348000003,RUNNING,9.20030899987978,1.2864837911147098,0.29359737038612366,0.808565616607666,-0.9428710341453552,0.820131853222847,-0.9564026296138763,-0.0167693338862318,True,0.0021125879138708115,0.8231894314572913,-0.9619811017762141,0.004987143485663757,0.0007876061973674815,0.004973235271110105,0.0008711226130209842,0.005208898264706965,0.630974292755127,0.9376469254493713,0.6425405293703079,0.9241153299808502,0.011372325851229735,True,0.004501638002693653,0.6345894298597861,0.9280331014886631,-0.014999214829323182,-0.0017261740490269566,-0.015017875107711942,-0.0015554901455453172,-0.0018276433007417573,-0.6555092930793762,0.936920166015625,-0.6439430564641953,0.9233885705471039,-0.011203063681955488,True,0.005619038827717304,-0.6345894298597861,0.9280331014886631,0.018707253208818386,0.00928906188311851,0.01860201548520812,0.009498053125526745,-0.0016124157604618366,-0.6544737815856934,-0.9098590016365051,-0.6429075449705124,-0.9233905971050262,0.0018620021346900592,True,0.008915847167372704,-0.6345894298597861,-0.9280331014886631,0.016636230221452664,-0.009285008767273784,0.016618912685968643,-0.009315969349760466,0.0032623884317389104,0.03504096413830047,0.00936265434718686,0.6442534748088256,0.7916439371231885,0.14739046231436292,0.6442534748088256,0.6442536633414375,0.7916437362053103,0.7916439371231885,4,12,96,4288,1072,120.0,2.0271440002943564,6.158489999961603,1.7577210001036292,3.412173000015173,1.7577210001036292,8.999210999718343,128.99921099971834,0,0.0,0.0,0.28227370954051717,0.3072737095405174,0.008985784247765647,0.020886550535865203,0.020886550535865203,0
1786206746.674262,32.07050084,RUNNING,9.001131000331952,1.2796836423180937,0.2928263247013092,0.8090818524360657,-0.9436420798301697,0.8206480890512466,-0.9571736752986908,-0.015137267620559915,True,0.0018827520543709397,0.8243200864542625,-0.9640657666966189,0.005678533478943812,0.0035395778040502902,0.005624305420337134,0.0036251264862315535,0.002760798866199137,0.6281749606132507,0.9381115436553955,0.6397411972284317,0.9245799481868744,0.0077927934934618436,True,0.004297242965549231,0.6314983432056428,0.9293578529118673,-0.015140001433471922,-0.004441934199898844,-0.01517415645317627,-0.004323817615983794,0.00354165523591008,-0.651508629322052,0.9384776949882507,-0.639942392706871,0.9249460995197296,-0.01291553207788651,True,0.002028200076892972,-0.6314983432056428,0.9293578529118673,0.01688809900245647,0.008823506784275459,0.016772733345324344,0.009040883585998164,0.0009562868334346967,-0.6505026817321777,-0.9117662310600281,-0.6389364451169968,-0.9252978265285492,0.00045918977457615884,True,0.00879670400172472,-0.6314983432056428,-0.9293578529118673,0.014876203822707934,-0.008120052766636299,0.014872473609276708,-0.008126882910998279,0.005366606971909761,0.033967377603837764,0.008788802851804684,0.6289195326605165,0.7721716292547269,0.14325209659421045,0.6289195326605165,0.6289197041644002,0.772171445268294,0.7721716292547269,4,12,96,4288,1072,120.0,2.5709469996400003,5.464694999773201,1.6404039997723885,3.2094769994728267,1.6404039997723885,8.816801999728341,128.81680199972834,0,-3.925231146709437e-17,-3.925231146709437e-17,0.2653839493414208,0.29038394934142087,0.013243513661624658,0.01905419008745652,0.01905419008745652,0
1786206746.875686,32.270103979000005,RUNNING,10.353968000345048,1.2727772235481802,0.2922428548336029,0.8097326159477234,-0.944225549697876,0.8212988525629044,-0.9577571451663971,-0.013843371830380195,True,0.0020477520301938057,0.825460678394209,-0.9661400600024193,0.0061508335778079765,0.005345468941963451,0.006076247266926508,0.0054301023068220435,0.0008199551809295567,0.6247707009315491,0.9380067586898804,0.63633693754673,0.9244751632213593,0.008120431983922122,True,0.004528839141130447,0.6284272382065184,0.9306740407686349,-0.01400072475846837,-0.006109659349001061,-0.014049875675130864,-0.005995767226685115,0.0030501975002196627,-0.648003339767456,0.9408531785011292,-0.6364371031522751,0.927321583032608,-0.013195691442730983,True,0.004147219005972147,-0.6284272382065184,0.9306740407686349,0.016019729891513457,0.006704915472053763,0.01592986175574885,0.006915717007452374,0.0013765258807014057,-0.6481606364250183,-0.9131597876548767,-0.6365943998098373,-0.9266913831233978,0.0014209365050351053,True,0.0016790940426290035,-0.6284272382065184,-0.9306740407686349,0.01633432320663797,-0.007965315290474173,0.016322988513185276,-0.007988517277567529,0.003923986876221341,0.03301298182882949,0.007309466423457355,0.6161746597740749,0.7520441391639796,0.13586947938990468,0.6161746597740749,0.6161748175063306,0.7520439689700171,0.7520441391639796,4,12,96,4288,1072,120.0,2.89345900000626,6.465577999733796,1.8282209998687904,3.526676999626943,1.8282209998687904,10.157477999655384,130.15747799965538,0,0.0,0.0,0.2475326086171455,0.27253260861714546,0.01727789519794094,0.018172956894671084,0.018172956894671084,0
1786206747.0745535,32.4703139,RUNNING,8.789408000211552,1.2650166931180196,0.2922077476978302,0.809834361076355,-0.9442606568336487,0.821400597691536,-0.9577922523021698,-0.013432845775858772,True,0.01594846136868,0.826606036133131,-0.9681956120862631,0.007684342133541221,0.0062722598750749314,0.0075993970916841775,0.006374913474604491,0.0002041660991474216,0.620343029499054,0.9377003908157349,0.6319092661142349,0.9241687953472137,0.008719942139360446,True,0.004943099804222584,0.6253883382450477,0.9319764264664081,-0.010807094088856986,-0.006579601997936044,-0.010864056241474603,-0.006485115810741419,0.0021509322670621757,-0.6446678638458252,0.9415310025215149,-0.6331016272306442,0.9279994070529938,-0.010576014014880813,True,0.005036607850342989,-0.6253883382450477,0.9319764264664081,0.015426577971193067,0.007954038826828658,0.01534159477396393,0.00811674265647739,-0.0025529902610738476,-0.6451703310012817,-0.9143932461738586,-0.6336040943861008,-0.9279248416423798,0.007630705051760954,True,0.0011380099458619952,-0.6253883382450477,-0.9319764264664081,0.016431512282106153,-0.008103169648056685,0.016369201602669286,-0.00822831654187913,-0.0053906659438674315,0.032512669795097426,0.005517626670274476,0.6103363893825897,0.7423178552632489,0.13198146588065918,0.6103363893825897,0.6103365342168726,0.742317698358156,0.7423178552632489,4,12,96,4288,1072,120.0,2.258579000226746,5.548026999804279,1.634066999940842,3.4272140001121443,1.634066999940842,8.579925000049116,128.57992500004912,0,0.0,0.0,0.23162797710931057,0.2566279771093105,0.02112054776861746,0.01832091575828546,0.01832091575828546,0
1786206747.275324,32.671276496000004,RUNNING,8.708956000191392,1.2605380401624748,0.2920699417591095,0.8105289936065674,-0.9443984627723694,0.8220952302217484,-0.9579300582408905,-0.012825731047853275,True,0.0036676430609077215,0.8277553944410051,-0.9702321808570067,0.008101755588559453,0.006934641980155157,0.008012149816330262,0.007037979705168488,-0.0007065059928608236,0.6184828877449036,0.9374669194221497,0.6300491243600845,0.9239353239536285,0.00955060538988634,True,0.00451334984973073,0.6223818147879389,0.9332649365194547,-0.012675767242672028,-0.00739494207358447,-0.012745814242895765,-0.00727354540424836,0.0009049373912733347,-0.642044186592102,0.9427248239517212,-0.6304779499769211,0.9291932284832001,-0.01163700992922488,True,0.004144467879086733,-0.6223818147879389,0.9332649365194547,0.016192270377964446,0.008143416072509346,0.016096411136847257,0.00833129004636665,-0.0009614963895577487,-0.6419843435287476,-0.9171141386032104,-0.6304181069135666,-0.9306457340717316,0.006224937826983484,True,0.010159557685256004,-0.6223818147879389,-0.9332649365194547,0.016072584251255462,-0.005238404895446358,0.016039664312949186,-0.0053383535935947355,-0.003282015106701227,0.03178400482953817,0.004088341891380332,0.600989719971258,0.7224602419455656,0.12147052197430752,0.600989719971258,0.600989846989656,0.7224601038857079,0.7224602419455656,4,12,96,4288,1072,120.0,2.057129000149871,5.392274000314501,1.615474000118411,3.146366999771999,1.615474000118411,8.487377000164997,128.487377000165,0,-3.925231146709437e-17,-3.925231146709437e-17,0.213003981144855,0.23800398114485496,0.024770723346537224,0.01812470262716353,0.01812470262716353,0
1786206747.4754367,32.87006343,RUNNING,9.089007000056881,1.2547092029054794,0.29204753041267395,0.8110754489898682,-0.9444208741188049,0.8226416856050491,-0.957952469587326,-0.011208351679955486,True,0.0023977220989763737,0.8288904207990926,-0.972218912055807,0.0088077990838811,0.007022291863126938,0.00872853917150818,0.007120569615164426,-0.003132575044707507,0.6158452033996582,0.9368974566459656,0.6274114400148392,0.9233658611774445,0.011761045057163466,True,0.0035064509138464928,0.6194529450272788,0.9345201664168805,-0.012830487334334437,-0.007434188754916048,-0.012917031787319318,-0.007282778143374884,-0.0024107221096423535,-0.638835608959198,0.9453380107879639,-0.627269372344017,0.9318064153194427,-0.013082876682627078,True,0.004424449056386948,-0.6194529450272788,0.9345201664168805,0.015632854633476523,0.005427502194875533,0.015560511463561265,0.005631554586361172,0.0012073037405455492,-0.6389040946960449,-0.918745219707489,-0.627337858080864,-0.9322768151760101,0.0021577493447309352,True,0.010236457921564579,-0.6194529450272788,-0.9345201664168805,0.01576982610717037,-0.0044867024817407675,0.01576010822413043,-0.004520719342510363,0.0028187676166775964,0.031050712773868373,0.0021349332214801353,0.5928375411675136,0.7012968484379057,0.1084593072703921,0.5928375411675136,0.5928376493019578,0.7012967306810279,0.7012968484379057,4,12,96,4288,1072,120.0,1.7241839996131603,6.449161000091408,2.6031080001303053,4.320925000229181,2.6031080001303053,8.880164999936824,128.88016499993682,0,-1.1124105069774547e-12,-1.1124105069774547e-12,0.19355842511317786,0.21855842511317763,0.02809253407054307,0.016548230239720112,0.016548230239720112,0
1786206747.6727428,33.070477006000004,RUNNING,7.665991000067152,1.247640770408136,0.29228535294532776,0.8143288493156433,-0.9441830515861511,0.8258950859308243,-0.9577146470546722,-0.009232469456395876,True,0.0020175750833004713,0.8300312341412551,-0.9741924506012979,0.0040484202949749885,0.006290368897156284,0.003990172941910254,0.006327477194010565,-0.006096398380046922,0.6119641661643982,0.9360803961753845,0.6235304027795792,0.9225488007068634,0.014687658884148731,True,0.0039705378003418446,0.616547464978614,0.9357653721520225,-0.010371251967479633,-0.006966160414868854,-0.010472446215574457,-0.006813085098583178,-0.006800642850120251,-0.635632336139679,0.9465903639793396,-0.624066099524498,0.9330587685108185,-0.013883026243597184,True,0.00485573522746563,-0.616547464978614,0.9357653721520225,0.015037269091767946,0.005413207282408017,0.014960670700633838,0.005621441719679304,0.0024075280820007074,-0.636821985244751,-0.9191555380821228,-0.62525574862957,-0.9326871335506439,-0.0005041016714991515,True,0.010155525989830494,-0.616547464978614,-0.9357653721520225,0.01741656730191199,-0.006156477202757138,0.017419668579293113,-0.0061476967002029705,0.006811544141022726,0.03074169325898747,0.00045709406246275823,0.5903632122635208,0.6930152922034497,0.10265207993992886,0.5903632122635208,0.5903633173586584,0.6930151776326386,0.6930152922034497,4,12,96,4288,1072,120.0,1.8644789997779299,4.966429999967659,1.7720579999149777,3.1518079999841575,1.7720579999149777,7.497534000322048,127.49753400032205,0,0.0,0.0,0.17684864830859842,0.20184864830859836,0.031212096766593755,0.01847265622833106,0.01847265622833106,0
1786206747.8775625,33.27077768,RUNNING,11.708787999850756,1.2424234809561048,0.2923937737941742,0.8155532479286194,-0.9440746307373047,0.8271194845438004,-0.9576062262058258,-0.008626487433726734,True,0.002363544888794422,0.8311662902157193,-0.9761338578859469,0.0034142141689216653,0.005463856055072172,0.0033669538321285486,0.005493105066729488,-0.007005371414050636,0.608745813369751,0.9350713491439819,0.620312049984932,0.9215397536754608,0.015081078474339291,True,0.004384864121675491,0.6136930799225768,0.9369886800331813,-0.00916693282266496,-0.006093162739417415,-0.009257778365922854,-0.005954227848489481,-0.007390772235406092,-0.6336168646812439,0.9473628997802734,-0.6220506280660629,0.9338313043117523,-0.012809899501321031,True,0.006156410090625286,-0.6136930799225768,0.9369886800331813,0.01671509628697221,0.006314751442857869,0.016632835767101988,0.0065283461927535995,0.0007978379685864784,-0.6328712105751038,-0.9196481108665466,-0.6213049739599228,-0.9331797063350677,0.0005643112525617383,True,0.007564578205347061,-0.6136930799225768,-0.9369886800331813,0.015223788074691935,-0.0076179473962270094,0.015219486757496781,-0.007626537137731274,0.005208924754931392,0.03063316879702313,0.0008712495903248242,0.5903515639472483,0.6873801972479072,0.09702863330065892,0.5903515639472483,0.5903516581194609,0.687380094677908,0.6873801972479072,4,12,96,4288,1072,120.0,2.8069589998267475,7.453690999682294,2.340662999813503,4.348444000243035,2.340662999813503,11.487464999845542,131.48746499984554,0,0.0,0.0,0.16084878039977835,0.18584878039977829,0.03403210446753468,0.017868142871261906,0.017868142871261906,0
1786206748.0767052,33.471949470000006,RUNNING,7.094474000041373,1.238242055013526,0.2925772964954376,0.8164406418800354,-0.9438911080360413,0.8280068784952164,-0.9574227035045624,-0.00865990758465586,True,0.006284800823777914,0.8322995171629488,-0.9780510052818123,0.0034575502157793503,0.004845923914772343,0.003415455840087749,0.004875683899393892,-0.006955241187656946,0.6075098514556885,0.9345703721046448,0.6190760880708694,0.9210387766361237,0.013062323191028189,True,0.004391167778521776,0.6108780175240914,0.938195135346818,-0.011936175467632423,-0.0057860809224337326,-0.012010734691145065,-0.0056296775586161365,-0.004362639310439439,-0.6306607723236084,0.9478704929351807,-0.6190945357084274,0.9343388974666595,-0.01338128619438091,True,0.005380626767873764,-0.6108780175240914,0.938195135346818,0.016433036368671994,0.0077124757603168614,0.016328365385025728,0.007931673877603974,0.0016549180081762965,-0.629145622253418,-0.9206678867340088,-0.617579385638237,-0.9341994822025299,0.005021614567408903,True,0.00917995534837246,-0.6108780175240914,-0.938195135346818,0.013402736228291134,-0.007991306288576139,0.013362438151423298,-0.008058508624576346,-0.0014770302173393547,0.03047375541910672,0.0015843730040972703,0.5893302079287598,0.6801886626757359,0.09085845474697607,0.5893302079287598,0.5893302913015316,0.6801885719645852,0.6801886626757359,4,12,96,4288,1072,120.0,1.6418759996668086,4.613258999597747,1.4581220002582995,2.813070999309275,1.4581220002582995,6.926593000116554,126.92659300011655,0,-7.850462293418875e-17,-7.850462293418875e-17,0.14465318651059803,0.169653186510598,0.03680998099990418,0.018152877640957413,0.018152877640957413,0
1786206748.2765512,33.670122927,RUNNING,9.042572999987897,1.2338427121479196,0.292656272649765,0.816879153251648,-0.9438121318817139,0.8284453898668289,-0.957343727350235,-0.008091399756681899,True,0.0022196650970727205,0.8334076442348078,-0.9799060794193996,0.004405752945800847,0.0039453728960722675,0.004373685481663946,0.003980892062839249,-0.0078080029296178875,0.605722963809967,0.9336854815483093,0.617289200425148,0.9201538860797882,0.009709042965013763,True,0.0028453930281102657,0.6081575295305308,0.9393610587726297,-0.013385884067958122,-0.004953624348907865,-0.013433347355308286,-0.004823428791071741,0.0006672810285822013,-0.6280216574668884,0.9492433667182922,-0.6164554208517075,0.9357117712497711,-0.012207909307363792,True,0.005747236777096987,-0.6081575295305308,0.9393610587726297,0.016595782642353285,0.007298575045717071,0.01650544786856419,0.007500625965098407,-0.00010514732234938055,-0.6270233988761902,-0.9217570424079895,-0.6154571622610092,-0.9352886378765106,0.006686655560288817,True,0.008998378179967403,-0.6081575295305308,-0.9393610587726297,0.0145992654609568,-0.008144841792238067,0.014544477739831672,-0.008242279241545688,-0.0039745917066592255,0.030220341728397597,0.002641341838557515,0.5877716646130464,0.6687646027828538,0.08099293816980735,0.5877716646130464,0.5877717366738353,0.6687645244464465,0.6687646027828538,4,12,96,4288,1072,120.0,3.895527000167931,4.403936000016984,1.3034260000495124,2.516896999622986,1.3034260000495124,8.891172999938135,128.89117299993814,0,0.0,0.0,0.12761515646585767,0.1526151564658576,0.039275996273802315,0.01812978762176211,0.01812978762176211,0
1786206748.4795806,33.871525093,RUNNING,8.753885999794875,1.2271640317139436,0.2930183708667755,0.818214476108551,-0.9434500336647034,0.829780712723732,-0.9569816291332245,-0.011470270887317304,True,0.002611204981803894,0.8345238667237171,-0.9817558305193101,0.003608535867238358,0.001655106869126663,0.003589314379666429,0.0016963879677997448,-0.00273969623366478,0.6029317378997803,0.931959867477417,0.6144979745149612,0.9184282720088959,0.011927817401024733,True,0.012771755456924438,0.6054481827316227,0.9405222074007331,-0.012717175804122835,-0.0027003325859135535,-0.012748479470832057,-0.002548455942190765,-0.002660880625434254,-0.6240934133529663,0.9504216909408569,-0.6125271767377853,0.9368900954723358,-0.011134095198096427,True,0.010202791541814804,-0.6054481827316227,0.9405222074007331,0.014157988012325262,0.007264223856794594,0.014076231563254032,0.007421406724901988,-0.0017158684862504281,-0.6245207190513611,-0.9235235452651978,-0.6129544824361801,-0.9370551407337189,0.005624144781465945,True,0.0012408950133249164,-0.6054481827316227,-0.9405222074007331,0.015012599409114813,-0.0069341333340284805,0.014973363613729857,-0.007018456255022904,-0.0023808255384249184,0.030072760044753524,0.004256403504081764,0.5893207719142706,0.6563548525684613,0.0670340806541907,0.5893207719142706,0.5893208304962174,0.6563547889545082,0.6563548525684613,4,12,96,4288,1072,120.0,1.9259860000602202,5.598269000074652,1.6086259997791785,3.231396000046516,1.6086259997791785,8.542547000160994,128.542547000161,0,0.0,0.0,0.10966726176415058,0.13466726176415053,0.041267461619136046,0.01653663648123884,0.01653663648123884,0
1786206748.6792893,34.071440272000004,RUNNING,9.56589499992333,1.2199712002078815,0.2934514582157135,0.8188208937644958,-0.9430169463157654,0.8303871303796768,-0.9565485417842865,-0.013605997091800062,True,0.002350775059312582,0.8356203179830723,-0.9835550126484831,0.00413364596686753,-1.5895982699562494e-05,0.004133479629996076,4.034612836044624e-05,0.0004638930730593571,0.5990680456161499,0.9307414889335632,0.6106342822313309,0.9172098934650421,0.012000506469188271,True,0.004744146019220352,0.6028160826571102,0.9416502502898099,-0.009827167907448451,-0.0006526422667077689,-0.009834292149884299,-0.0005346671115771507,-0.002769914227679561,-0.6207179427146912,0.951998770236969,-0.6091517060995102,0.9384671747684479,-0.007257425369852955,True,0.004044333938509226,-0.6028160826571102,0.9416502502898099,0.012671246884800036,0.006366151042723978,0.012624711727055399,0.006457943211509379,-0.0075308732286156355,-0.6210971474647522,-0.9248342514038086,-0.6095309108495712,-0.9383658468723297,0.005324866666152495,True,0.010005854070186615,-0.6028160826571102,-0.9416502502898099,0.013429656384922106,-0.006568806834960306,0.013394488136500338,-0.006640224500214735,-0.0019319083654547437,0.029849137914253785,0.005837186965659436,0.5893587099582198,0.6433871711927361,0.05402846123451632,0.5893587099582198,0.5893587548592032,0.6433871225870348,0.6433871711927361,4,12,96,4288,1072,120.0,2.570371000274463,5.981904999771359,1.6495559998475073,3.2977359996948508,1.6495559998475073,9.36895699987872,129.36895699987872,0,0.0,0.0,0.09178952669354895,0.11678952669354889,0.043235663074725324,0.014950080061728778,0.014950080061728778,0
1786206748.8756628,34.270527312,RUNNING,8.745885999815073,1.2159420232752094,0.2936144769191742,0.8193736672401428,-0.9428539276123047,0.8309399038553238,-0.9563855230808258,-0.014719434975152856,True,0.001878208015114069,0.836699222862419,-0.9853087330750925,0.004734713439420403,-0.0006285167196864866,0.004743451609912155,-0.0005587588431295028,0.002134049898088548,0.5972739458084106,0.9304099082946777,0.6088401824235916,0.9168783128261566,0.013928367113146935,True,0.003846788080409169,0.6002534951363852,0.9427485020844064,-0.01102475693370869,-0.00011913302859078295,-0.01102534682773102,3.443042405500786e-05,-0.005661705193617557,-0.6184531450271606,0.9532713294029236,-0.6068869084119797,0.9397397339344025,-0.01109554478806336,True,0.004953436087816954,-0.6002534951363852,0.9427485020844064,0.013266826551189048,0.006017536300007897,0.01319924343910657,0.006164365538840926,-0.0017736941013000284,-0.6183484792709351,-0.9261049032211304,-0.6067822426557541,-0.9396364986896515,0.003638191568844527,True,0.01013738103210926,-0.6002534951363852,-0.9427485020844064,0.013057495038737876,-0.0062240067895098505,0.01303476454240069,-0.006271471161274896,0.000598104280507209,0.0294789538463116,0.006807455410543132,0.5863667885706952,0.6305141443441041,0.04414735577340889,0.5863667885706952,0.5863668239125608,0.6305141062488955,0.6305141443441041,4,12,96,4288,1072,120.0,2.2398900000553112,5.454614000427682,1.7420409999431286,3.333897999709734,1.7420409999431286,8.469871999750467,128.46987199975047,0,-3.925231146709437e-17,-3.925231146709437e-17,0.07444189373581572,0.09944189373581583,0.04536425005376805,0.014567753082107324,0.014567753082107324,0
1786206749.07306,34.470420344000004,RUNNING,7.778603999668121,1.2114712407429435,0.2940607964992523,0.8203148245811462,-0.9424076080322266,0.8318810611963272,-0.9559392035007477,-0.015615111500808772,True,0.0013163549592718482,0.8377678485654322,-0.9870299290512639,0.0044418352427962405,-0.001170715273160719,0.004459573830291236,-0.0011012156133746362,0.003477564686572422,0.5952536463737488,0.9304287433624268,0.6068198829889297,0.9168971478939056,0.012182029479288108,True,0.021264443174004555,0.597741311228544,0.943825152330624,-0.01172041369534704,0.0002930545798746978,-0.01171597412937727,0.0004358077289660004,-0.0030421987428293166,-0.6159725189208984,0.9547955989837646,-0.6044062823057175,0.9412640035152435,-0.01288525802891343,True,0.0216350220143795,-0.597741311228544,0.943825152330624,0.013329942154346908,0.005122297630760997,0.013262835285045085,0.005293627400761924,0.0009108757599750779,-0.615393877029419,-0.9269509315490723,-0.603827640414238,-0.9404825270175934,0.00382373808120629,True,0.01017354242503643,-0.597741311228544,-0.943825152330624,0.012172658371387923,-0.00668525062606129,0.012147006798332652,-0.0067317466976286105,0.00031978451196456415,0.02908599044699348,0.007377780254155835,0.5830982927956988,0.6182191603562185,0.035120867560519686,0.5830982927956988,0.5830983200244435,0.6182191311337822,0.6182191603562185,4,12,96,4288,1072,120.0,1.7566980000083277,5.141126000125951,1.704150000023219,3.1897620001473115,1.704150000023219,7.601634999900853,127.60163499990085,0,0.0,0.0,0.0575342450991412,0.08253424509914115,0.047543712948729874,0.014280241274444013,0.014280241274444013,0
1786206749.2794316,34.671186537000004,RUNNING,12.166540000180248,1.2073233669447452,0.29425153136253357,0.820793092250824,-0.9422168731689453,0.8323593288660049,-0.9557484686374664,-0.01642284134122716,True,0.0012527679791674018,0.8388247625198945,-0.9887172000674509,0.005159886061945546,-0.0019665914897059877,0.00519148581011293,-0.001881590110263133,0.004689159447200006,0.5933673977851868,0.9299559593200684,0.6049336344003677,0.9164243638515472,0.008066930920838359,True,0.021327102556824684,0.5952814085218101,0.9448793963477957,-0.012520953231493957,0.0010681704386498111,-0.012511929067160034,0.001169140252330801,0.0031304490948453074,-0.6136802434921265,0.955757200717926,-0.6021140068769455,0.9422256052494049,-0.012929954742770453,True,0.022766822949051857,-0.5952814085218101,0.9448793963477957,0.013665196710270777,0.005307582196781624,0.013595429541509054,0.0054838239840326215,0.0009779208307606115,-0.6135401725769043,-0.9276530742645264,-0.6019739359617233,-0.9411846697330475,0.0026544402585075492,True,0.008905285969376564,-0.5952814085218101,-0.9448793963477957,0.013385054879826441,-0.007389453229496468,0.013365392884844327,-0.007424956983083071,0.002073731246012675,0.028868371456111343,0.007634673824960944,0.5824687699175455,0.6097914479419235,0.027322678024378044,0.5824687699175455,0.582468790740262,0.6097914256901193,0.6097914479419235,4,12,96,4288,1072,120.0,1.9323540000186767,5.6018210002548585,1.3008660002924444,2.473404000284063,1.3008660002924444,11.76018300020587,131.76018300020587,0,3.925231146709437e-17,3.925231146709437e-17,0.04171030093575505,0.06671030093575515,0.04947785774356354,0.015289333313355472,0.015289333313355472,0
1786206749.4740415,34.87132201,RUNNING,7.996184000148787,1.2033068606582225,0.2944650948047638,0.8212262392044067,-0.9420033097267151,0.8327924758195877,-0.9555349051952362,-0.017076756165197184,True,0.0019269780023023486,0.8398604126036844,-0.9903563548705038,0.005837871652467892,-0.002213807877166657,0.005874823285864633,-0.002113798029035891,0.00567003168315504,0.5908653140068054,0.9298964738845825,0.6024315506219864,0.9163648784160614,0.008285569378239276,True,0.0036310330033302307,0.5928942807012009,0.9459024511280567,-0.0119832939861221,0.001452084693726416,-0.011970851447141759,0.0015513221283952176,0.0028024914087439313,-0.6121553182601929,0.9561406970024109,-0.6005890816450119,0.9426091015338898,-0.01298692046232704,True,0.0060196989215910435,-0.5928942807012009,0.9459024511280567,0.015389601887622062,0.006586699188333878,0.015302765566010961,0.006786001657000084,0.0010633694100954923,-0.6111923456192017,-0.9291689991950989,-0.5996261090040207,-0.94270059466362,0.0011816975516505473,True,0.009849109686911106,-0.5928942807012009,-0.9459024511280567,0.01346365660563964,-0.0064037129288734285,0.013456079955126049,-0.006419618424116777,0.004282845306298178,0.028537445166343642,0.0078609620405526,0.5795402346427576,0.5996406317311892,0.020100397088431587,0.5795402346427576,0.5795402495919532,0.599640615821219,0.5996406317311892,4,12,96,4288,1072,120.0,1.681269000073371,5.168263000086881,1.6515399997842906,3.2734459991843323,1.6515399997842906,7.765707000089606,127.7657070000896,0,-3.925231146709437e-17,-3.925231146709437e-17,0.02624207350815392,0.051242073508153865,0.05153571934151557,0.01673990598710455,0.01673990598710455,0
1786206749.673237,35.070667907,RUNNING,8.428653000009945,1.1974893441446255,0.2949027121067047,0.8222835063934326,-0.9415656924247742,0.8338497430086136,-0.9550972878932953,-0.014455388517714,True,0.002209712052717805,0.8408725754574462,-0.9919450823522487,0.00521540112963256,-0.0031799895233344255,0.005260822621716111,-0.003104269262536565,0.0017379802119302633,0.5879864692687988,0.9294538497924805,0.5995527058839798,0.9159222543239594,0.01031138433879558,True,0.00435004523023963,0.590583067748977,0.9468929709647241,-0.01049723782606625,0.0025117472149316644,-0.010470780641521075,0.002619852821412027,-0.00023623103209052462,-0.6091824173927307,0.9571555852890015,-0.5976161807775497,0.9436239898204803,-0.012559136618860232,True,0.005547801963984966,-0.590583067748977,0.9468929709647241,0.014066226057145581,0.0065379622884875754,0.013983007722342173,0.006714101683272765,0.0004216936448952803,-0.6082213521003723,-0.930296003818512,-0.5966551154851913,-0.9438275992870331,0.0032704644621950316,True,0.009051085449755192,-0.590583067748977,-0.9468929709647241,0.012144095472428784,-0.006130743355382107,0.012123980183714076,-0.006170427330253195,0.0011496949404814518,0.028251953699100114,0.00832525065438898,0.5782435082218397,0.5892525023662092,0.01100899414436951,0.5782435082218397,0.5782435164455558,0.5892524936012912,0.5892525023662092,4,12,96,4288,1072,120.0,1.7718660001264652,5.724164000184828,2.200975999585353,3.847299999506504,2.200975999585353,8.24182699989251,128.2418269998925,0,-3.925231146709437e-17,-3.925231146709437e-17,0.011047042585097552,0.0360470425850975,0.05334381001243377,0.015511404397294495,0.015511404397294495,0
1786206749.8760703,35.270500005,RUNNING,8.560595999824727,1.1915367960404284,0.2949083745479584,0.8228411078453064,-0.9415600299835205,0.8344073444604874,-0.9550916254520416,-0.01409987703390742,True,0.002388186054304242,0.841866180865517,-0.9934921852929728,0.005598370310346001,-0.0033206639119162246,0.005644633224730528,-0.0032414001150636407,0.0012047129862203946,0.5855667591094971,0.9292910695075989,0.597132995724678,0.9157594740390778,0.010187227416332954,True,0.0036927959881722927,0.5883347631079208,0.9478565300966054,-0.009807325323275209,0.002778619699379689,-0.009778510486336227,0.0028783832439319987,-4.999564839658616e-05,-0.6056175827980042,0.9582703709602356,-0.5940513461828232,0.9447387754917145,-0.014138151678574306,True,0.005322062876075506,-0.5883347631079208,0.9478565300966054,0.011433278802007138,0.005373739628598682,0.011356163922327371,0.005534842611098158,0.0027902162344663906,-0.6053705811500549,-0.9312489032745361,-0.593804344534874,-0.9447804987430573,0.005007280907460023,True,0.00992597732692957,-0.5883347631079208,-0.9478565300966054,0.010939059889664728,-0.0053644026867989076,0.010912061794274926,-0.005419110153312307,-0.0014555297274160355,0.027862050182202145,0.008716486619913075,0.5745991498471246,0.5782729605362937,0.0036738106891691658,0.5745991498471246,0.5745991529142384,0.5782729572145197,0.5782729605362937,4,12,96,4288,1072,120.0,1.617586000065785,6.143320999854041,1.267937000193342,4.50899700035734,1.267937000193342,8.40014000004885,128.40014000004885,0,-3.925231146709437e-17,-3.925231146709437e-17,0.0005845903028575143,0.025584590302857462,0.054610243022042586,0.012633168318375151,0.012633168318375151,0
1786206750.0819428,35.47100212,RUNNING,16.292062000047736,1.187442252970672,0.2948310673236847,0.8237640261650085,-0.9416373372077942,0.8353302627801895,-0.9551689326763153,-0.014644043853757035,True,0.0020958830136805773,0.8428403569231002,-0.994997216088016,0.005239225076700587,-0.003375911346635674,0.005288098542897926,-0.003298828674737838,0.0020209632159948155,0.583876371383667,0.9292200803756714,0.595442607998848,0.9156884849071503,0.010576044623921416,True,0.004115058109164238,0.5861498443913133,0.9487929238322943,-0.010442091024371453,0.0026991152662142748,-0.010412961610327339,0.0028093982778201604,-0.0006332214597792787,-0.6031819581985474,0.9594132304191589,-0.5916157215833664,0.9458816349506378,-0.012981355579674066,True,0.005543929990381002,-0.5861498443913133,0.9487929238322943,0.010931544257867697,0.002509999188387074,0.010898040926124815,0.0026516899818667615,0.0010550220861160304,-0.6033019423484802,-0.9321017265319824,-0.5917357057332993,-0.9456333220005035,0.003947981739761346,True,0.00964631512761116,-0.5861498443913133,-0.9487929238322943,0.011171964710919021,-0.0025037290284717593,0.011161992993976267,-0.0025478161143333723,0.00013341902413198077,0.027441782032854082,0.008913409565987242,0.567456412494968,0.5704747303461349,0.0030183178511669073,0.5704747303461349,0.5704747290578402,0.5674564137160429,0.567456412494968,4,12,96,4288,1072,120.0,1.9693479998750263,12.618051000117703,2.532224999868049,7.393336999939493,2.532224999868049,16.027279999889288,136.0272799998893,0,-3.925231146709437e-17,-3.925231146709437e-17,0.00033493319265724133,0.025334933192657033,0.05431821706936296,0.011449080947832977,0.011449080947832977,0
1786206750.274465,35.670053629,RUNNING,8.982568999726936,1.1832330430374385,0.29481014609336853,0.8240184783935547,-0.9416582584381104,0.8355847150087357,-0.9551898539066315,-0.014787371960149315,True,0.0022217130754143,0.8437833452360386,-0.9964430711806181,0.006146574577631077,-0.003209351992111753,0.006193358717406445,-0.0031181127377274092,0.002235955375583236,0.5821582078933716,0.9293203353881836,0.5937244445085526,0.9157887399196625,0.011068855647110154,True,0.00451302994042635,0.5840529382002541,0.9496915979141769,-0.010911624713025014,0.0025823279095516655,-0.01088237344489465,0.0027029464508568166,-0.0013724379945623864,-0.6006718873977661,0.9601975083351135,-0.5891056507825851,0.9466659128665924,-0.012317040241920168,True,0.005399283021688461,-0.5840529382002541,0.9496915979141769,0.010103265421149041,-0.0002398465047427972,0.01010545317461933,-0.00011538913120100381,5.8549079485182946e-05,-0.6013218760490417,-0.9331844449043274,-0.5897556394338608,-0.9467160403728485,0.00754203120090743,True,0.009207571856677532,-0.5840529382002541,-0.9496915979141769,0.011407528314952023,0.00024136366617031214,0.011409024228682093,0.0001553216827242851,-0.0052576551675871455,0.026884138042741534,0.009010081916143395,0.5572412300694721,0.5664038420736878,0.009162612004215642,0.5664038420736878,0.566403837005105,0.5572412351882374,0.5572412300694721,4,12,96,4288,1072,120.0,1.5842079997128167,6.634513999870251,1.574000999880809,4.950012000335846,1.574000999880809,8.82761799994114,128.82761799994114,0,0.0,0.0,0.00015836753919426118,0.02515836753919421,0.054099428932275824,0.011410081449129946,0.011410081449129946,0
1786206750.4766932,35.870222124,RUNNING,11.791991999871243,1.1797539949512081,0.29476121068000793,0.8255916833877563,-0.941707193851471,0.8371579200029373,-0.9552387893199921,-0.014967486780830083,True,0.001539150020107627,0.8447057741623304,-0.9978470535532086,0.004357122336428378,-0.0032171634752225925,0.004404785345829862,-0.0031515903823422075,0.002506127606604389,0.5805572867393494,0.9293645620346069,0.5921235233545303,0.9158329665660858,0.011543823246227429,True,0.004319483879953623,0.5820187560028347,0.9505633902844993,-0.01141167323513524,0.002280768514782691,-0.01138458468077552,0.002412347962002453,-0.002084889393238298,-0.5987757444381714,0.9608778953552246,-0.5872095078229904,0.9473462998867035,-0.011833620775625392,True,0.005494806915521622,-0.5820187560028347,0.9505633902844993,0.010378418992056403,-0.0028825009747606017,0.010411801959080308,-0.0027594877439597954,-0.0006665801199569809,-0.5994032025337219,-0.9342579245567322,-0.587836965918541,-0.9477895200252533,0.006848166204985975,True,0.009690574370324612,-0.5820187560028347,-0.9505633902844993,0.011639211970974813,0.002885465412883174,0.01165869904004259,0.0028056911176995982,-0.004216857673704964,0.02633502004710499,0.009014712673239155,0.5474106570287611,0.5619556934818103,0.014545036453049165,0.5619556934818103,0.5619556850852875,0.5474106655333841,0.5474106570287611,4,12,96,4288,1072,120.0,1.7665219997979875,9.128335999776027,2.2439859999394685,7.2118539997063635,2.2439859999394685,11.605871000028856,131.60587100002886,0,-3.6869696161041743e-13,-3.6869696161041743e-13,5.083782960667913e-05,0.02505083782960663,0.05385505218340917,0.011991545603225151,0.011991545603225151,0
1786206750.6753986,36.070784686,RUNNING,10.7059849997313,1.1749127191199427,0.2947761118412018,0.826304018497467,-0.9416922926902771,0.837870255112648,-0.9552238881587982,-0.015153838098133799,True,0.000919374986551702,0.8456024136557685,-0.9992020483553816,0.0041605915813921635,-0.002976634667477024,0.004205219587330924,-0.0029132463804329577,0.0027856545825599623,0.5774170756340027,0.9294018149375916,0.5889833122491837,0.9158702194690704,0.011083310763427489,True,0.0040879519656300545,0.5800574419527224,0.9514039534488333,-0.008712111765460617,0.002357131257163067,-0.008685452390627403,0.0024535435491380908,-0.0013941206690383876,-0.5970704555511475,0.9610077738761902,-0.5855042189359665,0.9474761784076691,-0.010132439977661584,True,0.0049849580973386765,-0.5800574419527224,0.9514039534488333,0.010890655325297356,-0.003996597224803975,0.010930590866801355,-0.0038860450453304454,-0.003218351316902693,-0.5975340604782104,-0.9346093535423279,-0.5859678238630295,-0.948140949010849,0.00530933834244177,True,0.010031807236373425,-0.5800574419527224,-0.9514039534488333,0.011823338793952773,0.004002704690472031,0.011844423763502684,0.003939874463265085,-0.0019086158798886552,0.02605449602194329,0.008195944748849058,0.5431309913762736,0.5595198281778493,0.016388836801575657,0.5595198281778493,0.5595198187759084,0.543131000875569,0.5431309913762736,4,12,96,4288,1072,120.0,3.5903580001104274,6.336802999612701,1.4714030003233347,4.658927000491531,1.4714030003233347,10.539321000123891,130.5393210001239,0,-3.925231146709437e-17,-3.925231146709437e-17,8.892305444515267e-06,0.025008892305444463,0.05387217337903601,0.01248250716305484,0.01248250716305484,0
1786206750.8772807,36.270872313000005,RUNNING,12.42472900003122,1.1711846398888037,0.294753760099411,0.8266705870628357,-0.9417146444320679,0.8382368236780167,-0.955246239900589,-0.014674059980339948,True,0.00991416908800602,0.8464677913234187,-1.0005007397880565,0.004733594964293328,-0.0029448227059977045,0.004776296289809372,-0.0028750470966048586,0.0020659874058691855,0.5760537981987,0.9293985962867737,0.5876200348138809,0.9158670008182526,0.011886855502524241,True,0.0036395129282027483,0.5781793987209184,0.9522088291196065,-0.00945367153202727,0.0022968780805360245,-0.009425701635711397,0.0024090875921927756,-0.002599437777683516,-0.5947020053863525,0.9610894322395325,-0.5831357687711716,0.9475578367710114,-0.010289514453999893,True,0.005073857959359884,-0.5781793987209184,0.9522088291196065,0.009911450334882088,-0.004665473065978627,0.009958930261993706,-0.00456324387984603,-0.002982739602395229,-0.5948770642280579,-0.9347022771835327,-0.5833108276128769,-0.9482338726520538,0.002732869883679956,True,0.00987522304058075,-0.5781793987209184,-0.9522088291196065,0.010264023744126074,0.004676799728234881,0.010276766484539866,0.004648732057264626,0.001956086808254065,0.025917480498530605,0.007200991413244749,0.5408866537113546,0.5588160728691927,0.017929419157838078,0.5588160728691927,0.5588160629482917,0.5408866637033933,0.5408866537113546,4,12,96,4288,1072,120.0,3.883140999732859,7.638051999947493,1.9395539998185996,5.810118999761471,1.9395539998185996,12.220111000260658,132.22011100026066,0,-1.46411121772262e-14,-1.46411121772262e-14,4.249366050325521e-07,0.02500042493660498,0.053808163373102624,0.011279301357708361,0.011279301357708361,0
1786206751.0811207,36.470428135,RUNNING,15.629244000137987,1.1666387972573389,0.2943789064884186,0.8281960487365723,-0.9420894980430603,0.8397622853517532,-0.9556210935115814,-0.012364368468847475,True,0.0007344700279645622,0.8473002866467396,-1.0017416919237412,0.002859793270471131,-0.0023457414533589044,0.002888577546746436,-0.002310203513171654,-0.0013985498613695233,0.5738601088523865,0.9294931292533875,0.5854263454675674,0.9159615337848663,0.013028936305645724,True,0.0035800859332084656,0.5763865065043907,0.9529772114981183,-0.008236405949070451,0.0015976410374712452,-0.008214891906500151,0.0017048140095076646,-0.004312558982365741,-0.5923515558242798,0.9610595107078552,-0.5807853192090988,0.9475279152393341,-0.011395663501155794,True,0.006205467972904444,-0.5763865065043907,0.9529772114981183,0.008790984686451384,-0.005008176563816923,0.008847484148608116,-0.004907674448444593,-0.001323516031661377,-0.5931429862976074,-0.9346831440925598,-0.5815767496824265,-0.9482147395610809,0.004024499977208638,True,0.00936825294047594,-0.5763865065043907,-0.9529772114981183,0.010386556427903725,0.005014923332745563,0.010406654818923897,0.004973082137177313,1.8641667961042614e-05,0.02573874871837374,0.006009769238520297,0.5385683025492279,0.5553218248313301,0.01675352228210214,0.5553218248313301,0.5553218155145678,0.5385683119017376,0.5385683025492279,4,12,96,4288,1072,120.0,2.867249999781052,10.063071999866224,2.6503750000301807,7.8146700002434955,2.6503750000301807,13.69122400001288,133.69122400001288,0,-5.267660198884065e-14,-5.267660198884065e-14,8.811145544803696e-06,0.025008811145544596,0.05404981567704903,0.011533863639879918,0.011533863639879918,0
1786206751.277743,36.670345956000006,RUNNING,12.99842099979287,1.16304853542352,0.29435035586357117,0.828501284122467,-0.9421180486679077,0.840067520737648,-0.9556496441364288,-0.012148140025191143,True,0.010121922940015793,0.8481020726969289,-1.002929064778258,0.003407798482730184,-0.002182378239354868,0.003434058213316279,-0.0021408198116756117,-0.0017228925268540224,0.5719813704490662,0.9294427037239075,0.5835476070642471,0.9159111082553864,0.013136019895835346,True,0.0031194870825856924,0.5746725723357567,0.9537117547132471,-0.00760563490372451,0.0015878360530477004,-0.0075841214717887375,0.0016876039586537113,-0.004473184367650173,-0.590639054775238,0.9609965085983276,-0.5790728181600571,0.9474649131298065,-0.012574964206371862,True,0.005138660781085491,-0.5746725723357567,0.9537117547132471,0.008794787386660582,-0.005343962864540405,0.008861290407868205,-0.005232949128510031,0.000445435026162724,-0.5912452936172485,-0.934756875038147,-0.5796790570020676,-0.9482884705066681,0.003719897091242794,True,0.0014475289499387145,-0.5746725723357567,-0.9537117547132471,0.010018150165629172,0.005354276308309355,0.010037998162889748,0.005316972861378996,0.00047554599690980846,0.025652907961366534,0.005015030747985471,0.5373200129424814,0.5545815523361085,0.017261539393627068,0.5545815523361085,0.5545815429869357,0.5373200223010497,0.5373200129424814,4,12,96,4288,1072,120.0,4.219381999973848,7.862672000101156,1.7943950001608755,5.8655780003391556,1.7943950001608755,12.786987000254157,132.78698700025416,0,-1.249008550882943e-13,-1.249008550882943e-13,2.8180100802483122e-05,0.025028180100802433,0.05424699555287548,0.011359208050159952,0.011359208050159952,0
1786206751.4786565,36.870768475000006,RUNNING,12.687046000337432,1.1595220435660603,0.29435858130455017,0.8285695910453796,-0.9421098232269287,0.8401358276605606,-0.9556414186954498,-0.012120836821579918,True,0.010592730715870857,0.8488719089416226,-1.0040618672186183,0.004304938037666951,-0.0015991301158008175,0.004324004132820775,-0.0015468344755537901,-0.001763847332270859,0.5697901844978333,0.9297051429748535,0.5813564211130142,0.9161735475063324,0.01147009572548971,True,0.0033760119695216417,0.5730388579192762,0.954411918034596,-0.006243306659090186,0.0013101582392374966,-0.006227868658308384,0.0013816818107443875,-0.0019742981121317186,-0.5893121957778931,0.960898756980896,-0.5777459591627121,0.9473671615123749,-0.013620870234757342,True,0.004823318216949701,-0.5730388579192762,0.954411918034596,0.009423352892645752,-0.0052568307656890925,0.00949407915343029,-0.005127992830224201,0.002014294068740945,-0.5884156823158264,-0.934564471244812,-0.5768494457006454,-0.9480960667133331,0.004411359661811416,True,0.001022772048600018,-0.5730388579192762,-0.954411918034596,0.007612702357363602,0.005282863623164286,0.007635932821432901,0.005249229961558706,-0.0005616478589431244,0.025599960381430562,0.004015206835035588,0.537002454274237,0.5530549456929132,0.016052491418676262,0.5530549456929132,0.5530549374501014,0.5370024625038525,0.537002454274237,4,12,96,4288,1072,120.0,1.9402580001042224,9.667820000231586,2.562114000284055,7.444153000506049,2.562114000284055,12.475771000026725,132.47577100002673,0,-1.1135880763214674e-13,-1.1135880763214674e-13,4.5576016832327773e-05,0.025045576016832275,0.05473083515298897,0.010790451771748505,0.010790451771748505,0
1786206751.6793387,37.071216756000005,RUNNING,12.910801000089123,1.1570326476378643,0.29426196217536926,0.8285542726516724,-0.9422064423561096,0.8401205092668533,-0.9557380378246307,-0.01195251144681078,True,0.01015322096645832,0.8496062130174988,-1.0051356840766739,0.0054367198213714114,-0.0011825783834071985,0.005450465919332536,-0.0011175130026936197,-0.002016335394424566,0.5689793825149536,0.9298581480979919,0.5805456191301346,0.9163265526294708,0.008849754410240274,True,0.0026020840741693974,0.5714915586538338,0.9550750462912141,-0.0074840511641980165,0.0008757669623415815,-0.00747600787620564,0.0009419638186119061,0.001956213860742435,-0.5876444578170776,0.9606126546859741,-0.5760782212018967,0.947081059217453,-0.014886974382560572,True,0.005046592094004154,-0.5714915586538338,0.9550750462912141,0.009176536213788984,-0.005128973179007793,0.00925187144342085,-0.004991799029245446,0.00391345029044579,-0.5873562693595886,-0.9345718622207642,-0.5757900327444077,-0.9481034576892853,0.004700084150592058,True,0.001226781983859837,-0.5714915586538338,-0.9550750462912141,0.008594044592953211,0.005151398288829184,0.008618161584813471,0.005110948805639311,-0.000994734592114088,0.025583741390860372,0.0031069901666508914,0.5371285309154046,0.5523053627935661,0.015176831878161545,0.5523053627935661,0.5523053551357016,0.5371285385445304,0.5371285309154046,4,12,96,4288,1072,120.0,1.8509419996917131,10.099105999870517,2.4408600002061576,8.031737000237626,2.4408600002061576,12.716262999674655,132.71626299967465,0,-1.5606719039316724e-13,-1.5606719039316724e-13,6.204049363950282e-05,0.025062040493639293,0.055223880359212545,0.010512620165970136,0.010512620165970136,0
1786206751.881576,37.272408594000005,RUNNING,13.423978999981045,1.1545316688589797,0.2940516769886017,0.8302776217460632,-0.9424167275428772,0.8418438583612442,-0.9559483230113983,-0.012302022937188364,True,0.001814236049540341,0.8503057887568606,-1.0061525287629909,0.0029644309559508017,-0.0009095476768588712,0.0029753956347876353,-0.0008730112745923949,-0.0014920681588581897,0.5676047801971436,0.9298409223556519,0.5791710168123245,0.9163093268871307,0.010440165229992615,True,0.011561932042241096,0.5700276038715275,0.955702455483631,-0.007272619194798338,0.0002801101344799134,-0.007269298508417505,0.00035602083577597227,-0.0004294023688860768,-0.586521565914154,0.9604309797286987,-0.5749553292989731,0.9468993842601776,-0.016645052415384186,True,0.013330535031855106,-0.5700276038715275,0.955702455483631,0.009869369959569451,-0.004844833132053965,0.009948641576025876,-0.004679893403494263,0.0065505673396812104,-0.5853468179702759,-0.9343918561935425,-0.5737805813550949,-0.9479234516620636,0.006977764616780741,True,0.0015896490076556802,-0.5700276038715275,-0.955702455483631,0.0074932856083561854,0.004877177180357458,0.007527134706255168,0.004824772489028513,-0.004411255291397112,0.025551379430659958,0.0022161445493884837,0.5372727416854564,0.5504737015064595,0.013200959821003111,0.5504737015064595,0.5504736948434621,0.5372727483114232,0.5372727416854564,4,12,96,4288,1072,120.0,2.2599550002269098,10.14854799996101,2.890483000101085,7.946484000058263,2.890483000101085,13.206432000060886,133.2064320000609,0,-1.5995316922840958e-13,-1.5995316922840958e-13,6.878224231304935e-05,0.025068782242313157,0.055722860846831444,0.010994401824396802,0.010994401824396802,0
1786206752.0753255,37.470208899,RUNNING,10.588633999759622,1.1517071550983218,0.29382070899009705,0.8309499025344849,-0.9426476955413818,0.8425161391496658,-0.956179291009903,-0.013678279660030653,True,0.0016627080040052533,0.8509554179031373,-1.0070912495745725,0.0025274151901733214,-0.00025605298101163965,0.0025306810151348577,-0.00022145941443027612,0.0005723169254052437,0.5663509964942932,0.930007815361023,0.5779172331094742,0.9164762198925018,0.009463860954243338,True,0.0033127760980278254,0.5686772487173578,0.9562811791211323,-0.007171042555805852,-0.00042715856994858525,-0.0071747639311600655,-0.00035927470434696305,0.001035054044737838,-0.5849555730819702,0.9603813886642456,-0.5733893364667892,0.9468497931957245,-0.01692814276212372,True,0.005606045015156269,-0.5686772487173578,0.9562811791211323,0.009436885890924826,-0.004142096699301948,0.009505648452133036,-0.0039817619076440245,0.006975202859790509,-0.5839090347290039,-0.9337755441665649,-0.5723427981138229,-0.9473071396350861,0.006949140092223248,True,0.009986268356442451,-0.5686772487173578,-0.9562811791211323,0.007318875730097289,0.00417476070508813,0.007347709778047384,0.004123800421327628,-0.004368318504560872,0.02557596891006715,0.0011501353915556684,0.5387523995528488,0.5488482740738679,0.010095874521019121,0.5488482740738679,0.548848269020488,0.5387524045713404,0.5387523995528488,4,12,96,4288,1072,120.0,1.7975639998439874,7.852655000078812,1.9505959999150946,6.125367999629816,1.9505959999150946,10.404241000287584,130.40424100028758,0,-9.365601516048718e-14,-9.365601516048718e-14,6.266176008142365e-05,0.025062661760081373,0.056337784938650166,0.010305909973636687,0.010305909973636687,0
1786206752.28579,37.672518837000005,RUNNING,14.36441099986041,1.1493432127989585,0.2938399016857147,0.8311446309089661,-0.9426285028457642,0.842710867524147,-0.9561600983142853,-0.0135283510214591,True,0.002462974051013589,0.8515791039389523,-1.0079873326510893,0.0029674202300712747,8.757953996618717e-05,0.00296596392048531,0.00012771460384917866,0.0003474239675479128,0.5645500421524048,0.9300081133842468,0.5761162787675858,0.9164765179157257,0.009819490592598292,True,0.0037355180829763412,0.5673892822548015,0.9568331647479422,-0.005887590728952568,-0.0005324231361809872,-0.005892534923391812,-0.00047458525492990794,0.0005016095872054076,-0.5843919515609741,0.9603744745254517,-0.5728257149457932,0.9468428790569305,-0.01682634645712815,True,0.004991869907826185,-0.5673892822548015,0.9568331647479422,0.010900745906581683,-0.003978987522474907,0.010966151464397859,-0.003795013186242309,0.006822508402297157,-0.5821880102157593,-0.9336165189743042,-0.5706217736005783,-0.9471481144428253,0.007887919905730364,True,0.009970715269446373,-0.5673892822548015,-0.9568331647479422,0.006437759766900792,0.004024340094096985,0.006469302834707648,0.003973434892146423,-0.0057764882248215466,0.025569859988400293,0.0005872774824030057,0.538918130188656,0.5480494172668842,0.00913128707822819,0.5480494172668842,0.5480494128300488,0.5389181345924925,0.538918130188656,4,12,96,4288,1072,120.0,2.1227639999779058,11.371650000000955,3.366603999893414,9.364989999085083,3.366603999893414,14.15588800000478,134.15588800000478,0,-1.5579242421289756e-13,-1.5579242421289756e-13,6.192500249563708e-05,0.025061925002495586,0.056938471607165454,0.011604249352020505,0.011604249352020505,0
1786206752.4820507,37.870375238,RUNNING,16.197048000321956,1.144693917728851,0.2938583195209503,0.8313058018684387,-0.9426100850105286,0.8428720384836197,-0.9561416804790497,-0.013460594647011687,True,0.0006033270037733018,0.8521476213185225,-1.0087996002670492,0.003424938994499402,0.0003537993895065261,0.003419866514575174,0.000399867661289601,0.00024578940587679376,0.5632480382919312,0.9300028085708618,0.5748142749071121,0.9164712131023407,0.010418364540011762,True,0.004215415101498365,0.5662227232375573,0.9573331186124755,-0.005389271736908804,-0.0006661963734421184,-0.005395919808641384,-0.0006100138366815961,-0.0003967013339147979,-0.5810481905937195,0.9601740837097168,-0.5694819539785385,0.9466424882411957,-0.0163549059122777,True,0.005338448099792004,-0.5662227232375573,0.9573331186124755,0.006515529067873706,-0.003649695135873661,0.006574345450400733,-0.003542650916746138,0.006115347585021483,-0.5812700390815735,-0.9335147142410278,-0.5697038024663925,-0.947046309709549,0.007097655029466698,True,0.0010088520357385278,-0.5662227232375573,-0.9573331186124755,0.006964999231001863,0.003675092320659122,0.006990908113361068,0.0036255650047636134,-0.004591090910426048,0.02560140428400021,0.00020023955123176028,0.5398480021671926,0.5477887984330008,0.007940796265808125,0.5477887984330008,0.5477887946197589,0.5398480059503548,0.5398480021671926,4,12,96,4288,1072,120.0,3.313416999844776,12.033987999984674,5.627166000067518,10.287337999670854,5.627166000067518,15.978988999904686,135.9789889999047,0,-6.939808667382285e-14,-6.939808667382285e-14,5.792735550058564e-05,0.025057927355500536,0.05757881582920388,0.007875120180240058,0.007875120180240058,0
1786206752.6771166,38.070376355,RUNNING,11.861530999794923,1.1419433003673165,0.293599396944046,0.8325724601745605,-0.9428690075874329,0.8441386967897415,-0.956400603055954,-0.01205159996459263,True,0.009866934269666672,0.8526790640920132,-1.009554798522806,0.0015711182308852448,0.0009460879295571101,0.0015596025395692296,0.0009649532550558341,-0.0018677026177517922,0.561735987663269,0.9300609230995178,0.57330222427845,0.9165293276309967,0.009723916339259078,True,0.003819298930466175,0.5651389744357498,0.9577975823846786,-0.0041947421150830295,-0.0013588818873054437,-0.004207757246224188,-0.0013180289649874517,0.0006449709672142279,-0.5798173546791077,0.9599016308784485,-0.5682511180639267,0.9463700354099274,-0.015529312645603824,True,0.0049644759856164455,-0.5651389744357498,0.9577975823846786,0.006217362640664118,-0.0031191100644626726,0.006265048656062192,-0.003022186482818616,0.0048769576850106675,-0.5803220868110657,-0.9333464503288269,-0.5687558501958847,-0.946878045797348,0.005576260059842784,True,0.008853250183165073,-0.5651389744357498,-0.9577975823846786,0.007240412000041416,0.0031443566741270954,0.007257833090867821,0.0031039335768626567,-0.0023089984559901766,0.02558583335903484,0.0004794176550928764,0.540539077537171,0.5454391345065032,0.004900056969332156,0.5454391345065032,0.5454391320914505,0.5405390799313742,0.540539077537171,4,12,96,4288,1072,120.0,2.157773999897472,8.808607999981177,2.2376819997589337,6.906015999447845,2.2376819997589337,11.66709000017363,131.66709000017363,0,0.0,0.0,4.2826025840018215e-05,0.025042826025839966,0.05841273481263836,0.007893702858891469,0.007893702858891469,0
1786206752.877852,38.271020193000005,RUNNING,12.564607000058459,1.1402074340131576,0.29338791966438293,0.8329787254333496,-0.943080484867096,0.8445449620485306,-0.9566120803356171,-0.01136880797478114,True,0.002046407898887992,0.8531669323244707,-1.010244400322479,0.0014418359418086647,0.0015109599797024642,0.0014245653204814305,0.0015272539379668957,-0.002891890602469027,0.5608547329902649,0.9301162362098694,0.5724209696054459,0.9165846407413483,0.010014236441848857,True,0.004307386931031942,0.5641501249933049,0.9582213750028693,-0.004162256306702038,-0.0019417781805487616,-0.004181492703457276,-0.0018999996937025317,0.00020949081332955963,-0.5789761543273926,0.9594171047210693,-0.5674099177122116,0.9458855092525482,-0.012569045812835756,True,0.004720719996839762,-0.5641501249933049,0.9582213750028693,0.00651552698080544,-0.0021344623104341195,0.006541839771313412,-0.0020524019096486673,0.000436557435858566,-0.5792626738548279,-0.9330503940582275,-0.5676964372396469,-0.9465819895267487,0.005959480657573864,True,0.0017377519980072975,-0.5641501249933049,-0.9582213750028693,0.0070964763881852955,0.0021630782516320578,0.007109241118122798,0.0021207487770000303,-0.0028838293525867966,0.02567733380076309,0.0012184014925659054,0.5432123706195515,0.5446901356745653,0.0014777650550137356,0.5446901356745653,0.5446901348850619,0.5432123714001965,0.5432123706195515,4,12,96,4288,1072,120.0,2.115978999881918,9.397597999850404,2.1693580001738155,6.980609999573062,2.1693580001738155,12.367797000024439,132.36779700002444,0,-3.925231146709437e-17,-3.925231146709437e-17,2.5136548849902922e-05,0.02502513654884985,0.059329507363854055,0.007418819626514384,0.007418819626514384,0
1786206753.0800288,38.470312409,RUNNING,14.238035999824206,1.1376344409441999,0.29339978098869324,0.832965612411499,-0.9430686235427856,0.84453184902668,-0.9566002190113068,-0.011114641452987654,True,0.001999845029786229,0.8536050237784049,-1.010860445614076,0.002100469641050269,0.0017030327577759186,0.002081411692597016,0.0017262730528372742,-0.003273140385159255,0.5602809190750122,0.9300762414932251,0.5718471556901932,0.916544646024704,0.010039622631778412,True,0.004160434938967228,0.563267420343253,0.9585996769957487,-0.00460849205499197,-0.0021060028503714356,-0.004629402921408309,-0.0020596299711241645,0.00017141152843522679,-0.5769863724708557,0.9589765667915344,-0.5654201358556747,0.9454449713230133,-0.01210399727255395,True,0.0032045459374785423,-0.563267420343253,0.9585996769957487,0.004305522515738462,-0.0008244375166453662,0.004315185871323462,-0.000772264364264988,-0.00026101537456414345,-0.5769799947738647,-0.93248450756073,-0.5654137581586838,-0.9460161030292511,0.004167073271696978,True,0.0018027150072157383,-0.563267420343253,-0.9585996769957487,0.004292587881819486,0.0008569924276744072,0.004296121752457238,0.0008390975106020292,-0.00019521827377146734,0.025882054071755978,0.00190542855905833,0.5461272485455805,0.5477341746994022,0.0016069261538217416,0.5461272485455805,0.5461272491646532,0.5477341740809318,0.5477341746994022,4,12,96,4288,1072,120.0,2.7177389997632417,10.589050000362477,2.958613999908266,8.545299000616069,2.958613999908266,14.046281999981147,134.04628199998115,0,3.925231146709437e-17,3.925231146709437e-17,1.0920476545830465e-05,0.02501092047654578,0.06012197101816385,0.0050668971794083926,0.0050668971794083926,0
1786206753.281795,38.670378517,RUNNING,17.24045999981172,1.136586537937592,0.2933644950389862,0.8330744504928589,-0.9431039094924927,0.8446406871080399,-0.9566355049610138,-0.011601577052343638,True,0.0012321589747443795,0.8539966164419841,-1.0114083351982057,0.002419900775805388,0.002106112590077633,0.0023953042430645203,0.0021340448894023147,-0.002542736986125279,0.559729814529419,0.9301769733428955,0.5712960511445999,0.9166453778743744,0.00989659593486021,True,0.003903975011780858,0.562482955476399,0.9589358762244005,-0.004917971806152829,-0.002510760623017347,-0.0049425785463829445,-0.0024619672835039124,0.0003859515738125312,-0.5765010118484497,0.9586105346679688,-0.5649347752332687,0.9450789391994476,-0.011307160215413883,True,0.005170823074877262,-0.562482955476399,0.9589358762244005,0.004912673822776813,-8.296527561211728e-05,0.004913297860524153,-2.7412765688887736e-05,-0.0014562709602742438,-0.5758864283561707,-0.9323452115058899,-0.5643201917409897,-0.945876806974411,0.004447063914978408,True,0.009994779713451862,-0.562482955476399,-0.9589358762244005,0.003665944770912968,0.00012014115904292536,0.0036664427950710123,0.00010383733409603829,-0.0006152042386936133,0.02592804660360666,0.0021919047029210635,0.545876962184774,0.5499004430048061,0.0040234808200321215,0.545876962184774,0.5458769638452647,0.5499004413496773,0.5499004430048061,4,12,96,4288,1072,120.0,3.80748899988248,12.512124000295444,4.919674000120722,10.621308000281715,4.919674000120722,17.047107000053074,137.04710700005307,0,-3.925231146709437e-17,-3.925231146709437e-17,2.6586015626224267e-06,0.02500265860156257,0.061016255070553846,0.005521808181402951,0.005521808181402951,0
1786206753.4801385,38.871295453,RUNNING,13.21094400009315,1.1341400658761556,0.2933063209056854,0.8339335322380066,-0.9431620836257935,0.8454997688531876,-0.9566936790943146,-0.012527020699651299,True,0.0014819640200585127,0.8543396619180301,-1.0118859364807868,0.0011293257025019147,0.002271943620100733,0.0011007771528463999,0.002285912075084963,-0.0011545715151637884,0.5587372183799744,0.9300572276115417,0.5703034549951553,0.9165256321430206,0.008665739909630576,True,0.0038302429020404816,0.5617996287913639,0.959228730517987,-0.0040573401619515455,-0.002744602383170744,-0.004080971532559545,-0.0027093399162766776,0.002232235611656981,-0.575050950050354,0.9583075046539307,-0.563484713435173,0.9447759091854095,-0.011621791779082184,True,0.005914284847676754,-0.5617996287913639,0.959228730517987,0.003362093309585607,0.0003978823845839259,0.003357242257685866,0.0004369281834933536,-0.000984323614771793,-0.5755865573883057,-0.9323570728302002,-0.5640203207731247,-0.9458886682987213,0.004634822594703523,True,0.009872374124825,-0.5617996287913639,-0.959228730517987,0.004448839138565751,-0.0003637647172548622,0.004447105375708857,-0.00038438031647750764,-0.0008968422582812852,0.02593231845718659,0.00228540160119384,0.5452934411056409,0.5511646968216249,0.005871255715984014,0.5452934411056409,0.5452934436089799,0.5511646943247764,0.5511646968216249,4,12,96,4288,1072,120.0,1.9585640002333093,10.224008000022877,2.3537840002063604,7.8053250003904395,2.3537840002063604,12.988725000013801,132.9887250000138,0,0.0,0.0,6.443533529023026e-09,0.02500000644353348,0.0617944079051206,0.00489845398380872,0.00489845398380872,0
1786206753.6788633,39.070593234,RUNNING,13.924195999607036,1.1326943172664325,0.29328152537345886,0.8339782357215881,-0.94318687915802,0.8455444723367691,-0.9567184746265411,-0.01251492998528848,True,0.0020506319124251604,0.8546286358102171,-1.0122863263759658,0.001440246714988165,0.00249549062845196,0.0014089038529873745,0.00251331932108976,-0.0011727075867080158,0.5582187175750732,0.9300037622451782,0.5697849541902542,0.9164721667766571,0.00877269333695607,True,0.003927111160010099,0.5612271822744397,0.9594740647395258,-0.004024608275338452,-0.002920851666035479,-0.004050076816389015,-0.002885433070832384,0.002071805470668739,-0.5741238594055176,0.9582297205924988,-0.5625576227903366,0.9446981251239777,-0.011437780230564258,True,0.004982557147741318,-0.5612271822744397,0.9594740647395258,0.002655973092295322,0.0006651143527921198,0.0026481920973233605,0.0006954486213667792,-0.0012603409375486804,-0.5744450688362122,-0.9323195219039917,-0.5628788322210312,-0.9458511173725128,0.004179618217456645,True,0.009787729009985924,-0.5612271822744397,-0.9594740647395258,0.003307822379641011,-0.0006277991675639957,0.0033051695339658418,-0.0006416190784195792,-0.0002140356924109684,0.025935417415066924,0.002195457928638372,0.5450334557632247,0.55189309572451,0.0068596399612852466,0.5450334557632247,0.5450334586435898,0.5518930928484208,0.55189309572451,4,12,96,4288,1072,120.0,2.653254999586352,10.422129999824392,3.135390999887022,8.552050999696803,3.135390999887022,13.74341899963838,133.74341899963838,0,-1.9704660356481375e-14,-1.9704660356481375e-14,1.5406971729134283e-06,0.025001540697172864,0.06239987197006183,0.0049728106966689355,0.0049728106966689355,0
1786206753.8799374,39.270889786000005,RUNNING,13.95712600015031,1.13007835883773,0.29280951619148254,0.8339192867279053,-0.9436588883399963,0.8454855233430862,-0.9571904838085175,-0.015267331253400502,True,0.0007743749883957207,0.8548659729246817,-1.0126136339377834,0.001885012040655977,0.003196249131148063,0.001835996056336292,0.003224654614513055,0.002955894315460017,0.5566949248313904,0.9297462105751038,0.5682611614465714,0.9162146151065826,0.008501689552653648,True,0.003601623000577092,0.5607595512489707,0.9596744780361555,-0.001665754722215992,-0.003211155956006878,-0.0016929944454377246,-0.00319687834865519,0.002478311147122373,-0.5730226635932922,0.9582991003990173,-0.5614564269781113,0.9447675049304962,-0.011729362839495387,True,0.004884055815637112,-0.5607595512489707,0.9596744780361555,0.0013781756952326734,0.0006851075662985852,0.001370045202053731,0.0007012251911185054,-0.0008229670241519885,-0.5740336179733276,-0.9323258996009827,-0.5624673813581467,-0.9458574950695038,0.005202911488624262,True,0.009914584457874298,-0.5607595512489707,-0.9596744780361555,0.0034300905061669293,-0.0006473250652083568,0.0034266761196794734,-0.0006651626803737057,-0.0017489755991623936,0.02583062051892065,0.002218219663019323,0.5428359223956242,0.5511191600466385,0.008283237651014352,0.5428359223956242,0.5428359258604667,0.5511191565828333,0.5511191600466385,4,12,96,4288,1072,120.0,2.005670000016835,10.894889000155672,2.680552000128955,8.48967999991146,2.680552000128955,13.752060000115307,133.7520600001153,0,-2.1824285175704473e-14,-2.1824285175704473e-14,6.935213415450785e-06,0.0250069352134154,0.06292108000212061,0.003710697899557812,0.003710697899557812,0
1786206754.081292,39.470116875,RUNNING,13.404904999788414,1.1298908166397283,0.29327884316444397,0.8340591788291931,-0.9431895613670349,0.8456254154443741,-0.956721156835556,-0.012600763382953087,True,0.006994307041168213,0.8550476632116437,-1.0128630583701956,0.0018092461989703684,0.0026467643805885566,0.0017757521963884446,0.002669351537707738,-0.001043957490211106,0.5564674735069275,0.9296196699142456,0.5680337101221085,0.9160880744457245,0.008492274589845122,True,0.004002410918474197,0.5604034382758923,0.9598270978817605,-0.001892854236348258,-0.002708841764213113,-0.0019157899332160225,-0.0026926696409687737,0.0024924335913351628,-0.5730619430541992,0.9581950902938843,-0.5614957064390182,0.9446634948253632,-0.012022254210190583,True,0.004281337838619947,-0.5604034382758923,0.9598270978817605,0.002173873399585808,0.0009854463153994228,0.002161869300795057,0.0010115093297844292,-0.0003836299681091934,-0.5737489461898804,-0.9322690963745117,-0.5621827095746994,-0.9458006918430328,0.00524892032873427,True,0.007692710962146521,-0.5604034382758923,-0.9598270978817605,0.003568393611434018,-0.0009452376275933538,0.003563383000630395,-0.0009639547341860756,-0.0018179888593274052,0.025947761087440006,0.0018639901402477403,0.5451367426888961,0.5529400078282889,0.007803265139392779,0.5451367426888961,0.5451367459576958,0.5529400045562806,0.5529400078282889,4,12,96,4288,1072,120.0,2.1794059998683224,10.155491999739752,2.6227899998048088,7.881042000008165,2.6227899998048088,13.195935000112513,133.1959350001125,0,-4.616071828530298e-14,-4.616071828530298e-14,1.1157274297606579e-05,0.025011157274297556,0.06325422963015204,0.0036914640914874714,0.0036914640914874714,0
1786206754.2822766,39.672232171000005,RUNNING,14.265493000038987,1.1298406493141897,0.2932831346988678,0.8350459933280945,-0.9431852698326111,0.8466122299432755,-0.9567168653011322,-0.011898425383335676,True,0.002350327093154192,0.8551749430266267,-1.0130370121570722,-1.1444903460697958e-05,0.002582361715684864,-4.216940652648713e-05,0.0025820427489883476,-0.0020974644896372217,0.5565111041069031,0.9295912384986877,0.568077340722084,0.9160596430301666,0.008683376642747603,True,0.003864740952849388,0.5601552448624519,0.9599334664875206,-0.002349586188663145,-0.002985619203483933,-0.0023754225388688756,-0.002965104559370948,0.002205780511981441,-0.5729672312736511,0.9582021236419678,-0.5614009946584702,0.9446705281734467,-0.01221463763706631,True,0.004686286207288504,-0.5601552448624519,0.9599334664875206,0.002501678777951352,0.0009948488531897268,0.002489340742241035,0.0010253309796177709,-9.505482779560356e-05,-0.5723155736923218,-0.9323339462280273,-0.5607493370771408,-0.9458655416965485,0.0054958204514005335,True,0.01014585979282856,-0.5601552448624519,-0.9599334664875206,0.0011788133601653753,-0.0009492639421164462,0.001173578599821243,-0.0009557281203085161,-0.002188339043326801,0.02592542517294226,0.0015694792582805802,0.5444218062938819,0.5526983436637797,0.008276537369897752,0.5444218062938819,0.544421809738393,0.5526983402123837,0.5526983436637797,4,12,96,4288,1072,120.0,2.678152000044065,10.307019999800104,2.6918170001408726,7.847471000332007,2.6918170001408726,14.065195000057429,134.06519500005743,0,-6.971210516555961e-14,-6.971210516555961e-14,1.751898226298281e-05,0.025017518982262933,0.06357345413576572,0.0037992732576334434,0.0037992732576334434,0
1786206754.475711,39.870726387000005,RUNNING,9.075118000055227,1.1294575180743907,0.2932632267475128,0.8354100584983826,-0.9432051777839661,0.8469762951135635,-0.9567367732524872,-0.012407066431571304,True,0.002107979031279683,0.8552424337994615,-1.0131288597387327,-0.0006643194352018884,0.002539860572539493,-0.0006957797151357181,0.0025314230440472126,-0.0013345029172837795,0.5561686158180237,0.9294472932815552,0.5677348524332047,0.9159156978130341,0.008750604513310145,True,0.010821606032550335,0.5600242836657728,0.9599895927146688,-0.0018345162439679687,-0.002966980589001661,-0.0018604085495286253,-0.00295081407305438,0.0021049387061376277,-0.5729217529296875,0.9582435488700867,-0.5613555163145065,0.9447119534015656,-0.012034526025014728,True,0.0140689080581069,-0.5600242836657728,0.9599895927146688,0.002677734851990065,0.0011066911569394995,0.0026642227643604373,0.0011388355088747335,-0.00036522224587297574,-0.5719414949417114,-0.9322643280029297,-0.5603752583265305,-0.9457959234714508,0.004837891930131704,True,0.001434792997315526,-0.5600242836657728,-0.9599895927146688,0.0006877789557574579,-0.001058626240163972,0.0006826494076057484,-0.0010619412387896272,-0.0012014462614235567,0.025926813867575504,0.0014048314844389085,0.5443796301828763,0.5530356911184353,0.00865606093555904,0.5443796301828763,0.5443796337948296,0.5530356874957095,0.5530356911184353,4,12,96,4288,1072,120.0,1.6190900000765396,6.700179999825195,1.80735599997206,5.105122999339073,1.80735599997206,8.920644999761862,128.92064499976186,0,-7.336257013199938e-14,-7.336257013199938e-14,2.4406911454111926e-05,0.025024406911453904,0.06375408569358444,0.0034883267715188305,0.0034883267715188305,0
