method,seed,step,time_s,lambda_req,lambda_des,lambda2_pre,lambda2_post,connectivity_safety_margin,lambda3_post,fiedler_gap_post,lambda2_estimate_mean,lambda2_estimate_max,maximum_unsafe_overestimation,subspace_sine_error,aligned_basis_spectral_error,maximum_aligned_row_error,procrustes_factor_disagreement,maximum_prenormalized_row_norm,minimum_local_gram_eigenvalue,minimum_exact_cross_singular_value,maximum_laplacian_eigenvalue,consensus_contraction,exact_global_matrix_margin,estimated_tightened_global_margin,estimated_untightened_global_margin,minimum_local_matrix_margin,minimum_inner_local_matrix_margin,solver_feasible,offline_total_spectral_error_bound,offline_maximum_local_error_bound,beta_total,master_residual_eta_q,resource_zero_sum_error,control_correction,task_error,active_edge_count,edge_appearances,edge_disappearances,consensus_rounds,consensus_step,diffusion_step,warmup_steps,allocation_inner_iterations,p1_x_m,p1_y_m,p2_x_m,p2_y_m,p3_x_m,p3_y_m,p4_x_m,p4_y_m,p5_x_m,p5_y_m,p6_x_m,p6_y_m
estimated-subspace-empirical,14,0,0.025,0.195,0.205,0.9528077435349479,0.9008247596446181,0.7058247596446181,0.9101724799072617,0.009347720262643633,0.9528047174096619,0.9528116788260177,3.935291069789848e-06,1.3921114271282252e-05,1.4014553952580328e-05,8.571707739661625e-06,4.724453205856524e-16,0.30741206827824247,0.2686442520011903,0.9999983884566314,1.4997275216062778,0.9047192256465052,0.15453326654381042,0.15153234693393955,0.15453234693393966,-1.823195533581693e-11,-1.8601817600424025e-11,True,0.0017462185540310063,0.00029461527854887827,0.003,280.3069900739059,2.797157557069881e-17,9.667443668953489,19.136702029007598,15,0,0,80,0.1,0.5,80,10,12.203469454991616,0.11486631475403915,5.96383377224201,10.565814380315937,-6.108641987801959,10.795990093285893,-12.261665409755569,-0.06284512268507804,-6.227582848553379,-10.317312998483118,6.132364351575708,-10.495901415232467
estimated-subspace-empirical,14,1,0.05,0.195,0.205,0.9008247596446185,0.8504158776328881,0.655415877632888,0.8578086268840942,0.007392749251206143,0.9008219362428859,0.900832170370281,7.410725662460038e-06,0.0017319849100625808,0.0017319856159457468,0.0012086086827544453,6.762148617570363e-07,0.3225978517587642,0.29663607467393904,0.9999970530342323,1.4544942553926212,0.9099175240355382,0.01851245762246931,0.015558941575588289,0.018558941575588357,-1.7625377100368585e-11,-1.8327044060345966e-11,True,0.20885391470545517,0.035368520965966765,0.003,245.0380490873559,3.469446951953614e-18,9.349870517026263,18.651497994645243,15,0,0,80,0.1,0.5,80,10,12.400310925605488,0.13574882452805398,6.055434537521225,10.739365352208242,-6.183507928424061,10.986705999682833,-12.445993585155945,-0.07353570133365525,-6.331932653552826,-10.483196110634378,6.246943397430876,-10.671309730505776
estimated-subspace-empirical,14,2,0.07500000000000001,0.195,0.205,0.850415877632888,0.8035668962711533,0.6085668962711532,0.8098068023128191,0.006239906041665799,0.8504114500827602,0.8504270642210442,1.1186588156242294e-05,0.0020596892947910435,0.0020596906149651572,0.0013761949283535259,1.3675164735619127e-06,0.3375644915865796,0.3256363048850587,0.9999958843678302,1.4105839618224267,0.9149584122367111,0.024088826888624612,0.021159730366814337,0.024159730366814132,-1.6649784818231255e-11,-1.8371269149022047e-11,True,0.23513919406824912,0.039656521463509044,0.003,228.78671590020116,3.1031676915590914e-17,10.007851756533725,18.200395308812325,15,0,0,80,0.1,0.5,80,10,12.580610661792678,0.15433476990777603,6.139658421182099,10.895051829543918,-6.248436023186586,11.164481154166676,-12.627391518096164,-0.07392126970437712,-6.422018054595445,-10.639029643715425,6.3575417665671905,-10.835380428958613
estimated-subspace-empirical,14,3,0.1,0.195,0.205,0.8035668962711533,0.7608671631281477,0.5658671631281478,0.7653901015006027,0.004522938372454988,0.8035606393860143,0.8035838127983408,1.6916527187493813e-05,0.0025184743464407512,0.002518475916067221,0.0015847973195936397,2.6225773184655397e-06,0.3511815681688558,0.3532900875227471,0.999994045199387,1.3703639112969264,0.9196433103728847,0.024559544805989788,0.021666313682598165,0.024666313682598074,-1.7710588962024713e-11,-1.8130826661860895e-11,True,0.2723401341306646,0.04589675965877948,0.003,347.028587794423,3.122502256758253e-17,10.510619498851039,17.779699654618657,15,0,0,80,0.1,0.5,80,10,12.748321555382434,0.17581549576336727,6.216414206302863,11.043841422601819,-6.313608077557502,11.331950323692238,-12.794865131184267,-0.08243122633177992,-6.514045786720222,-10.78004341175662,6.455327641064771,-10.9855577441512
estimated-subspace-empirical,14,4,0.125,0.195,0.205,0.7608671631281476,0.7209841030787274,0.5259841030787273,0.7246877458822005,0.0037036428034731284,0.7608572088192811,0.7608893079311209,2.214480297324517e-05,0.0025943597778211955,0.0025943648153066543,0.0015919878300498494,3.615361408679019e-06,0.3634710714235681,0.37972066773039587,0.999992228112809,1.3345353148541506,0.9239132836871853,0.03644892501224328,0.03349624721609459,0.0364962472160947,-1.6663962262479275e-11,-1.8026099041597218e-11,True,0.266967607926113,0.04515494343052534,0.003,227.10290070901132,1.3877787807814457e-17,10.849232217548844,17.38286828807939,15,0,0,80,0.1,0.5,80,10,12.906930821028332,0.1917313892140361,6.289267730005367,11.179834672636419,-6.3752427389119335,11.486649512723563,-12.955170409106628,-0.09016411971023097,-6.5986965722620115,-10.908992028104509,6.555296901505712,-11.132974085550101
estimated-subspace-empirical,14,5,0.15000000000000002,0.195,0.205,0.7209841030787273,0.683975520332157,0.488975520332157,0.6871151861349658,0.0031396658028087776,0.7209705779035941,0.7210140810228631,2.997794413583943e-05,0.0029056310922122557,0.002905642210543846,0.001809806429749496,5.078354049367358e-06,0.3746389786623937,0.4045659964247366,0.9999892041245521,1.3029613426544069,0.9279015896921272,0.033298003720089876,0.030438442283609066,0.03343844228360917,-6.746491033406845e-17,-1.7895992348700602e-11,True,0.2852455559260602,0.048362081852317114,0.003,154.6414548369982,2.964296775167217e-17,11.062312646973686,17.00633635903425,15,0,0,80,0.1,0.5,80,10,13.059273103559173,0.20806910579324478,6.361235502729398,11.305829207897993,-6.438268889857263,11.633974049648064,-13.107069098573456,-0.10035209459803267,-6.679564089819054,-11.029112101840573,6.651586041173622,-11.270305536368667
estimated-subspace-empirical,14,6,0.17500000000000002,0.195,0.205,0.6839755203321576,0.6492987493044762,0.45429874930447617,0.6519813513349668,0.002682602030490644,0.6839558362171685,0.6840127230543724,3.720272221485743e-05,0.002875624790247664,0.0028756558099284403,0.0018287868879490854,6.205172805117647e-06,0.38558375130778283,0.42793468423834957,0.9999856969215976,1.274651707214906,0.9316024479667843,0.015004269822702573,0.012163339024053603,0.015163339024053672,-2.635695197554086e-12,-1.8081453387208957e-11,True,0.2708438666719579,0.04593889619883706,0.003,155.3269204439584,3.122502256758253e-17,11.053903483243088,16.64338993632306,15,0,0,80,0.1,0.5,80,10,13.204975254430451,0.22608744122196656,6.430355445405262,11.424747542620487,-6.4963173521534,11.777245549404125,-13.254623313454832,-0.10662313428646132,-6.756374273038346,-11.14581135532985,6.7476781347666535,-11.403302803997784
estimated-subspace-empirical,14,7,0.2,0.195,0.205,0.6492987493044765,0.6171383663891767,0.42213836638917673,0.6195594749825885,0.002421108593411714,0.6492719166937087,0.6493499034706276,5.1154166151090585e-05,0.00316527567698694,0.0031653392415314065,0.0020024351916789035,8.663010917031366e-06,0.3958262313096632,0.4500506945067042,0.9999804294175795,1.2490124609083073,0.9350701250695523,0.007233029532939952,0.004354576969198947,0.007354576969198975,-1.7218134675556166e-11,-1.7481373249260517e-11,True,0.28519205440489764,0.04868872660733505,0.003,310.7288258938314,1.962615573354719e-17,11.139001441078271,16.296656910841865,15,0,0,80,0.1,0.5,80,10,13.347554284409622,0.2392358299516169,6.495668837906321,11.539943077734465,-6.553448366737957,11.911433237342111,-13.396431883411342,-0.11537715682452968,-6.830266637355258,-11.256721556478155,6.834556598767521,-11.529971417461033
estimated-subspace-empirical,14,8,0.225,0.195,0.205,0.6171383663891766,0.5875709695448177,0.3925709695448177,0.5891635958240683,0.0015926262792506085,0.61710021077524,0.6171982961899151,5.9929800738434125e-05,0.0030108289566643243,0.0030109960203037376,0.0018578810312005404,9.874735770104496e-06,0.4050391022442271,0.47058486694084734,0.9999740300472199,1.2256992978134282,0.9382861633610824,0.005278553078743678,0.0022737880581420226,0.005273788058142051,-1.7034543335040114e-11,-1.7582457917695493e-11,True,0.26010568378636645,0.04375673254716556,0.003,284.3720824687977,2.797157557069881e-17,11.18687270345441,15.963170766939495,15,0,0,80,0.1,0.5,80,10,13.478622020421817,0.2513560818857226,6.5545193516595015,11.652306878595649,-6.608054792925685,12.046342558974148,-13.528642387546613,-0.11821663076079997,-6.896330368548836,-11.366409108474064,6.922865681698758,-11.656901940225177
estimated-subspace-empirical,14,9,0.25,0.195,0.205,0.5875709695448175,0.5601329669516235,0.3651329669516235,0.5615504261206602,0.0014174591690366833,0.5875185565303594,0.5876423982743894,7.14287295718874e-05,0.003240689653571021,0.0032410114944399103,0.0019827819766360085,1.2684018067170917e-05,0.4135356333107965,0.489733596791711,0.9999651649045278,1.2045549636698636,0.9412429030455183,0.0183723549545746,0.015435784449016098,0.018435784449016047,-2.0572394033198166e-12,-1.7265035054585677e-11,True,0.2680712674902087,0.045524348250888975,0.003,165.63543172799245,3.122502256758253e-17,11.27830692286533,15.64468102596598,15,0,0,80,0.1,0.5,80,10,13.6068282867344,0.2646951225433369,6.612197694364459,11.755742082679841,-6.659624400798981,12.174365014895299,-13.658161858510987,-0.12319588624171644,-6.961295306338526,-11.467208786060633,7.007423489400928,-11.77724656913431
estimated-subspace-empirical,14,10,0.275,0.195,0.205,0.5601329669516234,0.5344704634559153,0.3394704634559153,0.5355570868944312,0.0010866234385158435,0.5600631001619639,0.5602147093659221,8.174241429870222e-05,0.003438550714865734,0.003439162133964415,0.0020720974926124237,1.547953633444319e-05,0.42107120043478946,0.5069863215287225,0.9999538783223475,1.1854985442512525,0.9439867033048377,0.006144516537950791,0.0031776033512759443,0.006177603351275992,-1.665425084196603e-11,-1.7666987003793174e-11,True,0.2745417086019372,0.046609435689384034,0.003,430.8412983390056,1.962615573354719e-17,11.146555834179106,15.33404987802772,15,0,0,80,0.1,0.5,80,10,13.732067084268255,0.2708259678066533,6.663791975358104,11.85902886359494,-6.713354368686173,12.299173196672053,-13.784281096690354,-0.12207427014199378,-7.020788652106216,-11.566874779658285,7.091479654982049,-11.895734510073716
estimated-subspace-empirical,14,11,0.30000000000000004,0.195,0.205,0.5344704634559152,0.5107137553801729,0.31571375538017293,0.511765477553733,0.001051722173560088,0.5343755952721478,0.5345500674487585,7.960399284334674e-05,0.003572708779901754,0.00357380949201311,0.0021037502904448953,1.8038393586158754e-05,0.4279251405553413,0.522777863684606,0.9999399640079449,1.1678174934969274,0.9465529536544085,0.014100089888761096,0.011137931633455004,0.014137931633455014,-1.9775903301794153e-12,-1.728611385250219e-11,True,0.2740348339517606,0.04666669133316445,0.003,169.64980401869204,1.993045536433795e-17,11.13455142900382,15.035155109679344,15,0,0,80,0.1,0.5,80,10,13.853228581833184,0.2790772099769784,6.715279455540916,11.956859651057192,-6.7651489143710855,12.418640234230512,-13.905746431172993,-0.12394595608089413,-7.080332242907649,-11.661195940787794,7.172600050427382,-12.009395944432223
estimated-subspace-empirical,14,12,0.325,0.195,0.205,0.5107137553801728,0.4885968156015529,0.2935968156015529,0.48976368947656457,0.001166873875011687,0.5105946427208202,0.5108492031795364,0.00013544779936358609,0.0037322022993005787,0.0037341473473301696,0.0021926322591342994,2.043550364229148e-05,0.43390204995309123,0.5367988122998524,0.9999227054636619,1.151749137824253,0.9489286244619827,0.010980201422800377,0.008025939020436591,0.01102593902043662,-1.6925084277951238e-11,-1.730797187013306e-11,True,0.27611395298202446,0.04707304283579888,0.003,319.96499042303486,6.938893903907228e-18,11.044701124322277,14.745065316687057,15,0,0,80,0.1,0.5,80,10,13.971008022898605,0.2872561535241541,6.76414305186658,12.052439805692108,-6.815812947996194,12.53379448907975,-14.024293692958167,-0.12424057646858794,-7.13931998050165,-11.750878999661614,7.2521255868023875,-12.120422700144774
estimated-subspace-empirical,14,13,0.35000000000000003,0.195,0.205,0.48859681560155294,0.46799767627724964,0.27299767627724963,0.4695196336698401,0.0015219573925904784,0.48845731032712064,0.48878956033649934,0.00019274473494640398,0.004023932385090363,0.004026641654784733,0.0023486256466812615,2.3744877722317477e-05,0.4391861790931237,0.5491903500102955,0.999901930742933,1.1369815263925234,0.9511403184398447,0.004399216458274978,0.0014205117410615621,0.004420511741061591,-1.60604414141038e-11,-1.62087970585871e-11,True,0.2873163845025349,0.04912763475462901,0.003,177.84370126171558,4.4022346672339675e-17,10.936159738152085,14.463505569723209,15,0,0,80,0.1,0.5,80,10,14.086079169839932,0.29724407509922257,6.813093746245096,12.143149028621508,-6.863026700853063,12.647659001979845,-14.1406633102599,-0.12441504519580618,-7.1958111603950545,-11.840395827068887,7.326710213820473,-12.225076169871963
estimated-subspace-empirical,14,14,0.375,0.195,0.205,0.46799767627724975,0.44898269686739595,0.25398269686739594,0.45087164835260835,0.0018889514852123979,0.4678480916351488,0.46824990231263414,0.00025222603538438415,0.004251521059343717,0.004256908395986029,0.0024627278025559306,2.6221906177204527e-05,0.4437002322287383,0.5599682556935552,0.9998772913335201,1.1234068239937531,0.953200232372275,0.00973122355076368,0.006779610330978594,0.009779610330978582,-1.7032156917166388e-11,-1.7032156917166388e-11,True,0.2930449024107975,0.05026813747695546,0.003,376.75498541125165,1.3877787807814457e-17,10.923131789917534,14.191606452956222,15,0,0,80,0.1,0.5,80,10,14.19874739148708,0.30196873803506696,6.86137427431962,12.230332594171385,-6.911289332589142,12.752761045193285,-14.255158041536012,-0.12285890266728165,-7.248536299023603,-11.924263802485623,7.403838520672778,-12.327530989691935
estimated-subspace-empirical,14,15,0.4,0.195,0.205,0.44898269686739595,0.43132800179305625,0.23632800179305624,0.43323630770445254,0.0019083059113962908,0.44880918703910305,0.44926177453363725,0.0002790776662413008,0.004585476550296449,0.004592872437657403,0.0026725371402422683,2.7671425154904802e-05,0.447590093700742,0.5692968971606165,0.9998486821564115,1.11089398354697,0.9551017303132604,0.0067546955091484845,0.0036514971671619896,0.006651497167161978,-1.5440040231845372e-11,-1.5712696447044336e-11,True,0.3066627736491562,0.05215557414192262,0.003,218.2457056911198,4.443059973708341e-17,10.702924655662542,13.92431312073593,15,0,0,80,0.1,0.5,80,10,14.306059246725262,0.3054814358045583,6.904745454851338,12.319947783043938,-6.961789970304687,12.858291552933721,-14.364686842376468,-0.12247279945992509,-7.301121526568856,-12.007968316385819,7.476552662850303,-12.431194744920536
estimated-subspace-empirical,14,16,0.42500000000000004,0.195,0.205,0.43132800179305625,0.41496601628828356,0.21996601628828355,0.4169153445561031,0.0019493282678195167,0.43113070824279126,0.43163710590899107,0.0003091041159348218,0.004845807015503314,0.004855489552841239,0.002809715521742248,2.712250853255309e-05,0.4509326876342319,0.5773667150400469,0.9998162676075489,1.0991404291439382,0.9568671998206943,0.008089806601181788,0.005032855281011686,0.008032855281011697,-1.5740793895575716e-11,-1.6317009854786897e-11,True,0.31390874606578734,0.05385007592963009,0.003,282.1386780041733,2.8662335771926895e-17,10.608139306924967,13.664347011081613,15,0,0,80,0.1,0.5,80,10,14.4136699878699,0.3083914743226701,6.946742688824484,12.405976905693402,-7.009923508535726,12.960236129807972,-14.471927189827456,-0.11849475629703436,-7.351691134385583,-12.088702463114164,7.550079551107707,-12.530037354110576
estimated-subspace-empirical,14,17,0.45,0.195,0.205,0.4149660162882834,0.39980969612766565,0.20480969612766564,0.4018622244522009,0.00205252832453523,0.4147404697079749,0.41529641167157827,0.00033039538329487916,0.005281685936089191,0.005294068241020013,0.0030405944459655065,2.875591813105085e-05,0.4537010340286998,0.5840990526842488,0.9997793260015703,1.0882206163205945,0.9585033983711717,0.008017833578858694,0.004878871565061743,0.007878871565061752,-1.380828944499651e-11,-1.6946275312945854e-11,True,0.33142921264431846,0.05690252754145732,0.003,170.54673870061987,3.1080126089379415e-17,10.502469264830848,13.41179915698768,15,0,0,80,0.1,0.5,80,10,14.518454679074887,0.31185797150358846,6.98740319625488,12.489304695797601,-7.0558373332968936,13.05849054537935,-14.575355414576968,-0.11542112774947698,-7.402041824969805,-12.168929556080517,7.620876691122627,-12.625968340405455
estimated-subspace-empirical,14,18,0.47500000000000003,0.195,0.205,0.3998096961276657,0.38570048326947304,0.19070048326947303,0.38801086950660957,0.0023103862371365302,0.39955999074242915,0.40015565900685773,0.00034596287919202995,0.0057920368325246495,0.005807650064305436,0.003305121298092509,3.055106067263525e-05,0.4559325378215072,0.5895418091971579,0.9997380808685281,1.0780563197183048,0.9600190303872335,0.005227781585781968,0.002016734363189919,0.005016734363189908,-1.142571155130325e-12,-1.5698878560102527e-11,True,0.35255841444905905,0.06060709603576817,0.003,166.69846408272306,4.220764384040162e-17,10.382334257532856,13.16617318029983,15,0,0,80,0.1,0.5,80,10,14.62084142317785,0.31511173278774585,7.029657652138781,12.570183072297196,-7.100147868448303,13.152566780267549,-14.676608391761278,-0.11499785982627671,-7.45104261769607,-12.247006937503066,7.688188032806525,-12.71882074724002
estimated-subspace-empirical,14,19,0.5,0.195,0.205,0.3857004832694728,0.3725907814861728,0.1775907814861728,0.3750324348376188,0.0024416533514459715,0.3854297849172567,0.38605528367717806,0.0003548004077052469,0.006234427978668159,0.00625419777796831,0.003551044749458252,2.8055475515582268e-05,0.4576816280646947,0.5938077068616009,0.9996929631468586,1.0685259784201753,0.9614299516730527,0.0041433134236905774,0.0009340482751883975,0.003934048275188396,-1.493030066870253e-11,-1.5742305722884567e-11,True,0.3693666713453547,0.06344620490799834,0.003,164.4797464490507,2.8662335771926895e-17,10.228612739574238,12.925779679979247,14,0,1,80,0.1,0.5,80,10,14.720980962822335,0.31870985413478436,7.070761519208308,12.64938359616447,-7.142578213554661,13.24439761363973,-14.777290785502613,-0.10926533387295378,-7.498939949298139,-12.326462432244993,7.7549943742653,-12.805825261854809
estimated-subspace-empirical,14,20,0.525,0.195,0.205,0.37259078148617286,0.3605450066176771,0.16554500661767707,0.36289960963437917,0.002354603016702095,0.3722968402142545,0.3729480531049864,0.0003572716188135483,0.006857169937322737,0.006883964466715893,0.0039005938052018513,2.9040776728639546e-05,0.4589984541362805,0.5970723611149159,0.9996442996122133,1.0594988796909066,0.9627409218513827,0.00787728482857,0.004569470343157949,0.007569470343157937,-2.4392237323498705e-13,-1.5087115032977644e-11,True,0.395003248997015,0.06772593108744376,0.003,209.20695538642264,2.8662335771926895e-17,10.151869210620886,12.692341756240072,14,0,0,80,0.1,0.5,80,10,14.817732581795342,0.3194175534979013,7.110648569368316,12.727280204959627,-7.1834954963789555,13.333263048433192,-14.874848034873574,-0.10393455492555541,-7.543058122670391,-12.40472023788479,7.819902595777916,-12.89181024304091
estimated-subspace-empirical,14,21,0.55,0.195,0.205,0.3605450066176771,0.3493920093152658,0.1543920093152658,0.35167744604128,0.0022854367260141673,0.36022704156295604,0.36089728773160645,0.0003522811139293758,0.007463656638029158,0.007497470200523149,0.004232667587518174,2.586908943208965e-05,0.45991725719568344,0.5992961318616192,0.9995920573877204,1.0509481351052519,0.9639454993382323,0.007952389828504384,0.004560390556045726,0.007560390556045734,-7.259446679491185e-13,-1.5916818509745106e-11,True,0.41829123931411544,0.07193712487305451,0.003,215.91063251007213,1.3904866443919908e-17,10.065823706773232,12.465806401701556,14,0,0,80,0.1,0.5,80,10,14.912792847749303,0.3198925851569259,7.149192168277068,12.804109318183306,-7.222745936034105,13.418366965337285,-14.96886328522743,-0.09913233508988159,-7.586793882995132,-12.481551166468572,7.881233216186176,-12.974427182576719
estimated-subspace-empirical,14,22,0.5750000000000001,0.195,0.205,0.34939200931526576,0.3389926842292198,0.1439926842292198,0.3410674097993506,0.0020747255701307754,0.3490521390330317,0.34972849863534367,0.000336489320077904,0.00806864343896652,0.008108624804185274,0.004538729875011495,2.1426538820713465e-05,0.4604681530065407,0.6005652793312751,0.9995370271371913,1.042845416430528,0.9650607990684734,0.0043574380083059965,0.0008628126480461972,0.003862812648046206,-1.25218049030697e-11,-1.6125575258456484e-11,True,0.44190240037408496,0.07590769202355412,0.003,220.63726717174265,1.3877787807814457e-17,9.891017887789351,12.242963501537,13,0,1,80,0.1,0.5,80,10,15.00605083696768,0.3199414118832496,7.186216795075235,12.881607856118574,-7.261266712193098,13.49940526273063,-15.060317289148474,-0.09050557632246542,-7.629897447031334,-12.560480262333401,7.944349886074105,-13.054295480519267
estimated-subspace-empirical,14,23,0.6000000000000001,0.195,0.205,0.33899268422921996,0.32934394739246664,0.13434394739246663,0.3314163479053623,0.0020724005128956446,0.338629274848639,0.33930666806939397,0.0003139838401740036,0.00884764903153605,0.008891634017115754,0.004945418862653299,2.170050928374914e-05,0.4607058411243849,0.6010865770159027,0.9994796966254218,1.0350348962161673,0.966100731577078,0.006673283699696208,0.003133819825577675,0.006133819825577674,-1.4932695213031363e-11,-1.5488134739787797e-11,True,0.4710707200995666,0.08072426818190527,0.003,340.0475244526167,2.862293735361732e-17,9.851615658618856,12.028104008890729,13,0,0,80,0.1,0.5,80,10,15.094955312420606,0.31970603358335137,7.224604001789505,12.957079201846064,-7.299446593646418,13.573880239621717,-15.14909276816227,-0.08536373764970663,-7.6742774366671,-12.635567875203172,8.00366039273808,-13.132352372577477
estimated-subspace-empirical,14,24,0.625,0.195,0.205,0.3293439473924665,0.3203733215611722,0.1253733215611722,0.322651370735364,0.0022780491741917763,0.3289583397955023,0.32963889653879785,0.00029494914633138025,0.009547177213556843,0.00959235834582507,0.005341677187430546,1.66088473178447e-05,0.46068680072022067,0.6009446264692057,0.9994197266661712,1.0276390759774001,0.9670656052607534,0.005428602264640987,0.0019236057659993368,0.004923605765999336,-1.1991511388346872e-11,-1.4819780419239965e-11,True,0.4950752046309488,0.08468239646635106,0.003,187.01186972019886,3.929062510380681e-17,9.801643922769772,11.820369129301094,13,0,0,80,0.1,0.5,80,10,15.180007588536967,0.32547527556001427,7.26409069263757,13.026929921118937,-7.332240886143058,13.648778077994685,-15.235050431433242,-0.07892119951125949,-7.7179664387648055,-12.710865133396705,8.062118235850132,-13.204539221208904
estimated-subspace-empirical,14,25,0.65,0.195,0.205,0.32037332156117226,0.31206120550360544,0.11706120550360544,0.31451776378137664,0.0024565582777711925,0.319973294314382,0.32063595979780546,0.00026263823663319474,0.010454367268734367,0.010507246319974432,0.005848762548660492,1.757856330114934e-05,0.46045016799619687,0.600220898991209,0.9993588757950298,1.0206640242859435,0.9679626678438827,0.005196179853002445,0.0015579782481998884,0.004557978248199907,-1.3167651856224695e-11,-1.4710787636679104e-11,True,0.5297058242089935,0.09104398468969893,0.003,237.53699949285757,2.8613079272610746e-17,9.708201731750604,11.618345638643397,13,0,0,80,0.1,0.5,80,10,15.264579333219514,0.329171958223361,7.302252579126016,13.09720507703066,-7.363916852651795,13.720384314059427,-15.316586022280534,-0.07337591474566427,-7.760516529811157,-12.785676292397971,8.115846686205401,-13.274434692764379
estimated-subspace-empirical,14,26,0.675,0.195,0.205,0.31206120550360544,0.3043367438688753,0.10933674386887532,0.30671342143290387,0.00237667756402854,0.31164619109076885,0.3123010822746952,0.00023987677108977534,0.011209857353752448,0.011268864115489653,0.0062229800590508505,1.2538734655644745e-05,0.46000301360646006,0.5990173036051253,0.9992974811659651,1.0139592718552288,0.9687938794496395,0.004815006871719006,0.001112691879222972,0.00411269187922297,-1.4313968693842637e-11,-1.4313968693842637e-11,True,0.5577205122545257,0.09580445161538066,0.003,257.85975378213504,6.952433221959954e-18,9.538296353540966,11.418711882839217,12,0,1,80,0.1,0.5,80,10,15.346594695422908,0.3293627508157412,7.338951634563828,13.168212579172781,-7.397171554156738,13.789189530795296,-15.39869915420021,-0.06272670004535608,-7.801125457785411,-12.859630776962497,8.172304981239687,-13.344585075685806
estimated-subspace-empirical,14,27,0.7000000000000001,0.195,0.205,0.30433674386887527,0.29722018573573217,0.10222018573573216,0.2996449607961038,0.0024247750603716423,0.30390366174645783,0.3045334907392175,0.0001967468703422126,0.012033025187913103,0.012095302135164356,0.006679166493958688,8.814706669631155e-06,0.45936235443525547,0.5973993948060634,0.9992360054940259,1.0073760475606583,0.9695663256131125,0.006439974115109928,0.002726279233750045,0.005726279233750034,-1.405338294774316e-11,-1.4643851865903132e-11,True,0.5841615300051206,0.10043520221974564,0.003,370.94371029717223,1.3878211317825933e-17,9.543259492306438,11.226814881113626,12,0,0,80,0.1,0.5,80,10,15.425289295005483,0.33172136721813483,7.376665778028525,13.234911974060507,-7.427505345214544,13.855380730518277,-15.475720657685859,-0.053067379566671756,-7.840173999486759,-12.933583865238663,8.229000132171057,-13.410486647117908
estimated-subspace-empirical,14,28,0.7250000000000001,0.195,0.205,0.2972201857357321,0.2905907001218825,0.09559070012188248,0.29310842213107063,0.0025177220091881503,0.2967718469993884,0.2973719319775308,0.00015174624179870033,0.012927303693485574,0.012995747046239686,0.007185195235264506,6.169736168597051e-06,0.4585778150486154,0.5954579113859219,0.9991732026871911,1.001144380363853,0.9702779814264267,0.004802477108256896,0.000906457320357122,0.0039064573203571205,-1.2496171763717613e-11,-1.4205480518145204e-11,True,0.6151591207088776,0.10638086224781965,0.003,238.05649179773107,1.9636933743427033e-17,9.427615947759792,11.039609678819971,12,0,0,80,0.1,0.5,80,10,15.504052167982657,0.3335504439260234,7.411536647014292,13.303262812631901,-7.459489650930636,13.917771044415268,-15.55262552817518,-0.04219588541832321,-7.881916784490891,-13.004971010966596,8.276849952869805,-13.472103868145263
estimated-subspace-empirical,14,29,0.75,0.195,0.205,0.2905907001218823,0.28453321759460626,0.08953321759460625,0.2869900713812187,0.002456853786612423,0.2901253402026533,0.2906962176657456,0.00010551754386328716,0.013608358173183965,0.013679995110024868,0.007523449368124367,1.072627659049861e-05,0.4576543157110895,0.5932594692174995,0.9991116901511614,0.9951111641140672,0.9709409299878118,0.008311631574621774,0.004360854868246485,0.00736085486824648,-2.9391830301050596e-12,-1.3258398907115052e-11,True,0.634691128525691,0.10934257089004674,0.003,273.715572025172,3.105893887528681e-17,9.38603902517103,10.857824499249174,12,0,0,80,0.1,0.5,80,10,15.580665141924273,0.3339785479985501,7.4432402160791,13.368718897907328,-7.492979651377796,13.97951200787064,-15.623811679561102,-0.031211982261852747,-7.921741962298509,-13.07372632324792,8.328565457840922,-13.535078192767248
estimated-subspace-empirical,14,30,0.775,0.195,0.205,0.2845332175946063,0.27890392558046967,0.08390392558046966,0.2813271746687544,0.002423249088284729,0.2840504153744572,0.28458226406153536,4.9046466929048016e-05,0.014406115708501456,0.014477154247350917,0.007935352023880033,2.1561335495520822e-05,0.4566245357205283,0.5908895614842385,0.9990515326426508,0.9892958325419854,0.9715466782405394,0.006861895927148469,0.002835008443397819,0.005835008443397818,-1.390317914804006e-11,-1.4709326714711688e-11,True,0.659578621448467,0.11384345516406214,0.003,402.30743151026587,4.655206080725037e-17,9.269771088975242,10.680097460762312,12,0,0,80,0.1,0.5,80,10,15.654024807687948,0.33597381149801087,7.473176452464788,13.433743052126022,-7.526855726765849,14.042182518839464,-15.694968971712555,-0.01803632289387288,-7.96135193075427,-13.144267291126624,8.372615623706924,-13.59324061461789
estimated-subspace-empirical,14,31,0.8,0.195,0.205,0.2789039255804697,0.2736957092281954,0.07869570922819541,0.276072223739954,0.002376514511758576,0.2784034049917384,0.2789030243583215,0.0,0.015060370641414349,0.015136043881733445,0.00823723809417297,2.800478463203019e-05,0.45548535925755107,0.5883695127062039,0.9989919878515386,0.983663529984064,0.9721096074419531,0.007557677692736298,0.0034462493135579125,0.0064462493135579065,-1.3023916024805863e-11,-1.4288205837867498e-11,True,0.6774622365942989,0.1167663948247417,0.003,396.2133240141964,1.9636933743427033e-17,9.189586469855225,10.506673738149468,12,0,0,80,0.1,0.5,80,10,15.729709053190795,0.3329189947273691,7.504803935912091,13.492287667168448,-7.558569107228946,14.09816871592956,-15.76592109633234,-0.007196038994069391,-7.998198445369213,-13.212392011655542,8.419940694359383,-13.653595580205973
estimated-subspace-empirical,14,32,0.8250000000000001,0.195,0.205,0.27369570922819547,0.2688046914697587,0.07380469146975871,0.2713278103169079,0.002523118847149175,0.27317668545963114,0.27362221431562816,0.0,0.015755813847414344,0.015833432545581973,0.008603624949685007,3.619230994435712e-05,0.45428724738824455,0.5857498186399676,0.998934322564504,0.978205545175147,0.9726304290771804,0.005071394482866547,0.0009612005202116077,0.003961200520211602,-1.1854356605601786e-11,-1.3331834768672368e-11,True,0.6962930994165122,0.12021523286496998,0.003,217.68256323251745,2.5022296277959446e-17,9.067477127311784,10.337195662152297,12,0,0,80,0.1,0.5,80,10,15.80113933357701,0.33604386830858907,7.538667354887819,13.550698812913076,-7.585049569813977,14.153387020117357,-15.83545885310461,0.0035957123636994343,-8.03472050449924,-13.279069760682898,8.467205458759064,-13.71148342025228
estimated-subspace-empirical,14,33,0.8500000000000001,0.195,0.205,0.26880469146975866,0.2642713276062733,0.0692713276062733,0.26691393768183647,0.0026426100755631565,0.2682689164829223,0.2686629836577024,0.0,0.016571532064732122,0.01665144630247527,0.00906925471906408,3.6261034441757007e-05,0.4530981901691784,0.5830264898212478,0.998877173474856,0.9729767303386034,0.9731195308530242,0.004914976079083304,0.0007305211215301381,0.003730521121530137,-1.3864599799053549e-11,-1.3864599799053549e-11,True,0.7213925531074232,0.12450856505415893,0.003,222.00171089156586,1.9859553484101648e-17,8.945643937775586,10.170862226438675,12,0,0,80,0.1,0.5,80,10,15.873201868847339,0.3409132600552035,7.569987145978237,13.608796030396062,-7.614444907289695,14.20959002499523,-15.902679799319737,0.01758943109095254,-8.074003865119396,-13.346115897775752,8.509358452757674,-13.762652573757897
estimated-subspace-empirical,14,34,0.875,0.195,0.205,0.2642713276062733,0.26013455086224924,0.06513455086224923,0.2628000562573932,0.0026655053951439855,0.26371835317870623,0.26406185056990134,0.0,0.01726978646956487,0.017353704950981683,0.009421701589749832,3.9660068003704864e-05,0.45187223814246485,0.5802789081283615,0.9988212153198119,0.9678846823589766,0.9735728672393726,0.007616856743093008,0.003368678896559184,0.006368678896559183,-1.2772225143810579e-11,-1.3825823881851018e-11,True,0.7397876370634203,0.1286303071914539,0.003,416.6360097456729,1.963094669071206e-17,8.89240655238727,10.00898425876526,12,0,0,80,0.1,0.5,80,10,15.941162349346309,0.3394172076308534,7.604523580046407,13.66637410619893,-7.641129913969035,14.259724815667946,-15.96752090777528,0.02883345867696635,-8.107025761333945,-13.413897362390918,8.556140744950962,-13.816711875326956
estimated-subspace-empirical,14,35,0.9,0.195,0.205,0.26013455086224907,0.25632074413807354,0.061320744138073535,0.2590154893088898,0.0026947451708162484,0.2595624147998617,0.25984680868493626,0.0,0.017945415099695276,0.018032752533376738,0.009830193758274085,4.332466147500123e-05,0.4506326259339951,0.5775777670491514,0.9987668868736066,0.9629459577949164,0.9739865449137751,0.008076005365148043,0.003934663783180352,0.006934663783180346,-1.1895509587588202e-11,-1.258644012040328e-11,True,0.7576408611126337,0.13022730599909868,0.003,424.56217936058187,1.5521898148890684e-17,8.808497893109696,9.850591196498838,12,0,0,80,0.1,0.5,80,10,16.00580566462204,0.34390110500116694,7.635254704281268,13.718502319769312,-7.665995904602061,14.317158140173726,-16.027736635080835,0.04233124831719971,-8.139333859705749,-13.483400565865105,8.605182080615535,-13.8687475985212
estimated-subspace-empirical,14,36,0.925,0.195,0.205,0.25632074413807354,0.25278135115758216,0.05778135115758215,0.2554812724312504,0.0026999212736682487,0.2557299785561695,0.25604242656292747,0.0,0.01882840318066254,0.018922502932508536,0.010310691100235931,4.176141890354651e-05,0.4493963454189663,0.5748895129653285,0.9987132002804108,0.9581992505113468,0.9743679255861927,0.008159162317815985,0.0037713887486726548,0.006771388748672658,-7.168279506204658e-12,-1.2925694628497201e-11,True,0.7843723999361902,0.13567506631764115,0.003,370.97093847036587,1.5515838457795457e-17,8.652032183254793,9.69500431467686,12,0,0,80,0.1,0.5,80,10,16.072226197662868,0.3450577160440333,7.664138350985988,13.772980204986833,-7.696490605882914,14.372601744166657,-16.087491920411956,0.053741560341879324,-8.173020016107014,-13.546403347013328,8.646257930139395,-13.919825375121272
estimated-subspace-empirical,14,37,0.9500000000000001,0.195,0.205,0.2527813511575821,0.24948711833160916,0.05448711833160916,0.2521999148760929,0.0027127965444837254,0.25216719513459696,0.25250517265119216,0.0,0.01935151485451849,0.019447972221661686,0.010567923400662814,5.464060943082734e-05,0.448158453267871,0.5722665083811062,0.9986603903038453,0.9535172639775595,0.9747218648842418,0.007430746692700995,0.002909072431153555,0.005909072431153555,-1.2561096620177604e-11,-1.2804457884686756e-11,True,0.7966866664733074,0.13868101898154678,0.003,382.2364338105307,3.9254707164949277e-17,8.506792810428593,9.541175584588318,12,0,0,80,0.1,0.5,80,10,16.140206415421854,0.34914791431538245,7.689183257703546,13.831714095761932,-7.7286218369895465,14.424069875618825,-16.14427522347865,0.06797103804517377,-8.214578838155536,-13.610241539325381,8.681218695369473,-13.965693191673735
estimated-subspace-empirical,14,38,0.9750000000000001,0.195,0.205,0.24948711833160922,0.24640512468120132,0.051405124681201314,0.24924137950121522,0.0028362548200139004,0.24884784257661396,0.24918695069754332,0.0,0.019924377467519416,0.020016629387046108,0.010808671090216396,6.1495458677008e-05,0.4469372927855817,0.5696896256375557,0.9986090851438765,0.9489463490806527,0.9750512881668391,0.006232005805334952,0.0016086725895815704,0.004608672589581572,-1.158666565447407e-11,-1.2867027142470695e-11,True,0.8080757092554531,0.140971609359659,0.003,310.7435969213038,6.992893892674703e-18,8.378066837239269,9.390984025054625,12,0,0,80,0.1,0.5,80,10,16.207374848612314,0.3502796862182584,7.71831653201031,13.88720773816917,-7.753822071388355,14.470780921983154,-16.200689479053953,0.07398986857614484,-8.24938000258918,-13.669033349672675,8.718229878705605,-14.019025920175828
estimated-subspace-empirical,14,39,1.0,0.195,0.205,0.2464051246812014,0.24358716374796874,0.04858716374796873,0.24633107889027092,0.0027439151423021835,0.24574299527138121,0.24611398561631387,0.0,0.02047369069404586,0.02056021676013191,0.011074565120303317,7.492732383172032e-05,0.4457914371812518,0.5671679001003136,0.9985588340766105,0.9445273237404485,0.9753594875318798,0.0077087713312068975,0.0031803427837673545,0.006180342783767358,-6.555904041677177e-12,-1.2755178140933234e-11,True,0.8246664198147933,0.14284667037268695,0.003,346.9029312924006,6.992893892674703e-18,8.185714812649383,9.239432282352254,12,0,0,80,0.1,0.5,80,10,16.275552526303958,0.35270686488410263,7.7418556504865945,13.943331808268166,-7.781289042561056,14.519996022376231,-16.256535376637494,0.09131042170673945,-8.288515380564768,-13.734691258861128,8.758545675129495,-14.066402658086119
estimated-subspace-empirical,14,40,1.0250000000000001,0.195,0.205,0.24358716374796863,0.24092682796926376,0.045926827969263756,0.24360182254788354,0.002674994578619777,0.2428959513325969,0.2432652042364281,0.0,0.021257298306035628,0.02134000336257573,0.011453142144414875,7.535986705693413e-05,0.44461390460125666,0.5647397612694962,0.9985091077730069,0.9401107167784234,0.9756412836252031,0.00525671377688432,0.0007124910251667535,0.003712491025166755,-4.595961765394446e-12,-1.2221199815471433e-11,True,0.8478728139251464,0.14735132410247276,0.003,356.76383513338055,1.5515838457795457e-17,7.95109504076477,9.08767759710074,12,0,0,80,0.1,0.5,80,10,16.341266928016783,0.35430680701823525,7.768961748446802,13.999320829846836,-7.814230739794791,14.571252970270553,-16.310539118397156,0.10593659046991982,-8.327961608759937,-13.800458626157083,8.79996374403858,-14.111752476060909
estimated-subspace-empirical,14,41,1.05,0.195,0.205,0.24092682796926382,0.23848430266149875,0.04348430266149875,0.2412185390410736,0.0027342363795748448,0.2402069614508906,0.24055859987122566,0.0,0.021848794451252027,0.02193100497331981,0.011859658810529578,7.894443317288734e-05,0.4434574558250824,0.5623835429586581,0.9984585379916069,0.935693077002768,0.9759073172030737,0.006776393900020116,0.0023445534564401965,0.0053445534564402,-6.850172219245969e-12,-1.215492876572393e-11,True,0.8588233083696089,0.1478243074296827,0.003,395.46975880276887,6.938893903907228e-18,7.926973838042263,8.941491506327123,12,0,0,80,0.1,0.5,80,10,16.402807024477976,0.36117178510375786,7.795031664287628,14.047660171192646,-7.840487417240919,14.624435090731685,-16.36442789851613,0.11975085660430322,-8.36627587800042,-13.863906705185935,8.84235065506759,-14.157301627000239
estimated-subspace-empirical,14,42,1.075,0.195,0.205,0.23848430266149864,0.23627735558035917,0.041277355580359165,0.2390134901996724,0.0027361346193132408,0.2377432856533888,0.23808822525244638,0.0,0.022618747899993227,0.022702094413840943,0.012280731817335511,7.083123489051841e-05,0.4424055840680304,0.5601286278189338,0.9984077478087559,0.9315346698227853,0.9761515697338501,0.009141821569966676,0.0042420475217971095,0.007242047521797113,-1.2121539423291215e-11,-1.2477999783460448e-11,True,0.8774169657086812,0.15362335742714675,0.003,550.7171107900052,1.5732516979464565e-17,7.873261014805926,8.800596053167208,12,0,0,80,0.1,0.5,80,10,16.46508273057707,0.3605115935223851,7.818328885107885,14.103670456051908,-7.870262870267448,14.670308831013411,-16.414131955192133,0.12593722139696797,-8.402112843901037,-13.918744117308837,8.872946898298698,-14.207796523527588
estimated-subspace-empirical,14,43,1.1,0.195,0.205,0.23627735558035917,0.2342210844886786,0.03922108448867859,0.23706312351908132,0.0028420390304027265,0.2355051509975811,0.23587229496253703,0.0,0.023017637477266192,0.023094731613635445,0.012574005100101579,9.179554968831332e-05,0.4413993215464855,0.5580368958326926,0.9983592683403596,0.9274784862362417,0.9763722644419641,0.00834911820109946,0.0036926913365972884,0.006692691336597287,-1.0485050146467433e-11,-1.2987663678573181e-11,True,0.8832993648602168,0.15553457007125288,0.003,496.97182763175806,2.5078606370050884e-17,7.7716240401925,8.661624467800875,12,0,0,80,0.1,0.5,80,10,16.52819488254578,0.3682947113323972,7.846061590048756,14.15984691796241,-7.886690152890198,14.71320423151293,-16.46175394751175,0.13396455279480127,-8.442618772112482,-13.986252207010148,8.900422112643906,-14.243101521908237
estimated-subspace-empirical,14,44,1.125,0.195,0.205,0.23422108448867873,0.23227348399185938,0.03727348399185937,0.23509725890562477,0.002823774913765398,0.2334292877064,0.23382609586098846,0.0,0.023688502840816274,0.023764682125285732,0.012884129238472148,8.399028323909806e-05,0.4404638312121236,0.5560136264605852,0.9983128950617072,0.9236365756055565,0.9765778915511322,0.006861794573016052,0.00196899845986873,0.004968998459868734,-1.1638697353251853e-11,-1.3083142032125563e-11,True,0.9057538178486738,0.1588054566954718,0.003,391.8652860963858,9.813077866773595e-18,7.403451934872394,8.519095646927155,12,0,0,80,0.1,0.5,80,10,16.591203442890503,0.3703884840377778,7.868899403921063,14.218035945431517,-7.913959743064196,14.761380103199444,-16.512659565401236,0.14227007573141953,-8.478615461974881,-14.042204261187202,8.93253717270392,-14.291268994268792
estimated-subspace-empirical,14,45,1.1500000000000001,0.195,0.205,0.2322734839918594,0.23045207117733635,0.03545207117733634,0.23316557164235469,0.002713500465018337,0.2314499616304199,0.2318701839532959,0.0,0.02417447574530685,0.024246386081087406,0.013181092537803108,9.534743333747096e-05,0.43951401987144895,0.5540561156536232,0.998267551503806,0.919617146758901,0.9767726516008141,0.0059268310984287404,0.0010986491312526302,0.004098649131252632,-9.162477569863705e-12,-1.30503000179441e-11,True,0.9208195201832721,0.16093083152996582,0.003,524.822663416232,2.5018537765542006e-17,7.087729115184166,8.37221220583884,12,0,0,80,0.1,0.5,80,10,16.655066530542417,0.3725506058984925,7.8908344604281115,14.277375268896114,-7.940439569171143,14.81097665869446,-16.566690414417806,0.15649721355630936,-8.519360352901087,-14.10834001142176,8.963826672877655,-14.334499958071143
estimated-subspace-empirical,14,46,1.175,0.195,0.205,0.23045207117733638,0.22878086037043446,0.03378086037043446,0.23164345235753667,0.002862591987102203,0.22959068680530273,0.2300419878979607,0.0,0.024758095941262992,0.024828534054220634,0.013479293662618656,9.206440540764303e-05,0.43854375627682923,0.5521664191529114,0.998219990707683,0.9155273812129704,0.9769547928822664,0.006721253495477558,0.0018631555290451,0.004863155529045104,-9.740507702679336e-12,-1.4234573764086052e-11,True,0.9251020494681294,0.1630219672196141,0.003,408.81643430395116,2.7769124835677133e-17,7.244555874472299,8.237467132216373,12,0,0,80,0.1,0.5,80,10,16.71468962352853,0.3774451311554772,7.918543322037216,14.332518830182833,-7.952162068461451,14.849980598218757,-16.6158958181099,0.1562030616934395,-8.552538547157344,-14.166559519628754,8.992349262450206,-14.380288833195308
estimated-subspace-empirical,14,47,1.2000000000000002,0.195,0.205,0.22878086037043452,0.22723361233650477,0.03223361233650476,0.23010801376723952,0.002874401430734752,0.22790396988116404,0.22845208026436836,0.0,0.025376606612064808,0.02544469786980968,0.01371857353992315,9.148406898323357e-05,0.4377343593732108,0.5503884629840384,0.9981705995278911,0.9118830790640566,0.9771219139629566,0.006938824180970769,0.002253962338645067,0.005253962338645068,-1.1567393076202409e-11,-1.4102820390724586e-11,True,0.9448328332309701,0.16510956917452466,0.003,564.1079397144974,9.965227682168975e-18,6.98561372071762,8.099522376649986,12,0,0,80,0.1,0.5,80,10,16.77772949484566,0.3762999205840774,7.94912177575165,14.38310296202843,-7.969354741677919,14.883964080515984,-16.66822529541921,0.1593753201586301,-8.591019533480372,-14.229268596120091,9.028648338154868,-14.424462047955545
estimated-subspace-empirical,14,48,1.225,0.195,0.205,0.22723361233650477,0.22584083442371175,0.030840834423711744,0.22871152185270333,0.002870687428991575,0.2263304793832376,0.22694409315064995,0.0,0.026055699509416556,0.026122478713998445,0.014117990726300352,8.789668788572141e-05,0.4369317826328463,0.5487329261998176,0.9981255599669695,0.9081446533021571,0.9772766387663495,0.008519328470195594,0.003563024922652897,0.006563024922652902,-1.1573759310468479e-11,-1.488665746487808e-11,True,0.9601701525024956,0.16877800892933734,0.003,735.9978802035637,1.3877787807814457e-17,6.9520833666619914,7.967068407342152,12,0,0,80,0.1,0.5,80,10,16.838856789372333,0.3756909071893487,7.9738597814744905,14.438396609239042,-7.985166252398475,14.920794839960523,-16.721789955851527,0.16130735405271135,-8.624378668541473,-14.286286722439904,9.050286833343218,-14.466069105375821
estimated-subspace-empirical,14,49,1.25,0.195,0.205,0.2258408344237118,0.22452854875753323,0.02952854875753322,0.22737586992693284,0.002847321169399619,0.22491032260831526,0.22561635601395097,0.0,0.02650327709393735,0.02656883278214535,0.014343537130892274,9.366160246047629e-05,0.4361504293800261,0.5471954069312804,0.9980789701777616,0.9045570289929274,0.9774159165576288,0.008085684027043787,0.0031775537415197337,0.006177553741519735,-9.084002366996949e-12,-1.6392489596468653e-11,True,0.9723849363597106,0.17192371646832197,0.003,664.8003174084122,1.963094669071206e-17,6.716892726808573,7.832372295266466,12,0,0,80,0.1,0.5,80,10,16.890526854831045,0.3817361765408822,7.995019024382758,14.50013098272163,-8.005863796824164,14.96135862222939,-16.77467375703017,0.16841837772235033,-8.669196308600277,-14.34620383085468,9.071850794956983,-14.505084793761158
estimated-subspace-empirical,14,50,1.2750000000000001,0.195,0.205,0.22452854875753314,0.2233476903869468,0.02834769038694679,0.22602164108311976,0.002673950696172961,0.22356851569635283,0.2243540014776548,0.0,0.027146526538749285,0.027210322397146543,0.014731695410275126,8.855529996955657e-05,0.4353985459113201,0.5457185284848102,0.9980346029044752,0.9009740118842592,0.9775471451242467,0.008068724760154685,0.0030177846700095877,0.006017784670009587,-1.4537031175545594e-11,-1.6571131235841637e-11,True,0.9917260413218588,0.17351062691100405,0.003,754.3307343192365,1.393864076242399e-17,6.535727651810284,7.696819987412622,12,0,0,80,0.1,0.5,80,10,16.944383425602187,0.3805161839873897,8.011078245162674,14.55863249060517,-8.027746849116985,15.004996170734834,-16.82735226363974,0.1758939738055826,-8.705697791697048,-14.414287398158017,9.096360501712143,-14.547005945098835
estimated-subspace-empirical,14,51,1.3,0.195,0.205,0.22334769038694677,0.22223721811792702,0.02723721811792701,0.22503836020931614,0.002801142091389125,0.22234337430453646,0.2232348688409814,0.0,0.027766191509538123,0.027829666556029656,0.01507159287342002,8.631121282841156e-05,0.4346006126570404,0.5443411130816507,0.9979889176354887,0.8973368529032718,0.9776652309613053,0.009182920107148928,0.0046938417503798215,0.007693841750379826,-4.523215579215953e-18,-1.61615136628621e-11,True,0.9952619123358363,0.17200256885806367,0.003,1054.9699982654695,3.104379629778137e-17,6.8685912980034844,7.577353852797315,12,0,0,80,0.1,0.5,80,10,16.987039570617764,0.3859897980103769,8.03436173511548,14.598879219729682,-8.045709169756305,15.055431175417446,-16.866047674760747,0.1752085834511664,-8.739390319761249,-14.46326266465904,9.133592090714481,-14.590362660639144
estimated-subspace-empirical,14,52,1.3250000000000002,0.195,0.205,0.22223721811792702,0.2212143810081429,0.026214381008142884,0.2242861862126915,0.003071805204548611,0.2212200856161808,0.22216975607890688,0.0,0.02863497975729659,0.028698086640426706,0.0156870956416177,8.135890702116479e-05,0.4340172356824552,0.5430628303835072,0.9979417385265129,0.894212847447831,0.9777762781882073,0.009556550641159949,0.005464035663697058,0.008464035663697063,-1.533728688018502e-11,-1.693897499633034e-11,True,1.014260908112878,0.17739396042538777,0.003,996.9730080016142,2.1959845228993197e-17,7.280507830539665,7.468879649044125,12,0,0,80,0.1,0.5,80,10,17.010217323144847,0.3922626473852081,8.070270602292204,14.632245805704395,-8.04234340512438,15.087697904546959,-16.905358312105772,0.16512283337963057,-8.769422548905839,-14.5258279072186,9.17570806797653,-14.633401796478852
estimated-subspace-empirical,14,53,1.35,0.195,0.205,0.22121438100814284,0.2201827070757511,0.0251827070757511,0.223279385896296,0.0030966788205449014,0.22020989251975873,0.22122954692440086,1.5165916258025325e-05,0.029741985061082242,0.02980757218150546,0.016508193387107347,6.742959911657522e-05,0.43357456196030036,0.541875096085457,0.9978989493322649,0.8915471583213086,0.9778785618991858,0.006364141225809926,0.0018379565897377755,0.004837956589737777,-3.143251504200917e-18,-1.6621686296394482e-11,True,1.0646870973925906,0.18405355243955226,0.003,537.4015904060136,2.19643947451546e-17,6.245778176472273,7.341038833876069,11,0,1,80,0.1,0.5,80,10,17.067652027177555,0.4031393216232915,8.090665257964718,14.678058530543684,-8.054934458116465,15.131868276208088,-16.955733272119485,0.17083404821747902,-8.814017537346047,-14.58307528604677,9.20123349282242,-14.66602760511142
estimated-subspace-empirical,14,54,1.375,0.195,0.205,0.22018270707575113,0.21929349083702193,0.024293490837021925,0.22233041030123255,0.0030369194642106134,0.21915455150730914,0.22023900917138836,5.630209563722843e-05,0.03061150110192872,0.030676170400078515,0.01698906085297997,6.13045211139187e-05,0.43301122840995393,0.5406233699030963,0.9978608634736384,0.8883043891598685,0.9779817292924249,0.008405117212192465,0.0033730266604291978,0.0063730266604291996,-4.944871268803881e-18,-1.86378625687221e-11,True,1.0858625979382945,0.18848461326607904,0.003,987.123966915254,1.3904866443919908e-17,6.4607832091232416,7.222128740959562,10,0,1,80,0.1,0.5,80,10,17.120537823579784,0.41373924287001584,8.10229577070575,14.726384002534504,-8.059972985562265,15.163567478433427,-17.014735700894505,0.18012369639082637,-8.85047677196049,-14.63549371343464,9.225141182004233,-14.700830853558239
estimated-subspace-empirical,14,55,1.4000000000000001,0.195,0.205,0.21929349083702201,0.21850600668829348,0.023506006688293474,0.2217210546616438,0.0032150479733503157,0.2182348369910472,0.21942052814549723,0.0001270373084752141,0.03157759819137931,0.03164040851526447,0.01743596033912873,4.7832151716285536e-05,0.4324428654082238,0.5394700984273979,0.9978151808719434,0.8853366414632706,0.9780706509162977,0.01065589520387894,0.005774194751992279,0.008774194751992289,-1.7997008785578534e-11,-1.7997008785578534e-11,True,1.0928399826765303,0.19414640158939261,0.003,1436.2015934965855,1.3877787807814457e-17,7.344076594533451,7.130866474373352,10,0,0,80,0.1,0.5,80,10,17.15140742657783,0.41289008897291446,8.125088476363901,14.771974510990564,-8.068876829639585,15.18280869450295,-17.07138714034358,0.17018237630886768,-8.864133096786421,-14.645323979158926,9.245795403049932,-14.743632016393398
estimated-subspace-empirical,14,56,1.425,0.195,0.205,0.2185060066882935,0.21780314209391394,0.02280314209391393,0.22122386907393063,0.0034207269800166917,0.2174457717277202,0.21869316543710973,0.00018715874881622407,0.03197898061830098,0.032040639179078,0.01767079877914228,6.429759341762343e-05,0.43204651974459674,0.5385106341085286,0.9977728148856041,0.882964712316626,0.9781493993311706,0.01185532579500735,0.007208451612257672,0.01020845161225768,-1.0578227467423232e-11,-1.8802660638488546e-11,True,1.0980328505466652,0.19423927565904592,0.003,1226.469383282104,1.5612511283791264e-17,7.533001099948371,7.047419751296487,10,0,0,80,0.1,0.5,80,10,17.182597544416918,0.40959005085097516,8.155119132723007,14.80710018114161,-8.063855463531485,15.186597918408012,-17.112789317710003,0.14709287698421883,-8.88228089519064,-14.675493144063754,9.266578469067474,-14.783302503060696
estimated-subspace-empirical,14,57,1.4500000000000002,0.195,0.205,0.21780314209391397,0.21731660303347294,0.022316603033472937,0.2207061992403679,0.003389596206894968,0.21674736590513602,0.2180558341760059,0.00025269208209194316,0.032647097491696926,0.03270722933061879,0.018080058660978223,6.159652970786095e-05,0.43173280408107717,0.5376465520099021,0.9977404496365189,0.8809052594897311,0.9782196857906086,0.017826762225157184,0.01383341590439123,0.016833415904391233,-1.0691515771490933e-11,-1.8231751101133826e-11,True,1.1066025686071477,0.19229401903980656,0.003,1198.1095338584462,2.1943311844835602e-17,8.002979952346188,6.975014798872895,10,0,0,80,0.1,0.5,80,10,17.208472969435963,0.40914221219185865,8.166540357194632,14.829267066945691,-8.07511718681149,15.213644796085324,-17.125820321393103,0.13948143942539615,-8.933416503527255,-14.735197710582424,9.267364924280358,-14.788242442612614
estimated-subspace-empirical,14,58,1.475,0.195,0.205,0.21731660303347297,0.21714184084233357,0.02214184084233356,0.22031546043648606,0.0031736195941524936,0.21624097707376888,0.2175951077207132,0.0002785046872402219,0.033612830396549755,0.0336716689507123,0.01874016075586737,5.1227107830194354e-05,0.4314311129971313,0.5370386444345081,0.9977100905967853,0.879151605734719,0.9782683396966527,0.029950785767041993,0.025282766832660716,0.028282766832660716,-8.172383992742583e-12,-1.836246865812765e-11,True,1.1320676370545226,0.20060671969682198,0.003,1010.1299731558827,2.862293735361732e-17,9.127696784214365,6.934680418636602,9,0,1,80,0.1,0.5,80,10,17.23064767625786,0.41551086167857737,8.169034300282945,14.86783824447941,-8.078463504398268,15.243553601303308,-17.12615431615794,0.14847339062029594,-8.957466748609747,-14.762389492390467,9.263478863084469,-14.765164144026107
estimated-subspace-empirical,14,59,1.5,0.195,0.205,0.2171418408423336,0.21693116756441927,0.021931167564419263,0.21990987916888147,0.0029787116044621975,0.21602568596520602,0.21745941300637214,0.0003175721640385487,0.03437760399430895,0.034434625335415435,0.01915614950409013,5.248205673079462e-05,0.4311446144514146,0.5367717321215617,0.9976829868178817,0.878128922216949,0.9782858159157667,0.027482929454398113,0.02249274325982401,0.02549274325982401,-7.488479930338797e-12,-1.8309279322820272e-11,True,1.155389392754807,0.20342158521137202,0.003,991.1442112935677,1.9645312551903404e-17,8.90573002207184,6.8909163818184505,9,0,0,80,0.1,0.5,80,10,17.254954543431243,0.42018447983300183,8.168123990355156,14.902264202311013,-8.08302582322089,15.272936994670973,-17.131141302974534,0.1537323985990601,-8.983044134174415,-14.794687739477697,9.257150283085526,-14.746687745342927
estimated-subspace-empirical,14,60,1.5250000000000001,0.195,0.205,0.2169311675644193,0.21652879580190915,0.02152879580190914,0.21939757372250568,0.0028687779205965325,0.21577255699032685,0.21728995678631732,0.000358789221898026,0.03511738540731774,0.03517287117716447,0.019534730427954197,4.836263402274244e-05,0.4308330480367622,0.5364529621569749,0.9976672193931939,0.8770182046772896,0.9783068832435581,0.01781551230400107,0.01300086148893436,0.016000861488934363,-8.946609463784252e-12,-1.8732859295646137e-11,True,1.189718525499815,0.21494763079933935,0.003,886.4069923054907,2.5018537765542006e-17,8.012363532829534,6.825249677013467,9,0,0,80,0.1,0.5,80,10,17.275973452570643,0.43016075228601025,8.167853973634893,14.958009587851524,-8.088171441600442,15.316017647527362,-17.150315724126216,0.15831784231918247,-9.006995268502424,-14.824442043097118,9.25504088327383,-14.742385068973562
estimated-subspace-empirical,14,61,1.55,0.195,0.205,0.21652879580190917,0.2160465718501816,0.021046571850181606,0.21881606115591334,0.0027694893057317316,0.21533706002595746,0.2169795734798357,0.0004507776779265338,0.035900227722953724,0.03595448636220153,0.019883487616990502,4.7025264188836936e-05,0.4304431454770052,0.535858654700937,0.997649315507721,0.8753619854566733,0.9783471204198091,0.01462998291382438,0.009960618918870241,0.012960618918870246,-1.8623073340400822e-11,-1.8623073340400822e-11,True,1.2368203101705386,0.2212505037522033,0.003,1818.0830724205282,1.9645312551903404e-17,8.055286334913834,6.7501730226634615,9,0,0,80,0.1,0.5,80,10,17.292156667459377,0.40242440255007167,8.198450263683878,15.01121979407544,-8.089305360357356,15.300545953961064,-17.21526229446105,0.14098946108853927,-8.996149834755505,-14.82329183986716,9.288025167547854,-14.797322943007197
estimated-subspace-empirical,14,62,1.5750000000000002,0.195,0.205,0.2160465718501816,0.21555976301932092,0.020559763019320915,0.2185906588090663,0.003030895789745386,0.21481035915397942,0.21650047967327699,0.00045390782309537303,0.036181865768878496,0.03623541565774354,0.020075375084882587,6.208548096520295e-05,0.4300183551931737,0.5352241112179331,0.9976234166528299,0.8733278416172741,0.9783953428149819,0.01119248410898911,0.006605562039352824,0.009605562039352823,-1.8141164739393538e-11,-1.8141164739393538e-11,True,1.2301022479334542,0.21772211537959468,0.003,2004.8025973997,1.3985787785349405e-17,8.552331154388158,6.696241830648435,9,0,0,80,0.1,0.5,80,10,17.300399377005682,0.41158103216577907,8.187683124678102,15.0594080971647,-8.105559958734222,15.339328249836841,-17.274777311501726,0.13163032762310337,-8.996380850710185,-14.79584253367266,9.273048137437518,-14.811858687664158
estimated-subspace-empirical,14,63,1.6,0.195,0.205,0.21555976301932092,0.21547852660145347,0.020478526601453467,0.21848463149220732,0.0030061048907538412,0.21437570226564506,0.21625448188092958,0.0006947188616086564,0.036385557507301214,0.036438734960655056,0.019987003920361988,7.193469591744636e-05,0.42972508973346996,0.5345504801669868,0.9975948586400124,0.8719139975260402,0.9784440236980679,0.024263244659627453,0.020542342822297277,0.023542342822297276,-1.011562487048409e-11,-1.848562094540356e-11,True,1.195165826952452,0.2117521831194521,0.003,1100.286513811087,1.5540063044689707e-17,9.593871744279328,6.680514104625196,9,0,0,80,0.1,0.5,80,10,17.2876175510474,0.4159146600472288,8.208239674189244,15.081520093546013,-8.104987318268158,15.337975538822315,-17.280975148075537,0.1321791793650634,-9.028343123446813,-14.802562387023649,9.279238222170811,-14.797279637318798
estimated-subspace-empirical,14,64,1.625,0.195,0.205,0.2154785266014534,0.21525827842313136,0.020258278423131354,0.21804219313396972,0.002783914710838359,0.21426114973530905,0.21607647118426684,0.0005979445828134533,0.037225840911072734,0.03727738945457751,0.02079077522614493,5.40960137227927e-05,0.42963649585328695,0.5344828233922473,0.9975736359646493,0.8715876363229877,0.9784521473398546,0.019865572174424327,0.01632174125703182,0.019321741257031823,-1.8428528765033355e-11,-1.8538908104830923e-11,True,1.2401659948602641,0.21575735042478353,0.003,1470.8713148181205,9.813077866773595e-18,8.550524143597464,6.632790551644263,9,0,0,80,0.1,0.5,80,10,17.319929399420285,0.4074802749069009,8.207340176107648,15.086313764103412,-8.11798736369009,15.349450585128409,-17.290612986290864,0.1282213838314735,-9.07430926027998,-14.859000456514282,9.275380087632085,-14.784518292017259
estimated-subspace-empirical,14,65,1.6500000000000001,0.195,0.205,0.2152582784231314,0.21518575298922063,0.020185752989220623,0.2177707856453251,0.0025850326561044634,0.21396665657971903,0.2157369304992406,0.00047865207610919835,0.038162182928154785,0.038212217010733004,0.021411538951897083,4.2283126712043244e-05,0.4293489731357163,0.5341765394449381,0.9975659584206956,0.8704068082091121,0.9784741721576868,0.020450603041055188,0.01714658205693482,0.020146582056934818,-9.058644147154473e-12,-1.856524057931036e-11,True,1.2765182541909854,0.2209390312892719,0.003,1849.7031019125022,1.5525305685754148e-17,9.615046601763936,6.610040807909793,9,0,0,80,0.1,0.5,80,10,17.315492169264758,0.3831660904845859,8.208730676232301,15.095343381323547,-8.134617789138987,15.33246019443052,-17.272074942470596,0.10989403499695098,-9.1230611186348,-14.913822421718882,9.274853787505242,-14.797606900880192
estimated-subspace-empirical,14,66,1.675,0.195,0.205,0.21518575298922066,0.2146905600362103,0.01969056003621028,0.21731292954388315,0.0026223695076728615,0.21380548497710006,0.2153746428156716,0.0001888898264509331,0.039102077533103005,0.03914777010097055,0.022088134490549933,3.756827553327532e-05,0.42916592511287655,0.534099033924826,0.9975447745985142,0.8697872211338004,0.9784814247010779,0.010694233510318386,0.006982118332623707,0.009982118332623711,-7.359808400080195e-18,-1.8516279453928827e-11,True,1.3135309268168094,0.22796534594123294,0.003,1719.3165781756834,1.551621725782134e-17,7.404196894595051,6.539120575783531,9,0,0,80,0.1,0.5,80,10,17.35972799715778,0.38648431479767686,8.211119725518296,15.112737565953827,-8.146137053831957,15.373793071494033,-17.277617119230765,0.101294971039578,-9.162306438289711,-14.961566325823052,9.280717732193107,-14.801968263443486
estimated-subspace-empirical,14,67,1.7000000000000002,0.195,0.205,0.21469056003621018,0.21459732525660102,0.019597325256601017,0.21707595809717878,0.0024786328405777547,0.21328937548216084,0.21488835403653364,0.00019779400032346461,0.0400812790837758,0.04012510648875625,0.022568029104945424,3.380784807975879e-05,0.4288756461102265,0.5334154655456619,0.9975326849890347,0.8680414211853626,0.978530943996379,0.020699771346732492,0.017326377899460895,0.020326377899460894,-1.828608672659952e-11,-1.8318984916818537e-11,True,1.3198542345651656,0.22575728626987818,0.003,1721.0536184244563,9.938207790742033e-18,9.277918743135778,6.518586016352764,9,0,0,80,0.1,0.5,80,10,17.35759630686298,0.37020970088514976,8.205393446826577,15.124633749316452,-8.166380792585604,15.370768836617676,-17.270944403993024,0.09283026127859552,-9.201207318216406,-14.998039799147357,9.276217548342913,-14.80705611419289
estimated-subspace-empirical,14,68,1.725,0.195,0.205,0.21459732525660102,0.21478187059009002,0.01978187059009001,0.21698605316733321,0.0022041825772431967,0.21312816361394848,0.21456723971230685,0.0,0.040830154770446686,0.040871070801661996,0.023057154290004992,3.339487238798453e-05,0.42869708280432495,0.5333126807458815,0.9975027671262612,0.8674270526107217,0.9785402674743399,0.032350395377958384,0.02725873779076992,0.030258737790769923,-1.0220796532521236e-11,-1.853305629050615e-11,True,1.3765854898481809,0.24583688204762108,0.003,1298.3141922765776,1.3904866443919908e-17,10.779233965686613,6.527930710507298,9,0,0,80,0.1,0.5,80,10,17.34049258420661,0.33394095198204327,8.211193942633994,15.131257772876037,-8.14019693117423,15.311367382388,-17.29060309990879,0.06699718217068631,-9.181236137251496,-15.01269399202003,9.291669080321736,-14.835536509950952
estimated-subspace-empirical,14,69,1.75,0.195,0.205,0.21478187059008996,0.21453107736490182,0.01953107736490181,0.21664955980000297,0.0021184824351011544,0.2132126227207388,0.21461329020282963,0.0,0.041522558825081476,0.04156161630732111,0.023338642479701865,2.933726802636965e-05,0.42854889974546884,0.5334493289669727,0.997491869167272,0.8676646705382169,0.978521812940991,0.015246449254165089,0.010785119083895943,0.013785119083895942,-4.8831838080638756e-12,-1.857990131764332e-11,True,1.3908379318116082,0.24492002656938944,0.003,945.9187161042128,7.05981306231723e-18,8.287146921168336,6.481797729102144,8,0,1,80,0.1,0.5,80,10,17.38134384456543,0.33163634680617776,8.229314243702472,15.16910321653471,-8.113782387854856,15.32473959180997,-17.304126862205376,0.05488576633862872,-9.161297543537577,-15.01951313529824,9.315571917576056,-14.843413979738429
estimated-subspace-empirical,14,70,1.7750000000000001,0.195,0.205,0.2145310773649018,0.21415275554786767,0.01915275554786766,0.21666594433583994,0.0025131887879722703,0.21290254255493887,0.21439271022590947,0.0,0.0422104869656301,0.042248338587404864,0.023518059159831357,3.1570287800516e-05,0.42826474829663624,0.532979104674564,0.9974928964265384,0.8665624683871282,0.9785468922635098,0.009004178153756696,0.004722468783599329,0.007722468783599331,-8.63195250866879e-12,-1.817371770859979e-11,True,1.4242796735956877,0.2458479520917535,0.003,2331.1794495674785,1.5570290778067972e-17,9.080275865416862,6.451315512213236,8,0,0,80,0.1,0.5,80,10,17.427468355687004,0.34056415019245734,8.21893252012799,15.143859081868737,-8.080075677445949,15.351692707274012,-17.326290337989125,0.034378215675388214,-9.13292197783858,-15.023523062403386,9.338445796359863,-14.864503049327936
estimated-subspace-empirical,14,71,1.8,0.195,0.205,0.21415275554786764,0.21387265301675976,0.01887265301675975,0.21650484510633,0.0026321920895702455,0.2126600263391011,0.2145590977026687,0.00040634215480106484,0.04324638109714522,0.04328387420989311,0.02376425951390527,7.5971407326294755e-06,0.42814075367159055,0.5323109717149055,0.9974710903972621,0.866083618788287,0.9785847244452133,0.014998685022811454,0.012066396326525512,0.01506639632652551,-1.807525029536242e-11,-1.8674931010375813e-11,True,1.4669926668162632,0.26588314626156895,0.003,2433.75487635012,6.938893903907228e-18,9.03242891554979,6.413994431188251,8,0,0,80,0.1,0.5,80,10,17.38215193744148,0.3349507771103476,8.262049643196482,15.195972634265024,-8.061770666091382,15.345347482964518,-17.363126531106104,0.015445258138246966,-9.127340155948596,-15.0244926665072,9.372160301162374,-14.895439001772449
estimated-subspace-empirical,14,72,1.8250000000000002,0.195,0.205,0.21387265301675967,0.21348870348066282,0.01848870348066281,0.21654595233137625,0.0030572488507134288,0.21239380748402006,0.21432430695183624,0.00045165393507656804,0.043877125922677875,0.04391666208573181,0.024455113239519388,2.5452140535453825e-05,0.4280315674262308,0.5319675236236547,0.997455921197661,0.8651974637929531,0.978612734698324,0.01098784297248355,0.007825261807349061,0.010825261807349064,-4.2932215667134474e-18,-1.8760154985049932e-11,True,1.464197715649638,0.2517178781369182,0.003,2387.3666546927457,7.152448122690996e-18,8.800834133765457,6.383179670623983,8,0,0,80,0.1,0.5,80,10,17.372199218909593,0.3444640941820592,8.283167013528697,15.208914313621666,-8.034241164656699,15.364203975427754,-17.396849026434094,-0.0023451764195568763,-9.107776532594215,-15.012131336360815,9.403185715842831,-14.921607851124728
estimated-subspace-empirical,14,73,1.85,0.195,0.205,0.21348870348066273,0.21374190022970424,0.018741900229704234,0.21646932294624605,0.0027274227165418052,0.2121413790310741,0.21436377063532575,0.0008750671546630118,0.044724929677880526,0.04476637720980155,0.024940855292437097,2.8801175809487432e-05,0.42801317426125124,0.531427765769981,0.9974385348485999,0.8646243411805918,0.9786511296519337,0.03084098285833957,0.02722553579961489,0.0302255357996149,-1.752687804378833e-11,-1.8466570081359953e-11,True,1.5425222866038975,0.2785151525989351,0.003,2203.266545338918,1.3904866443919908e-17,11.451835123051605,6.400402668267244,8,0,0,80,0.1,0.5,80,10,17.34056859738681,0.3092016533192195,8.323643660085672,15.255603679550415,-7.993809367031129,15.28512961135006,-17.4123011267232,-0.024046517939730044,-9.080373839184013,-15.001035177152017,9.433694062360109,-14.945825161631944
estimated-subspace-empirical,14,74,1.875,0.195,0.205,0.21374190022970424,0.21348281353438564,0.018482813534385634,0.21619040935996428,0.0027075958255786403,0.2122607375514258,0.2142676920442227,0.0005257918145184504,0.04525024120231088,0.04528949507998729,0.025400420822840143,2.319756578933562e-05,0.4279368441719954,0.5316999201589859,0.997423929365866,0.8648575425914433,0.9786258099770295,0.011005285580551727,0.007892347499263512,0.010892347499263516,-5.154365454984014e-12,-1.8437889521342206e-11,True,1.4910506707332785,0.26930524597178246,0.003,1613.9335059804812,2.0816681711721685e-17,8.246363234829476,6.359436476671084,8,0,0,80,0.1,0.5,80,10,17.341961848179466,0.3133236999508089,8.342246570565395,15.299646571282677,-8.011753037539332,15.305244279228445,-17.409558985064287,-0.022867352527240443,-9.119816993212998,-15.006941108388453,9.439741063121772,-14.943798459747608
estimated-subspace-empirical,14,75,1.9000000000000001,0.195,0.205,0.21348281353438567,0.2135159450171171,0.01851594501711709,0.21580089958501777,0.0022849545679006766,0.21195537485955598,0.21380975565561497,0.0003269421212293011,0.045769922495167766,0.045806661553066674,0.02591182404000784,2.867201725744316e-05,0.42781448667483224,0.5314208255511003,0.9974260691197101,0.8637726715705268,0.9786517186465614,0.014776364121524041,0.011116570031122184,0.014116570031122181,-8.760024827860153e-12,-1.8559243868757713e-11,True,1.537483768692178,0.2664816193297941,0.003,2368.6608508791687,1.5540063044689707e-17,9.336538472148874,6.338298113596663,7,0,1,80,0.1,0.5,80,10,17.364934368693525,0.2706935609613901,8.359067448762431,15.304131526737926,-8.016073915197873,15.284475323131689,-17.423568598967094,-0.041740348487019255,-9.150463345014161,-15.056460753167134,9.433144902013895,-14.913989973933067
estimated-subspace-empirical,14,76,1.925,0.195,0.205,0.21351594501711704,0.2130729352281664,0.018072935228166387,0.21550070953504513,0.0024277743068787383,0.21180277497641184,0.21333944537321411,0.0,0.04654621285313109,0.04658326463112803,0.02658870487553413,4.394894501555696e-05,0.4275398353345506,0.5314462425979233,0.9974076386693325,0.863066754891574,0.9786484054982882,0.007680102665707407,0.004590713635506507,0.007590713635506509,-1.8614502230201565e-11,-1.8614502230201565e-11,True,1.5438876190537967,0.27259089788191704,0.003,2227.2782089815487,3.1034707204833584e-17,7.380496198331679,6.280787861909314,7,0,0,80,0.1,0.5,80,10,17.38240933306496,0.2643760520369225,8.380433391147163,15.338329259920462,-8.026789729491682,15.326335134416214,-17.438219734276743,-0.054108455276131624,-9.155160324335405,-15.053442058884203,9.45340409672083,-14.931394744264555
estimated-subspace-empirical,14,77,1.9500000000000002,0.195,0.205,0.2130729352281664,0.21299105485315264,0.017991054853152638,0.2151615256899529,0.002170470836800248,0.21137297824283918,0.21293110852667924,0.0,0.047040771044701356,0.04707750576040106,0.0268699987007885,5.5787950135440506e-05,0.4273189769749613,0.5308713885320805,0.9973950957059977,0.8615629744543404,0.9786927064771833,0.013903063751178085,0.010243021452984587,0.013243021452984586,-1.8166201274277195e-11,-1.8600922770386047e-11,True,1.580647796804571,0.2818461116446482,0.003,1765.522749316409,2.0817811058350035e-17,8.803645858661378,6.249098392231794,7,0,0,80,0.1,0.5,80,10,17.424249696256425,0.2537932042576364,8.411983539510437,15.385152576485373,-7.9901962213995406,15.33505383498169,-17.44386622521286,-0.06696530126074925,-9.125416503802327,-15.06277707097868,9.469644900030511,-14.91515761721873
estimated-subspace-empirical,14,78,1.975,0.195,0.205,0.21299105485315262,0.21310498072041767,0.018104980720417663,0.21480975243042963,0.0017047717100119597,0.21115950048897417,0.21268889867392268,0.0,0.04759515484986074,0.04763199390419549,0.027017009742043865,6.078889257178456e-05,0.4270047533059807,0.5305934658117503,0.9973711510372071,0.8607023519706455,0.9787008945146848,0.01639719392793258,0.012065025652298793,0.015065025652298798,-6.502343189374935e-12,-1.871966852571175e-11,True,1.5831172474777433,0.2747323389698921,0.003,1803.0027319600977,6.938893903907228e-18,9.263155608519407,6.23613022681861,7,0,0,80,0.1,0.5,80,10,17.438387591170883,0.22194935878274727,8.429408860754846,15.413776097572644,-7.980924364754588,15.314932744529601,-17.46931944935439,-0.07958740370834058,-9.121070133336437,-15.087281920165454,9.46362880252945,-14.889069160681641
estimated-subspace-empirical,14,79,2.0,0.195,0.205,0.2131049807204177,0.21311974033032594,0.01811974033032593,0.21449985274597536,0.0013801124156494204,0.21105667634607772,0.21234659632756925,0.0,0.04798032165087054,0.04801840504636806,0.02732849595502788,6.648538168933366e-05,0.4266448479244432,0.5306596639689363,0.9973567171669422,0.8601647998647348,0.9786895019279582,0.016845015941297413,0.012911647338885699,0.015911647338885702,-1.7849315830509925e-11,-1.8636698185701472e-11,True,1.58437037847649,0.27811921675123064,0.003,1898.9047870086586,7.023086426956682e-18,8.976114154281897,6.218912720666625,7,0,0,80,0.1,0.5,80,10,17.459064460146024,0.1979830469567251,8.450340576467438,15.444681055560775,-7.96259490141657,15.304286110815722,-17.483853622482403,-0.09170041611518043,-9.108682365630942,-15.10151582053111,9.47451679933498,-14.875738721554775
estimated-subspace-empirical,14,80,2.025,0.195,0.205,0.21311974033032582,0.21315993207071085,0.018159932070710844,0.2142856188660816,0.0011256867953707561,0.21089992128254373,0.21202603601577374,0.0,0.04859806116916009,0.048636068660735034,0.02769701339886641,6.447549401212802e-05,0.42628312286092573,0.5305739701560663,0.9973477074453916,0.8595729313668994,0.9786880259669675,0.019949900643443465,0.01557949046915732,0.01857949046915732,-1.832875214921215e-11,-1.864347902250741e-11,True,1.6037180904525257,0.28404763502500174,0.003,2233.007936745957,1.963094669071206e-17,9.3149725693667,6.210313858823735,7,0,0,80,0.1,0.5,80,10,17.4488440639524,0.1796561177387972,8.475978850905038,15.479855517662415,-7.944959148333995,15.301549800072088,-17.49869937939663,-0.1037667111660797,-9.099531870244608,-15.119568415108247,9.481014380061968,-14.852703409519213
estimated-subspace-empirical,14,81,2.0500000000000003,0.195,0.205,0.21315993207071088,0.21316569316623968,0.01816569316623967,0.21423085130591094,0.0010651581396712573,0.2108005548858767,0.2117914371780069,0.0,0.04928641462060773,0.04932669450496955,0.028215362457631843,7.27094301016953e-05,0.42595388827194564,0.5305586690920789,0.9973355014010888,0.8592171448271646,0.9786840067929289,0.023622804495039052,0.021325284502459275,0.024325284502459275,3.066586833366748e-19,-1.885980955071517e-11,True,1.6333075273418396,0.2808910316402734,0.003,1119.8722497240494,6.938893903907228e-18,9.633641159503403,6.208875258750648,7,0,0,80,0.1,0.5,80,10,17.46974130528499,0.18726002295414204,8.487759566360127,15.505428848757644,-7.929463589563261,15.329215655722763,-17.46762693973072,-0.09367159065061892,-9.096856942783612,-15.108368096849446,9.495461978593175,-14.822545450191942
estimated-subspace-empirical,14,82,2.075,0.195,0.205,0.21316569316623984,0.21294357516136464,0.017943575161364633,0.21432494841711874,0.0013813732557541036,0.21075483317358856,0.21168211209596052,0.0,0.05006895868284334,0.050106800428618516,0.028645087635598584,5.638750847208369e-05,0.4257491246439435,0.530498690941486,0.997325738022313,0.8591872734215326,0.978683430683376,0.015291572592443105,0.012325612570539723,0.015325612570539727,-1.8411991582217058e-11,-1.8847240837919932e-11,True,1.6604513711482578,0.2884177769373358,0.003,2162.5986799800976,1.3904866443919908e-17,9.340652132586307,6.196222754761345,7,0,0,80,0.1,0.5,80,10,17.453159623432054,0.18637244025453065,8.488751319396714,15.520486147565222,-7.934457537645049,15.328377254291269,-17.51955496580035,-0.11373383137846783,-9.089996967982094,-15.059946757239347,9.49619723708921,-14.843184807190285
estimated-subspace-empirical,14,83,2.1,0.195,0.205,0.2129435751613647,0.21254324786506615,0.01754324786506614,0.21466713733957193,0.0021238894745057857,0.2106539273436645,0.2117488078803122,0.0,0.05034768395026412,0.05038497854633459,0.02867924804041809,6.271615840407927e-05,0.42566149006198317,0.5301864826755189,0.9973214339445129,0.8588905268165866,0.9787056424838635,0.0071899971034420805,0.004841981871196371,0.00784198187119637,-1.8398452601347743e-11,-1.8604192365267784e-11,True,1.6907154936521542,0.2983400964736122,0.003,2747.943155259149,6.969320381211996e-18,9.481323029724487,6.183396767771397,7,0,0,80,0.1,0.5,80,10,17.4709931166876,0.20719299828608823,8.461882242442284,15.474392378299598,-7.934251166523976,15.372948630012798,-17.553205936289988,-0.1319722059436389,-9.090075996064327,-15.022733136424794,9.494204963383353,-14.84842075217796
estimated-subspace-empirical,14,84,2.125,0.195,0.205,0.2125432478650662,0.21245211799908753,0.017452117999087524,0.21461004804559292,0.0021579300465053852,0.21055906828580176,0.21211400456866286,0.0,0.05133280167519949,0.0513701818001489,0.0289251984502448,4.053998471476248e-05,0.42576554788211285,0.5296093338614732,0.997313857605295,0.8589632310261324,0.9787456752134934,0.0187566994810308,0.016399176294069458,0.019399176294069464,-7.317614005205169e-12,-1.881100972780107e-11,True,1.6968975230625276,0.29501429159004744,0.003,2068.414849872331,2.5022296277959446e-17,9.231025414078484,6.173329393727301,7,0,0,80,0.1,0.5,80,10,17.5025874865813,0.17984422761388608,8.465449760907115,15.449757964300938,-7.9303452840539475,15.366225608096729,-17.564918672006726,-0.16433200061018083,-9.09687138347084,-15.044506957847124,9.484653124568828,-14.838668529220122
estimated-subspace-empirical,14,85,2.15,0.195,0.205,0.21245211799908753,0.21210018201582517,0.017100182015825166,0.214531167028197,0.0024309850123718224,0.21046186248048357,0.21203399586265284,0.0,0.05191092712112052,0.051948697928205674,0.02929924475554909,4.8213790251281135e-05,0.4256838126558108,0.5294481488063897,0.997307808214689,0.8587152486538341,0.9787547882000912,0.008331954337523139,0.006107447382739172,0.009107447382739177,-8.007232422178921e-12,-1.868779917537533e-11,True,1.7440210720544909,0.297527701631203,0.003,1043.1532999830354,1.3877787807814457e-17,8.454111018417072,6.136332156112366,7,0,0,80,0.1,0.5,80,10,17.53466088135387,0.1809570531088651,8.452084281396267,15.42239708491795,-7.940113717499967,15.399942916301686,-17.564352027595984,-0.18852574197933686,-9.13898950140896,-15.093510654288636,9.46391407294662,-14.8290026305196
estimated-subspace-empirical,14,86,2.1750000000000003,0.195,0.205,0.21210018201582514,0.2120600549302189,0.017060054930218893,0.21447673955557645,0.002416684625357546,0.21020312780992922,0.21194431364965735,0.0,0.0528116606716135,0.052849286587830814,0.02976665595184577,3.0340917852242965e-05,0.425625124151337,0.5289464053313936,0.9972992667944274,0.8580137175576392,0.9787899817984175,0.01938221469630258,0.01730024584238362,0.02030024584238362,-6.989613410801678e-12,-1.868805462205855e-11,True,1.78315323858466,0.3050020562509818,0.003,1194.4391994521827,2.5033568429418485e-17,9.704104949010624,6.129260009974052,7,0,0,80,0.1,0.5,80,10,17.568461189967078,0.18899243850928812,8.443229573101078,15.412503929008013,-7.946950910290638,15.44568148477387,-17.521845804339506,-0.1823615911190477,-9.170554971480188,-15.121596563749902,9.446912492028439,-14.783473876419201
estimated-subspace-empirical,14,87,2.2,0.195,0.205,0.21206005493021893,0.2119481607362344,0.016948160736234397,0.21444491901992252,0.0024967582836881164,0.21014169212947464,0.21186502219938014,0.0,0.053493187631366304,0.053529614772951595,0.030254626222522556,2.798431153891214e-05,0.42559537934754416,0.5288540197514923,0.9972819973180707,0.8579175788513278,0.9787939945069781,0.01661120536737131,0.014646230743402596,0.0176462307434026,-6.167944161543625e-12,-1.8805523603956177e-11,True,1.767865522595194,0.299957221634695,0.003,1097.6582277011307,2.5022296277959446e-17,9.138980096850105,6.1198065741824905,7,0,0,80,0.1,0.5,80,10,17.595748964842347,0.1884917885727613,8.440063178737503,15.398432982533087,-7.946001049168224,15.473391803025791,-17.495441643768885,-0.19020059838676417,-9.190628885625298,-15.145463633702457,9.443344831335526,-14.763668865798573
estimated-subspace-empirical,14,88,2.225,0.195,0.205,0.21194816073623443,0.21218120184605482,0.017181201846054817,0.21445024852049746,0.0022690466744426374,0.21004633197034062,0.21180989161378322,0.0,0.054270436750090696,0.054305762289983024,0.030741462286233926,2.368385313922865e-05,0.4255839787974247,0.5286717927127348,0.9972760156903739,0.857737779616947,0.9788051839263765,0.025985343756143267,0.024269078815330473,0.027269078815330472,-5.9690517793638076e-12,-1.8955795865210333e-11,True,1.7870104352632867,0.30847564860827603,0.003,1218.8691281743804,2.0816681711721685e-17,10.403651449187254,6.145618577609779,7,0,0,80,0.1,0.5,80,10,17.605495251481187,0.1716211220548085,8.429652915588049,15.376265485873564,-7.943221869590563,15.461871597935849,-17.469045784587415,-0.19083843806121667,-9.208640387394338,-15.163222942570123,9.44010547532607,-14.73606328850228
estimated-subspace-empirical,14,89,2.25,0.195,0.205,0.21218120184605493,0.2120906513221454,0.017090651322145406,0.2145015380696252,0.0024108867474798013,0.21017752681699173,0.21178756381779074,0.0,0.05509707585521166,0.05513035025410711,0.03136167576168567,1.5721593017085057e-05,0.42558859703311386,0.5289277118238683,0.9972673141450349,0.8583256219051694,0.9787818798153946,0.0178996828377888,0.016128891441336383,0.01912889144133639,-1.0503009612257044e-11,-1.8902387728932392e-11,True,1.8431088948822096,0.31591627549580525,0.003,2171.430380418713,1.3879481770324007e-17,9.697283523868537,6.14515066054361,7,0,0,80,0.1,0.5,80,10,17.638911823866607,0.18120106290142537,8.422170045508594,15.354258538488468,-7.941835126986659,15.502634186398785,-17.43436897723546,-0.1882679883088156,-9.225769257781598,-15.175946160303548,9.436898736908581,-14.704142849612795
estimated-subspace-empirical,14,90,2.275,0.195,0.205,0.21209065132214533,0.21198970062033923,0.01698970062033922,0.21451941522288961,0.002529714602550387,0.21013612502800919,0.21182107675523842,0.0,0.055822756468556736,0.05585526744502098,0.0317611997645265,1.3646613914161933e-05,0.42561875669554944,0.528783956368361,0.9972710603932526,0.8583677400877214,0.9787909348677855,0.017192165831602334,0.015443667603576705,0.018443667603576703,-1.8465907775268616e-11,-1.895176361018314e-11,True,1.862579818669609,0.31996060124372033,0.003,2071.9946900346895,1.389302603484999e-17,9.571603697016261,6.142382232323768,7,0,0,80,0.1,0.5,80,10,17.672294406791714,0.1893190243463932,8.419457730854209,15.339422195589663,-7.940418337532347,15.543052752994942,-17.398712274542945,-0.1865184609977105,-9.240997884965113,-15.188952654567464,9.434645311339894,-14.673829514213953
estimated-subspace-empirical,14,91,2.3000000000000003,0.195,0.205,0.2119897006203392,0.21197771705463272,0.01697771705463272,0.21457583168110572,0.002598114626472997,0.2100729872505365,0.2118148254109887,0.0,0.05644798843160701,0.056479869610170146,0.032124269356334174,1.2194820467652713e-05,0.4256414310155886,0.5286239766161754,0.9972662717438043,0.8582933619345263,0.978801029937966,0.02040022080379971,0.018700099334421436,0.02170009933442144,-9.78802139907552e-12,-1.8697406791924268e-11,True,1.8820136306304398,0.31984617547499583,0.003,1232.022146286087,2.5033568429418485e-17,9.972525198243124,6.150615768413402,8,1,0,80,0.1,0.5,80,10,17.695452616154856,0.19770180676670818,8.41218848137571,15.32644987931336,-7.9420156289395605,15.57626078954071,-17.364187294158903,-0.18378975336104583,-9.262091453297572,-15.202154044791163,9.4207140711387,-14.63425384247079
estimated-subspace-empirical,14,92,2.325,0.195,0.205,0.2119777170546327,0.21190423176081105,0.016904231760811045,0.21456305132486386,0.002658819564052811,0.2100815322258153,0.21184831909160887,0.0,0.056984531667912355,0.05701584987289612,0.03245771243854224,1.208134414263298e-05,0.4256880039935574,0.5285873067584271,0.9972605601379068,0.8584553817679128,0.9788022282945368,0.017993627062799705,0.01614633532976791,0.019146335329767915,-8.202778468141497e-12,-1.888855941559535e-11,True,1.8630391385766425,0.3177306375389054,0.003,1114.4395745120687,3.104379629778137e-17,9.274052440236558,6.1477513025126695,8,0,0,80,0.1,0.5,80,10,17.71421082776661,0.20088723960213603,8.407446838861429,15.323041363983398,-7.939869813314247,15.599285580800618,-17.349286133249336,-0.18684777282590456,-9.27572152337434,-15.212016152541448,9.413698303761583,-14.61289552157661
estimated-subspace-empirical,14,93,2.35,0.195,0.205,0.21190423176081097,0.21168120065910448,0.016681200659104473,0.21464780628352909,0.0029666056244246064,0.2100214626816128,0.21182594499828827,0.0,0.057543899031450615,0.05757469513067317,0.03275045996634229,1.1208401536504716e-05,0.42569154560998645,0.5284487438231398,0.9972591176815488,0.8583608759361967,0.9788095768239189,0.011277091568417327,0.009323923407882878,0.012323923407882882,-1.0415932959147546e-11,-1.877735761720907e-11,True,1.8841033409045655,0.32720446254351976,0.003,1184.7937096382636,2.8613079272610746e-17,8.931527211167168,6.136119654270647,8,0,0,80,0.1,0.5,80,10,17.725976365097566,0.19751646903578662,8.39708399125476,15.302705769399601,-7.940454538638388,15.610339350060157,-17.362452436540458,-0.21411144956106937,-9.287065741590085,-15.221159933192276,9.3996749982264,-14.61821866776754
estimated-subspace-empirical,14,94,2.375,0.195,0.205,0.2116812006591045,0.21173674043979857,0.01673674043979856,0.21437826583221878,0.002641525392420213,0.20991123642776724,0.21192278100985792,0.00024158035075341755,0.05800065675152892,0.058031708603591886,0.032875179308716695,1.2149361491618723e-05,0.4257448474686695,0.5281143024790571,0.9972535204497,0.85815810828225,0.9788318799340896,0.017193715821059448,0.01358706247456154,0.016587062474561542,-9.324140035426866e-12,-1.8700533330530227e-11,True,1.9263272951585544,0.34231794550416345,0.003,1482.06250148985,1.5570290778067972e-17,9.171553831808671,6.124921809907525,8,0,0,80,0.1,0.5,80,10,17.729170594305515,0.206300249248217,8.379900363404253,15.344986959612863,-7.945631434539687,15.631310424732103,-17.36969661733706,-0.1866373142574456,-9.307299618943413,-15.222825300581418,9.385629515420474,-14.588114536746618
estimated-subspace-empirical,14,95,2.4000000000000004,0.195,0.205,0.21173674043979854,0.21164697636566343,0.016646976365663424,0.21412022222152355,0.002473245855860118,0.20981887205153563,0.2116575610879779,0.0,0.05853349907514479,0.058563094353242834,0.033181697718454375,5.462757793327284e-06,0.4255818249156619,0.528091859376486,0.9972456823169472,0.8578030866558861,0.9788263259560201,0.01604222242648876,0.012965727344985916,0.015965727344985917,-1.8523537911634064e-11,-1.894033873427675e-11,True,1.9276867811366685,0.34100925500191503,0.003,1351.295320144167,1.5517353602416792e-17,8.469295403729987,6.100618030265664,8,0,0,80,0.1,0.5,80,10,17.72302248617089,0.20914003306645274,8.369759418558228,15.381428562468871,-7.9595990959766105,15.652943471638618,-17.393056205097324,-0.1742914451729951,-9.324824136259169,-15.224155056789101,9.377826274890104,-14.576470059725771
estimated-subspace-empirical,14,96,2.4250000000000003,0.195,0.205,0.21164697636566346,0.2115273275697422,0.016527327569742206,0.21403570264079325,0.0025083750710510333,0.20964095406588998,0.21138385741353583,0.0,0.05896408382447084,0.05899350845690823,0.03348305469170854,7.470974765694217e-06,0.42540087795046533,0.5279165852722557,0.9972362241527709,0.8571457918442602,0.9788353023634336,0.011950348866803653,0.009359706075068303,0.012359706075068306,-1.8183354381058973e-11,-1.877465718084361e-11,True,1.9467333744736568,0.3418707975492047,0.003,1945.3234553958541,6.938893903907228e-18,8.732771823994614,6.081464912695071,7,0,1,80,0.1,0.5,80,10,17.711058904543286,0.2039042232968933,8.357219596538663,15.414583359102352,-7.964832804540694,15.651736906182524,-17.437340903112105,-0.18293609053204818,-9.321700795011994,-15.206614860806374,9.361666039575658,-14.589288887867927
estimated-subspace-empirical,14,97,2.45,0.195,0.205,0.21152732756974224,0.21138830400495282,0.01638830400495281,0.21378991284996082,0.0024016088450080075,0.20951650881323283,0.2112816102206494,0.0,0.059003372923298665,0.05903246719160787,0.03335982397928737,1.5882326967648728e-05,0.42525113466138026,0.5277035670016077,0.9972236208008998,0.8567141458873314,0.9788472672430257,0.012576339721847763,0.011555104134721293,0.014555104134721294,-1.866139279615321e-11,-1.866139279615321e-11,True,2.005414586265701,0.3564023332854187,0.003,2942.762334981804,1.3877787807814457e-17,8.739402662257232,6.048584017068831,7,0,0,80,0.1,0.5,80,10,17.67608185338606,0.19764660376472404,8.386066583596426,15.469743596768609,-7.952213538886828,15.625291368150577,-17.487694908160094,-0.1858302636460274,-9.317978870564188,-15.187368951991544,9.393584040151445,-14.623300403822176
estimated-subspace-empirical,14,98,2.475,0.195,0.205,0.2113883040049528,0.21126941565915133,0.016269415659151326,0.21350369324285703,0.0022342775837057016,0.2093151192967824,0.2110111919360715,0.0,0.059586158080697685,0.0596150036855465,0.03387493002714048,1.152353972546529e-05,0.4251017058876082,0.527491187002382,0.9972147733306201,0.8559943398461164,0.9788611695995048,0.011329775623008638,0.00989336247777691,0.01289336247777691,-8.514198027536973e-12,-1.881737933531266e-11,True,1.9617480893103583,0.3478469372788116,0.003,923.1965196260857,6.938893903907228e-18,8.159142425215387,6.018848973946279,7,0,0,80,0.1,0.5,80,10,17.66818517252541,0.19017713939373487,8.402607198604374,15.507288322811693,-7.956894617341468,15.616039646592206,-17.521950957343208,-0.18343831887143427,-9.325932699629162,-15.177633116063243,9.412808999809311,-14.635140286807863
estimated-subspace-empirical,14,99,2.5,0.195,0.205,0.21126941565915128,0.21121143230066963,0.016211432300669626,0.21343107119096894,0.0022196388902993025,0.20910559865975453,0.21068467639356894,0.0,0.06004761519140007,0.06007581365916483,0.0343117140029007,1.8014853008952458e-05,0.42492386696396706,0.5273124474599579,0.9971997458036815,0.8551982948617054,0.9788730584340849,0.014981329776827356,0.013632918578153321,0.01663291857815332,-7.296666763863807e-12,-1.890290797538867e-11,True,1.9691637985921728,0.3469482770965397,0.003,1026.6986722389179,1.3884562417838567e-17,8.90263417172112,6.009676262231448,7,0,0,80,0.1,0.5,80,10,17.65052837525534,0.19899672527617265,8.412135789956126,15.541509093610285,-7.961604082160589,15.629940999204184,-17.531560500528986,-0.17179361748213146,-9.333137144944738,-15.153778178939369,9.421783935996261,-14.628849252116108
estimated-subspace-empirical,14,100,2.5250000000000004,0.195,0.205,0.21121143230066963,0.21138094223534137,0.016380942235341367,0.21342890799674738,0.0020479657614060065,0.20902934647305935,0.2105689332251256,0.0,0.06043811581182385,0.06046571870826149,0.03464252717006048,2.3826131135350305e-05,0.42485884561406645,0.5272438003504489,0.9971855624937456,0.8549460154541855,0.978878856769933,0.01899584115452721,0.017349331862352747,0.020349331862352757,-8.112993405540768e-12,-1.892866331822607e-11,True,1.9817151033171596,0.34346046586406437,0.003,1132.155977167679,1.5521898148890684e-17,9.87854737834115,6.0264664260427665,7,0,0,80,0.1,0.5,80,10,17.619383877297356,0.19406113449284942,8.422702716551445,15.564782961075837,-7.962881817728022,15.608257129715454,-17.53601172492537,-0.16371429810034405,-9.341775566962779,-15.137191618528574,9.428292797272173,-14.617453083403664
estimated-subspace-empirical,14,101,2.5500000000000003,0.195,0.205,0.21138094223534132,0.21125429016849212,0.016254290168492114,0.21340381990628718,0.0021495297377950584,0.20912272461764367,0.21049628278965835,0.0,0.06079450891416833,0.060821148484330914,0.035041990981996306,2.6826056059013995e-05,0.42483558422794016,0.5275166249072727,0.9971807047372382,0.8552823084846494,0.9788619057764658,0.013700471484841428,0.012446739646409227,0.015446739646409231,-7.945457333720152e-12,-1.892631032614883e-11,True,2.0375617314088696,0.34833029201639776,0.003,1748.2040564774784,1.3879481770324007e-17,9.129042394240244,6.014161743671037,7,0,0,80,0.1,0.5,80,10,17.589989947286128,0.18167231176267595,8.435853762299082,15.586493651550809,-7.964140683346858,15.577335835260245,-17.584678600717975,-0.18270982170790906,-9.34357554632397,-15.112543476853872,9.439335061537928,-14.644745441824519
estimated-subspace-empirical,14,102,2.575,0.195,0.205,0.21125429016849218,0.21130040860949262,0.01630040860949261,0.2130700733847939,0.0017696647753012718,0.20902763370235675,0.21041201585395028,0.0,0.06115001911057801,0.061176197843625026,0.035254091797179095,3.477295963361495e-05,0.42479587416278297,0.5273789682439786,0.9971863464024812,0.8549819153498106,0.9788745709831508,0.011551341537477958,0.008814438904356096,0.011814438904356097,-1.8038944973842192e-11,-1.8936804492951292e-11,True,2.027569417184804,0.350758228143061,0.003,1569.4555268522317,1.5540063044689707e-17,8.830668421929165,5.9994409249486855,7,0,0,80,0.1,0.5,80,10,17.593839934111124,0.14790753585586647,8.453371988724793,15.613481282671914,-7.957400405577363,15.546201468818241,-17.61304743064727,-0.19740590424568663,-9.340714892198836,-15.132875171880997,9.44514770137005,-14.644427146483501
estimated-subspace-empirical,14,103,2.6,0.195,0.205,0.21130040860949256,0.21111300648131764,0.016113006481317638,0.2127829661039982,0.0016699596226805447,0.20888733997350792,0.2100523149011957,0.0,0.06156943740137161,0.06159572319198775,0.035552968447439555,4.26873744442957e-05,0.4245290430257385,0.5273851915909945,0.9971807687898105,0.85441252394029,0.9788699591390507,0.005689986912763933,0.004417136893044488,0.007417136893044489,-1.8017232312427224e-11,-1.8719656106035077e-11,True,2.0318015935588614,0.35312227985382877,0.003,2002.883845717789,1.3904866443919908e-17,7.856672564215214,5.964410691744746,7,0,0,80,0.1,0.5,80,10,17.624943352510694,0.13805626612724312,8.460851249694233,15.645832907983197,-7.955915202669819,15.570403596625331,-17.639227806098162,-0.20921353853857166,-9.328497393812139,-15.131194495431432,9.438912371455354,-14.637167001689734
estimated-subspace-empirical,14,104,2.625,0.195,0.205,0.21111300648131764,0.21101476514538395,0.01601476514538394,0.21253016566434374,0.0015154005189597919,0.20862516114986454,0.2098007614996662,0.0,0.06173296746325044,0.06175972828785449,0.03544347416368342,5.276477548577887e-05,0.42424209381935907,0.5270103921263819,0.99717144471351,0.8534376768106834,0.9788886993518683,0.012678773025881468,0.01072009080048484,0.013720090800484842,-7.305579491836303e-12,-1.902926116600125e-11,True,2.028541955180171,0.34440837380456574,0.003,1272.313014067354,2.083474391183281e-17,8.298538329681788,5.942371680431968,7,0,0,80,0.1,0.5,80,10,17.628765909028576,0.11324042758270647,8.4698661737629,15.657701409989066,-7.952752463890349,15.551501255796067,-17.659590579849024,-0.22528915492333204,-9.329444398661236,-15.148529692837217,9.455681585810096,-14.65932751194972
estimated-subspace-empirical,14,105,2.6500000000000004,0.195,0.205,0.211014765145384,0.21096691528815198,0.015966915288151973,0.2126489726858446,0.0016820573976926156,0.20843646740672359,0.20951773314880556,0.0,0.0623677802827679,0.062393684265332684,0.03582689686226991,3.700047024753674e-05,0.4240043328098361,0.5268176768120597,0.9971539137276295,0.8528011437636056,0.9788985234854616,0.01613469696504611,0.01478390669910336,0.01778390669910336,-1.0264324892668777e-11,-1.8679191879451434e-11,True,2.07114929146537,0.35377964300857867,0.003,1864.5668943945414,1.9628027340371563e-17,9.580134209724616,5.947820328080228,7,0,0,80,0.1,0.5,80,10,17.59444116321325,0.10869310039827709,8.470337185769708,15.669099146487032,-7.957821389250807,15.527268607875296,-17.701752819056708,-0.24179717609427992,-9.330464087384245,-15.113957384908206,9.453287241848464,-14.676257939918685
estimated-subspace-empirical,14,106,2.6750000000000003,0.195,0.205,0.21096691528815187,0.21111918840973007,0.016119188409730062,0.21244806843803732,0.00132888002830725,0.2084571921388807,0.20960530125780197,0.0,0.06259316942715656,0.06261864275609899,0.03593227443145408,4.201852405794054e-05,0.42399126379086605,0.5267697138467807,0.9971412294534008,0.8529351508788097,0.9789033084711848,0.014457132598331627,0.011810602464805914,0.014810602464805913,-8.623286640936379e-12,-1.9009105104062896e-11,True,2.0606953620458976,0.35457953787360846,0.003,1792.4574072636306,3.470530984772429e-17,9.438436804847077,5.95254020838593,7,0,0,80,0.1,0.5,80,10,17.590759959800312,0.07528566645077386,8.469741538578251,15.670637488488131,-7.963051978656562,15.491726702110714,-17.72321686397399,-0.25579763745439993,-9.340960780923616,-15.139088698126292,9.443784172797562,-14.668499760584039
estimated-subspace-empirical,14,107,2.7,0.195,0.205,0.21111918840972993,0.21111147635810434,0.016111476358104337,0.21231887806839744,0.001207401710293099,0.2084375397513207,0.20937861111680867,0.0,0.0629662057311049,0.06299147311679966,0.036257309941078765,4.167897212168204e-05,0.4237841526836796,0.5269471571758332,0.9971431063611754,0.852858164798437,0.978888081159027,0.010289968279945003,0.009600774006760095,0.012600774006760093,-1.883325352205558e-11,-1.888835702086435e-11,True,2.074324343533649,0.3554085891895375,0.003,1959.7366131078436,1.3877787807814457e-17,9.131989693332555,5.949373661735318,7,0,0,80,0.1,0.5,80,10,17.594586336971357,0.04424590527545037,8.46865751138199,15.665189981299331,-7.977313752913674,15.469433110078121,-17.705519339030513,-0.2710056806554135,-9.364020327442809,-15.167678998553827,9.451305010774215,-14.682343498516092
estimated-subspace-empirical,14,108,2.725,0.195,0.205,0.21111147635810426,0.2110532112441891,0.016053211244189097,0.21227684734358448,0.001223636099395381,0.2083623775322858,0.20911901871148847,0.0,0.06346183742947695,0.06348458070794202,0.036683209243563226,3.609785298765997e-05,0.42362288512053803,0.5269975406819313,0.9971400018024471,0.8526281962970286,0.9788888523641895,0.011455313531251003,0.011014817216814264,0.014014817216814262,-9.452975934739737e-12,-1.899292364531927e-11,True,2.092950179880069,0.3572916961663187,0.003,1925.835177852382,1.9645312551903404e-17,9.225474546565428,5.949038173897208,7,0,0,80,0.1,0.5,80,10,17.59676984410661,0.014506221472138748,8.463770411914926,15.65147520148887,-7.989466452247412,15.447640170430823,-17.69131839922711,-0.2872129351661419,-9.384962909273677,-15.195103213130741,9.459031820554248,-14.698753011609334
estimated-subspace-empirical,14,109,2.75,0.195,0.205,0.21105321124418913,0.2109914748350335,0.015991474835033492,0.21227834359422545,0.0012868687591919559,0.20830285339152524,0.20891837327610532,0.0,0.06406731046020625,0.06408779109625326,0.03708659713024695,3.291559980931354e-05,0.4234874288619701,0.5269404740852528,0.9971333455109092,0.8524966858735952,0.9788946788755811,0.012367761560431763,0.011804478517851907,0.014804478517851907,-1.8118616126407793e-11,-1.8778463428421183e-11,True,2.111788893010922,0.361027429067367,0.003,1926.4320971489083,1.962615573354719e-17,9.363945447329357,5.952460406949206,7,0,0,80,0.1,0.5,80,10,17.59619951523394,-0.015678975516223204,8.458011254441859,15.63685684421621,-8.000629381038268,15.422298158375812,-17.682282993179996,-0.3047271312228656,-9.404274044349823,-15.222517954665715,9.462625999626214,-14.712601586939904
estimated-subspace-empirical,14,110,2.7750000000000004,0.195,0.205,0.2109914748350335,0.21071559622531302,0.015715596225313017,0.2120911843583888,0.0013755881330757835,0.2082632507500333,0.20889500115440762,0.0,0.06463214921603642,0.06465081885594533,0.03743333415816974,3.244833251224625e-05,0.42351472621747344,0.5267949246697546,0.9971281312589534,0.852440435345169,0.9789008525164966,0.006927863527723346,0.0066107191380935255,0.00961071913809353,-1.859736890290486e-11,-1.8742692306327326e-11,True,2.1199606133577142,0.3659248764166543,0.003,2013.4855421225288,1.3904866443919908e-17,7.818394388277728,5.9189353957813005,7,0,0,80,0.1,0.5,80,10,17.628016557736313,-0.02288340286375015,8.460693303513727,15.63685217978976,-8.011551719062648,15.453324265558214,-17.666973048031277,-0.3112916003717981,-9.422108448970457,-15.247826031166516,9.468858243141037,-14.714512006701083
estimated-subspace-empirical,14,111,2.8000000000000003,0.195,0.205,0.21071559622531308,0.21057597117350196,0.015575971173501957,0.21209780339214276,0.0015218322186408006,0.2080092763645196,0.20868706767544914,0.0,0.06519983029805192,0.06521756286692872,0.037669222632150806,3.379994948847686e-05,0.42345197567306014,0.5264136810820864,0.9971248937704033,0.851573541741853,0.9789284403774687,0.006441618074345477,0.005326152908636374,0.008326152908636376,-1.8629153768774023e-11,-1.8685911997838074e-11,True,2.163368773532582,0.37706242529292916,0.003,2867.4811035134367,6.992893892674703e-18,8.761968478361357,5.903327932784817,6,0,1,80,0.1,0.5,80,10,17.666481055302313,-0.022392050980296226,8.446134552362793,15.596512899365116,-8.019433626295633,15.496433591716148,-17.660161502856035,-0.3291121676833906,-9.415588283372342,-15.236020285375231,9.470242762554403,-14.72275192529985
estimated-subspace-empirical,14,112,2.825,0.195,0.205,0.2105759711735022,0.21026802890616975,0.01526802890616974,0.21193911233432183,0.001671083428152087,0.20792312767219742,0.2086493013989193,0.0,0.06558201047150487,0.06559952854525412,0.03759411335315126,3.2932324687152336e-05,0.42324933183553026,0.526302507315794,0.9971089318983154,0.8513510427419829,0.9789424028826498,0.0033827547408661982,0.0032269851407941896,0.006226985140794193,-1.8399521000200487e-18,-1.8766141729195374e-11,True,2.1644798825852947,0.37485323912687324,0.003,1853.8849275541493,1.5540063044689707e-17,7.798382603033134,5.868031055844094,6,0,0,80,0.1,0.5,80,10,17.703152128603765,-0.018810422881516232,8.437346665976959,15.570945076024644,-8.02338679607148,15.538370097367544,-17.662125832546543,-0.33390931267565493,-9.430026971629566,-15.260088623804753,9.479150733504788,-14.725020067375008
estimated-subspace-empirical,14,113,2.85,0.195,0.205,0.21026802890616955,0.21005630685966317,0.015056306859663166,0.21180918478378116,0.0017528779241179904,0.207665993011681,0.20853734635931043,0.0,0.06653427251128852,0.06655222654016847,0.03800927799498332,1.4303261530352127e-05,0.42315527284250537,0.5257978941867679,0.9971022427157376,0.8505657907181016,0.978973197109383,0.006185921050363844,0.005380273769035698,0.008380273769035702,-2.4532694666933983e-18,-1.850961867399741e-11,True,2.176577494003575,0.3780071509807448,0.003,1714.79805273485,2.5018537765542006e-17,8.023153004570107,5.842147170690343,6,0,0,80,0.1,0.5,80,10,17.730574033141114,-0.010386447128140736,8.426269169104494,15.559511414606389,-8.029381386711666,15.576540796914896,-17.6625360915653,-0.33439812921339085,-9.446043087313969,-15.279109506725918,9.47365205896099,-14.716005515553013
estimated-subspace-empirical,14,114,2.875,0.195,0.205,0.21005630685966295,0.2097795511500755,0.014779551150075482,0.21178469562929425,0.0020051444792187623,0.20747538391244733,0.20845758632841654,0.0,0.06717188978173509,0.0671902197543945,0.03826938383508788,1.0369582436927284e-05,0.4231027493090722,0.5254283009565721,0.9970844505233909,0.8499756770682336,0.9789943693140337,0.004096802929865072,0.004283289711899211,0.007283289711899214,-4.331553902130531e-18,-1.8696396581556685e-11,True,2.189192781026848,0.37802621716920465,0.003,1708.2478545933543,1.5515838457795457e-17,8.041512148979438,5.819497033412005,6,0,0,80,0.1,0.5,80,10,17.755266592939662,-0.0026687237949111044,8.428492641367095,15.542038664880627,-8.029963882895878,15.609488053392521,-17.657760160712314,-0.33571475150209823,-9.456011895367325,-15.285322077806102,9.48735514019076,-14.715944595369496
estimated-subspace-empirical,14,115,2.9000000000000004,0.195,0.205,0.20977955115007554,0.20965143514260048,0.014651435142600477,0.21150794262412576,0.0018565074815252713,0.20729990643548915,0.20840661173894912,0.0,0.06793371883712886,0.06795235492671572,0.038716076049221046,6.136390121624104e-06,0.42312911099219097,0.5250648842684387,0.9970716437915729,0.8494836037542005,0.9790220448849924,0.006147573861708318,0.005491826908898923,0.008491826908898928,-1.8620468466547554e-11,-1.8852468448494773e-11,True,2.2151924602861524,0.39492098299159223,0.003,1852.9714919101862,2.0816681711721685e-17,7.801838387340592,5.7909876726408855,6,0,0,80,0.1,0.5,80,10,17.766211438796756,0.00370346416600883,8.438943547394475,15.585382726448913,-8.02903383246358,15.61753055143155,-17.669865495407528,-0.31739512691931493,-9.465736025159075,-15.282758620343273,9.498358912586676,-14.711154977132752
estimated-subspace-empirical,14,116,2.9250000000000003,0.195,0.205,0.20965143514260043,0.20986224035896464,0.014862240358964635,0.21167402218813405,0.001811781829169412,0.2070856437030708,0.20807260126023266,0.0,0.06836884543638284,0.06838640999054998,0.03904033973034225,1.3446425257866185e-05,0.42298270668096905,0.5249117728109263,0.997060936786091,0.8487076612139849,0.97903485648574,0.01733412623946161,0.015692610467154956,0.018692610467154966,-7.359808400080195e-18,-1.8956296600507885e-11,True,2.2624875434621448,0.38640452397147745,0.003,1775.0513989292817,3.1034707204833584e-17,10.018349699810946,5.815841030360475,6,0,0,80,0.1,0.5,80,10,17.73316323281465,0.001575222664434456,8.433775369948277,15.595576880705387,-8.011501971965606,15.588406716123494,-17.69298953863859,-0.33530031642497377,-9.439851661744546,-15.25565667213297,9.48649855334989,-14.72358137076152
estimated-subspace-empirical,14,117,2.95,0.195,0.205,0.20986224035896467,0.2096164645259286,0.014616464525928602,0.21145774054767405,0.0018412760217454416,0.20727393983501444,0.20836610931787183,0.0,0.06822581024898126,0.0682435027012161,0.038786138829506635,1.567807681727844e-05,0.42306814737920534,0.5250790286614291,0.9970493611852917,0.8494316266771424,0.9790137759641035,0.0046705905120141234,0.004481614317897009,0.007481614317897011,-3.1540324735369717e-18,-1.8706442796687466e-11,True,2.2240593332169176,0.3900868108165505,0.003,825.6944361516562,1.5515838457795457e-17,7.453883098649447,5.780847350739684,6,0,0,80,0.1,0.5,80,10,17.744213929532314,0.0107304147016707,8.444146042042707,15.628112501198736,-8.016010672727855,15.61496957288838,-17.703651018955377,-0.3271070410425683,-9.449039491788781,-15.252466583178824,9.496353017825967,-14.723019264184071
estimated-subspace-empirical,14,118,2.975,0.195,0.205,0.20961646452592864,0.20976810941963783,0.014768109419637826,0.2116943187646007,0.0019262093449628759,0.2070234298054541,0.20811204619695534,0.0,0.0686071227328052,0.06862452953036596,0.03908519247584797,1.428159518772532e-05,0.42296975515613233,0.5247752255675194,0.9970630838680584,0.8485396390683472,0.9790383535474071,0.019810315926249034,0.019287978429856294,0.02228797842985629,-1.0254272007711634e-11,-1.8824522949340984e-11,True,2.254143582664633,0.3898974264527791,0.003,1175.7301807428842,1.3877787807814457e-17,10.08724988662606,5.810106238273811,6,0,0,80,0.1,0.5,80,10,17.712544498013518,0.012724708000246289,8.458657427620713,15.640686389569058,-7.9946699675496795,15.581536462671979,-17.702258841248952,-0.33530778393464056,-9.43480569501999,-15.225464476740685,9.5047036072416,-14.726918405876738
estimated-subspace-empirical,14,119,3.0,0.195,0.205,0.20976810941963778,0.2096327217029724,0.01463272170297239,0.21168509479923395,0.0020523730962615505,0.20721924698928226,0.20832076228620308,0.0,0.06874752782741662,0.06876438196127077,0.03923808220278426,1.6218941207377122e-05,0.4231047421346816,0.5250174742007341,0.9970469694709388,0.849324799804126,0.9790231890580362,0.008877902308474028,0.008115164273357862,0.011115164273357864,-9.292746926025666e-12,-1.9005921373612494e-11,True,2.2656864200519737,0.38986695301814794,0.003,1583.928954076716,6.952433221959954e-18,8.550894750841916,5.7974749201777005,6,0,0,80,0.1,0.5,80,10,17.688672439944977,0.016097944534564142,8.468791402401829,15.668014084765236,-7.996366259038981,15.572095646878404,-17.737249350070922,-0.34313291489133024,-9.432596167405334,-15.19922422615952,9.509572114423996,-14.745500036875791
estimated-subspace-empirical,14,120,3.0250000000000004,0.195,0.205,0.20963272170297242,0.2096704235160503,0.014670423516050302,0.2116067913454289,0.001936367829378588,0.20713256015445772,0.208292318684074,0.0,0.06879097900750468,0.06880776487175536,0.039295284815768786,2.1233861243064317e-05,0.42313201874519546,0.5248799846395681,0.9970611164135119,0.8490148459115167,0.9790367278297027,0.013027810725349538,0.012575177746450538,0.015575177746450541,-1.8472665536008635e-11,-1.8868077682135293e-11,True,2.257227423201633,0.39760335788332474,0.003,2172.4114010508333,1.3884562417838567e-17,9.008011487645534,5.797398266773276,7,1,0,80,0.1,0.5,80,10,17.670595257332444,0.02362670799311081,8.480979541810544,15.707827402199516,-7.985178048892066,15.546446096331616,-17.75585510408481,-0.33187604848040314,-9.437842723932441,-15.185522378919897,9.514976634621092,-14.744239845736432
estimated-subspace-empirical,14,121,3.0500000000000003,0.195,0.205,0.2096704235160503,0.20958725424805216,0.014587254248052156,0.21162705037291785,0.0020397961248656837,0.2071149122979659,0.20817097396113438,0.0,0.06899194780264459,0.06900769898742935,0.0394801776866951,1.7747351165331404e-05,0.4230962081307192,0.5249652762097214,0.99705660955976,0.8489471571580369,0.9790329576483949,0.008395453993854614,0.007763768891982452,0.010763768891982457,-1.8577331211218275e-11,-1.858188631930056e-11,True,2.260066343890293,0.392874621925764,0.003,1559.32396016166,1.3877787807814457e-17,8.796398824617302,5.793461857146053,7,0,0,80,0.1,0.5,80,10,17.651788428115918,0.03600179161648704,8.487547026926737,15.73950371716261,-7.99995144186109,15.56144975928267,-17.74205292107132,-0.3163735491186427,-9.453964653955858,-15.172367334986811,9.517299356796702,-14.737096096227559
estimated-subspace-empirical,14,122,3.075,0.195,0.205,0.20958725424805213,0.2096635866006858,0.014663586600685785,0.21191109950775913,0.00224751290707334,0.20707654994543656,0.2080495490901372,0.0,0.06902593763022946,0.06904058339315533,0.039658915780166275,2.4324028912309602e-05,0.4231098304086934,0.5250125327341596,0.9970566750096715,0.8487870169558406,0.9790412745751947,0.015646302827665663,0.015699032997075556,0.018699032997075555,-1.0115876943921792e-11,-1.9037490045109905e-11,True,2.2620893993564826,0.39217982443362015,0.003,1681.534053621137,0.0,10.091911526066072,5.824276279896441,7,0,0,80,0.1,0.5,80,10,17.616092784864552,0.03116281874474157,8.478090809550949,15.731211488428837,-8.010416704733482,15.535353052431676,-17.730306132593373,-0.3257036933693561,-9.47669536866777,-15.16524600210338,9.506934512002106,-14.738355187995724
estimated-subspace-empirical,14,123,3.1,0.195,0.205,0.2096635866006857,0.2096300047063429,0.014630004706342903,0.21182191502482062,0.002191910318477708,0.20725595497469942,0.20825195906541832,0.0,0.06930597661547028,0.06931919706238915,0.03989998571168126,2.6408862117148665e-05,0.4232719358602406,0.5251959879444346,0.9970552982473133,0.849536773587682,0.9790336413399314,0.008440548424988282,0.008314249532635614,0.011314249532635618,-1.8283021059742202e-11,-1.8919965711319935e-11,True,2.2617669256419783,0.3869802426174886,0.003,1720.8403641866441,1.3904866443919908e-17,8.873331799330275,5.822127842820361,7,0,0,80,0.1,0.5,80,10,17.613401574193816,0.005809105189683639,8.474891680328083,15.732359859386493,-8.021924314807322,15.509501229289521,-17.729257074623188,-0.33513341499461446,-9.49233611338113,-15.188608295581394,9.508881471439652,-14.752280484116534
estimated-subspace-empirical,14,124,3.125,0.195,0.205,0.20963000470634288,0.20949708220170624,0.01449708220170623,0.21164757583905866,0.002150493637352424,0.20719472868562194,0.20824158529919246,0.0,0.06959309451318053,0.06960501555686943,0.04011689259539723,2.5914487182673584e-05,0.4231963579113881,0.5250896020778458,0.9970672967750168,0.8493133704470153,0.9790369995293657,0.008474261402677494,0.008511190912588331,0.011511190912588334,-1.8235390219728983e-11,-1.8763773404183966e-11,True,2.272199745821052,0.3927472980686748,0.003,2070.4164296704794,1.962615573354719e-17,8.098940034901533,5.800895201371946,6,0,1,80,0.1,0.5,80,10,17.643313620468913,-0.004338274507043794,8.474877641541378,15.730818379410824,-8.030380187761434,15.531332749373417,-17.71634198532462,-0.34133918044667577,-9.505707334907425,-15.214035015366967,9.503749524660153,-14.743471141136883
estimated-subspace-empirical,14,125,3.1500000000000004,0.195,0.205,0.20949708220170637,0.20938577726640978,0.014385777266409772,0.2116672896048355,0.0022815123384257174,0.207030670241355,0.2080664013600499,0.0,0.06989367252770454,0.06990522009804696,0.04023620474413775,2.609344413310829e-05,0.42308151192035337,0.5248739376264581,0.9970634013826017,0.8487267343026138,0.9790502917798294,0.005091545055558743,0.004234766716415482,0.0072347667164154835,-1.8401889018553213e-11,-1.9073466628521597e-11,True,2.3080693794323315,0.399915858424694,0.003,2464.700079177883,2.775748137433345e-17,8.612600852463862,5.788720035851804,6,0,0,80,0.1,0.5,80,10,17.67172696048617,-0.0011795925995007786,8.455104011460904,15.699721633609192,-8.038322200221359,15.569276082150996,-17.70819411268892,-0.3523234830868152,-9.497543967613455,-15.19676012004924,9.507674724834569,-14.75941863819242
estimated-subspace-empirical,14,126,3.1750000000000003,0.195,0.205,0.20938577726640972,0.20941990349558404,0.01441990349558403,0.21168267487608683,0.0022627713805027927,0.20696708810636869,0.20795378475243492,0.0,0.07020864487527413,0.07021961840906504,0.04012966208227622,2.7917161692580844e-05,0.4231575927187318,0.5248071426469496,0.9970526367087899,0.8485957690029946,0.979061422273359,0.009000423191732845,0.00810735644604887,0.011107356446048869,-1.846114222266489e-11,-1.9030675475848798e-11,True,2.3065938604252714,0.3956563186493932,0.003,1663.4986748716685,1.3904866443919908e-17,9.022828676106037,5.789953445432333,6,0,0,80,0.1,0.5,80,10,17.69726805312087,0.005937205379879379,8.449962417705457,15.682995176816426,-8.010914207801347,15.590015367990631,-17.691583458455373,-0.35987030749609306,-9.471037929290036,-15.195893494239192,9.518722004625607,-14.760438372197113
estimated-subspace-empirical,14,127,3.2,0.195,0.205,0.209419903495584,0.20918298044568867,0.014182980445688664,0.21153629897865006,0.0023533185329613904,0.2069876813912985,0.20814574984468484,0.0,0.07070845842241404,0.07071972560235237,0.04015821315508804,1.600576495053416e-05,0.42322302320637284,0.5246336770244572,0.9970475748947462,0.8488020610016072,0.9790580096504415,0.0029464675292027293,0.0025839947367905574,0.00558399473679056,-1.8622531321178028e-11,-1.880203321482244e-11,True,2.299593852208648,0.39733001301967913,0.003,1885.9297895497914,2.082119873069895e-17,7.628408572697429,5.760237109922283,6,0,0,80,0.1,0.5,80,10,17.72231761323303,0.008495891992089716,8.441812899265619,15.676733800452418,-8.019042271317447,15.621118039862397,-17.694503045440552,-0.3652312561016185,-9.482600212555857,-15.210357457167474,9.517219119447244,-14.765463648280107
estimated-subspace-empirical,14,128,3.225,0.195,0.205,0.20918298044568862,0.20904093893739534,0.01404093893739533,0.21136445970682202,0.0023235207694266846,0.2067767063813292,0.2080401934805655,0.0,0.07112083197425717,0.07113215654366738,0.04035502594970813,1.7225858498573695e-05,0.42319726652652595,0.5242582903836639,0.9970471754380186,0.848099621292487,0.9790817019554311,0.006213471948453478,0.006412302005195649,0.009412302005195654,-1.804676599690201e-11,-1.8672350324226193e-11,True,2.300170816258874,0.390496718824777,0.003,1515.886381437104,1.9640824349027463e-17,7.88560290005127,5.739212506471897,6,0,0,80,0.1,0.5,80,10,17.73487891133442,0.0016763725788874195,8.441147602427842,15.686259944507949,-8.03026151534845,15.631429317587157,-17.686028668102352,-0.36836894086727967,-9.499167451129264,-15.230097374777552,9.517545687404905,-14.772299154728463
estimated-subspace-empirical,14,129,3.25,0.195,0.205,0.20904093893739528,0.2089837252093114,0.013983725209311404,0.21138969499564192,0.0024059697863305085,0.20660879991154427,0.20781870525443086,0.0,0.07140578061141346,0.0714162830083608,0.04062134201264425,2.37822530205009e-05,0.42313571987771176,0.5240929896748637,0.9970332463385563,0.8474925280519745,0.9790959061062605,0.006332605962811388,0.005534493647864559,0.008534493647864563,-1.8220134256891666e-11,-1.874918005409667e-11,True,2.3304373755761447,0.397152087175999,0.003,1533.4206688376273,1.3884562417838567e-17,8.630350300476938,5.734491260994685,6,0,0,80,0.1,0.5,80,10,17.75556997339018,0.005787885382421104,8.441671616121495,15.673090575831065,-8.006781791620437,15.643725532784432,-17.6803904928734,-0.37917077246913694,-9.474306510957003,-15.229575119519941,9.53032346021267,-14.78231169815486
estimated-subspace-empirical,14,130,3.2750000000000004,0.195,0.205,0.2089837252093114,0.2089997668130017,0.01399976681300169,0.211469660717339,0.0024698939043373003,0.2065806315774421,0.20796656739269315,0.0,0.07177800526165325,0.07178888643123446,0.04066597297157049,1.7709788282199487e-05,0.4231848664832435,0.5238876685554171,0.9970217530471857,0.8475066908562954,0.9791016274790688,0.010762302275004828,0.010003738939416962,0.013003738939416962,-1.8150820348026418e-11,-1.8842489468280314e-11,True,2.364220845419334,0.40600734204164846,0.003,2289.7193872604507,1.5515838457795457e-17,9.23507813901783,5.742537267513691,6,0,0,80,0.1,0.5,80,10,17.787222653069485,0.009653438322013225,8.433493224214768,15.646519701804868,-7.990229126330494,15.66607335246234,-17.65299610324337,-0.38116696622715124,-9.45988913949395,-15.236068020888938,9.534895290810459,-14.770095096087696
estimated-subspace-empirical,14,131,3.3000000000000003,0.195,0.205,0.20899976681300172,0.2090150325918073,0.01401503259180728,0.21161935931480588,0.0026043267229985956,0.20662289948192328,0.2081209498054285,0.0,0.07218153021508834,0.07219266021496354,0.04082238806434285,2.125359019288473e-05,0.4232617530329568,0.5238348959570729,0.9970185042812539,0.8477898757218993,0.9791000233186998,0.011217679517238462,0.010608783663266442,0.013608783663266445,-1.8525029499469812e-11,-1.8911037497083927e-11,True,2.397510755808848,0.42064849090967543,0.003,2635.6068641951833,2.5018537765542006e-17,9.639030745941907,5.757073813908132,6,0,0,80,0.1,0.5,80,10,17.822212927167413,0.014866857671481222,8.417562055582778,15.603482767620354,-7.97570980654677,15.692224279435402,-17.62250273443269,-0.38170281863019256,-9.447760383210483,-15.243438985967689,9.5385904921976,-14.754565273722829
estimated-subspace-empirical,14,132,3.325,0.195,0.205,0.2090150325918073,0.20908364710652524,0.014083647106525238,0.2115124641323507,0.0024288170258254527,0.2066995807072709,0.2083370439105039,0.0,0.0726562039510828,0.07266779871468745,0.041022335803840744,2.606206009835217e-05,0.42337888702840903,0.523794727598468,0.9970181442065519,0.8482415822551268,0.9790984967408193,0.013635160451446393,0.013592818299571005,0.016592818299571006,-9.271347516455724e-12,-1.884597679082722e-11,True,2.3284547937415763,0.39911472960572725,0.003,962.3449885598492,2.5019477446579186e-17,8.673310898197201,5.7571932275622295,6,0,0,80,0.1,0.5,80,10,17.821000391580494,0.0064520359013410696,8.412285253791433,15.608987316426836,-7.983278377958822,15.686007994378521,-17.627487755150472,-0.3770842831370822,-9.454713626877384,-15.248328208310001,9.535829373527335,-14.750351405879622
estimated-subspace-empirical,14,133,3.35,0.195,0.205,0.20908364710652522,0.2090264880259566,0.014026488025956602,0.21145620592571487,0.002429717899758266,0.2066882439759615,0.20821653171722454,0.0,0.07270764851339531,0.0727190321939809,0.041245210597887466,2.180346913804998e-05,0.42335401814786167,0.5239026913210117,0.9970212805871755,0.8481672565419192,0.9790916352893475,0.009650669462200948,0.009103897625485389,0.01210389762548539,-1.8751586328120142e-11,-1.8751586328120142e-11,True,2.3785571389425817,0.4097574384637389,0.003,1740.851570641251,1.3884562417838567e-17,8.628285847639363,5.7511745409952635,6,0,0,80,0.1,0.5,80,10,17.84262248735456,0.015659522437328592,8.398544229741885,15.602282044462187,-7.987195639271458,15.718844259682566,-17.61682692624354,-0.36435869995131404,-9.461985936468556,-15.253275189525253,9.532025790313623,-14.731181930818382
estimated-subspace-empirical,14,134,3.375,0.195,0.205,0.20902648802595652,0.2089344325667397,0.01393443256673968,0.2112755480653659,0.0023411154986262006,0.20662661323731077,0.2081795756720554,0.0,0.07303041226631193,0.0730419733001052,0.04145241308629565,2.1975359355132333e-05,0.4233361386913752,0.523786500244311,0.9970179024528906,0.8480129195362167,0.9790973511974044,0.0076007457860619064,0.008178041041564634,0.011178041041564635,-1.3790057666296095e-17,-1.88183630963688e-11,True,2.363589891537876,0.4024331988016223,0.003,1492.1795012215966,2.0816681711721685e-17,8.025311476472478,5.733893637217784,6,0,0,80,0.1,0.5,80,10,17.857745960064232,0.014510871201706764,8.399384567439895,15.61125996101305,-7.99665302020717,15.735719424354084,-17.613248338571367,-0.35713445372110286,-9.47693067520509,-15.266421778583362,9.531483990987827,-14.722117870744746
estimated-subspace-empirical,14,135,3.4000000000000004,0.195,0.205,0.20893443256673966,0.20872005647931363,0.013720056479313625,0.21126651299885377,0.0025464565195401356,0.20648625569278842,0.20797025787615242,0.0,0.07321996473348878,0.07323141571939439,0.041712744635452145,1.5827730802038865e-05,0.42325241699024735,0.5236691328431103,0.9970118739691446,0.8474864691338937,0.979106556743326,0.00298226595985474,0.0028722463898602354,0.005872246389860238,-1.889068149368404e-11,-1.8899332948458334e-11,True,2.3853775850164523,0.41685410858851696,0.003,2302.1578531446207,2.7791339715957994e-17,8.182190402812997,5.718295366779857,6,0,0,80,0.1,0.5,80,10,17.879293817077965,0.017683785445763215,8.38305922299722,15.585816112132266,-8.00553281401876,15.76149529687981,-17.614648226219195,-0.36238439581292076,-9.487728183447071,-15.274740199784041,9.53083237426049,-14.729191938074221
estimated-subspace-empirical,14,136,3.4250000000000003,0.195,0.205,0.20872005647931358,0.20855877025492486,0.013558770254924857,0.21119973510612758,0.002640964851202715,0.2063542612888749,0.20797550090837535,0.0,0.07364170207242605,0.07365331614476837,0.04188732819152489,2.0561593234575963e-05,0.4232669750008238,0.5233465541462419,0.9970004461248918,0.8471288869410181,0.9791279943520687,0.004706718372496992,0.004905234418484117,0.007905234418484118,-6.746491033406846e-18,-1.899588106166137e-11,True,2.394606132263481,0.4153446154593112,0.003,2169.443544544553,6.969320381211996e-18,8.203662084379443,5.704303581395606,6,0,0,80,0.1,0.5,80,10,17.90001484729936,0.022441559518123686,8.369325400055724,15.566202057156435,-8.013830986058638,15.7878706579967,-17.615131944862764,-0.357697146502613,-9.50109875128556,-15.286862142562438,9.531411238614265,-14.72522590684314
estimated-subspace-empirical,14,137,3.45,0.195,0.205,0.2085587702549249,0.2083883428013969,0.01338834280139689,0.21115866603639039,0.002770323234993488,0.20622718600817982,0.20791425721249418,0.0,0.07412164599805017,0.07413366183669697,0.042178048621452906,2.4626374850285077e-05,0.4232623662209165,0.523110464990934,0.9969900399131904,0.846766520070998,0.9791441229745075,0.0038748987098662247,0.004103167938588623,0.0071031679385886275,-1.8542501224623578e-11,-1.8922495185469435e-11,True,2.4049575387027082,0.41793779543468584,0.003,2220.523641161837,6.952433221959954e-18,8.214937504871743,5.691567789322763,6,0,0,80,0.1,0.5,80,10,17.91874811836069,0.02620735952128306,8.357010535782075,15.546283089482378,-8.021815463524092,15.810682315926577,-17.61033324958395,-0.3581780866907507,-9.515646794350783,-15.30106462199635,9.531432832219506,-14.726248528726975
estimated-subspace-empirical,14,138,3.475,0.195,0.205,0.20838834280139687,0.2082208771690108,0.013220877169010797,0.21113683779553657,0.002915960626525771,0.20610575898453007,0.2078725030956868,0.0,0.074567270928347,0.07457947548503742,0.042444273069559925,2.575444721069044e-05,0.4232822829547889,0.5228718123221053,0.9969799765127975,0.8464311489941778,0.9791611657198603,0.0034159165395285626,0.0032526394074078816,0.0062526394074078825,-1.8099461611729218e-11,-1.8604292795986577e-11,True,2.407720718062273,0.41647261129754953,0.003,2216.901114872963,2.7776743367531704e-17,8.130246644824064,5.678966329255472,6,0,0,80,0.1,0.5,80,10,17.934476359993923,0.02847953817935905,8.346397049399453,15.532694037292332,-8.030126873386791,15.830040871177763,-17.607637119621188,-0.3620429007008569,-9.524270496116735,-15.30612117636473,9.531455004019193,-14.734031524884859
estimated-subspace-empirical,14,139,3.5,0.195,0.205,0.20822087716901083,0.20810606032343168,0.013106060323431673,0.21107877216754373,0.002972711844112047,0.20599209470640978,0.2078502160420804,0.0,0.07483978646132046,0.07485185999572841,0.04259002035189947,2.4551376361273638e-05,0.42331940793408224,0.5226425860410746,0.996971383916011,0.8461042489904962,0.9791779122830989,0.005081134026415284,0.005225996526808347,0.00822599652680835,-1.8944570087454096e-11,-1.8944570087454096e-11,True,2.4195993037267347,0.4185233288229784,0.003,2162.669007405868,4.336808689942018e-19,8.260290436595186,5.669494970409929,6,0,0,80,0.1,0.5,80,10,17.95131228505272,0.03258735345207234,8.335579447589835,15.518454388956862,-8.037561500888396,15.850885011912561,-17.604954084612014,-0.35686365493018624,-9.535402313931913,-15.31567523156835,9.531418521813116,-14.730039060699461
estimated-subspace-empirical,14,140,3.5250000000000004,0.195,0.205,0.2081060603234317,0.20797481637174373,0.01297481637174372,0.21105008431217503,0.003075267940431309,0.20589497557788206,0.20779282517101735,0.0,0.07519733438687298,0.075209578488989,0.042833305083544965,2.4084511636049552e-05,0.4233398893778121,0.5224892396998518,0.9969637034375404,0.8458246665819962,0.9791893939676568,0.004080474662234491,0.004253684606690898,0.007253684606690903,-1.9143373155292394e-11,-1.9143373155292394e-11,True,2.4307393692379233,0.4229592833118882,0.003,2256.747688446997,3.738973016144848e-17,8.297484401128314,5.661115299484998,6,0,0,80,0.1,0.5,80,10,17.967216061268,0.03589688532525669,8.324290540586368,15.500498642996261,-8.044732283394685,15.869206617626228,-17.59861937969611,-0.35666671307859765,-9.547881824459347,-15.327733633346938,9.531058680855862,-14.731124631265269
estimated-subspace-empirical,14,141,3.5500000000000003,0.195,0.205,0.20797481637174367,0.20784135277682003,0.012841352776820025,0.2110418984386491,0.003200545661829063,0.2058014368805133,0.20776318551186165,0.0,0.07556101032241017,0.07557330036030335,0.0430596277272505,2.52367372496698e-05,0.423380706550814,0.5223160838267445,0.9969565784152873,0.8455765302878955,0.9792025183628257,0.003543930355512339,0.0033313645338348976,0.006331364533834899,-4.906538933386797e-18,-1.8851525549708185e-11,True,2.43050594593474,0.4215232005823254,0.003,2257.0744466981805,1.389302603484999e-17,8.209162292344807,5.6522290839995595,6,0,0,80,0.1,0.5,80,10,17.980404037950773,0.03783821370141609,8.314328389631434,15.488107843308628,-8.052194895845004,15.884582873365126,-17.5955563386047,-0.3598462423692511,-9.554363557287624,-15.330450844379522,9.53087477904757,-14.738973894066852
estimated-subspace-empirical,14,142,3.575,0.195,0.205,0.20784135277682003,0.20775775873188196,0.012757758731881952,0.2109910790584846,0.0032333203266026456,0.20571343202794543,0.20775545998753286,0.0,0.07576123231919615,0.07577329767788792,0.0431655062706248,2.744670978377941e-05,0.42343423123342455,0.5221418897248677,0.9969504606411422,0.845331784378841,0.979215864722318,0.00518742563112786,0.0053197161243761296,0.00831971612437613,-1.8624370199972653e-11,-1.8779518334291863e-11,True,2.441348694054078,0.42278659134778107,0.003,2188.2716452705067,1.5521898148890684e-17,8.31670409048075,5.645896623577479,6,0,0,80,0.1,0.5,80,10,17.994909532169192,0.04162190226310601,8.30444149388705,15.475533484421002,-8.058727110715388,15.901796220993685,-17.5928435343566,-0.3537987893853364,-9.56359530943729,-15.33805380648595,9.530852234967725,-14.734716836047015
estimated-subspace-empirical,14,143,3.6,0.195,0.205,0.20775775873188196,0.2076521638600359,0.012652163860035898,0.21096368872880228,0.0033115248687663745,0.20563840316750592,0.20770618407031505,0.0,0.07605443636691632,0.07606660954986566,0.04337504137140344,2.5302489355707238e-05,0.42346416967125455,0.522037047013134,0.9969449181846155,0.8451179675104666,0.9792242241268118,0.004056082226163868,0.004220925992177466,0.0072209259921774665,-1.851049525784373e-11,-1.8890426506988845e-11,True,2.4485182702562454,0.4261076089520076,0.003,2257.2966599027977,0.0,8.311894933662522,5.639661000688694,6,0,0,80,0.1,0.5,80,10,18.008393267587657,0.044499748187565,8.294492347836059,15.460265152896335,-8.065040069337037,15.916542482468602,-17.587195835071526,-0.352995516260689,-9.574281085012547,-15.348244991299723,9.530591583460394,-14.735901772032776
estimated-subspace-empirical,14,144,3.625,0.195,0.205,0.20765216386003585,0.20754113068668015,0.01254113068668014,0.21095541221760886,0.003414281530928709,0.20556070756572833,0.20767831135665138,2.614749661553062e-05,0.07635382778345896,0.07636598853307475,0.0435674069073936,2.625443668013192e-05,0.4235075539512137,0.5219024675022526,0.9969394952084094,0.8449125595268038,0.9792347836139964,0.00347918765702743,0.003262784382018424,0.006262784382018427,-7.973125766753545e-18,-1.8476550288209144e-11,True,2.44640627773571,0.4241255741486268,0.003,2253.1503993978654,3.103243451564268e-17,8.213362770026935,5.63229253662212,6,0,0,80,0.1,0.5,80,10,18.019301659857177,0.04595589237857726,8.286074986396333,15.450640525657938,-8.071608554322406,15.928527578131344,-17.58504528036256,-0.35578187049996235,-9.57919086293892,-15.349549802404644,9.530427597993215,-14.743753925825386
estimated-subspace-empirical,14,145,3.6500000000000004,0.195,0.205,0.20754113068668006,0.20747963747390397,0.01247963747390396,0.21090549688804922,0.003425859414145249,0.20548593509041088,0.20767061925168517,0.0001294885650051092,0.07649343147492735,0.07650532489923258,0.043640815479728444,2.7828969649004392e-05,0.4235597435217365,0.5217614678593661,0.996934587736809,0.8447011675918491,0.979245886931332,0.005166247312218022,0.005308933928144196,0.008308933928144196,-7.666467083416869e-18,-1.9031402870245674e-11,True,2.456587088157548,0.4251686029959339,0.003,2186.424785320796,1.5517353602416792e-17,8.32760891233607,5.627627157497536,6,0,0,80,0.1,0.5,80,10,18.031728350406087,0.04924156313048899,8.277678558216618,15.440576142148455,-8.077274377204896,15.94264104988987,-17.58279064820397,-0.34940325694266816,-9.586885165533289,-15.35574234121841,9.530498794367846,-14.739417842454198
estimated-subspace-empirical,14,146,3.6750000000000003,0.195,0.205,0.207479637473904,0.20739345107913348,0.012393451079133477,0.21087796253333058,0.0034845114541970923,0.20542495914078918,0.20762219621683572,0.00014255874293173099,0.07672960692768786,0.07674156358195948,0.043819128781417145,2.5129608377286577e-05,0.42358716651531486,0.5216885143725181,0.9969300435738502,0.8445228015405208,0.9792520362526096,0.003993153200843759,0.0041700779773760615,0.0071700779773760616,-1.8540468690870424e-11,-1.8648651587848593e-11,True,2.4615554188621913,0.4281146619124659,0.003,2251.0270034903856,1.5570290778067972e-17,8.312091737020841,5.622745901853896,6,0,0,80,0.1,0.5,80,10,18.04315965684314,0.051629259096804304,8.269148907893127,15.427891589063648,-8.08279478442488,15.95449434341285,-17.5777683608091,-0.3483705886736268,-9.596142238358706,-15.364563639376405,9.530360946787404,-14.740676286098205
estimated-subspace-empirical,14,147,3.7,0.195,0.205,0.20739345107913346,0.2072999962253414,0.012299996225341392,0.2108705765347545,0.003570580309413096,0.20535903060224012,0.207594103825366,0.0002006527462325436,0.07697761582898863,0.07698951756997964,0.04398230514733236,2.558956228480346e-05,0.42362594369719625,0.5215811072405451,0.9969255947485482,0.8443466477257111,0.9792606548920867,0.0034089921246808408,0.003202631423254163,0.006202631423254161,-5.5198563000601466e-18,-1.8912602376344995e-11,True,2.4584708193267097,0.425986241715934,0.003,2249.3561777697305,1.3879481770324007e-17,8.215640926069012,5.616466456342015,6,0,0,80,0.1,0.5,80,10,18.052144750813905,0.052621104476769084,8.262097941715076,15.420569687154826,-8.088550535694033,15.963800935304663,-17.576428541592414,-0.3510289732193814,-9.599698086297712,-15.364637500260132,9.530258582135257,-14.748507536334802
estimated-subspace-empirical,14,148,3.725,0.195,0.205,0.2072999962253415,0.20725562324851365,0.012255623248513647,0.2108220172711257,0.0035663940226120516,0.20529529372826782,0.2075873105301359,0.0002873143047943949,0.07707010721080373,0.07708171563711702,0.044027781145282205,2.664121075467511e-05,0.4236727230061807,0.5214643358132768,0.9969214813242236,0.84416325407351,0.9792700003774658,0.0051236121716392025,0.005291823871007513,0.008291823871007518,-1.9002580020598858e-11,-1.9002580020598858e-11,True,2.4680892295418855,0.4269439747324406,0.003,2185.576548779509,7.05981306231723e-18,8.335268342146048,5.6130270176210235,6,0,0,80,0.1,0.5,80,10,18.06281714254952,0.05546078843228968,8.25495258346401,15.412506069035343,-8.093437681218655,15.97548830887842,-17.574592051850768,-0.3445175978668407,-9.606149857275879,-15.369734004500557,9.530467396498997,-14.744083329848197
estimated-subspace-empirical,14,149,3.75,0.195,0.205,0.20725562324851363,0.2071845315457561,0.012184531545756105,0.2107948865815206,0.0036103550357644842,0.20524569317799343,0.20754012315459155,0.0002844999060779285,0.07726504205640207,0.07727668732838601,0.044181459094317886,2.3661088864136294e-05,0.42369464299963905,0.5214146614556809,0.9969176775404824,0.8440141511125371,0.9792744376751487,0.003920960266182547,0.0041223624050990984,0.007122362405099104,-1.8599532073257116e-11,-1.883790216103628e-11,True,2.4713617882089745,0.429585389676942,0.003,2245.406686998046,1.3904866443919908e-17,8.310663387014785,5.609119316804966,6,0,0,80,0.1,0.5,80,10,18.072502236161494,0.05742156634285402,8.247631704789674,15.401925023224107,-8.098243539373787,15.98506811678165,-17.57015415933477,-0.34340394135933483,-9.61423652985124,-15.377460009720927,9.530480191034677,-14.7453659122055
estimated-subspace-empirical,14,150,3.7750000000000004,0.195,0.205,0.20718453154575617,0.20710481943061523,0.012104819430615227,0.21078868169758505,0.0036838622669698173,0.20518931100329893,0.20751228695431542,0.0003277554085592549,0.07747557628493434,0.0774871431418334,0.0443216565369118,2.3847501511415916e-05,0.4237268693422105,0.5213272093102814,0.9969139493801261,0.8438621285259329,0.9792815468454243,0.0033333698290179178,0.00314710981005354,0.00614710981005354,-1.7855709204069472e-11,-1.8844834180573106e-11,True,2.4680385482184497,0.42736539163924725,0.003,2245.1388230034163,2.776319786554118e-17,8.215611383999926,5.603606192216073,6,0,0,80,0.1,0.5,80,10,18.079846157368248,0.058011700354399565,8.241760510271869,15.396496015323313,-8.103267599024374,15.99225695020904,-17.56957465084866,-0.3460521954614526,-9.616662854780532,-15.376531148384876,9.530467253830327,-14.753139774704414
estimated-subspace-empirical,14,151,3.8000000000000003,0.195,0.205,0.20710481943061518,0.20707381984731238,0.012073819847312373,0.2107416393088122,0.003667819461499827,0.20513454580247967,0.20750663596701488,0.0004018165363997017,0.07753301037146096,0.07754427500258383,0.0443449443739367,2.457858528635426e-05,0.4237669844685445,0.5212283611873662,0.996910432306965,0.8437017575594934,0.9792895180569385,0.005069628528826116,0.005269724739109212,0.008269724739109216,-1.8948799140691323e-11,-1.8948799140691323e-11,True,2.476937691821933,0.4282655138844558,0.003,2183.6660033998196,1.963094669071206e-17,8.339369074227367,5.601060457173789,6,0,0,80,0.1,0.5,80,10,18.089016345227535,0.060465461748249724,8.235703490955983,15.390082196437552,-8.107458374465033,16.00201924319465,-17.568146029670075,-0.3395228965370928,-9.622083144517163,-15.380755461150375,9.530820390457702,-14.748619391191191
estimated-subspace-empirical,14,152,3.825,0.195,0.205,0.20707381984731232,0.20701458150756094,0.012014581507560934,0.21071524925051704,0.003700667742956104,0.20509412055991963,0.20746078253417582,0.0003869626868635012,0.07769715867776147,0.07770844855072997,0.04447913184263458,2.1481150996592098e-05,0.4237826044416645,0.5211961004044499,0.9969071996954055,0.8435765170042401,0.9792926180152688,0.003846580285766739,0.004077114931033835,0.007077114931033838,-1.887295110193088e-11,-1.9133137501759983e-11,True,2.4789014486123766,0.4306652248215563,0.003,2239.404001979134,1.5521898148890684e-17,8.307584301198894,5.597851042435976,6,0,0,80,0.1,0.5,80,10,18.09720806439329,0.062058788913099086,8.229442250560083,15.38124639855117,-8.111628047458312,16.00978714307476,-17.56423213404387,-0.3384258070844978,-9.629195714513562,-15.387607153090938,9.530976865942227,-14.749896484911766
estimated-subspace-empirical,14,153,3.85,0.195,0.205,0.20701458150756089,0.20694576590947408,0.011945765909474076,0.21071051921697603,0.00376475330750195,0.20504549889052517,0.20743346687046157,0.00041888536290068945,0.07787925074325833,0.07789045205863601,0.044600989432389646,2.1542664221684915e-05,0.423808052327126,0.5211237168232882,0.9969040366103763,0.8434442662681398,0.9792985418492439,0.003259915181007625,0.003097105958199781,0.006097105958199783,-1.889946879825505e-11,-1.889946879825505e-11,True,2.4760647911465226,0.42841615848639325,0.003,2240.605746050905,1.5517353602416792e-17,8.214377179626123,5.5928912484487645,6,0,0,80,0.1,0.5,80,10,18.103151916059023,0.062306928853000904,8.224599000620463,15.377369672072295,-8.116002666155067,16.015283892079324,-17.56433170125489,-0.3411388450921063,-9.630665226933052,-15.385858858429737,9.531049371030937,-14.757591950449354
estimated-subspace-empirical,14,154,3.875,0.195,0.205,0.20694576590947414,0.20692532009296016,0.011925320092960157,0.21066521846290767,0.0037398983699475086,0.20499814800711338,0.20742921914725257,0.00048345323777843063,0.07790953159727086,0.07792043294109408,0.044606295937991376,2.209226595162658e-05,0.42384165224786263,0.521038550440302,0.9969009963149282,0.843303143401392,0.9793054234090526,0.005011866570879734,0.0052450548035558936,0.008245054803555897,-1.9186528618480995e-11,-1.9186528618480995e-11,True,2.483904249872335,0.42928420106380927,0.003,2181.3429923259464,7.102972443793695e-18,8.341538011853789,5.591017817539478,6,0,0,80,0.1,0.5,80,10,18.111040821092388,0.06443356326755909,8.219482906927652,15.372290606114184,-8.119580073124832,16.023507535583843,-17.563265800783785,-0.3346645367976994,-9.63522447071135,-15.389393547269016,9.53153187667,-14.752976237232545
estimated-subspace-empirical,14,155,3.9000000000000004,0.195,0.205,0.20692532009296005,0.20687548150771443,0.01187548150771442,0.21063989156219684,0.0037644100544824144,0.2049652428085784,0.2073848986855875,0.0004595785926274354,0.07805006308473911,0.07806098784776308,0.04472486512915555,1.89880110486636e-05,0.4238513149755503,0.5210196329155692,0.996898233728978,0.8431977891741337,0.979307467990704,0.003774696705670298,0.004034696291656064,0.0070346962916560665,-1.8790338479274714e-11,-1.910680993381948e-11,True,2.4848388183862724,0.43148843660750635,0.003,2233.506688128302,2.505234407777116e-17,8.303941472003451,5.588324313447551,6,0,0,80,0.1,0.5,80,10,18.117960277066064,0.0657175615387883,8.21414071416159,15.364879507795715,-8.123191314177252,16.029822869407205,-17.559805535542182,-0.3336412521957644,-9.641521195119457,-15.395548875686739,9.531811044104119,-14.754230208707659
estimated-subspace-empirical,14,156,3.9250000000000003,0.195,0.205,0.20687548150771448,0.20681539422039827,0.011815394220398262,0.21063689474561695,0.0038215005252186796,0.20492302518846062,0.2073584076700618,0.00048292616234732466,0.07820998108049874,0.07822081616051856,0.044831882804379164,1.9020952358320437e-05,0.42387058950743767,0.5209588848630112,0.9968955372681598,0.8430820691139502,0.9793124518492285,0.003191649057114093,0.0030522260377670455,0.006052226037767048,-1.8624751683374725e-11,-1.8883564558961162e-11,True,2.483014338124522,0.4292533314489917,0.003,2236.189847902683,1.963364109036204e-17,8.212787602251062,5.5837800126088615,6,0,0,80,0.1,0.5,80,10,18.1227144959807,0.06568070994536589,8.210183932722751,15.362253825871443,-8.126996346667028,16.033960032697827,-17.560499143209352,-0.33645979681954574,-9.642175786988362,-15.393129908592416,9.531953924309784,-14.761836366163736
estimated-subspace-empirical,14,157,3.95,0.195,0.205,0.20681539422039827,0.20680333845729798,0.011803338457297974,0.21059351891259576,0.003790180455297776,0.20488189196355253,0.20735582682859482,0.000540432608196556,0.07821863940133736,0.07822918382741137,0.04482240344449864,1.948087646890152e-05,0.4238984305938783,0.5208843907817815,0.9968928966696168,0.8429573375384777,0.9793184605779601,0.004954188460026411,0.005218900454214466,0.00821890045421447,-1.9140639293130448e-11,-1.9140639293130448e-11,True,2.489490355241508,0.4300958880423275,0.003,2178.9823339965415,7.152448122690996e-18,8.342658732392783,5.582427750952892,6,0,0,80,0.1,0.5,80,10,18.129515260878364,0.06753527719415907,8.20587308407482,15.358234947702961,-8.130039060538959,16.0409474845558,-17.559745752258998,-0.33008171356204646,-9.646014293076684,-15.396120192212921,9.53254406382816,-14.757130404255257
estimated-subspace-empirical,14,158,3.975,0.195,0.205,0.206803338457298,0.20676100381527693,0.011761003815276921,0.2105694780261168,0.0038084742108398795,0.20485522228836392,0.2073132330543035,0.0005098945970054836,0.07834061654853107,0.07835118884045206,0.044928300621052956,1.643868537567327e-05,0.42390292846657374,0.5208758647023033,0.9968905355962496,0.8428688065433836,0.9793196661542702,0.0037071486446612276,0.00399471180222445,0.006994711802224454,-1.9197479706721632e-11,-1.9197479706721632e-11,True,2.4895932608290607,0.43213470966673023,0.003,2227.8835852384323,1.3904866443919908e-17,8.300148709455181,5.580124312589627,6,0,0,80,0.1,0.5,80,10,18.135354670512257,0.06856288890445793,8.20132173338856,15.351975711541044,-8.133164723695371,16.04609191118947,-17.556674086075226,-0.32916242951823926,-9.65162581013288,-15.401721289786064,9.532921813185986,-14.758351634967473
estimated-subspace-empirical,14,159,4.0,0.195,0.205,0.20676100381527698,0.20670795820889362,0.011707958208893615,0.2105683650721557,0.0038604068632620836,0.20481833315613182,0.20728780470952687,0.0005268008942498903,0.07848281046125423,0.07849329768406357,0.04502315359184291,1.6501683840645914e-05,0.42391691890541755,0.5208242338086564,0.9968882352076442,0.8427670334246423,0.9793238996184723,0.0031293443020461477,0.0030115663493143403,0.006011566349314338,-1.8867008669965182e-11,-1.8963518757491483e-11,True,2.4890002857300053,0.42994620032973757,0.003,2232.039193247748,1.391205034719504e-17,8.211126284716576,5.57590208350123,6,0,0,80,0.1,0.5,80,10,18.139102031180844,0.06829176667163142,8.198124357539244,15.350347327592111,-8.136474022989695,16.049130638321227,-17.55788250411297,-0.3321052627823093,-9.651585835032465,-15.398754075987313,9.53311760890474,-14.765864126934622
estimated-subspace-empirical,14,160,4.025,0.195,0.205,0.20670795820889365,0.2067026065877375,0.011702606587737502,0.21052701127372542,0.003824404685987909,0.2047824525150387,0.20728706467410524,0.0005791064652115874,0.07847384843648887,0.0784840583607488,0.0450013801411175,1.6929731752735832e-05,0.4239399269486507,0.5207581858599372,0.9968859367709646,0.8426563600298884,0.9793292041791106,0.004898379330392931,0.005191724692202029,0.008191724692202031,-1.8968967162318325e-11,-1.9212695803930116e-11,True,2.4940214607715294,0.43075700227083313,0.003,2176.7307564489915,1.3920075028157926e-17,8.34314183146151,5.5749638482852575,6,0,0,80,0.1,0.5,80,10,18.14498230125189,0.06992266211244427,8.194497761838745,15.347159419004347,-8.13905384615592,16.05511965688578,-17.557392994428184,-0.3258447217142729,-9.65482129395827,-15.401316006350571,9.5337935003758,-14.761075975745216
estimated-subspace-empirical,14,161,4.05,0.195,0.205,0.20670260658773745,0.20666629306171586,0.011666293061715849,0.2105043710384715,0.003838077976755644,0.20476098914038118,0.2072463218898476,0.0005437153021101426,0.07858095005919617,0.07859119593612535,0.04509689065647539,1.3989389771274922e-05,0.42394015780902294,0.5207578393524127,0.9968839235190616,0.8425821691973703,0.9793297393412262,0.003644527643126691,0.003956738906969138,0.006956738906969138,-1.8837986185515515e-11,-1.8837986185515515e-11,True,2.4934392259855116,0.43265194238108273,0.003,2222.5837609988484,1.5612511283791264e-17,8.296359960265272,5.5729609118372485,6,0,0,80,0.1,0.5,80,10,18.149907841264348,0.07073982066686904,8.19062311985486,15.341826314098423,-8.141759885276434,16.059315195528793,-17.554652291810456,-0.32504257414315774,-9.659857277953993,-15.406476885584397,9.534247383189138,-14.762260174802979
estimated-subspace-empirical,14,162,4.075,0.195,0.205,0.20666629306171588,0.20661896211081196,0.011618962110811953,0.2105051913824352,0.0038862292716232427,0.20472855330915388,0.20722210125762025,0.000555808195904367,0.07870868913910996,0.07871885788046387,0.04518167253440055,1.4115038985414174e-05,0.4239497813003105,0.5207134248901404,0.9968819629902382,0.8424922043446577,0.9793333706938284,0.0030729679087355423,0.0029743573779543865,0.005974357377954388,-1.9067722911382702e-11,-1.9067722911382702e-11,True,2.4941060996267006,0.4305409800348548,0.003,2228.2055115288244,6.980275126496363e-18,8.209495091604222,5.5689956752935394,6,0,0,80,0.1,0.5,80,10,18.15280612294126,0.07027792306937257,8.188073022027453,15.340986422485575,-8.144639823657565,16.061461895249703,-17.556303863104997,-0.32811480145634203,-9.659226093770942,-15.40306235897098,9.534480044592474,-14.769678836614604
estimated-subspace-empirical,14,163,4.1000000000000005,0.195,0.205,0.206618962110812,0.20661898813570842,0.011618988135708413,0.21046587514498677,0.003846887009278349,0.2046971295652066,0.2072232800720011,0.0006043179611891214,0.07868512021271322,0.07869502691476563,0.04514959886961997,1.4545615326256393e-05,0.42396885870523554,0.5206541334246727,0.9968799593690298,0.8423936282488964,0.9793381037889188,0.004845228624459973,0.005163815206682746,0.008163815206682747,-1.8808029312057722e-11,-1.9119753076867068e-11,True,2.4977176558532554,0.43130228651672936,0.003,2174.6443339198236,4.336808689942018e-19,8.343198733038477,5.568393249911544,6,0,0,80,0.1,0.5,80,10,18.157910329110116,0.07172637830742683,8.185024598163144,15.33844241734026,-8.146820760438246,16.066640411224117,-17.55603327471766,-0.3219805585095287,-9.661958181587895,-15.405289077450865,9.535222378459904,-14.764818199493556
estimated-subspace-empirical,14,164,4.125,0.195,0.205,0.20661898813570842,0.20658752605790223,0.011587526057902225,0.2104446601076857,0.003857134049783467,0.2046800324397425,0.2071844362573351,0.0005654481216266771,0.0787801158490291,0.07879006839213588,0.04523653561290624,1.1727277154791538e-05,0.4239656738151992,0.5206602734764284,0.9968782484493343,0.8423317134481244,0.9793381011864292,0.0035868374523846734,0.003920432597835106,0.006920432597835109,-1.923541522580248e-11,-1.923541522580248e-11,True,2.4965638889044195,0.4330700347861048,0.003,2217.604067204818,3.1031676915590914e-17,8.292621154639757,5.566625288175402,6,0,0,80,0.1,0.5,80,10,18.16206472309988,0.07237195765718925,8.181726686021719,15.3338518491095,-8.149165620157742,16.070063076114884,-17.553573381908596,-0.3212980113284821,-9.66651141562275,-15.410101497264474,9.535733311593978,-14.765964468167237
estimated-subspace-empirical,14,165,4.15,0.195,0.205,0.2065875260579023,0.20654485759856056,0.011544857598560554,0.21044738360337586,0.0039025260048153043,0.2046513266148108,0.20716148281794014,0.0005739567600378526,0.07889588798926908,0.07890577297446372,0.0453129208203831,1.1930780071733829e-05,0.4239717659578562,0.520621613557478,0.9968765803689226,0.8422517522650337,0.9793412473942098,0.003022159557138796,0.0029399980957737428,0.005939998095773744,-1.8658811650015562e-11,-1.9244907538686483e-11,True,2.498452965070963,0.43107337456931666,0.003,2224.6895639678833,3.469514713927663e-17,8.207916011640378,5.562870408756638,6,0,0,80,0.1,0.5,80,10,18.16424922064094,0.07175586506769023,8.17972631144933,15.333631368241853,-8.151674802672929,16.071481852674953,-17.55560430563824,-0.32449634655428616,-9.665378077475896,-15.406322952102082,9.535989456982998,-14.773291645995348
estimated-subspace-empirical,14,166,4.175,0.195,0.205,0.20654485759856056,0.20654921027583453,0.011549210275834526,0.21041005528872483,0.0038608450128903016,0.20462369510540337,0.2071645774270589,0.0006197198284983441,0.0788600610211401,0.07886969971535857,0.04527217359844723,1.2382628258684017e-05,0.42398771297250576,0.5205677747989386,0.9968748307156915,0.8421636005244535,0.9793455142401439,0.004795016793068782,0.005135378198102377,0.008135378198102379,-1.877465626086756e-11,-1.9193391026496705e-11,True,2.5007343207282093,0.4317539113411065,0.003,2172.7270520586417,1.5540063044689707e-17,8.342935519225675,5.56254493302277,6,0,0,80,0.1,0.5,80,10,18.168700894090865,0.07305638843544915,8.17716445535788,15.331581278167244,-8.153513080034667,16.075999147467464,-17.555512078000316,-0.3184893315478425,-9.667691458892348,-15.408289484112384,9.536782188238979,-14.768368869708874
estimated-subspace-empirical,14,167,4.2,0.195,0.205,0.2065492102758346,0.2065216714275497,0.011521671427549701,0.21039022252040168,0.003868551092851974,0.20461026989244932,0.20712761419243556,0.0005784039166009669,0.07894509604144233,0.07895479104750483,0.04535199736960697,9.69364315045909e-06,0.42398185658073273,0.5205790875617274,0.9968733823176456,0.8421122173340908,0.9793450789724165,0.0035338204200504766,0.003885524242297615,0.006885524242297617,-1.9107994556313207e-11,-1.9133997066049373e-11,True,2.4991000958668614,0.433408167186874,0.003,2212.911164382102,9.813077866773595e-18,8.288926513068562,5.560962583627005,6,0,0,80,0.1,0.5,80,10,18.1722059391694,0.07356280804778459,8.174357001918919,15.327586014490183,-8.155547882302368,16.078789174629794,-17.553289707104824,-0.3179223712197272,-9.671840579158896,-15.412827512233946,9.537334634259519,-14.769478381110627
estimated-subspace-empirical,14,168,4.2250000000000005,0.195,0.205,0.20652167142754968,0.20648282700079543,0.01148282700079542,0.2103947621656267,0.003911935164831265,0.20458469028255977,0.20710591845745938,0.0005842470299096958,0.07905084474351501,0.07906048230369428,0.04542134327628322,9.979008653724215e-06,0.42398513247700953,0.520545044313871,0.9968719657213927,0.84204071838975,0.979347832857245,0.0029764608546325707,0.0029080329875697877,0.005908032987569787,-1.912222627914818e-11,-1.912222627914818e-11,True,2.502173817533001,0.4315752483225388,0.003,2221.461093819234,1.974558093044457e-17,8.206373656272632,5.557383540673314,6,0,0,80,0.1,0.5,80,10,18.17379193538099,0.07282292280573074,8.17282262543519,15.327849965425898,-8.15773750855023,16.079611160893013,-17.555643651339036,-0.32123860705282153,-9.670281675225196,-15.408753686256942,9.537603608171201,-14.776717803808069
estimated-subspace-empirical,14,169,4.25,0.195,0.205,0.2064828270007954,0.2064906693234168,0.011490669323416802,0.21035932492953285,0.003868655606116045,0.204560291510425,0.20711086412145724,0.0006280371206618396,0.07900463315751277,0.07901403977224115,0.04537326275590815,1.0460689481622806e-05,0.423998623195682,0.5204956423414815,0.99687043423296,0.8419615506384666,0.9793517172999204,0.0047477685065438185,0.005106571312386877,0.00810657131238688,-1.8967137943272224e-11,-1.8967137943272224e-11,True,2.5031851856720193,0.4321265489225181,0.003,2170.951470635712,1.5517353602416792e-17,8.342399654518296,5.557289287717251,6,0,0,80,0.1,0.5,80,10,18.177696040795126,0.07400406267529681,8.170669366604564,15.326175493152492,-8.159282085580521,16.08358632169015,-17.555693697017247,-0.31535504732740005,-9.672248207008915,-15.410520637889315,9.538433754940389,-14.771743211104244
estimated-subspace-empirical,14,170,4.275,0.195,0.205,0.20649066932341673,0.2064663139079756,0.01146631390797559,0.2103407848835612,0.0038744709755856033,0.20454995922415176,0.20707571139994835,0.0005850420765316222,0.07908140044912935,0.07909087365503858,0.04544715974452394,7.90038841802031e-06,0.4239907164138719,0.5205110992181546,0.9968692132708574,0.8419192071233015,0.9793509330676583,0.0034851236197031136,0.0038518095626018365,0.006851809562601838,-1.9247081135433975e-11,-1.9247081135433975e-11,True,2.501145036209561,0.4336789012689736,0.003,2208.454769419924,7.269816092100959e-18,8.285246976779172,5.555854232348679,6,0,0,80,0.1,0.5,80,10,18.18065507867129,0.0743980938656781,8.168278952594202,15.322658999885869,-8.16105119965136,16.085855928763152,-17.553671586570502,-0.3148959634977788,-9.676059770319217,-15.414844190813191,9.539015292910118,-14.772818319436
estimated-subspace-empirical,14,171,4.3,0.195,0.205,0.20646631390797562,0.2064648414142719,0.011464841414271898,0.21031586549630132,0.0038510240820294195,0.20452699860176002,0.20705521276599773,0.0005888988580221022,0.07917866878139292,0.07918809448117829,0.04551057322971332,8.264754199633496e-06,0.4239917652747726,0.520480780464348,0.9968680125425512,0.8418548430586017,0.9793533686092024,0.004295817567054332,0.004712349804784764,0.007712349804784763,-1.9230476794366026e-11,-1.9230476794366026e-11,True,2.508839349047687,0.432289775945449,0.003,2230.3605935744195,2.5022296277959446e-17,8.356408291435871,5.55610888745626,6,0,0,80,0.1,0.5,80,10,18.183571194569357,0.0753386825419698,8.166842685217238,15.321947038532484,-8.162472979684866,16.089157720991697,-17.546764948301067,-0.3125613662291598,-9.68042452074651,-15.42054985837238,9.538816740218675,-14.770516449962683
estimated-subspace-empirical,14,172,4.325,0.195,0.205,0.20646484141427188,0.20643974036116136,0.011439740361161355,0.210295631124178,0.0038558907630166506,0.2045151517492595,0.20702575209099885,0.0005609106767269778,0.07925559250237699,0.07926490315491018,0.04557274501487345,7.845363375185683e-06,0.4239878893466948,0.5204830834840927,0.9968661900230098,0.8418166172871588,0.9793535158585728,0.0033823522381186844,0.0037600144993616496,0.006760014499361653,-1.860927339299199e-11,-1.9256643979815143e-11,True,2.50446497075709,0.43385322689816314,0.003,2198.219078134518,2.5022296277959446e-17,8.264899311132844,5.554242559090034,6,0,0,80,0.1,0.5,80,10,18.186083987962057,0.0757921604337508,8.164992001681103,15.319393569497954,-8.163988156984223,16.091252854705544,-17.545330111144075,-0.3122426282522713,-9.684260963287388,-15.425084617781467,9.538897101841854,-14.77135883735226
estimated-subspace-empirical,14,173,4.3500000000000005,0.195,0.205,0.20643974036116136,0.20643575050676188,0.011435750506761877,0.21026893532639135,0.003833184819629465,0.20449090289395666,0.2070036640442489,0.0005639236830875249,0.07934178866719137,0.07935107029779967,0.045624549975648666,6.827880426321207e-06,0.42398475952643294,0.520450798123763,0.9968650940049516,0.8417447252792412,0.9793560259638838,0.004127746288041965,0.00454761071804643,0.007547610718046432,-1.895181420886589e-11,-1.895181420886589e-11,True,2.511522281421327,0.432772660704421,0.003,2215.23326294582,2.5078606370050884e-17,8.327069275612654,5.553884567367768,6,0,0,80,0.1,0.5,80,10,18.18863276539772,0.07668980082546752,8.163967544415494,15.319391413571498,-8.165195876102699,16.094235807876288,-17.539623175083914,-0.3101405223831639,-9.688371164380595,-15.430671083624564,9.538492988953879,-14.769233657029972
estimated-subspace-empirical,14,174,4.375,0.195,0.205,0.20643575050676186,0.2064103180343741,0.01141031803437409,0.21024806175924907,0.00383774372487497,0.2044766281671588,0.2069727273865633,0.0005369768798014485,0.07941017796491963,0.07941937429091933,0.04567629697579248,6.325904631060746e-06,0.42397675153772957,0.5204484908096221,0.996863332679181,0.8416959605255996,0.9793564249493238,0.0032853566667500928,0.0036684228603844292,0.0066684228603844315,-1.8686267108593378e-11,-1.8711818830065042e-11,True,2.507092099584427,0.4341872198334871,0.003,2186.8676550719465,1.3877787807814457e-17,8.246559171616607,5.551678213606023,6,0,0,80,0.1,0.5,80,10,18.190796650780207,0.07711796394111474,8.162488205310195,15.317446728499245,-8.166508732428087,16.09602490263245,-17.53901970901756,-0.30993556852157567,-9.691880069869192,-15.434941874847299,9.538467279666078,-14.770146191857819
estimated-subspace-empirical,14,175,4.4,0.195,0.205,0.20641031803437404,0.20640543436227618,0.011405434362276173,0.21022148857023712,0.0038160542079609394,0.20445179611434708,0.20695022391050008,0.00053990587612604,0.07948719075711048,0.0794963785212137,0.04571928214463487,5.661581992768895e-06,0.423970470755643,0.5204148598763473,0.9968621890539914,0.841619994242655,0.9793589681965627,0.004012311419386283,0.0044335905841812445,0.0074335905841812445,-1.872909168706266e-11,-1.872909168706266e-11,True,2.513847454116479,0.43343604479018766,0.003,2203.98433606098,6.938893903907228e-18,8.308246433088275,5.550998734881935,6,0,0,80,0.1,0.5,80,10,18.192989217773682,0.07796504180437044,8.161758142220211,15.317862036415256,-8.167507143622526,16.09866794433662,-17.53426474024452,-0.30801121857549996,-9.695588986110781,-15.440198486759275,9.538026638383876,-14.768237587266434
estimated-subspace-empirical,14,176,4.425,0.195,0.205,0.2064054343622762,0.20638062948098776,0.011380629480987753,0.21020133641126876,0.003820706930280998,0.20443693803881494,0.20691975649383323,0.0005143221315570268,0.07954775827032749,0.07955688409856233,0.045763080074782636,5.315888027992717e-06,0.42395988232509085,0.5204105777342821,0.9968604828679782,0.8415680353380884,0.9793594565637724,0.0032216546861731014,0.0036077839494991883,0.006607783949499191,-1.8922664154403954e-11,-1.922917962813551e-11,True,2.5095277392865905,0.43459598201027944,0.003,2178.6261847389333,2.0816681711721685e-17,8.235649828051988,5.5486544534682745,6,0,0,80,0.1,0.5,80,10,18.194819814899017,0.07835899224129961,8.160556651111348,15.31629544866636,-8.16863018756161,16.1001529419042,-17.534296911758876,-0.30789394761285105,-9.698697461014449,-15.444093058810276,9.537992590944876,-14.76925569311797
estimated-subspace-empirical,14,177,4.45,0.195,0.205,0.2063806294809878,0.2063756550243932,0.011375655024393194,0.21017589349347307,0.0038002384690798696,0.2044127342999413,0.20689822913784717,0.0005175996568593799,0.07961606396981265,0.0796251968374605,0.04579903258097344,5.1019441230914875e-06,0.42395174398776414,0.5203772830742572,0.9968593844247398,0.841492895790507,0.9793619370519012,0.003925592274423811,0.004346518754511696,0.007346518754511698,-1.87862605321037e-11,-1.9055573094348903e-11,True,2.5159212023836672,0.43413541765625513,0.003,2195.7180719275693,6.938893903907228e-18,8.295818025210325,5.547819724421197,6,0,0,80,0.1,0.5,80,10,18.196680909500234,0.07914839832704888,8.16004986410319,15.316957426264137,-8.169447302109301,16.102474519729935,-17.530268579665748,-0.3061308092559625,-9.701987136573496,-15.448964926725045,9.537569393419746,-14.767572734294811
estimated-subspace-empirical,14,178,4.4750000000000005,0.195,0.205,0.20637565502439317,0.2063518851711313,0.011351885171131282,0.21015701119293403,0.003805126021802746,0.2043982534409847,0.2068692289660317,0.0004935739416385143,0.07966884518449492,0.07967793344924426,0.045836227589211714,4.801846603086944e-06,0.4239397266702294,0.5203724157285567,0.9968577886425932,0.8414414902823357,0.9793624344975607,0.003175000613027787,0.0035621833075269475,0.006562183307526951,-1.88595623838164e-11,-1.888548362900148e-11,True,2.512323434346753,0.43500649050159584,0.003,2172.0715007123435,9.85133562538035e-18,8.228482748208524,5.545434922000027,6,0,0,80,0.1,0.5,80,10,18.19820927754416,0.0795001944579245,8.15907230442796,15.315645726930164,-8.1704058984249,16.103677700098427,-17.530802829379194,-0.306090040854772,-9.704693460788404,-15.45246209397171,9.537558483211964,-14.76869758407206
estimated-subspace-empirical,14,179,4.5,0.195,0.205,0.20635188517113126,0.20634718648532782,0.011347186485327815,0.21013306394583495,0.0037858774605071255,0.2043751954221573,0.20684923301720293,0.0004973478460716663,0.07972860360709272,0.07973771104317397,0.0458662098562668,4.613716750568779e-06,0.42393056185697886,0.5203402096056918,0.996856777546785,0.8413692129993101,0.9793648114828869,0.0038547028392929257,0.004273827518295536,0.007273827518295538,-1.8604008676716465e-11,-1.8639736253277287e-11,True,2.517695903448624,0.434781096674692,0.003,2189.0708887625196,6.952433221959954e-18,8.286720373620579,5.544526467986503,6,0,0,80,0.1,0.5,80,10,18.199775266200163,0.0802262105152488,8.158745395439421,15.316461591974235,-8.171071605292902,16.105705855856396,-17.52735563733846,-0.30447712031727214,-9.707584291513193,-15.456950408724387,9.537169574688333,-14.767226781962577
estimated-subspace-empirical,14,180,4.525,0.195,0.205,0.20634718648532785,0.20632459258563435,0.011324592585634341,0.21011560064314097,0.003791008057506623,0.2043615008653231,0.20682205250217583,0.0004748660168479857,0.07977373284282052,0.07978280902146936,0.045897716071745955,4.348736275618158e-06,0.42391782903739783,0.5203354011770605,0.9968553070622583,0.8413199086064673,0.9793652813514672,0.003137360018395366,0.003524089067519684,0.006524089067519687,-1.8604952572143777e-11,-1.909629890078943e-11,True,2.5147266133852244,0.4353821311923311,0.003,2166.4229611120873,1.966923233740024e-17,8.22319032860157,5.542146716177056,6,0,0,80,0.1,0.5,80,10,18.20103765491041,0.08053026057834124,8.15795658165595,15.315336863101022,-8.1718918735263,16.106653987327675,-17.528298159347077,-0.30450612850846015,-9.709913855803538,-15.46006444046701,9.537191328917528,-14.768447667498386
estimated-subspace-empirical,14,181,4.55,0.195,0.205,0.20632459258563443,0.20632033116790283,0.01132033116790282,0.21009322116103715,0.0037728899931343263,0.20433976145416555,0.20680372656364404,0.00047913397800961044,0.07982528403403064,0.07983438889086825,0.04592251891235096,4.177395816660956e-06,0.4239081584829657,0.5203045767216798,0.9968543935355889,0.8412511814915868,0.9793675407414365,0.0037934750821391177,0.0042097214918044735,0.007209721491804474,-1.8936083538386766e-11,-1.8936083538386766e-11,True,2.5191559050506194,0.43534584467599324,0.003,2183.3460742334105,1.3904866443919908e-17,8.2794658123424,5.541205913364074,6,0,0,80,0.1,0.5,80,10,18.202346249913468,0.08119000545075646,8.157779588017386,15.316254105954835,-8.172432621856132,16.108417758032257,-17.52533023502377,-0.3030329457677183,-9.712440115971145,-15.464190972498654,9.536840874665469,-14.76716837839418
estimated-subspace-empirical,14,182,4.575,0.195,0.205,0.20632033116790285,0.2062989346390148,0.011298934639014796,0.21007715226897464,0.0037782176299598347,0.20432700203796972,0.20677841781633582,0.0004580866484329704,0.07986314061124096,0.07987222464139851,0.04594906849665755,3.940413740769133e-06,0.42389515330583916,0.5203001236990036,0.9968530452135163,0.8412045384433301,0.9793679668832097,0.003105055470075171,0.003490197182919627,0.006490197182919631,-1.8886861446465714e-11,-1.9217907468253422e-11,True,2.516704405546114,0.43570771566250366,0.003,2161.3000640801024,1.5666627603019534e-17,8.218895154559018,5.538852954993337,6,0,0,80,0.1,0.5,80,10,18.203377850919377,0.08144369004545983,8.157153481005253,15.315276284106373,-8.173137627174405,16.10913722432783,-17.526610267983735,-0.3031252417320016,-9.714427692655223,-15.466948542902246,9.536897210453665,-14.768471162480182
estimated-subspace-empirical,14,183,4.6000000000000005,0.195,0.205,0.20629893463901477,0.2062951748470975,0.011295174847097494,0.21005628870679421,0.003761113859696713,0.20430659828348888,0.20676171612415858,0.00046278148514380946,0.07990702552400884,0.07991614563058125,0.04596935145550806,3.7801507798092897e-06,0.42388530299501626,0.5202707698517446,0.9968522266121678,0.8411394723491348,0.9793701065360986,0.0037388960877708104,0.004151449052373448,0.007151449052373451,-1.9158051679828986e-11,-1.9158051679828986e-11,True,2.5203092632904633,0.4358261503639012,0.003,2178.204173715223,1.3884562417838567e-17,8.273332317215969,5.537902315019033,6,0,0,80,0.1,0.5,80,10,18.20446418515991,0.08203702780353915,8.157103294966383,15.316262718231567,-8.173575548329564,16.110663967735288,-17.524044522962576,-0.301780695952815,-9.716627188641372,-15.470741621094046,9.536585069114535,-14.767361825407125
estimated-subspace-empirical,14,184,4.625,0.195,0.205,0.20629517484709747,0.2062749440266635,0.011274944026663486,0.210041522068637,0.0037665780419735007,0.20429480338018471,0.20673820221603922,0.00044302736894175077,0.0799381660634855,0.07994727350287874,0.04599157046330251,3.5667306317765072e-06,0.42387230198654935,0.520266808517184,0.9968509911396737,0.8410956224170003,0.9793704825152902,0.0030763549397797908,0.0034590135230185923,0.006459013523018593,-1.9072051092039317e-11,-1.9072051092039317e-11,True,2.5182928862573197,0.4359797644808655,0.003,2156.528297571038,2.7758963540648015e-17,8.215184801834063,5.535587010170927,6,0,0,80,0.1,0.5,80,10,18.205297012026406,0.08224032395975647,8.156618661890167,15.315405460777518,-8.17418470980136,16.111179329179592,-17.5256057378511,-0.3019291112744998,-9.718309195708127,-15.473172707028189,9.536675315501174,-14.768732343674467
estimated-subspace-empirical,14,185,4.65,0.195,0.205,0.20627494402666352,0.20627170255596133,0.011271702555961327,0.21002207707892562,0.0037503745229642838,0.20427568517936398,0.2067230067488808,0.00044806272221728505,0.07997504445456839,0.07998419364557147,0.04600790441944501,3.4142850779369316e-06,0.42386247557162093,0.5202389247622748,0.9968502605455044,0.8410340953450464,0.9793725055973337,0.0036893830032949247,0.004097588927546008,0.007097588927546011,-1.8617509325250363e-11,-1.8876409905220233e-11,True,2.521175567818926,0.43622532069075437,0.003,2173.482913756795,2.082119873069895e-17,8.267957658077375,5.5346400024271185,6,0,0,80,0.1,0.5,80,10,18.206192489332935,0.08276929360629706,8.156676003830968,15.316438981887044,-8.174538044391689,16.11249410128847,-17.523380692460325,-0.30070162076882295,-9.720218759178165,-15.476661678821728,9.536399944312093,-14.767772810742771
estimated-subspace-empirical,14,186,4.675,0.195,0.205,0.20627170255596125,0.206252582757201,0.01125258275720098,0.21000850092309553,0.003755918165894545,0.20426483083645774,0.2067011634103681,0.00042946085440684345,0.08000011044760855,0.08000925332015082,0.04602633699888795,3.221877782373772e-06,0.42384965156087734,0.5202355151907799,0.9968491273802829,0.8409929915903863,0.9793728297444039,0.0030503840506914508,0.0034298121910554175,0.00642981219105542,-1.9177991547395587e-11,-1.9177991547395587e-11,True,2.5195346262536202,0.43620067289727105,0.003,2152.031222285185,9.822656275951702e-18,8.21186093822661,5.532368176817399,6,0,0,80,0.1,0.5,80,10,18.206854876505407,0.08292413242646257,8.15631451031934,15.315682711816274,-8.175067495390193,16.11282782093995,-17.52517678930898,-0.3008984519962404,-9.721629934982243,-15.478795975852014,9.536522566401208,-14.769198103881173
estimated-subspace-empirical,14,187,4.7,0.195,0.205,0.20625258275720093,0.20624985191413736,0.011249851914137354,0.20999036624835016,0.0037405143342127967,0.20424692194134786,0.2066873359480878,0.0004347531908868718,0.08003068040616781,0.08003986930598886,0.046039218672685275,3.0755938555628437e-06,0.4238399756119388,0.5202090618842352,0.9968484770844374,0.8409347984450266,0.97937474172428,0.003644009083714417,0.004047313595176348,0.0070473135951763495,-1.8676089413552118e-11,-1.8841391630193968e-11,True,2.5217797868653644,0.4365488431849889,0.003,2169.102639083841,7.152448122690996e-18,8.263147366211934,5.531433690321243,6,0,0,80,0.1,0.5,80,10,18.207587058573775,0.08339228534393589,8.156462613815718,15.31674637414035,-8.175351273358133,16.113953379750885,-17.523241864538356,-0.2997764041545494,-9.72328358794549,-15.482009064194594,9.536281987075062,-14.768370356413595
estimated-subspace-empirical,14,188,4.7250000000000005,0.195,0.205,0.2062498519141373,0.20623177930230477,0.011231779302304762,0.20997786929040022,0.003746089988095447,0.2042369616506684,0.20666702861739542,0.00041717670325810974,0.08005032714288882,0.08005951462595479,0.04605433737710711,2.9028244550603446e-06,0.42382743621100233,0.5202062255713792,0.9968474362735726,0.8408963241135219,0.9793750148085862,0.003026650658140586,0.0034021997220883534,0.006402199722088355,-1.9217089302886278e-11,-1.9224793488987748e-11,True,2.5204749571343434,0.4363753282529657,0.003,2147.7747131645615,1.3010426069826053e-18,8.208821867736301,5.529208710454093,6,0,0,80,0.1,0.5,80,10,18.208103759359314,0.0835018980765083,8.156208049320705,15.316075119236494,-8.175814409850839,16.11412588060867,-17.525234089057893,-0.300013814525192,-9.72445571091141,-15.483874639496637,9.536435151876923,-14.769839010288184
estimated-subspace-empirical,14,189,4.75,0.195,0.205,0.20623177930230474,0.2062295384504574,0.011229538450457405,0.2099609396618448,0.003731401211387375,0.20422017818282137,0.206654433055286,0.00042265375298125574,0.08007526953744164,0.08008450619981758,0.04606419730831225,2.7619631005170026e-06,0.4238179884017755,0.520181145938955,0.9968468590084841,0.8408412389426081,0.9793768220697695,0.0036021602942461223,0.0040000756056646465,0.0070000756056646475,-1.8675763742030415e-11,-1.8765066430522253e-11,True,2.5221486914374176,0.43680311346274736,0.003,2165.0192119002513,4.336808689942018e-19,8.258785003156625,5.5282930502932714,6,0,0,80,0.1,0.5,80,10,18.208696613490567,0.08391369600986705,8.156432137203293,15.317154979569294,-8.176041072635847,16.11508283193893,-17.52354692060105,-0.2989859959449644,-9.725884083631085,-15.486838182140925,9.536227253265821,-14.7691272374657
estimated-subspace-empirical,14,190,4.775,0.195,0.205,0.20622953845045744,0.20621244663364327,0.011212446633643264,0.2099494183069514,0.003736971673308137,0.20421105695912825,0.2066355320683077,0.00040599361785026433,0.08009012204016898,0.08009936103536382,0.04607641076420096,2.608077873852649e-06,0.42380579960993214,0.5201788830812313,0.9968459016847404,0.8408052530243094,0.9793770461549542,0.003004838281102195,0.003375933260389748,0.006375933260389751,-1.919926231364787e-11,-1.919926231364787e-11,True,2.5211591860122367,0.4365092423333921,0.003,2143.7399795518586,1.5612511283791264e-17,8.20600844523262,5.526116920587497,6,0,0,80,0.1,0.5,80,10,18.209089098638596,0.08398205627640785,8.156270130367137,15.316555095676192,-8.176449056892142,16.115112618719596,-17.525702474590062,-0.2992563937222544,-9.726845640205667,-15.488461041859846,9.536409010453637,-14.770629374308061
estimated-subspace-empirical,14,191,4.800000000000001,0.195,0.205,0.20621244663364324,0.20621066817045788,0.011210668170457877,0.20993359597248967,0.003722927802031789,0.2041953154010068,0.20662404248764132,0.0004115958539980813,0.08011006907193319,0.0801193595048348,0.04608362053399664,2.7799598684652296e-06,0.4237966262003859,0.520155112991869,0.9968453909304315,0.8407530527082288,0.9793787553366357,0.003563382706259823,0.003955471997890363,0.006955471997890365,-1.8836597634997366e-11,-1.8836597634997366e-11,True,2.522308620581767,0.43699489734902,0.003,2161.2018887869426,1.9645312551903404e-17,8.254790767896477,5.525224695051176,6,0,0,80,0.1,0.5,80,10,18.209563352850154,0.08434239056629622,8.156557218800238,15.317639384064584,-8.176628955708132,16.115919568954034,-17.524227193102767,-0.29831230494969774,-9.728075955604668,-15.491199296513178,9.536231642332487,-14.7700198186942
estimated-subspace-empirical,14,192,4.825,0.195,0.205,0.20621066817045786,0.206194491424166,0.011194491424165981,0.2099229559381952,0.0037284645140292227,0.2041869760561582,0.20660642805099239,0.0003957598805345297,0.08012069925627681,0.0801299948571879,0.04609328088680994,2.5844148356846414e-06,0.4237848269018589,0.5201534109237569,0.9968445093065994,0.840719407714928,0.9793789331829542,0.002984715976716465,0.003350842914487628,0.006350842914487627,-1.9133158047891764e-11,-1.9133158047891764e-11,True,2.5216275619166715,0.43660757395183974,0.003,2139.911729601993,4.336808689942018e-19,8.203379911961767,5.523098512684315,6,0,0,80,0.1,0.5,80,10,18.209850158403952,0.08437379134315767,8.156475127723596,15.317099117673132,-8.176991124854835,16.11582334984879,-17.526518115011335,-0.29860861503176633,-9.728852227228717,-15.492603320210923,9.53643998780495,-14.771546964461674
estimated-subspace-empirical,14,193,4.8500000000000005,0.195,0.205,0.206194491424166,0.20619314411507983,0.011193144115079823,0.20990815132256183,0.003715007207481996,0.20417219642900106,0.2065959304638424,0.0004014390396764045,0.08013622038490809,0.08014556897485343,0.046098160378325724,2.7716272830324768e-06,0.42377595357505093,0.5201308834457188,0.9968440592620118,0.8406698794690958,0.9793805508575834,0.003527313229081581,0.003913183703727243,0.0069131837037272464,-1.9204929672774615e-11,-1.9204929672774615e-11,True,2.5222841635619964,0.4371309578376847,0.003,2157.6240457874933,2.8609792490763984e-17,8.25110309967602,5.522233046923274,6,0,0,80,0.1,0.5,80,10,18.210223669853175,0.08468763519589058,8.156813928892916,15.31817795750631,-8.177132905124862,16.11649704706166,-17.52522414085222,-0.2977386568845013,-9.72990852957515,-15.495138488081198,9.536290995423872,-14.771027694989769
estimated-subspace-empirical,14,194,4.875,0.195,0.205,0.20619314411507986,0.20617781902075988,0.011177819020759872,0.20989830715164232,0.003720488130882438,0.2041645822883766,0.20657949329394604,0.0003863491788661799,0.08014313855148689,0.08015249441964108,0.046105570724588846,2.568775573982705e-06,0.4237645645242787,0.5201297211849705,0.9968432464753462,0.8406384277742661,0.979380685588492,0.002966099546460015,0.0033267987272008383,0.006326798727200842,-1.9026563182905254e-11,-1.9026563182905254e-11,True,2.52190800973439,0.4366746612340894,0.003,2136.27411052429,1.3985787785349405e-17,8.200903968146156,5.520157203733274,6,0,0,80,0.1,0.5,80,10,18.210420743345516,0.08468639058477188,8.15680075998536,15.317687308072623,-8.177457091824008,16.116289852434342,-17.52762646583127,-0.29805448023792225,-9.730521847747193,-15.496345502653565,9.536523903285097,-14.77257261195854
estimated-subspace-empirical,14,195,4.9,0.195,0.205,0.20617781902075982,0.20617687001615947,0.011176870016159468,0.20988443821345582,0.0037075681972963404,0.20415068923604038,0.2065698849468494,0.0003920659260895909,0.08015473743779024,0.08016414728750465,0.046108395214855234,2.7388763719493123e-06,0.42375600315721035,0.5201083689276388,0.9968428519403909,0.8405913705708719,0.979382218097924,0.0034936484318821193,0.0038729474213730387,0.006872947421373042,-1.907296953479591e-11,-1.907296953479591e-11,True,2.5220975150352998,0.437217768537064,0.003,2154.260231220157,1.3884562417838567e-17,8.247671074294605,5.519320771064937,6,0,0,80,0.1,0.5,80,10,18.210708849653145,0.08495856853808816,8.157181585118595,15.31875259873031,-8.177567989800401,16.116845323375127,-17.52648760645786,-0.29725003345870915,-9.73142531144569,-15.498697831663767,9.53640114858273,-14.772133289801952
estimated-subspace-empirical,14,196,4.925000000000001,0.195,0.205,0.20617687001615956,0.206162336307639,0.011162336307638993,0.20987531227337958,0.003712975965740578,0.20414374532597745,0.20655452542623864,0.0003776554100790863,0.0801583921483696,0.08016781081090298,0.046113816555283585,2.5320104962334787e-06,0.42374503266432284,0.5201077199954367,0.9968421018854224,0.8405619666177164,0.9793823129983841,0.002948834268417355,0.0033036953156286354,0.00630369531562864,-1.8886418324668293e-11,-1.8979742688462752e-11,True,2.5220176529207383,0.43671386510456217,0.003,2132.8102089718527,1.734723475976807e-18,8.198553227534019,5.5172950719478875,6,0,0,80,0.1,0.5,80,10,18.210829873174568,0.0849288260575529,8.157227886791658,15.31830323427235,-8.1778607744484,16.116540627432716,-17.528980713095486,-0.297579714962704,-9.731895361431638,-15.499727731924391,9.536656595652621,-14.773689809645179
estimated-subspace-empirical,14,197,4.95,0.195,0.205,0.206162336307639,0.20616175242726562,0.011161752427265609,0.20986230364144526,0.0037005512141796426,0.20413066837474883,0.20654571350369585,0.0003833771960568555,0.08016650967286751,0.08017598286707275,0.046114823220822526,2.688641059518447e-06,0.4237367856803,0.5200874764832446,0.9968417581480918,0.8405171908842577,0.9793837663692361,0.0034621286474078353,0.003834540544065541,0.0068345405440655435,-1.8911061416461228e-11,-1.8911061416461228e-11,True,2.5217682844589193,0.4372613173985087,0.003,2151.0858791272644,7.410741937918042e-18,8.244451438494096,5.51648906289643,6,0,0,80,0.1,0.5,80,10,18.211045715759422,0.08516387855425926,8.157642518539076,15.319348535738715,-8.17794685005936,16.11699131610158,-17.52797446358565,-0.29683314335391964,-9.73266461001458,-15.501915643756181,9.536557975411332,-14.77332146876522
estimated-subspace-empirical,14,198,4.9750000000000005,0.195,0.205,0.20616175242726562,0.20614795342288014,0.011147953422880136,0.20985382518416043,0.0037058717612802883,0.20412434198012455,0.20653134058919936,0.0003695881619337482,0.08016729206130367,0.08017677514504107,0.04611848071250562,2.4803251976774917e-06,0.4237262333433915,0.5200873108495453,0.9968410653425375,0.8404896922292808,0.9793838247572735,0.002932787029071257,0.0032814445391656506,0.006281444539165654,-1.8718915525314818e-11,-1.9251175948832567e-11,True,2.5219754530742966,0.436727645482945,0.003,2129.5028543379403,4.336808689942018e-19,8.19630425067442,5.514512825770178,6,0,0,80,0.1,0.5,80,10,18.21110240320597,0.08510951006027273,8.157740239983653,15.318933670428912,-8.178213761836977,16.11660116405077,-17.530540558753216,-0.2971717746313048,-9.733008730295525,-15.502786523262081,9.536833962934312,-14.774884338821812
estimated-subspace-empirical,14,199,5.0,0.195,0.205,0.2061479534228801,0.20614770203028837,0.011147702030288364,0.2098416074456464,0.003693905415358023,0.2041120155088109,0.20652324100295086,0.0003752875800707711,0.08017231228445314,0.08018185009893031,0.046117874400247554,2.6263261124974565e-06,0.42371829660809895,0.5200681114150713,0.9968407680947444,0.8404470194004007,0.979385204657712,0.003432530170677567,0.0037977734489730262,0.006797773448973029,-1.87249631412089e-11,-1.87249631412089e-11,True,2.5213135955966792,0.4372669963657143,0.003,2148.0780083923037,1.3884562417838567e-17,8.241407647094007,5.513737902689402,6,0,0,80,0.1,0.5,80,10,18.211257221875247,0.08531162214302436,8.158181774884241,15.319954041397748,-8.178280085843353,16.116959073307143,-17.52964753937595,-0.29647637785259495,-9.733660135519319,-15.504826741514544,9.536757425776138,-14.774579190350568
estimated-subspace-empirical,14,200,5.025,0.195,0.205,0.2061477020302884,0.20614673220492274,0.011146732204922738,0.20982461220881313,0.0036778800038903825,0.2041062565000186,0.20650977131267495,0.00036206928238655123,0.08017056229461884,0.08018011071036803,0.046119962829534,2.4185133250894765e-06,0.4237081558791722,0.5200683969683283,0.9968401275818282,0.8404212876856091,0.9793852297969712,0.0033998561875920406,0.003765038491113812,0.006765038491113811,-1.8904831031991877e-11,-1.8904831031991877e-11,True,2.522705910228585,0.43858594353527414,0.003,2127.431632313501,3.104379629778137e-17,8.216893690970407,5.512359791558753,6,0,0,80,0.1,0.5,80,10,18.211275961572085,0.08539546100686854,8.159392292231678,15.322600799260778,-8.178404480350684,16.117109512932007,-17.528029870041053,-0.29596093724491335,-9.734495752509368,-15.50702997720948,9.53668393535014,-14.77454051158845
estimated-subspace-empirical,14,201,5.050000000000001,0.195,0.205,0.2061467322049227,0.2061451443688407,0.011145144368840704,0.20980347090958545,0.003658326540744744,0.2040977660535678,0.2064896167959329,0.00034288459101020075,0.08015790146814573,0.08016740596876665,0.04611734065878442,1.7156021521499933e-06,0.4236949995846488,0.5200690786093459,0.9968399004053562,0.840380438567895,0.9793853267795077,0.0033705466479324354,0.0037283907502201415,0.006728390750220141,-1.8676866486655694e-11,-1.904101294006408e-11,True,2.523173929349882,0.4395317725156409,0.003,2103.8101176734194,3.1031676915590914e-17,8.192096709170112,5.510394304034837,6,0,0,80,0.1,0.5,80,10,18.21117911345411,0.08538717466142302,8.161259020293427,15.326506874869574,-8.178508063817457,16.117025452841403,-17.5264454997076,-0.29553860946207744,-9.735334065354698,-15.5092300117231,9.536563377320595,-14.774570357397206
estimated-subspace-empirical,14,202,5.075,0.195,0.205,0.20614514436884065,0.20614303408064333,0.011143034080643321,0.20977997702219323,0.0036369429415498977,0.20408690942509225,0.2064643443530596,0.0003191999842189486,0.08013604406175572,0.08014547913631721,0.046109874126154686,1.0262994218707689e-06,0.4236784959006927,0.5200694184215288,0.9968395518685023,0.84032638191079,0.9793854855631159,0.003344256933737929,0.003693688168081016,0.006693688168081018,-1.8678836462037448e-11,-1.8904588311644018e-11,True,2.523016835447286,0.4399716537923792,0.003,2087.187593653993,1.966923233740024e-17,8.174881885818106,5.508058134657649,6,0,0,80,0.1,0.5,80,10,18.211010888068653,0.08531319801367473,8.163527623079275,15.331151055803941,-8.178583678818514,16.11676682192271,-17.52497240825845,-0.29520514158116384,-9.736143074133507,-15.511402912401827,9.536403907440912,-14.774665272349779
estimated-subspace-empirical,14,203,5.1000000000000005,0.195,0.205,0.20614303408064336,0.20614057093391075,0.011140570933910743,0.209755752266318,0.0036151813324072635,0.20407458130455094,0.2064362316228089,0.0002931975421655575,0.08010920389142541,0.0801185551655835,0.04609878512681775,1.2810833703441856e-06,0.4236595649546636,0.5200693222803409,0.9968391104921913,0.840264273588613,0.9793856965919356,0.003324003469480741,0.0036652722348720084,0.00666527223487201,-1.8820948842386697e-11,-1.907499256212988e-11,True,2.5222256214213132,0.4400132039129236,0.003,2077.0417934314646,8.673617379884035e-19,8.164818895974568,5.5055522119041544,6,0,0,80,0.1,0.5,80,10,18.210795760382236,0.08520916266489782,8.165982186484568,15.336105491179692,-8.178630066058494,16.116403345518208,-17.523625445474586,-0.29494031395181686,-9.736904835513194,-15.513516507083164,9.536217782169794,-14.774815832782703
estimated-subspace-empirical,14,204,5.125,0.195,0.205,0.20614057093391078,0.20613787888565857,0.011137878885658564,0.2097319719419323,0.0035940930562737283,0.2040616499234956,0.20640726466165735,0.00026669372774656974,0.08008063833483785,0.08008989957081149,0.046085291292797745,1.665189411513622e-06,0.4236391947878607,0.5200688785027066,0.9968386250150374,0.8401988716053141,0.979385942906609,0.0033082121157063855,0.0036417623974485543,0.006641762397448559,-1.9192824321249897e-11,-1.9192824321249897e-11,True,2.5210158106795126,0.4397801948635828,0.003,2071.750711711257,1.5570290778067972e-17,8.160035228851005,5.503022338371946,6,0,0,80,0.1,0.5,80,10,18.2105524226076,0.08510275786590961,8.168465589473872,15.341059264438812,-8.178648382820407,16.11599150617143,-17.52241326155677,-0.2947254869937643,-9.737607092675134,-15.515544167935163,9.536015369796301,-14.77501152271472
estimated-subspace-empirical,14,205,5.15,0.195,0.205,0.20613787888565857,0.20613503926942456,0.011135039269424551,0.20970940918686914,0.0035743699174445864,0.20404875201291003,0.20637888404732968,0.00024100516167110952,0.08005245133556517,0.08006162245054413,0.04607035698787191,2.2789707865724048e-06,0.4236182225680342,0.5200681446833277,0.9968381408072673,0.8401336252171914,0.9793862121114342,0.0032952761006353653,0.0036216354750610545,0.0066216354750610554,-1.924620685152778e-11,-1.924620685152778e-11,True,2.519573583257866,0.43937339876315906,0.003,2069.8919665999438,2.5022296277959446e-17,8.15889989190183,5.500565731217466,6,0,0,80,0.1,0.5,80,10,18.210296282104473,0.08501211885402846,8.170871001220554,15.345801052266218,-8.178641202705231,16.115572270508306,-17.521341250910382,-0.29454661889807854,-9.738242402782488,-15.517468272489184,9.535805187489656,-14.77524298685219
estimated-subspace-empirical,14,206,5.175000000000001,0.195,0.205,0.20613503926942447,0.20613210273501217,0.011132102735012167,0.20968852089993914,0.0035564181649269666,0.2040363120038409,0.20635204288057035,0.0002170036111458773,0.08002587830746999,0.08003496360618238,0.04605471786999301,2.7385980565677074e-06,0.4235973058905476,0.5200671391439166,0.9968376870272933,0.8400708207684697,0.9793864960730575,0.0032839847583097047,0.003603747417644266,0.006603747417644269,-1.9101820290382905e-11,-1.9101820290382905e-11,True,2.518037486936853,0.4388694697836273,0.003,2070.3336649161515,1.5521898148890684e-17,8.160145370543214,5.498241818371081,6,0,0,80,0.1,0.5,80,10,18.21003924517067,0.0849473978469883,8.173131103077695,15.350198614369917,-8.17861181604003,16.115172695796286,-17.520411323078026,-0.2943940583080202,-9.738807484262054,-15.519279307460675,9.53559433391132,-14.775503058529809
estimated-subspace-empirical,14,207,5.2,0.195,0.205,0.20613210273501206,0.20612909901230564,0.011129099012305632,0.20966952780037057,0.003540428788064931,0.20402458722591385,0.20632730767393048,0.0001952049389184196,0.08000155181435699,0.08001055848257035,0.04603892468178131,3.048374297868647e-06,0.42357693525100815,0.5200658583237978,0.9968372790345452,0.8400118403136718,0.9793867897264988,0.0032735012721485644,0.003587296719705207,0.0065872967197052115,-1.8859794524439685e-11,-1.8969832553122703e-11,True,2.5165043722590155,0.43832437091583387,0.003,2072.2028469371244,1.3877787807814457e-17,8.16281546683523,5.496081955567116,6,0,0,80,0.1,0.5,80,10,18.20978969289726,0.08491272944424612,8.175208459535922,15.354180002971182,-8.178563707279247,16.114808439670146,-17.51962229780391,-0.29426164025303836,-9.739302358537648,-15.520974137721868,9.535388721238816,-14.775786873027581
estimated-subspace-empirical,14,208,5.2250000000000005,0.195,0.205,0.20612909901230572,0.20612604411854235,0.011126044118542344,0.20965248293141375,0.003526438812871402,0.20401370999533242,0.20630495363080292,0.00017585461849720097,0.07997970216149508,0.07998863906069605,0.046023379309409675,3.2222831568155194e-06,0.42355745564753183,0.5200642907663667,0.9968369223718497,0.839957395086068,0.9793870900987695,0.0032632874513468355,0.0035717434656148232,0.006571743465614825,-1.8602629325958816e-11,-1.915526905893639e-11,True,2.515037244696196,0.4377769141276516,0.003,2074.8518513307636,2.0888836804026048e-17,8.166212301691864,5.494097611799339,6,0,0,80,0.1,0.5,80,10,18.209552895510058,0.08490805256566496,8.177087259377224,15.357717089397548,-8.178500228247687,16.114486441007465,-17.518970545829372,-0.29414571806038275,-9.739729472669989,-15.522554301135203,9.53519321787834,-14.776091563375786
estimated-subspace-empirical,14,209,5.25,0.195,0.205,0.20612604411854238,0.206122945612543,0.011122945612542984,0.20963732773421578,0.0035143821216727933,0.2040037234668424,0.2062850474431118,0.0001590033245694178,0.07996030574661195,0.07996918250184767,0.0460083646368747,3.2793660889993694e-06,0.4235390912850327,0.5200624256138452,0.9968366161333471,0.839907721357602,0.9793873955881458,0.003253029779112423,0.003556740007834679,0.006556740007834678,-1.9055108199784966e-11,-1.9055108199784966e-11,True,2.5136728495963645,0.4372521913956142,0.003,2077.8235027119676,1.963094669071206e-17,8.16984938256314,5.492286995136581,6,0,0,80,0.1,0.5,80,10,18.209331648836656,0.0849306510246949,8.178766473165467,15.360811739505646,-8.17842442378006,16.114207431713904,-17.518450672926093,-0.29404430033601775,-9.74009290061951,-15.524024517541173,9.535011765182457,-14.776415798652975
estimated-subspace-empirical,14,210,5.275,0.195,0.205,0.206122945612543,0.20611980630087495,0.011119806300874946,0.209623935795325,0.003504129494450059,0.2039946109839246,0.2062675159779574,0.0001445703654144037,0.07994319261343966,0.07995201896217143,0.04599406984910167,3.2404002988966292e-06,0.42352197046825285,0.520060256997721,0.9968363555584032,0.8398627388246798,0.9793877054387456,0.0032425724649323942,0.0035420729245374295,0.006542072924537431,-1.8890570483240673e-11,-1.90340965601201e-11,True,2.512428600136946,0.43676482338233263,0.003,2080.8144398295335,1.3884562417838567e-17,8.173407662652266,5.490640166031347,6,0,0,80,0.1,0.5,80,10,18.209126942652485,0.08497637144239084,8.180254445550943,15.363484803685736,-8.178338960244506,16.11396808583569,-17.518056161312696,-0.29395635658087244,-9.740397671339087,-15.52539146759567,9.534847485571193,-14.77675930722485
estimated-subspace-empirical,14,211,5.300000000000001,0.195,0.205,0.2061198063008749,0.2061166267477757,0.011116626747775693,0.2096121451697515,0.0034955184219757907,0.20398631902675882,0.2062522004769401,0.0001323941760651981,0.07992812129516912,0.07993690665381721,0.04598061169276533,3.12568180540538e-06,0.4235061486239341,0.5200577856752067,0.9968361339408811,0.8398221731155617,0.9793880193699125,0.003231863080521368,0.003527618461809859,0.006527618461809863,-1.880418258553395e-11,-1.880418258553395e-11,True,2.5113086153230277,0.43632186578422527,0.003,2083.639138113464,3.4697179919096507e-17,8.176695081005649,5.489142781461018,6,0,0,80,0.1,0.5,80,10,18.208938555281936,0.08504051465220558,8.181564844822534,15.365767828732737,-8.178246118413481,16.11376272546939,-17.51777991580328,-0.29388130630217113,-9.740649238843726,-15.526662850398997,9.534702786360754,-14.777122457183877
estimated-subspace-empirical,14,212,5.325,0.195,0.205,0.20611662674777567,0.20611340688081642,0.011113406880816412,0.2096017808823891,0.003488374001572675,0.20397877424009647,0.2062388969955262,0.0001222702477505222,0.07991482785949049,0.07992358106061677,0.0459680519984039,2.9537030777187704e-06,0.42349162817984787,0.5200550190017721,0.9968359439581742,0.8397856457769355,0.9793883373252225,0.0032209117225613774,0.003513309608313537,0.006513309608313538,-1.879797090724428e-11,-1.9122651614741968e-11,True,2.510308878087791,0.43592524397984095,0.003,2086.1974566454633,6.992893892674703e-18,8.179611114712992,5.487778683157704,6,0,0,80,0.1,0.5,80,10,18.208765532359045,0.08511843214402644,8.182713802563466,15.36769717893281,-8.178147822707562,16.113584583580952,-17.517614688543237,-0.2938186790064458,-9.74085309164314,-15.527846700339163,9.534579452285485,-14.777505925075463
estimated-subspace-empirical,14,213,5.3500000000000005,0.195,0.205,0.2061134068808164,0.2061101469185782,0.011110146918578201,0.20959266957227862,0.003482522653700415,0.2039718953585905,0.20622738480139788,0.00011397792058148726,0.07990305523955415,0.07991178439518151,0.045956411662683126,2.740501454885128e-06,0.42347837480064526,0.5200519700284002,0.9968357785281774,0.8397527366344959,0.9793886593119183,0.0032097616556797815,0.0034991132021166952,0.006499113202116697,-1.8868936019789952e-11,-1.88870659878075e-11,True,2.5094234200127796,0.43557366614152715,0.003,2088.4475302204755,1.3904866443919908e-17,8.182117559370294,5.486531572632599,6,0,0,80,0.1,0.5,80,10,18.208606538168933,0.08520588769525131,8.18371802351666,15.369310134796951,-8.178045687841996,16.113426675048824,-17.51755337575105,-0.293767915894974,-9.741014485724234,-15.528950924986331,9.534478731756224,-14.777910456484877
estimated-subspace-empirical,14,214,5.375,0.195,0.205,0.2061101469185781,0.20610684783857364,0.01110684783857363,0.20958464820937533,0.003477800370801698,0.20396560102205533,0.20621744498624292,0.00010729806766482386,0.07989256855830827,0.0799012810109697,0.04594568162665377,2.499466535566105e-06,0.42346633007342166,0.5200486562328103,0.9968356313028586,0.8397230242188015,0.9793889853081422,0.0031984705122865787,0.00348501537423639,0.006485015374236393,-1.9011179343396987e-11,-1.9011179343396987e-11,True,2.5086887207351944,0.4352640357514661,0.003,2090.3846387419853,4.336808689942018e-19,8.184215883294712,5.485386008224554,6,0,0,80,0.1,0.5,80,10,18.208460095866588,0.08529923899171866,8.184593633969456,15.370642505388417,-8.177941070337322,16.113282350273796,-17.517589201511797,-0.2937282779487322,-9.741138279651283,-15.529983017890963,9.53440141363324,-14.778336708233976
estimated-subspace-empirical,14,215,5.4,0.195,0.205,0.20610684783857355,0.20610351153832981,0.011103511538329808,0.20957756860707139,0.0034740570687415706,0.20395981448068498,0.2062088716151778,0.00010202377660425976,0.07988316111592932,0.07989186344663263,0.04593583133185476,2.241438133040234e-06,0.42345542103280903,0.5200450982121403,0.9968354968994053,0.839696109792143,0.9793893152161426,0.0031870986397828076,0.0034710123887991165,0.00647101238879912,-1.9226040363194195e-11,-1.9226040363194195e-11,True,2.508119113405817,0.4349924368856522,0.003,2092.025715452486,2.8662335771926895e-17,8.185930622726422,5.484327926161423,6,0,0,80,0.1,0.5,80,10,18.2083247379716,0.08539549562629392,8.185355557479605,15.371727329314263,-8.177835117364271,16.113145609199343,-17.51771581280252,-0.2936988274156061,-9.741228847832254,-15.530949902688253,9.534347895993054,-14.77878515644889
estimated-subspace-empirical,14,216,5.425000000000001,0.195,0.205,0.20610351153832981,0.20610014082041334,0.011100140820413329,0.2095712991169819,0.0034711582965685772,0.20395446607775045,0.2062014775369714,9.79659986415915e-05,0.07987465473219009,0.07988335280234998,0.045926815169649624,1.974962748687628e-06,0.4234455670669648,0.5200413184938439,0.9968353709554513,0.8396716298244598,0.979389648846167,0.0031757030214491994,0.003457105828703037,0.0064571058287030405,-1.8805875034807283e-11,-1.9056462404530578e-11,True,2.507624457362879,0.43475478785633326,0.003,2093.3986849106795,1.3884562417838567e-17,8.187297947354876,5.483344848278044,6,0,0,80,0.1,0.5,80,10,18.208199092717336,0.08549229567478164,8.186017244181729,15.372594310851843,-8.177728809264957,16.113011246540047,-17.517927308515137,-0.293678453356392,-9.741290050919863,-15.53185786818994,9.534318247774882,-14.77925605351124
estimated-subspace-empirical,14,217,5.45,0.195,0.205,0.20610014082041336,0.20609673926655148,0.01109673926655147,0.20956572459218203,0.003468985325630558,0.20394949423893569,0.20619509658807386,9.49557676604984e-05,0.07986689712118598,0.07987559613199735,0.0459185773964566,1.8412960803884013e-06,0.42343668475203167,0.5200373405493021,0.9968352500762068,0.8396492608219428,0.9793899859179587,0.0031643337850857426,0.0034432992748360423,0.006443299274836044,-1.9127861132454492e-11,-1.9127861132454492e-11,True,2.5071871075286087,0.4345472641425378,0.003,2094.5355233374207,1.5732516979464565e-17,8.188358186942423,5.482425895416601,6,0,0,80,0.1,0.5,80,10,18.208081923149663,0.08558784113419973,8.186590620538524,15.373269719446359,-8.177622993922704,16.112874885049212,-17.51821822962329,-0.29366592015434706,-9.74132524470006,-15.532712563011644,9.534312263698714,-14.779749418581652
estimated-subspace-empirical,14,218,5.4750000000000005,0.195,0.205,0.2060967392665515,0.2060933110720341,0.011093311072034095,0.2095607453573213,0.003467434285287202,0.20394484552514905,0.2061895835665574,9.284430000588983e-05,0.07985975803983475,0.0798684625984674,0.0459110558596912,1.7214963677201546e-06,0.4234286911321012,0.5200331880054733,0.996835131723723,0.8396287194582763,0.9793903260733449,0.0031530333055073824,0.0034295969839124602,0.00642959698391246,-1.8804543522804233e-11,-1.8832760414892775e-11,True,2.506798110091145,0.4343665911513562,0.003,2095.4681294237676,2.8613079272610746e-17,8.189151359292403,5.481561692470576,6,0,0,80,0.1,0.5,80,10,18.207972138548207,0.08568081299404144,8.18708616413757,15.373776555816493,-8.17751841336648,16.112732941091444,-17.5185835249575,-0.29365992320320566,-9.74133731264582,-15.533519026314462,9.534329513416656,-14.780265049471723
estimated-subspace-empirical,14,219,5.5,0.195,0.205,0.20609331107203407,0.20608986086569914,0.01108986086569913,0.20955627570274055,0.0034664148370414094,0.20394047414810082,0.20618481292195245,9.150184991837951e-05,0.07985312528745948,0.07986183947320545,0.04590418483162853,1.6024168944305693e-06,0.42342150585160004,0.5200288840562012,0.9968350140829528,0.8396097600734875,0.9793906688927966,0.0031418360790136275,0.0034160030668988137,0.006416003066898813,-1.9212589086708315e-11,-1.9212589086708315e-11,True,2.506450742608615,0.4342103194894918,0.003,2096.2260734866327,1.5521898148890684e-17,8.189714717986682,5.480744220685138,6,0,0,80,0.1,0.5,80,10,18.207868788336295,0.0857702834205193,8.187513039822072,15.374134852894244,-8.177415723568593,16.112582553406106,-17.51901850713485,-0.293659142276681,-9.741328712598825,-15.534281736702253,9.534369385030352,-14.780802546556199
estimated-subspace-empirical,14,220,5.525,0.195,0.205,0.20608986086569905,0.20608639354660702,0.01108639354660701,0.20955224220546834,0.00346584865886132,0.20393634121734053,0.20618067682323044,9.081595753138161e-05,0.07984690114652257,0.07985562857308633,0.04589789718176735,1.4859459291328223e-06,0.4234150524748048,0.5200244510340221,0.9968348959259747,0.8395921709219725,0.9793910139134301,0.0031307696081189483,0.0034025213775550787,0.006402521377555083,-1.8959261721649403e-11,-1.8959261721649403e-11,True,2.506140209740104,0.4340772287277846,0.003,2096.8355649826103,1.3904866443919908e-17,8.190081613563837,5.479966651809733,6,0,0,80,0.1,0.5,80,10,18.207771048342515,0.0858556317426827,8.187879257669627,15.374362026897494,-8.177315508529139,16.112421495419575,-17.519518808017033,-0.29366228760744234,-9.741301527495745,-15.535004669454423,9.53443112362595,-14.7813613423009
estimated-subspace-empirical,14,221,5.550000000000001,0.195,0.205,0.20608639354660704,0.20608291413857344,0.01108291413857343,0.20954858208317326,0.0034656679445998206,0.20393241388887043,0.2061770830062299,9.068945962284469e-05,0.07984099945657801,0.07984974332864156,0.04589212602396876,1.3735149637467153e-06,0.42340925922509787,0.5200199101231389,0.9968347764868211,0.8395757700020325,0.9793913606453393,0.003119855194078473,0.003389155265479133,0.006389155265479132,-1.8742450352626175e-11,-1.8742450352626175e-11,True,2.5058641217779285,0.43396802954133284,0.003,2097.3191887054086,3.1034707204833584e-17,8.190281177600294,5.479223184640192,6,0,0,80,0.1,0.5,80,10,18.207678203540137,0.08593647218420147,8.188191829638251,15.374473229239833,-8.17721829015988,16.112248084648648,-17.520080337026144,-0.29366813580953155,-9.741257516822824,-15.535691354303411,9.534513864813512,-14.781940731976333
estimated-subspace-empirical,14,222,5.575,0.195,0.205,0.20608291413857346,0.2060794276681669,0.011079427668166886,0.2095452416777143,0.003465814009547402,0.203928664520907,0.2061739526610356,9.103852246214461e-05,0.07983534335462542,0.07984410651806016,0.04588680595034879,1.266176570607434e-06,0.4234040593378136,0.5200152811786393,0.9968346553525287,0.8395604009820014,0.9793917085861427,0.003109108847305033,0.003375907530128241,0.00637590753012824,-1.9238640048516446e-11,-1.9238640048516446e-11,True,2.50562312338943,0.43388610270837114,0.003,2097.696052522473,1.3904866443919908e-17,8.190338466720242,5.478508894532125,6,0,0,80,0.1,0.5,80,10,18.20758963026922,0.08601259385503074,8.18845691304861,15.374481672525457,-8.177124535147259,16.112061096218596,-17.520699245141124,-0.29367555613172136,-9.741198165321228,-15.536344930230733,9.53461666372495,-14.782539903136069
estimated-subspace-empirical,14,223,5.6000000000000005,0.195,0.205,0.2060794276681669,0.20607593906864513,0.011075939068645124,0.20954217509745307,0.0034662360288079397,0.2039250698917636,0.2061712184864711,9.179081830421043e-05,0.07982986361824593,0.07983864860396629,0.045881873945211794,1.164673192823444e-06,0.42339939115454955,0.5200105826279096,0.9968345323725365,0.839545929474328,0.9793920572331833,0.00309854224318536,0.0033627805543864444,0.0063627805543864475,-1.9063099418414035e-11,-1.9063099418414035e-11,True,2.505419033573729,0.433835705447404,0.003,2097.9821399562766,1.5521898148890684e-17,8.190274824822552,5.477819600105407,6,0,0,80,0.1,0.5,80,10,18.207504781535164,0.08608391055719737,8.188679936275486,15.374398918656667,-8.177034659681354,16.111859684899454,-17.52137189542978,-0.29368352685998667,-9.741124727712114,-15.536968194434989,9.534738519729636,-14.78315796252395
estimated-subspace-empirical,14,224,5.625,0.195,0.205,0.2060759390686451,0.206072453107298,0.011072453107297986,0.209539343053042,0.0034668899457440117,0.2039216104995809,0.2061688229524783,9.288388383318913e-05,0.07982449751376974,0.07983330657570994,0.04587727005546412,1.069496131886672e-06,0.42339519804067016,0.5200058314328334,0.9968344075855694,0.839532239738428,0.9793924060931355,0.003088163561368835,0.0033497762387382163,0.006349776238738218,-1.8911933553756637e-11,-1.8911933553756637e-11,True,2.5052475802365515,0.4338147430103717,0.003,2098.190737679156,6.938893903907228e-18,8.190108351713755,5.477151748528668,6,0,0,80,0.1,0.5,80,10,18.2074231727601,0.0861504240257615,8.188865705415838,15.374235126971538,-8.176949033014107,16.111643316656533,-17.522094838993663,-0.2936911442359792,-9.741038267368287,-15.537563646329557,9.534878397233637,-14.783793959398096
estimated-subspace-empirical,14,225,5.65,0.195,0.205,0.2060724531072981,0.20606897433197938,0.01106897433197937,0.20953671185959655,0.0034677375276171707,0.20391826996225984,0.20616671681265156,9.426370535345341e-05,0.07981918796925448,0.07982802311714417,0.045872937826346646,1.1186813209937261e-06,0.4233914282036207,0.5200010431031619,0.9968342811618778,0.8395192318708835,0.9793927546892702,0.003077978162266462,0.0033368960038246526,0.006336896003824656,-1.8778835712062754e-11,-1.925146482131227e-11,True,2.505096289740915,0.4338126867234264,0.003,2098.332862217174,2.5022296277959446e-17,8.189854356916745,5.476502317836869,6,0,0,80,0.1,0.5,80,10,18.207344370849192,0.08621219528106584,8.189018493674716,15.37399926309372,-8.176867980127472,16.111411710111607,-17.522864796700784,-0.29369762499983737,-9.740939689437118,-15.538133525673677,9.535035243039765,-14.78444690567393
estimated-subspace-empirical,14,226,5.675000000000001,0.195,0.205,0.20606897433197932,0.20606550703241114,0.011065507032411132,0.20953425259537645,0.0034687455629653086,0.20391503450468,0.20616485783480257,9.588350282324631e-05,0.07981388300093388,0.0798227460284764,0.045868824569403346,1.211055229880848e-06,0.42338803444451845,0.5199962317403459,0.9968341533595089,0.8395068194175968,0.9793931025668021,0.0030679891023509165,0.003324140844241231,0.006324140844241234,-1.8659849689658656e-11,-1.9255059474398344e-11,True,2.504952977376586,0.4338190868343459,0.003,2098.4176481791255,1.5540063044689707e-17,8.189525795756358,5.475868734844357,6,0,0,80,0.1,0.5,80,10,18.20726798504419,0.08626932382015935,8.18914211554501,15.373699274109534,-8.176791784118835,16.11116478716906,-17.523678644501008,-0.2937023040517274,-9.740829770029132,-15.538679844730536,9.535208000513244,-14.78511579260807
estimated-subspace-empirical,14,227,5.7,0.195,0.205,0.2060655070324111,0.2060620552215436,0.011062055221543604,0.2095319403771972,0.0034698851556535792,0.20391189252755762,0.20616320973088098,9.770269846987034e-05,0.07980853532998872,0.07981742783907103,0.04586488151211404,1.2972878394646409e-06,0.4233849738780539,0.5199914101010942,0.9968340244911025,0.8394949273750791,0.9793934492967589,0.0030581978713775577,0.0033115115640274697,0.006311511564027471,-1.9240326364616116e-11,-1.9240326364616116e-11,True,2.504809954840895,0.43382779843611985,0.003,2098.452688301406,6.938893903907228e-18,8.189133639802073,5.475248806153463,6,0,0,80,0.1,0.5,80,10,18.20719366175853,0.08632193014327609,8.189239987951238,15.373342233456002,-8.176720688407976,16.11090263174346,-17.524533402567037,-0.2937046289788729,-9.740709179765005,-15.539204416719036,9.535395621028492,-14.785799604546462
estimated-subspace-empirical,14,228,5.7250000000000005,0.195,0.205,0.2060620552215436,0.2060586226204022,0.011058622620402192,0.20952975378189595,0.0034711311614937512,0.20390883424312634,0.20616174124498143,9.968602343782274e-05,0.07980310209916215,0.07981202552071598,0.04586106383885095,1.377673403469133e-06,0.4233822076240928,0.5199865896776009,0.9968338948993244,0.8394834904960176,0.9793937944778457,0.003048604509546282,0.003299008448937081,0.006299008448937083,-1.9146197788424608e-11,-1.9146197788424608e-11,True,2.504662814975589,0.43383577811705204,0.003,2098.4443213841214,1.3877787807814457e-17,8.188687217992443,5.474640660846183,6,0,0,80,0.1,0.5,80,10,18.207121077393854,0.08637014787644609,8.18931518127545,15.372934461550976,-8.176654898928785,16.11062545572655,-17.52542622609493,-0.293704151945916,-9.740578503459133,-15.539708879481754,9.535597073017081,-14.786497330169183
estimated-subspace-empirical,14,229,5.75,0.195,0.205,0.20605862262040217,0.206055212657095,0.011055212657094998,0.20952767433008362,0.0034724616729886193,0.203905851382735,0.20616042542103302,0.00010180280063085134,0.07979754460140247,0.07980650021341981,0.04585733062185025,1.4524992400764357e-06,0.4233797005186536,0.5199817807879397,0.9968337649388339,0.8394724519161147,0.9793941377379598,0.0030392081482857546,0.003286631681591652,0.0062866316815916555,-1.906202273977684e-11,-1.906202273977684e-11,True,2.504508874986044,0.4338415459242612,0.003,2098.397856242924,3.736960380813366e-17,8.188194469479777,5.4740427020727696,6,0,0,80,0.1,0.5,80,10,18.207049935815583,0.08641411401661239,8.189370461489725,15.372481625990579,-8.176594586307026,16.11033357077961,-17.52635439875379,-0.29370052079280473,-9.740438256597882,-15.540194716042864,9.535811349098102,-14.787207971390899
estimated-subspace-empirical,14,230,5.775,0.195,0.205,0.206055212657095,0.20605182846800316,0.01105182846800315,0.20952568607872313,0.0034738576107199715,0.20390293694300263,0.20615923895812682,0.00010402630103181765,0.0797918281021369,0.07980081704525803,0.045853644732792874,1.5220403946174519e-06,0.42337742081011265,0.5199769926639409,0.996833634964307,0.8394617619615086,0.9793944787342905,0.003030007104714458,0.003274380990632396,0.006274380990632396,-1.898614096856123e-11,-1.898614096856123e-11,True,2.5043463479490162,0.43384436554155936,0.003,2098.317771429902,1.393864076242399e-17,8.187662180919153,5.473453566711883,6,0,0,80,0.1,0.5,80,10,18.206979963936742,0.08645396700401899,8.189408325699544,15.371988825109057,-8.17653988819701,16.110027365329188,-17.52731532667904,-0.2936934689626752,-9.740288898003561,-15.540663272445725,9.536037471420608,-14.787930550360873
estimated-subspace-empirical,14,231,5.800000000000001,0.195,0.205,0.2060518284680031,0.20604847290496942,0.011048472904969409,0.2095237752516887,0.003475302346719278,0.2039000849859894,0.2061581617004978,0.00010633323249470417,0.07978592159060989,0.07979494488168301,0.04584997265687428,1.5865584563568461e-06,0.423375339884999,0.5199722335456327,0.9968335053213561,0.8394513771839519,0.9793948171531996,0.003020999133277589,0.0032622560111514537,0.006262256011151455,-1.8917509835254433e-11,-1.8917509835254433e-11,True,2.504173945201719,0.433843864362467,0.003,2098.2078535196338,0.0,8.187096154435071,5.472872090994775,6,0,0,80,0.1,0.5,80,10,18.206910910848062,0.08648984129440816,8.189431032470573,15.371460658084533,-8.176490911443695,16.109707285479764,-17.52830653409951,-0.29368280577509837,-9.740130841373512,-15.541115772529391,9.536274495679987,-14.788664114967009
estimated-subspace-empirical,14,232,5.825,0.195,0.205,0.2060484729049694,0.206045148546373,0.011045148546373007,0.2095219299467126,0.003476781400339579,0.20389729046186988,0.206157176178431,0.00010870327346160225,0.07977979761673977,0.0797888561606363,0.045846284334832815,1.6546794320174706e-06,0.423373431992143,0.5199675107638867,0.9968333763412885,0.8394412595070009,0.9793951527095031,0.003012181602205175,0.0032502560560852697,0.006250256056085271,-1.8856256909868715e-11,-1.8856256909868715e-11,True,2.503990692741274,0.4338398569013526,0.003,2098.0713283542987,2.082119873069895e-17,8.186501371688667,5.472297281714028,6,0,0,80,0.1,0.5,80,10,18.2068425450524,0.08652186767335962,8.189440627517993,15.370901284254623,-8.17644773444205,16.109373819553372,-17.529325658770265,-0.29366840686460544,-9.73996446297213,-15.541553331804423,9.536521513935085,-14.789407742979117
estimated-subspace-empirical,14,233,5.8500000000000005,0.195,0.205,0.206045148546373,0.20604185771368008,0.011041857713680076,0.20952013987392826,0.003478282160248175,0.20389454907112634,0.20615626724587616,0.00011111869950314324,0.07977343203989294,0.07978252663984106,0.04584255292715189,1.718419084584226e-06,0.4233716739950044,0.5199628308282601,0.9968332483369781,0.839431375531845,0.9793954851453627,0.0030035517485796958,0.0032383805241579396,0.006238380524157943,-1.880407525499478e-11,-1.880407525499478e-11,True,2.503795829583475,0.43383225953373106,0.003,2097.9109720295123,1.5570290778067972e-17,8.185882143755114,5.471728292414975,6,0,0,80,0.1,0.5,80,10,18.20677465375916,0.08655017072751808,8.18943896530258,15.370314472626589,-8.176410409464076,16.109027485729595,-17.530370448016146,-0.29365020481107984,-9.739790109270167,-15.541976968334797,9.53677765630438,-14.790160544960898
estimated-subspace-empirical,14,234,5.875,0.195,0.205,0.20604185771368014,0.20603860247567266,0.011038602475672649,0.2095183961542162,0.0034797936785435357,0.20389185714589364,0.2061554217573425,0.00011356404366236195,0.07976680385173197,0.07977593521839903,0.04583875461978679,1.7771878330820753e-06,0.4233700451336721,0.5199581995062381,0.996833121601132,0.8394216959385257,0.979395814228632,0.0029951062326313647,0.0032266281755094603,0.006226628175509464,-1.8756541932442863e-11,-1.878288376001214e-11,True,2.5035887592947432,0.4338210461594179,0.003,2097.729164733906,4.16536872535157e-17,8.185242165769989,5.471164401966824,6,0,0,80,0.1,0.5,80,10,18.206707039904714,0.08657487247028046,8.189427728664285,15.369703645271636,-8.176378964812441,16.108668821625656,-17.531438755533088,-0.2936281808053641,-9.739608102123146,-15.542387613026214,9.537042092335383,-14.790921666620564
estimated-subspace-empirical,14,235,5.9,0.195,0.205,0.2060386024756726,0.20603538467428562,0.011035384674285609,0.20951669110570156,0.003481306431415948,0.20388921155336,0.2061546283179146,0.0001160258422419902,0.07975989492282921,0.07976906368239693,0.04583486837686597,1.831201061682558e-06,0.42336852681923104,0.5199536218896245,0.9968329964052152,0.8394121949810696,0.9793961397524328,0.0029868420141119212,0.0032149981934214036,0.006214998193421407,-1.8713040558259455e-11,-1.8814021729388805e-11,True,2.503369008550615,0.4338062250489648,0.003,2097.5279635883244,3.1140581556135944e-17,8.18458463629126,5.4706049970264425,6,0,0,80,0.1,0.5,80,10,18.206639523823696,0.08659608760097733,8.189408445531562,15.369071914254361,-8.17635340697132,16.108298376023242,-17.532528537744373,-0.2936023569508559,-9.739418743318542,-15.542786118451428,9.537314031317269,-14.791690290011712
estimated-subspace-empirical,14,236,5.925000000000001,0.195,0.205,0.20603538467428564,0.2060322059274371,0.011032205927437089,0.20951501810958198,0.0034828121821448843,0.20388660960669,0.20615387702478685,0.00011849235050120921,0.0797526898281284,0.07976189652933673,0.045830875751611995,1.880666452820648e-06,0.42336710241579206,0.519949102465716,0.9968328729994996,0.8394028500149988,0.9793964615325714,0.002978755507396111,0.0032034891381152687,0.0062034891381152705,-1.867301546691035e-11,-1.8854105699205108e-11,True,2.5031362133863575,0.433787826231144,0.003,2097.309161443578,4.336808689942018e-19,8.183912320631142,5.470049556817418,6,0,0,80,0.1,0.5,80,10,18.2065719398614,0.08661392842957358,8.18938250357333,15.36842211329577,-8.17633372270073,16.107916702123365,-17.53363785079796,-0.2935727893941815,-9.739222318471379,-15.543173266345251,9.537592722373956,-14.79246563445409
estimated-subspace-empirical,14,237,5.95,0.195,0.205,0.20603220592743707,0.20602906765522297,0.011029067655222963,0.20951337145313886,0.003484303797915894,0.20388404900089582,0.20615315929857056,0.00012095337113349203,0.07974517561727895,0.07975442073781404,0.045826760657619564,1.9257860484643706e-06,0.42336575707367713,0.5199446451689312,0.9968327516125862,0.8393936411446606,0.9793967794072563,0.002970843521800998,0.003192099931188269,0.006192099931188273,-1.8635957911639897e-11,-1.8895350065479157e-11,True,2.502890096698553,0.43376589353506106,0.003,2097.074321641793,4.336808689942018e-19,8.183227620708806,5.469497640299671,6,0,0,80,0.1,0.5,80,10,18.206504137326245,0.08662850208264618,8.189351163393392,15.367756825827579,-8.176319881027663,16.10752435230168,-17.534764846722275,-0.2935395619068095,-9.739019099140933,-15.543549774723129,9.537877454025256,-14.793246956771974
estimated-subspace-empirical,14,238,5.9750000000000005,0.195,0.205,0.20602906765522294,0.20602597108621426,0.011025971086214253,0.2095117462248125,0.0034857751385982405,0.20388152775190796,0.2061524676948226,0.00012340003959965262,0.07973734161042546,0.0797466255625331,0.045822509170130074,1.966754770406874e-06,0.4233644775483189,0.5199402534454384,0.9968326324526683,0.8393845508722122,0.9793970932344777,0.002963102541716677,0.003180829030630846,0.00618082903063085,-1.8603192657960106e-11,-1.893771864248632e-11,True,2.502630460792451,0.43374048043284313,0.003,2096.8248169584767,1.5540063044689707e-17,8.182532610270865,5.46894887474761,6,0,0,80,0.1,0.5,80,10,18.206435978560243,0.08663991352739758,8.189315570074385,15.36707840899527,-8.176311835006086,16.10712187373484,-17.535907770707947,-0.29350278067967756,-9.73880934522414,-15.543916304151777,9.53816755316675,-14.794033551401679
estimated-subspace-empirical,14,239,6.0,0.195,0.205,0.20602597108621423,0.20602291727431474,0.01102291727431473,0.20951013820021172,0.0034872209258969833,0.20387904414910765,0.20615179577487736,0.00012582468866312313,0.07972917918090149,0.07973850231648069,0.04581810931553639,2.0037619591432794e-06,0.4233632520551111,0.5199359302946046,0.9968325157081046,0.8393755638212415,0.9793974028913786,0.0029555291695206698,0.0031696751811465525,0.006169675181146554,-1.857449921827766e-11,-1.898023625561358e-11,True,2.5023571732710166,0.43371164669161266,0.003,2096.5618537340865,2.5022296277959446e-17,8.181829095922959,5.468402946334598,6,0,0,80,0.1,0.5,80,10,18.206367338845713,0.08664826448232205,8.189276763501582,15.366389015318202,-8.176309523538576,16.10670980508769,-17.537064957634154,-0.2934625694895689,-9.738593306668161,-15.54427346295701,9.538462385485365,-14.794824749409408
