method,step,time_s,lambda_req,lambda_des,lambda2_pre,lambda2_post,connectivity_safety_margin,lambda3_post,fiedler_gap_post,exact_global_matrix_margin,minimum_local_matrix_margin,minimum_inner_local_matrix_margin,master_residual_eta_q,allocation_inner_iterations,control_correction,task_error,active_edge_count,edge_appearances,edge_disappearances,cumulative_edge_appearances,cumulative_edge_disappearances,consensus_step,consensus_contraction,resource_zero_sum_error,p1_x_m,p1_y_m,p2_x_m,p2_y_m,p3_x_m,p3_y_m,p4_x_m,p4_y_m,p5_x_m,p5_y_m,p6_x_m,p6_y_m
nominal,0,0.025,0.195,0.205,0.9528077435349479,0.8762984178447412,0.6812984178447412,0.8836978796439652,0.007399461799224016,-0.9152771474084374,,,,,0.0,18.896012857183294,15,0,0,0,0,0.1,0.9123701582155259,,12.306257325,0.12607812499999999,6.0172722125,10.6527074375,-6.1439318625,10.8792142875,-12.35893805,-0.0768666125,-6.2839585375,-10.408779825,6.1673634625,-10.5778495625
nominal,1,0.05,0.195,0.205,0.8762984178447408,0.8023148238030651,0.607314823803065,0.8085050663844858,0.006190242581420757,-1.0553312858320494,,,,,0.0,18.18741237503892,15,0,0,0,0,0.1,0.9197685176196935,,12.593744837812501,0.16060215781249998,6.16662450453125,10.90274995859375,-6.25402729265625,11.13949862671875,-12.645021010625001,-0.10015873953125,-6.44574952984375,-10.6544866565625,6.32236587015625,-10.824055678906252
nominal,2,0.07500000000000001,0.195,0.205,0.8023148238030651,0.7314332346564388,0.5364332346564389,0.7391239773425847,0.0076907426861458905,-1.132147320862716,,,,,0.0,17.50538441097496,15,0,0,0,0,0.1,0.9268566765343561,,12.870451568894532,0.19383153939453124,6.3103760856113285,11.143415885146485,-6.35999414418164,11.390022303216796,-12.920375860226564,-0.12257741179882813,-6.60147335997461,-10.890979481941407,6.47155568752539,-11.061029065947267
nominal,3,0.1,0.195,0.205,0.7314332346564385,0.6650644713280865,0.47006447132808654,0.6757307497285664,0.010666278400479845,-1.154213314060101,,,,,0.0,16.8489324955634,15,0,0,0,0,0.1,0.9334935528671914,,13.136781797560987,0.2258148191672363,6.448736982400904,11.375056839453492,-6.461987238774829,11.631151341846167,-13.185404902968067,-0.14415538385637208,-6.751357546475562,-11.118603826368604,6.615150886743188,-11.289115950974244
nominal,4,0.125,0.195,0.205,0.6650644713280864,0.6042891467945342,0.40928914679453415,0.6182035006577357,0.0139143538632015,-1.1321018429138967,,,,,0.0,16.21709752697977,15,0,0,0,0,0.1,0.9395710853205466,,13.39312464265245,0.25659872594846495,6.58190934556087,11.598011257973987,-6.560155592320773,11.863238041526936,-13.440495356606764,-0.16492418196175812,-6.895621075982729,-11.337692257879782,6.753361265990319,-11.50864957781271
nominal,5,0.15000000000000002,0.195,0.205,0.604289146794534,0.5495439314592667,0.3545439314592667,0.5664958567610774,0.016951925301810666,-1.0767785989049057,,,,,0.0,15.60895636971803,15,0,0,0,0,0.1,0.9450456068540734,,13.639854631052984,0.2862282362253975,6.710087745102338,11.812604885799962,-6.654642632608744,12.086621489969675,-13.68601991823401,-0.18491415013819218,-7.034474723133377,-11.54856487320929,6.886388756015681,-11.719950693644734
nominal,6,0.17500000000000002,0.195,0.205,0.5495439314592666,0.5008830172185803,0.3058830172185803,0.5204614890137013,0.019578471795120955,-0.9986306812071728,,,,,0.0,15.023620505853605,15,0,0,0,0,0.1,0.9499116982781419,,13.877332244888496,0.31474663986694507,6.833459454661,12.019151252582462,-6.7455864088859165,12.301628059095812,-13.922337308800234,-0.20415449450801,-7.168121358515875,-11.751529765463943,7.014427715165093,-11.923328017633056
nominal,7,0.2,0.195,0.205,0.5008830172185805,0.45811121872107474,0.26311121872107474,0.47981546831093563,0.02170424958986089,-0.9069510867341364,,,,,0.0,14.460234736884095,15,0,0,0,0,0.1,0.9541888781278925,,14.105904448205177,0.3421956033719346,6.952204725111212,12.21795213061062,-6.833119793552695,12.50857188187972,-14.149792797220226,-0.2226733259639596,-7.2967562450715295,-11.946883474259044,7.137665213346402,-12.119078691971817
nominal,8,0.225,0.195,0.205,0.458111218721075,0.42085721516038754,0.22585721516038754,0.4441534630899904,0.02329624792960283,-0.8097103226330735,,,,,0.0,13.917975934250942,15,0,0,0,0,0.1,0.9579142784839613,,14.325905193897484,0.3686152307454871,7.066497047919541,12.409297975712722,-6.9173706762944684,12.70775531130923,-14.368718704824467,-0.2404977012403111,-7.420567323381348,-12.13491141897433,7.256281305345912,-12.307488716022874
nominal,9,0.25,0.195,0.205,0.4208572151603879,0.3886267395378207,0.19362673953782067,0.41298317637829657,0.024356436840475892,-0.7135050236066525,,,,,0.0,13.396051836716532,15,0,0,0,0,0.1,0.9611373260462179,,14.537655911626327,0.3940441220925313,7.176503408622558,12.593468351623494,-6.998462150933426,12.899469362135134,-14.579434890893548,-0.25765366244379945,-7.539735486254547,-12.315888315762793,7.37044929389544,-12.488833364172017
nominal,10,0.275,0.195,0.205,0.38862673953782056,0.3608453752926183,0.16584537529261828,0.3857555481961887,0.024910172903570393,-0.6236114944306828,,,,,0.0,12.893699892839662,15,0,0,0,0,0.1,0.9639154624707382,,14.74146597744034,0.4185194300140614,7.282384530799212,12.770732338437613,-7.076512695273422,13.083994136055066,-14.78224921998504,-0.27416627510215696,-7.6544348430200015,-12.490078578921688,7.480335982874362,-12.663377588015566
nominal,11,0.30000000000000004,0.195,0.205,0.3608453752926185,0.33689355080000594,0.14189355080000593,0.36189217976093907,0.024998628960933134,-0.5440971985561527,,,,,0.0,12.410186146858173,15,0,0,0,0,0.1,0.9663106449199994,,14.937633165786327,0.4420769138885341,7.384295110894242,12.941348925746203,-7.151636344200669,13.261599230953001,-14.977458011735601,-0.29005966478582607,-7.764832973906752,-12.657736707212125,7.586101921016573,-12.831376403464983
nominal,12,0.325,0.195,0.205,0.33689355080000616,0.3161514375789469,0.12115143757894692,0.34085303072435474,0.02470159314540782,-0.47795996474535274,,,,,0.0,11.944804166350995,12,0,3,0,3,0.1,0.9683848562421054,,15.12644408456934,0.4647509921177141,7.482384044235708,13.10556739103072,-7.223942856293144,13.432544134792263,-15.165346473795516,-0.3053570523563576,-7.871091174885248,-12.81910765569167,7.687901636478452,-12.993075263335045
nominal,13,0.35000000000000003,0.195,0.205,0.3161514375789469,0.2981973125372323,0.1031973125372323,0.3223608767682195,0.0241635642309872,-0.424562252994406,,,,,0.0,11.49687401011283,12,0,0,0,3,0.1,0.9701802687462767,,15.30817459389799,0.4865747924132998,7.5767946425768695,13.263627663867068,-7.293537874182151,13.597078604737552,-15.346189118528184,-0.32008078789299416,-7.973364693327052,-12.974427193603233,7.78588386261051,-13.14871041595998
nominal,14,0.375,0.195,0.205,0.29819731253723236,0.28278671780817827,0.08778671780817826,0.3062275519938568,0.02344083418567855,-0.37394678133032666,,,,,0.0,11.0657412347336,12,0,0,0,3,0.1,0.9717213282191822,,15.483090209126814,0.507580200197801,7.667664843480237,13.415760676472052,-7.360523078900321,13.755443032059894,-15.520250164083377,-0.33425238334700685,-8.071802954827287,-13.123922248843112,7.880191755262616,-13.298509250361482
nominal,15,0.4,0.195,0.205,0.28278671780817816,0.26967588780813023,0.07467588780813023,0.29225391454794947,0.022578026739819235,-0.32510036484285554,,,,,0.0,10.65077593843109,12,0,0,0,3,0.1,0.9730324112191869,,15.65144648878456,0.5277979051903835,7.755127411849728,13.56218870110435,-7.4249963384415585,13.907868793357649,-15.68778392043025,-0.3478925439714941,-8.166549781521264,-13.267811239511495,7.970963101940268,-13.442690628472926
nominal,16,0.42500000000000004,0.195,0.205,0.26967588780813,0.258617554554846,0.06361755455484597,0.28023562240488553,0.021618067850039557,-0.27903594358870776,,,,,0.0,10.251371840739925,12,0,0,0,3,0.1,0.9741382445445154,,15.813489407955139,0.5472574462457441,7.8393101339053635,13.703125674812938,-7.48705185075,14.054578588606736,-15.849035160914116,-0.3610211985725631,-8.257743602214216,-13.406304393029814,8.058330523117508,-13.581465204905191
nominal,17,0.45,0.195,0.205,0.2586175545548459,0.2493674047119945,0.0543674047119945,0.2699686952021487,0.020601290490154217,-0.23648824616493994,,,,,0.0,9.866945396712177,12,0,0,0,3,0.1,0.9750632595288006,,15.969455717656821,0.5659872545115288,7.920336003883913,13.838777512007454,-7.546780281346876,14.195786766533983,-16.004239479879836,-0.373657528626092,-8.345517654631182,-13.539604053291196,8.142421666000601,-13.715035734721246
nominal,18,0.47500000000000003,0.195,0.205,0.24936740471199448,0.2416890117468203,0.0466890117468203,0.26125383336292457,0.01956482161610426,-0.19795878578938486,,,,,0.0,9.496934944335472,12,0,0,0,3,0.1,0.9758310988253179,,16.11957329074469,0.5840146949673465,7.998323403738266,13.969342405307174,-7.604268895796368,14.331699637788958,-16.15362363688434,-0.38581999630261354,-8.430000180082512,-13.667904976292776,8.223359391025578,-13.8435973696692
nominal,19,0.5,0.195,0.205,0.2416890117468202,0.23535746896134754,0.04035746896134754,0.25389967112637807,0.018542202165030525,-0.16375894429280077,,,,,0.0,9.140799883922892,12,0,0,0,3,0.1,0.9764642531038652,,16.264061454841762,0.601366106406071,8.07338627609808,14.095011115108155,-7.659601687204004,14.462515776371871,-16.297405888001176,-0.3975263714412655,-8.511314610829418,-13.791394614681797,8.30126195136212,-13.967337943306605
nominal,20,0.525,0.195,0.205,0.23535746896134752,0.23016193427863657,0.035161934278636564,0.2477251310001269,0.017563196721490343,-0.13405247278829596,,,,,0.0,8.798019888275785,12,0,0,0,3,0.1,0.9769838065721363,,16.403131312785195,0.6180668399158433,8.145634290744402,14.2159672482916,-7.712859498933854,14.588426309757926,-16.43579630470113,-0.4087937575122181,-8.589579750423315,-13.91025339163123,8.37624316568604,-14.086438245432607
nominal,21,0.55,0.195,0.205,0.23016193427863657,0.22590727794308935,0.03090727794308934,0.24256103313086202,0.01665375518777268,-0.10889448069586374,,,,,0.0,8.468094142465445,12,0,0,0,3,0.1,0.9774092722056911,,16.53698605105575,0.6341412959189991,8.215173004841487,14.332387526480664,-7.764120142723835,14.709615198142004,-16.56899708077484,-0.4196386166055099,-8.66490994728244,-14.024654964445059,8.448412584472813,-14.201072286228884
nominal,22,0.5750000000000001,0.195,0.205,0.22590727794308935,0.22241500291735278,0.02741500291735277,0.23825109638281225,0.015836093465459472,-0.08825702124271093,,,,,0.0,8.15054061212299,12,0,0,0,3,0.1,0.9777584997082647,,16.665821236641158,0.6496129598220367,8.28210401715993,14.44444204423764,-7.813458512371691,14.826259503211679,-16.697202827745784,-0.43007679348280325,-8.737415261759349,-14.134766478278369,8.517875650055082,-14.311407550495302
nominal,23,0.6000000000000001,0.195,0.205,0.22241500291735275,0.21952358683025242,0.02452358683025241,0.23465244991199594,0.015128863081743521,-0.07203680726232323,,,,,0.0,7.844895339168377,12,0,0,0,3,0.1,0.9780476413169747,,16.789825102767114,0.6645044363287104,8.346525116516434,14.552294517578728,-7.860946693157752,14.938529646841241,-16.820600859205317,-0.4401235387271981,-8.807201626943373,-14.24074881034293,8.584733850678017,-14.417605242351728
nominal,24,0.625,0.195,0.205,0.21952358683025233,0.21708837501069772,0.022088375010697714,0.2316357557409384,0.014547380730240672,-0.06005989776308159,,,,,0.0,7.550711763949565,12,0,0,0,3,0.1,0.9782911624989302,,16.909178823913347,0.6788374824663838,8.408530424647067,14.656102523169526,-7.906654067164336,15.046589660084694,-16.939371464485117,-0.4497935310249282,-8.874371003432996,-14.342756804955071,8.64908486877759,-14.519820520763538
nominal,25,0.65,0.195,0.205,0.21708837501069775,0.2149810732757549,0.019981073275754907,0.22908502265042077,0.014103949374665858,-0.05209785883036197,,,,,0.0,7.267560072801457,11,0,1,0,4,0.1,0.9785018926724245,,17.024056780516595,0.6926330393738944,8.468210533722802,14.756017728550669,-7.950647414645673,15.150597422831517,-17.053688172066924,-0.4591008986114934,-8.93902152830426,-14.440939499769256,8.71102272369843,-14.618202726234905
nominal,26,0.675,0.195,0.205,0.21498107327575494,0.21309618082947895,0.018096180829478947,0.22689783259035629,0.013801651760877331,-0.04788106218196306,,,,,0.0,6.995026570071402,11,0,0,0,4,0.1,0.9786903819170522,,17.13462681374722,0.7059112628973734,8.525652638708197,14.852186113730019,-7.992991011596461,15.250704894475335,-17.163718003114415,-0.4680592399135624,-9.001247658492849,-14.535440343527908,8.77063790905974,-14.712895599001097
nominal,27,0.7000000000000001,0.195,0.205,0.21309618082947893,0.21135901478843228,0.01635901478843227,0.2249853440302076,0.013626329241775315,-0.04641421857824925,,,,,0.0,6.732713073693724,10,0,1,0,5,0.1,0.9788640985211567,,17.2410504707317,0.7186915530387219,8.580940664756639,14.944748184465142,-8.033746723661594,15.34705833593251,-17.269621715497625,-0.4766816434168038,-9.061140308799366,-14.626397405645612,8.828017524969999,-14.804037489038556
nominal,28,0.7250000000000001,0.195,0.205,0.2113590147884323,0.2097211394535439,0.014721139453543891,0.2232722473990813,0.013551107945537405,-0.046986447921705574,,,,,0.0,6.48023633343021,9,0,1,0,6,0.1,0.9790278860546456,,17.34348324057926,0.7309925822997698,8.634155389828265,15.0338391775477,-8.072974096524284,15.43979852333504,-17.371554038666464,-0.48498070678867367,-9.11878698471939,-14.713943577933902,8.883245405283624,-14.89176155819961
nominal,29,0.75,0.195,0.205,0.209721139453544,0.20815949941248124,0.013159499412481235,0.22170158006949084,0.013542080657009598,-0.04851056409600084,,,,,0.0,6.237227470926578,7,0,2,0,8,0.1,0.9791840500587519,,17.442074781557537,0.7428323229635284,8.685374562709706,15.119589258389661,-8.110730442904623,15.529060953709976,-17.469663899716473,-0.4929685552840984,-9.174271910292413,-14.79820676876138,8.936402240085489,-14.976195974767124
nominal,30,0.775,0.195,0.205,0.20815949941248124,0.20666137098952708,0.011661370989527076,0.2202397437703254,0.01357837278079832,-0.050511402390450086,,,,,0.0,6.003331440766832,7,0,0,0,8,0.1,0.9793338629010473,,17.53696913974913,0.7542280733523961,8.734673016608092,15.202123711200048,-8.1470709262957,15.614976042945852,-17.564094640977103,-0.5006568594609447,-9.227676151156448,-14.879310089932828,8.987565693582283,-15.057464100713357
nominal,31,0.8,0.195,0.205,0.20666137098952703,0.20521971677861292,0.010219716778612914,0.21886711164016442,0.013647394861551504,-0.05266049365004116,,,,,0.0,5.778206511738076,7,0,0,0,8,0.1,0.9794780283221387,,17.628304959508537,0.7651964831016812,8.782122778485288,15.281563122030047,-8.182048641559613,15.697669316335382,-17.654984229440462,-0.5080568522311593,-9.279077732988082,-14.957372036560347,9.036810517572947,-15.135684671936607
nominal,32,0.8250000000000001,0.195,0.205,0.2052197167786129,0.20382773789485273,0.008827737894852722,0.21756690354757877,0.013739165652726038,-0.05490460096138392,,,,,0.0,5.5615237675478975,7,0,0,0,8,0.1,0.9796172262105147,,17.716215686026967,0.7757535774853681,8.82779317429209,15.35802355495392,-8.215714692501127,15.777261591972806,-17.742465458336444,-0.5151793452724908,-9.328551755501028,-15.032506660189334,9.084208660663961,-15.210971971738985
nominal,33,0.8500000000000001,0.195,0.205,0.20382773789485276,0.2024794901652682,0.007479490165268193,0.21632522249076477,0.013845732325496574,-0.05725910743228693,,,,,0.0,5.352966626264852,6,0,1,0,9,0.1,0.9797520509834732,,17.800829760300957,0.7859147808296668,8.871750930256136,15.431616721643149,-8.248118266532334,15.853869157273826,-17.826666141148827,-0.5220347448247724,-9.376170502169739,-15.104823735432234,9.129829373389063,-15.283435997798772
nominal,34,0.875,0.195,0.205,0.20247949016526817,0.20117055776412698,0.006170557764126977,0.21513505715091558,0.013964499386788592,-0.059684158692067404,,,,,0.0,5.15223037777992,6,0,0,0,9,0.1,0.9798829442235873,,17.88227080678967,0.7956949390485543,8.91406027037153,15.50245014458153,-8.27930670653737,15.927603938876057,-17.907709298355748,-0.5286330668938435,-9.422003545838374,-15.174428920353526,9.173739309386972,-15.353182622881318
nominal,35,0.9,0.195,0.205,0.201170557764127,0.19989763237953556,0.004897632379535555,0.2139931231508663,0.014095490771330738,-0.06213835149049245,,,,,0.0,4.959021738613173,6,0,0,0,9,0.1,0.9800102367620465,,17.960657814035056,0.8051083413342335,8.954783010232598,15.570627314159722,-8.30932558004222,15.998573666168205,-17.985713337167407,-0.5349839518853243,-9.466117850369434,-15.241423910840268,9.216002622784961,-15.420313749523268
nominal,36,0.925,0.195,0.205,0.19989763237953553,0.19865813419340844,0.0036581341934084355,0.2128965504750231,0.014238416281614652,-0.06459879276286747,,,,,0.0,4.773058423415179,6,0,0,0,9,0.1,0.9801341865806592,,18.03610530850874,0.8141687410341997,8.993978647348875,15.636247839878733,-8.338218745790636,16.066882028686898,-18.06079222452363,-0.5410966786896246,-9.50857786848058,-15.305906589183758,9.256681061930525,-15.484927458916147
nominal,37,0.9500000000000001,0.195,0.205,0.19865813419340844,0.19745005486027775,0.002450054860277745,0.21184278214682864,0.014392727286550888,-0.06704799600949807,,,,,0.0,4.594068732537109,6,0,0,0,9,0.1,0.9802549945139722,,18.108723521939663,0.8228893757454172,9.031704448073292,15.69940759588328,-8.366028417823488,16.13262882761114,-18.133055653603996,-0.5469801782387637,-9.549445635912559,-15.367971167089367,9.295834059608131,-15.54711815420679
nominal,38,0.9750000000000001,0.195,0.205,0.1974500548602777,0.19627183308567853,0.0012718330856785198,0.2108295253125435,0.014557692226864982,-0.06947219494166187,,,,,0.0,4.421791155066969,6,0,0,0,9,0.1,0.9803728166914322,,18.178618552366924,0.831282986654964,9.068015531270543,15.760198861037656,-8.392795227155107,16.19591012157572,-18.202609204093847,-0.55264304655481,-9.588780862065837,-15.427708323323516,9.333518819872825,-15.606976698424036
nominal,39,1.0,0.195,0.205,0.19627183308567855,0.19512225471315023,0.00012225471315022163,0.20985471090684754,0.014732456193697313,-0.07186064971694106,,,,,0.0,4.2559739867519575,6,0,0,0,9,0.1,0.980487774528685,,18.245892519153163,0.8393618371554029,9.102964948847898,15.818710453748745,-8.41855828113679,16.25681836701663,-18.26955449644033,-0.5580935573090047,-9.626641017238368,-15.485205336198884,9.369790401627595,-15.664590547233136
nominal,40,1.0250000000000001,0.195,0.205,0.19512225471315023,0.1940003726878659,-0.0009996273121340993,0.20891646034480033,0.014916087656934418,-0.07420508132444101,,,,,0.0,4.09637496224876,6,0,0,0,9,0.1,0.9805999627312134,,18.31064371218492,0.8471377307620753,9.136603763266102,15.875027861733166,-8.44335522059416,16.315442553253508,-18.333989340323814,-0.563339673909917,-9.663081416591929,-15.540546211091426,9.40470179906656,-15.720043876711893
nominal,41,1.05,0.195,0.205,0.19400037268786596,0.19290544313248428,-0.0020945568675157233,0.2080130579641183,0.015107614831634003,-0.07649921023715842,,,,,0.0,3.9427609011644313,6,0,0,0,9,0.1,0.9807094556867516,,18.372966735477984,0.8546220283584975,9.168981122143624,15.929233366918172,-8.467222274821879,16.3718683325065,-18.396007877561672,-0.5683890611382951,-9.69815530096973,-15.593811803175498,9.438304019101563,-15.773417706335197
nominal,42,1.075,0.195,0.205,0.19290544313248426,0.19183687447558764,-0.0031631255244123635,0.20714292817425173,0.015306053698664085,-0.07873837991416843,,,,,0.0,3.794907367370765,6,0,0,0,9,0.1,0.9808163125524413,,18.43295264539756,0.8618256647950538,9.200144330063237,15.981406165658742,-8.490194314516058,16.426178145037508,-18.45570071965311,-0.573249096345609,-9.731913914683366,-15.645079935556417,9.470646155885255,-15.824790017347627
nominal,43,1.1,0.195,0.205,0.19183687447558762,0.19079418714550675,-0.004205812854493257,0.2063046164606715,0.015510429315164748,-0.08091924937846373,,,,,0.0,3.6525983410943605,6,0,0,0,9,0.1,0.9809205812854493,,18.490689083695152,0.8687591648652393,9.230138917685865,16.03162248444654,-8.512304902721706,16.4784513395986,-18.51315508016612,-0.5779268802326487,-9.76440658038274,-15.694425512973051,9.501775462539559,-15.874235866697092
nominal,44,1.125,0.195,0.205,0.19079418714550678,0.18977698180736816,-0.005223018192631851,0.20549677355026036,0.015719791742892203,-0.08303954206080316,,,,,0.0,3.5156259033033206,6,0,0,0,9,0.1,0.9810223018192632,,18.546260405556584,0.8754326586827929,9.259008708272646,16.079955691279796,-8.533586343869642,16.528764289363654,-18.56845490215989,-0.5824292472239244,-9.795680771118388,-15.741920631236562,9.531737420194325,-15.92182749669595
nominal,45,1.1500000000000001,0.195,0.205,0.18977698180736813,0.1887849144990969,-0.006215085500903106,0.2047181421723599,0.015933227673262995,-0.08509784050760372,,,,,0.0,3.383789931929447,6,0,0,0,9,0.1,0.9811215085500903,,18.599747802848213,0.8818558964821881,9.286795881712422,16.126476402856802,-8.55406973097453,16.577190503512515,-18.62168098082889,-0.5867627754530272,-9.825782179701449,-15.78763468256519,9.560575804437038,-15.967634440569853
nominal,46,1.175,0.195,0.205,0.1887849144990969,0.18781767732930574,-0.007182322670694269,0.20396754595478173,0.016149868625475988,-0.08709341850395279,,,,,0.0,3.2568978094820933,6,0,0,0,9,0.1,0.9812182322670694,,18.651229422741405,0.888038262864106,9.313541036148205,16.171252587749674,-8.573784991062986,16.623800734630795,-18.67291108154781,-0.5909337963735387,-9.854754785462644,-15.831634456968995,9.588332749270648,-16.011723624048482
nominal,47,1.2000000000000002,0.195,0.205,0.18781767732930574,0.18687498364987515,-0.008125016350124858,0.20324388007924143,0.016368896429366286,-0.08902610374592222,,,,,0.0,3.1347641416265133,6,0,0,0,9,0.1,0.9813125016350125,,18.700780481888604,0.8939887905067021,9.339283247292647,16.21434966570906,-8.592760928898125,16.66866308208214,-18.722220053489767,-0.594948404009531,-9.882640918507795,-15.873984239832659,9.615048808672999,-16.054159463146664
nominal,48,1.225,0.195,0.205,0.18687498364987515,0.18595655681933612,-0.009043443180663885,0.2025461033897705,0.016589546570434377,-0.09089616547911886,,,,,0.0,3.0172104863155185,6,0,0,0,9,0.1,0.9814043443180663,,18.74847337631778,0.8997161733627008,9.364060125519172,16.255830603244974,-8.611025269064445,16.71184309150406,-18.769679938983902,-0.5988124638591735,-9.909481321563753,-15.914745905838934,9.640763015847762,-16.095003958278664
nominal,49,1.25,0.195,0.205,0.1859565568193361,0.18506211907923098,-0.009937880920769027,0.2018732103891879,0.01681109130995692,-0.09270422255987698,,,,,0.0,2.9040650930786858,6,0,0,0,9,0.1,0.9814937880920769,,18.794377787205864,0.9052287793615995,9.387907870812203,16.295756005623286,-8.628604696474529,16.75340385057266,-18.815360078772006,-0.6025316214644545,-9.935315209505113,-15.953979009369974,9.665512940253471,-16.134316784843215
nominal,50,1.2750000000000001,0.195,0.205,0.185062119079231,0.1841913557102856,-0.010808644289714398,0.20122412089562347,0.01703276518533786,-0.09445166377110628,,,,,0.0,2.7951626520882336,6,0,0,0,9,0.1,0.9815808644289714,,18.838560782685644,0.9105346626355395,9.410861325656745,16.334184205412413,-8.645524895356735,16.793406081176187,-18.859327213318057,-0.6061113106595375,-9.960180326648672,-15.9917408715186,9.689334742493966,-16.172155380411596
nominal,51,1.3,0.195,0.205,0.1841913557102856,0.18334392828054802,-0.011656071719451988,0.20059777739092383,0.017253849110375807,-0.09614128466159318,,,,,0.0,2.6903440526349236,6,0,0,0,9,0.1,0.9816656071719452,,18.88108691583493,0.9156415752867068,9.432954025944618,16.37117134770945,-8.661810586780858,16.83190822813208,-18.90164558031863,-0.6095567615098049,-9.984113001899347,-16.028086663836653,9.712263227150443,-16.208575028646163
nominal,52,1.3250000000000002,0.195,0.205,0.18334392828054805,0.18251950049958077,-0.01248049950041924,0.19999320884837984,0.017473708348799077,-0.0977741301743198,,,,,0.0,2.589456150661113,6,0,0,0,9,0.1,0.981748049950042,,18.92201831899112,0.9205569787134552,9.454218249971694,16.406771472170345,-8.677485564776575,16.868966544577127,-18.94237700855668,-0.6128730079531872,-10.007148201828121,-16.06306948894278,9.734331893632302,-16.243628940071932
nominal,53,1.35,0.195,0.205,0.18251950049958074,0.1817177346574989,-0.013282265342501098,0.19940952036004023,0.01769178570254132,-0.0993511890129441,,,,,0.0,2.4923515450113225,6,0,0,0,9,0.1,0.9818282265342501,,18.961414794528952,0.9252880545117006,9.474685065597756,16.441036591963957,-8.692572731097453,16.904635174155484,-18.981581008235803,-0.6160648951549427,-10.029319581759566,-16.096740458107426,9.75557298512109,-16.277368329819236
nominal,54,1.375,0.195,0.205,0.1817177346574989,0.18093828841101336,-0.014061711588986642,0.19884588310976864,0.017907594698755275,-0.10087360321933939,,,,,0.0,2.3988883620733974,6,0,0,0,9,0.1,0.9819061711588987,,18.999333902234117,0.9298417149675118,9.49438437563784,16.47401676976531,-8.707094128681298,16.938966230124652,-19.01931485792696,-0.6191370865866324,-10.050659534943582,-16.1291487659284,9.776017535679049,-16.309842492451015
nominal,55,1.4000000000000001,0.195,0.205,0.18093828841101334,0.18018081263968694,-0.014819187360313069,0.19830152585772537,0.01812071321803843,-0.10234263111441148,,,,,0.0,2.3089300484956445,6,0,0,0,9,0.1,0.9819819187360314,,19.035831043400336,0.9342246131562301,9.51334496155142,16.50576019089911,-8.721070973855749,16.97200987149498,-19.0556336882547,-0.6220940708396336,-10.071199239883198,-16.160341762206084,9.795695415591085,-16.3410988739841
nominal,56,1.425,0.195,0.205,0.180180812639687,0.17944495014598422,-0.01555504985401579,0.19777572770520926,0.018330777559225048,-0.10375961676720467,,,,,0.0,2.2223451716770573,6,0,0,0,9,0.1,0.9820555049854016,,19.070959541772822,0.9384431526628715,9.531594525493242,16.536313233740394,-8.734523687336159,17.00381437631392,-19.09059056244515,-0.6249401681831473,-10.090968705887578,-16.190365021123355,9.81463537500642,-16.3711831412097
nominal,57,1.4500000000000002,0.195,0.205,0.17944495014598424,0.17873033499407603,-0.016269665005923972,0.19726781165555418,0.018537476661478147,-0.10512596489664248,,,,,0.0,2.1390072277391683,6,0,0,0,9,0.1,0.9821269665005924,,19.10477072145634,0.9425034969380138,9.549159730787245,16.56572053747513,-8.747471924061053,17.034426212202145,-19.124236553853457,-0.6276795368762793,-10.109996816916794,-16.21926240783123,9.832865085943679,-16.400139248414334
nominal,58,1.475,0.195,0.205,0.17873033499407603,0.1780365912725594,-0.016963408727440593,0.19677712338031686,0.018740532107757446,-0.1064431275825416,,,,,0.0,2.0587944566989504,6,0,0,0,9,0.1,0.9821963408727441,,19.137313981901727,0.9464115783028383,9.566066240882723,16.594025067319812,-8.759934601908762,17.063890104244564,-19.156620820583953,-0.6303161792434189,-10.128311373782415,-16.24707614253756,9.85041118272079,-16.428009501598797
nominal,59,1.5,0.195,0.205,0.17803659127255936,0.17736333312006142,-0.01763666687993859,0.196303023373186,0.018939690253124586,-0.10771266070851407,,,,,0.0,1.9815896645727384,6,0,0,0,9,0.1,0.9822636666879938,,19.168636870080412,0.9501731066164818,9.582338756849621,16.62126817729532,-8.771929929337183,17.092249100335394,-19.187790677312055,-0.6328539475217907,-10.145939134765575,-16.2738468621924,9.867299300868762,-16.454834620288842
nominal,60,1.5250000000000001,0.195,0.205,0.17736333312006144,0.17671016713719062,-0.018289832862809385,0.1958449102494485,0.01913474311225788,-0.1089360498159117,,,,,0.0,1.9072800521512614,6,0,0,0,9,0.1,0.9823289832862809,,19.198785149952396,0.9537935776183637,9.59800105346776,16.647489670646745,-8.78347543198704,17.119544634072817,-19.217791664412854,-0.6352965494897236,-10.162905854711866,-16.299613679860183,9.883554114586182,-16.480653797028012
nominal,61,1.55,0.195,0.205,0.17671016713719062,0.17607669317882432,-0.018923306821175684,0.19540221825758444,0.01932552507876012,-0.11011475114339683,,,,,0.0,1.8357570501955882,6,0,0,0,9,0.1,0.9823923306821176,,19.22780286932918,0.9572782809576751,9.613076013962718,16.672727857997494,-8.794587978287526,17.145816585295087,-19.246667614497373,-0.637647553883859,-10.179236322660172,-16.324414241865426,9.8991993727892,-16.50550475463946
nominal,62,1.5750000000000002,0.195,0.205,0.1760766931788244,0.17546250513409548,-0.01953749486590453,0.19497441303823382,0.019511907904138343,-0.11125021363565465,,,,,0.0,1.7669161608132526,6,0,0,0,9,0.1,0.9824537494865905,,19.255732424229336,0.9606323079217622,9.627585663439117,16.69701961332259,-8.805283804101743,17.171103338346523,-19.27446071645372,-0.6399103956132143,-10.194954398060416,-16.348284782795474,9.914257933809605,-16.52942380134048
nominal,63,1.6,0.195,0.205,0.17546250513409545,0.1748671918136274,-0.020132808186372614,0.19456098802117336,0.019693796207545966,-0.11234387137394383,,,,,0.0,1.7006568047827546,6,0,0,0,9,0.1,0.9825132808186373,,19.282614620820738,0.9638605588746961,9.64155120106015,16.72040042782299,-8.815578536447928,17.19544183815853,-19.301211577086708,-0.6420883807777188,-10.21008304563315,-16.371260178440643,9.928751798791744,-16.552445883790213
nominal,64,1.625,0.195,0.205,0.17486719181362742,0.17429033790142895,-0.020709662098571058,0.1941614613639593,0.019871123462530338,-0.1133971375653396,,,,,0.0,1.6368821746034021,6,0,0,0,9,0.1,0.9825709662098571,,19.30848873503996,0.966967750416895,9.654993031020394,16.742904461779627,-8.825487216331132,17.218867644227586,-19.326959280445955,-0.6441846914985543,-10.224644368921906,-16.39337399674912,9.942702143837053,-16.57460463814808
nominal,65,1.6500000000000001,0.195,0.205,0.1742903379014289,0.17373152493790311,-0.021268475062096892,0.19377537335017664,0.020043848412273524,-0.11441139982648402,,,,,0.0,1.5754990930557755,6,0,0,0,9,0.1,0.9826268475062097,,19.33339256997596,0.9699584222762614,9.66793079235713,16.76456459446289,-8.835024320718714,17.24141498256905,-19.35174144492923,-0.6462023905673585,-10.238659642587335,-16.414658546871028,9.956129350943163,-16.595932439217528
nominal,66,1.675,0.195,0.205,0.17373152493790311,0.17319033230782763,-0.02180966769217238,0.19340228417741187,0.020211951869584244,-0.11538801654081376,,,,,0.0,1.5164178770661836,6,0,0,0,9,0.1,0.9826809667692172,,19.35736251110186,0.9728369439409016,9.680383387643737,16.78541247217053,-8.844203783691762,17.263116795722713,-19.375594278244385,-0.6481444259210826,-10.25214934349031,-16.435144926363364,9.969053037782794,-16.61646044774687
nominal,67,1.7000000000000002,0.195,0.205,0.17319033230782757,0.17266633821322874,-0.022333661786771264,0.19304177207545362,0.020375433862224873,-0.11632831410436015,,,,,0.0,1.4595522066762008,6,0,0,0,9,0.1,0.9827333661786771,,19.380433579435543,0.9756075210431178,9.692369010607097,16.805478554464138,-8.853039016803322,17.28400479088311,-19.39855263031022,-0.650013634949042,-10.265133180609423,-16.45486306662474,9.98149208636594,-16.636218655956363
nominal,68,1.725,0.195,0.205,0.1726663382132287,0.17215912061599423,-0.02284087938400578,0.19269343170407635,0.020534311088082124,-0.11723358490544825,,,,,0.0,1.4048189989258426,6,0,0,0,9,0.1,0.9827840879384006,,19.40263948270671,0.9782742015040008,9.70390517270933,16.824792158671734,-8.861542928673197,17.30410948622499,-19.420650044173588,-0.6518127486384528,-10.27763012383657,-16.473841776626312,9.993464670627217,-16.655235931358
nominal,69,1.75,0.195,0.205,0.1721591206159942,0.17166825813908132,-0.023331741860918687,0.1923568727873166,0.020688614648235293,-0.11810508590895559,,,,,0.0,1.3521382864661236,6,0,0,0,9,0.1,0.9828331741860918,,19.424012664605208,0.9808408814476007,9.71500872873273,16.843381502721545,-8.869727943847952,17.323460255491554,-19.441918805017078,-0.6535443955645108,-10.289658431692699,-16.492108785002824,10.004988282978697,-16.673540058932076
nominal,70,1.7750000000000001,0.195,0.205,0.17166825813908132,0.17119333091840377,-0.023806669081596232,0.19203171894758916,0.02083838802918539,-0.11894403773702339,,,,,0.0,1.3014331007236444,6,0,0,0,9,0.1,0.9828806669081597,,19.444584352182513,0.9833113108933157,9.725695901405253,16.861273746369488,-8.877606020953653,17.34208537091062,-19.462389987328937,-0.6552111057308416,-10.301235678004222,-16.50969078056522,10.016079759866996,-16.691157781722122
nominal,71,1.8,0.195,0.205,0.1711933309184038,0.1707339214000839,-0.024266078599916113,0.19171760670848942,0.020983685308405525,-0.11975162415588125,,,,,0.0,1.2526293594465079,6,0,0,0,9,0.1,0.9829266078599916,,19.46438460147567,0.9856890992348164,9.735982305102556,16.878495030880632,-8.88518867016789,17.360012044501474,-19.482093500304103,-0.6568153142659351,-10.312378777579063,-16.526613451294022,10.026755306371983,-16.70811483990754
nominal,72,1.8250000000000002,0.195,0.205,0.17073392140008392,0.17028961507982637,-0.024710384920173634,0.19141418463981147,0.021124569559985096,-0.12052899189336891,,,,,0.0,1.205655758467262,6,0,0,0,9,0.1,0.9829710384920174,,19.483442341420332,0.9879777205135107,9.74588296866121,16.89507051722261,-8.892486970036595,17.37726646783267,-19.5010581315427,-0.6583593649809625,-10.323104010919849,-16.542901521870498,10.037030519883034,-16.724436008411008
nominal,73,1.85,0.195,0.205,0.1702896150798264,0.16986000118281347,-0.025139998817186537,0.19112111262230866,0.02126111143949519,-0.12127725072422907,,,,,0.0,1.1604436675247394,6,0,0,0,9,0.1,0.9830139998817187,,19.50178541611707,0.990180518494254,9.755412357336414,16.911024422826763,-8.899511583660223,17.393873850288944,-19.519311589109847,-0.6598455137941764,-10.333427048010355,-16.558578789800354,10.04692041288742,-16.740145133095595
nominal,74,1.875,0.195,0.205,0.16986000118281344,0.16944467328380636,-0.02555532671619365,0.19083806121313757,0.02139338792933121,-0.1219974737707125,,,,,0.0,1.1169270299925613,6,0,0,0,9,0.1,0.9830555326716194,,19.51944062551268,0.9923007115507195,9.7645843939363,16.92638005697076,-8.906272774272965,17.40985845590311,-19.536880542018228,-0.6612759320268948,-10.343362971209967,-16.57366816018284,10.056439434904142,-16.75526516560451
nominal,75,1.9000000000000001,0.195,0.205,0.16944467328380633,0.16904322986813353,-0.02595677013186648,0.19056471109582832,0.02152148122769479,-0.12269069797483684,,,,,0.0,1.07504226636784,6,0,0,0,9,0.1,0.9830956770131867,,19.536433764555955,0.9943413973675675,9.773412479163689,16.941159854834357,-8.912780420237729,17.42524363880674,-19.553790659192543,-0.6626527095758863,-10.352926297289592,-16.588191679175985,10.065601493595237,-16.76981819689434
nominal,76,1.925,0.195,0.205,0.16904322986813344,0.16865527483500528,-0.026344725164994726,0.19030075260110438,0.021645477766099097,-0.1233579247059716,,,,,0.0,1.0347281813790452,6,0,0,0,9,0.1,0.9831344725164994,,19.552789660885107,0.9963055574662838,9.78190951119505,16.95538541027807,-8.919044029478814,17.44005187735149,-19.570066646972823,-0.6639778579667905,-10.362130998641232,-16.602170566206887,10.074419975085416,-16.783825489510804
nominal,77,1.9500000000000002,0.195,0.205,0.16865527483500525,0.1682804179451566,-0.0267195820548434,0.19004588528699162,0.021765467341835015,-0.12400012047361607,,,,,0.0,0.9959258745773297,6,0,0,0,9,0.1,0.9831719582054843,,19.568532211101918,0.9981960615612981,9.790087904525235,16.96907750739264,-8.925072753373358,17.45430480695081,-19.585732285211343,-0.6652533132930359,-10.370990523692186,-16.61562524497413,10.082907763519712,-16.79730750865415
nominal,78,1.975,0.195,0.205,0.1682804179451566,0.16791827521522643,-0.02708172478477358,0.18979981756844538,0.021881542353218958,-0.12461821772038797,,,,,0.0,0.9585786542806797,6,0,0,0,9,0.1,0.9832081724784774,,19.583684415685596,1.0000156717527495,9.797959608105538,16.982256150865418,-8.930875400121858,17.468023251690152,-19.600810462015918,-0.6664809390445471,-10.37951781655373,-16.6285753732876,10.091077259887722,-16.81028395207962
nominal,79,2.0,0.195,0.205,0.16791827521522634,0.1675684692615656,-0.027431530738434406,0.1895622663882712,0.0219937971267056,-0.1252131156745679,,,,,0.0,0.9226319547451541,6,0,0,0,9,0.1,0.9832431530738435,,19.598268412597385,1.0017670465620214,9.80553612280158,16.994940595207964,-8.936460447617288,17.481227254751772,-19.615323207190322,-0.6676625288303766,-10.387725335932965,-16.641039871789314,10.098940400141933,-16.822773778876634
nominal,80,2.025,0.195,0.205,0.1675684692615656,0.16723062959634263,-0.027769370403657373,0.18933295692240298,0.02210232732606035,-0.12578568124518485,,,,,0.0,0.8880332564422102,6,0,0,0,9,0.1,0.9832769370403658,,19.61230550962498,1.0034527448159456,9.812828518196522,17.007149372887667,-8.94183605583164,17.49393610769858,-19.629291724420685,-0.6687998089992374,-10.395625073335479,-16.653036951597215,10.106508672636611,-16.83479523716876
nominal,81,2.0500000000000003,0.195,0.205,0.16723062959634263,0.16690439287891093,-0.028095607121089078,0.18911162231372491,0.022207229434813985,-0.12633674994562688,,,,,0.0,0.8547320093256267,6,0,0,0,9,0.1,0.983309560712109,,19.625816215514046,1.0050752293853475,9.819847448764152,17.01890032140438,-8.947010078737954,17.506168378659883,-19.64273642225491,-0.669894441161766,-10.403228570585398,-16.66458414091232,10.113793134912738,-16.84636589077493
nominal,82,2.075,0.195,0.205,0.1669043928789109,0.16658940312544376,-0.028410596874556243,0.18889800342955632,0.022308600304112552,-0.1268671268343345,,,,,0.0,0.8226795589759143,6,0,0,0,9,0.1,0.9833410596874557,,19.63882026993227,1.006636870783397,9.826603169435497,17.030210609351716,-8.95199007578528,17.517941939460137,-19.65567694392035,-0.6709480246181998,-10.410546936688446,-16.67569831062811,10.12080442985351,-16.85750264487087
nominal,83,2.1,0.195,0.205,0.16658940312544374,0.16628531187981793,-0.028714688120182075,0.1886918486387221,0.022406536758904166,-0.12737758746322086,,,,,0.0,0.7918290755143175,6,0,0,0,9,0.1,0.9833714688120182,,19.65133667230981,1.0081399506290196,9.833105550581665,17.041096761501027,-8.956783322943332,17.52927399173038,-19.66813219602334,-0.6719620986950173,-10.41759086406263,-16.686395698979556,10.127552801234003,-16.868221770688212
nominal,84,2.125,0.195,0.205,0.16628531187981785,0.1659917783486825,-0.0290082216513175,0.18849291360481127,0.022501135256128763,-0.12786887882625342,,,,,0.0,0.7621354851825298,6,0,0,0,9,0.1,0.9834008221651318,,19.663383709598193,1.0095866649804315,9.839364092434852,17.05157468294474,-8.961396823332958,17.54018109204049,-19.680120376172464,-0.6729381449939542,-10.424370644160282,-16.696691935267822,10.134048108687729,-16.878538929287405
nominal,85,2.15,0.195,0.205,0.16599177834868253,0.16570846950355864,-0.02929153049644137,0.18830096109279681,0.02259249158923818,-0.12834172030208418,,,,,0.0,0.7335554044881835,6,0,0,0,9,0.1,0.9834291530496442,,19.67497898298826,1.0109791275436653,9.845387938968546,17.061659682334312,-8.965837317457972,17.550679176088973,-19.691658999566,-0.673877589556681,-10.430896182504272,-16.70660206269528,10.14029984211194,-16.88846919443913
nominal,86,2.1750000000000003,0.195,0.205,0.16570846950355864,0.16543506015271695,-0.02956493984728306,0.18811576078667946,0.02268070063396252,-0.12879680458586973,,,,,0.0,0.7060470768198777,6,0,0,0,9,0.1,0.9834564939847283,,19.686139433626202,1.0123193727607778,9.851185891257225,17.071366494246774,-8.970111293053298,17.560783581985635,-19.702764924582272,-0.6747818049483054,-10.437177013160362,-16.716140560344204,10.146317135532742,-16.89802707464766
nominal,87,2.2,0.195,0.205,0.16543506015271697,0.16517123298545994,-0.02982876701454007,0.18793708911622664,0.022765856130766704,-0.12923479860642106,,,,,0.0,0.6795703114391329,6,0,0,0,9,0.1,0.983482876701454,,19.69688136736522,1.0136093587822486,9.856766420335079,17.08070930071252,-8.9742249945638,17.570509072661174,-19.713454377410436,-0.675652112262744,-10.443222312666848,-16.725321364331297,10.152108780450265,-16.907226534348375
nominal,88,2.225,0.195,0.205,0.16517123298545996,0.16491667859130438,-0.03008332140869563,0.18776472909122438,0.022848050499920003,-0.12965634442568605,,,,,0.0,0.6540864247601639,6,0,0,0,9,0.1,0.9835083321408695,,19.707220478589022,1.0148509703279143,9.862137679572514,17.089701751935802,-8.978184432267657,17.579869857436382,-19.723742975757546,-0.6764897830528911,-10.449040913441841,-16.734157888168873,10.15768323868338,-16.91608101431031
nominal,89,2.25,0.195,0.205,0.16491667859130435,0.16467109545642772,-0.030328904543572288,0.18759847014195039,0.022927374685522667,-0.13006206011826552,,,,,0.0,0.6295581838316583,6,0,0,0,9,0.1,0.9835328904543572,,19.717171873141933,1.0160460214406175,9.867307516588545,17.09835698623821,-8.98199539105762,17.588879612782517,-19.73364575166664,-0.6772960411884077,-10.454641316687772,-16.74266304236254,10.163048654732753,-16.924603451273676
nominal,90,2.275,0.195,0.205,0.16467109545642772,0.16443418993960043,-0.030565810060399573,0.18743810796482363,0.023003918025223197,-0.13045254062923484,,,,,0.0,0.6059497519379706,6,0,0,0,9,0.1,0.9835565810060399,,19.72675009039911,1.0171962581365943,9.872283484716474,17.106687649254276,-8.985663438892958,17.597551502303173,-19.74317717347914,-0.6780720646438424,-10.46003170481198,-16.750849253273945,10.168212867680275,-16.932806296850913
nominal,91,2.3000000000000003,0.195,0.205,0.16443418993960038,0.16420567622969112,-0.030794323770308885,0.18728344437238525,0.023077768142694133,-0.13082835860904843,,,,,0.0,0.5832266362402962,6,0,0,0,9,0.1,0.9835794323770309,,19.735969124509143,1.018303360956472,9.877072854039607,17.114705912407242,-8.989193934934471,17.605898195966805,-19.75235116697367,-0.6788189872196984,-10.465219953381531,-16.758728481276172,10.173183422642264,-16.940701535719004
nominal,92,2.325,0.195,0.205,0.16420567622969112,0.1639852762866907,-0.031014723713309295,0.18713428714693978,0.023149010860249064,-0.13119006522466548,,,,,0.0,0.561355637381284,6,0,0,0,9,0.1,0.9836014723713309,,19.74484244484005,1.0193689474206042,9.881682622013122,17.122423490691972,-8.992592037374429,17.61393188861805,-19.76118113571216,-0.6795379001989597,-10.470213642629725,-16.766312238228316,10.17796758179318,-16.94830070312954
nominal,93,2.35,0.195,0.205,0.16398527628669068,0.16377271976807092,-0.031227280231929083,0.1869904498973301,0.02321773012925918,-0.1315381909463845,,,,,0.0,0.5403048009794875,6,0,0,0,9,0.1,0.983622728023193,,19.753383015658546,1.0203945743923315,9.88611952368763,17.129851659791022,-8.995862710972888,17.621664317794874,-19.769679980622954,-0.6802298539414987,-10.47502006853111,-16.773611604294754,10.182572334975935,-16.955614901762182
nominal,94,2.375,0.195,0.205,0.16377271976807092,0.16356774394216003,-0.031432256057839975,0.18685175191842895,0.023284007976268922,-0.13187324631012037,,,,,0.0,0.5200433709427571,6,0,0,0,9,0.1,0.983643225605784,,19.76160331507135,1.021381740352619,9.890390041549344,17.137001272548858,-8.999010734311405,17.629106780877567,-19.777860118849592,-0.6808958594186925,-10.479646253461194,-16.7806372441337,10.187004409914337,-16.9626548179461
nominal,95,2.4000000000000004,0.195,0.205,0.16356774394216006,0.1633700935900968,-0.03162990640990321,0.18671801805303717,0.023347924462940373,-0.13219572265507878,,,,,0.0,0.5005417445324045,6,0,0,0,9,0.1,0.9836629906409903,,19.769515353256175,1.0223318875893959,9.894500414991244,17.143882774828274,-9.002040706774727,17.63627015159466,-19.785733501892732,-0.6815368896904915,-10.4840989564564,-16.787399422478686,10.191270282042549,-16.96943073727312
nominal,96,2.4250000000000003,0.195,0.205,0.16337009359009685,0.16317952089779655,-0.03182047910220345,0.1865890785559473,0.023409557658150754,-0.13250609283694886,,,,,0.0,0.48177142911243914,6,0,0,0,9,0.1,0.9836820479102203,,19.777130690009066,1.0232464043047935,9.898456649429072,17.150506220772215,-9.004957055270674,17.64316489590986,-19.793311633071756,-0.6821538813270981,-10.488384683089285,-16.793908019135735,10.195376183965953,-16.97595255962538
nominal,97,2.45,0.195,0.205,0.16317952089779655,0.1629957853392616,-0.03200421466073841,0.1864647689600075,0.023468983620745898,-0.1328048119168797,,,,,0.0,0.46370500052072255,6,0,0,0,9,0.1,0.9837004214660738,,19.784460451633727,1.0241266266433637,9.902264525075482,17.156881287493256,-9.007764040698024,17.64980108731324,-19.800605584331564,-0.6827477357773319,-10.492509694973437,-16.800172543418146,10.19932811456723,-16.982229813639428
nominal,98,2.475,0.195,0.205,0.1629957853392616,0.16281865355244846,-0.03218134644755155,0.18634492994406332,0.023526276391614864,-0.133092317826603,,,,,0.0,0.4463160630011958,6,0,0,0,9,0.1,0.9837181346447551,,19.79151534719746,1.0249738406442377,9.905929605385152,17.16301728921226,-9.01046576417185,17.656188421538992,-19.80762601241913,-0.683319320685682,-10.496480018911933,-16.806202148039965,10.203131847770958,-16.98827167062795
nominal,99,2.5,0.195,0.205,0.16281865355244843,0.16264789920880865,-0.03235210079119136,0.1862294072027011,0.023581507993892442,-0.13336903201015873,,,,,0.0,0.42957921063865045,6,0,0,0,9,0.1,0.9837352100791191,,19.798305684177556,1.0257892841200789,9.909457245183209,17.1689231908668,-9.013066173015405,17.66233623073128,-19.814383174453415,-0.683869471159969,-10.500301455702736,-16.812005642488465,10.206792940979547,-16.994086957979402
nominal,100,2.5250000000000004,0.195,0.205,0.1626478992088086,0.16248330287752552,-0.032516697122474486,0.186118051317751,0.023634748440225478,-0.13363536004274307,,,,,0.0,0.4134699902397006,6,0,0,0,9,0.1,0.9837516697122475,,19.8048413835209,1.026574148465576,9.912852598488838,17.174607621209294,-9.015569066527327,17.668253497078858,-19.82088694291141,-0.6843989909914702,-10.503979588613884,-16.817591505895148,10.210316743192815,-16.999684172055176
nominal,101,2.5500000000000003,0.195,0.205,0.1624833028775255,0.16232465188537634,-0.032675348114623665,0.18601071763153118,0.02368606574615484,-0.13389169222723335,,,,,0.0,0.39796486560571326,6,0,0,0,9,0.1,0.9837675348114624,,19.811131994138865,1.0273295803981168,9.916120626045506,17.180078885413945,-9.017978101532552,17.6739488659384,-19.82714682005223,-0.68490865382929,-10.507519791540863,-16.82296789942408,10.213708402823084,-17.005071490603108
nominal,102,2.575,0.195,0.205,0.1623246518853763,0.16217174017306601,-0.03282825982693399,0.18590726612183425,0.023735525948768238,-0.13413840416900677,,,,,0.0,0.3830411831455,6,0,0,0,9,0.1,0.9837828259826934,,19.817186706858656,1.0280566836331875,9.9192661025688,17.18534497721092,-9.020296797725083,17.67943065846571,-19.833171951800274,-0.6853992043106917,-10.51092723685808,-16.828142678195675,10.216972875217218,-17.01025678470549
nominal,103,2.6,0.195,0.205,0.16217174017306601,0.16202436814880497,-0.032975631851195036,0.1858075612786745,0.02378319312986954,-0.13437585732966423,,,,,0.0,0.3686771387775433,6,0,0,0,9,0.1,0.9837975631851195,,19.823014367851457,1.0287565204969429,9.92229362372247,17.190413590565512,-9.022528542810392,17.684706883773245,-19.838971141107763,-0.6858713591490407,-10.514206902975902,-16.833123402763338,10.220114929896573,-17.015247630279035
nominal,104,2.625,0.195,0.205,0.162024368148805,0.1618823425398235,-0.0331176574601765,0.18571147198282226,0.023829129442998753,-0.13460439956030243,,,,,0.0,0.35485174607338427,6,0,0,0,9,0.1,0.9838117657460177,,19.82862349155703,1.0294301134783075,9.925207612832878,17.195292130919306,-9.024676597455002,17.689785250631747,-19.844552860816222,-0.6863258081809517,-10.517363581614305,-16.837917350159714,10.223139157525452,-17.020051319143572
nominal,105,2.6500000000000004,0.195,0.205,0.16188234253982356,0.16174547624245852,-0.03325452375754148,0.18561887138616048,0.02387339514370196,-0.13482436561498,,,,,0.0,0.3415448055956344,6,0,0,0,9,0.1,0.9838254523757541,,19.83402227312364,1.030078446722871,9.928012327351645,17.19998772600983,-9.02674410005044,17.694673178733055,-19.849925266035612,-0.686763215374166,-10.520401884803768,-16.842531524528724,10.226049976618247,-17.02467486967569
nominal,106,2.6750000000000003,0.195,0.205,0.16174547624245855,0.1616135881713735,-0.033386411828626505,0.18552963679390233,0.02391604862252883,-0.13503607764503042,,,,,0.0,0.32873687538579915,6,0,0,0,9,0.1,0.9838386411828627,,19.839218600381503,1.0307024674707632,9.930711865075958,17.20450723628446,-9.028734071298548,17.699377809530564,-19.855096206059276,-0.6871842197976348,-10.523326251623626,-16.846972667358898,10.228851639995064,-17.02912503706285
nominal,107,2.7,0.195,0.205,0.16161358817137353,0.16148650310842538,-0.03351349689157462,0.18544364954870998,0.0239571464402846,-0.13523984567485758,,,,,0.0,0.31640924255883107,6,0,0,0,9,0.1,0.9838513496891574,,19.844220065367196,1.0313030874406095,9.93331017013561,17.208857264923793,-9.030649418624852,17.703906016673166,-19.860073235832054,-0.6875894365552234,-10.52614095468774,-16.85124726733294,10.231548240995249,-17.033408323172996
nominal,108,2.725,0.195,0.205,0.16148650310842544,0.16136405155163572,-0.03363594844836429,0.18536079491675803,0.02399674336512231,-0.1354359680598594,,,,,0.0,0.3045438959628745,6,0,0,0,9,0.1,0.9838635948448364,,19.849033975415928,1.0318811841615867,9.935811038755524,17.21304416748915,-9.03249294042642,17.70826441604792,-19.864863626988353,-0.6879794576844025,-10.52885010638695,-16.855361569807954,10.234143719457927,-17.03753098605401
nominal,109,2.75,0.195,0.205,0.16136405155163572,0.161246069564672,-0.03375393043532801,0.18528096197578112,0.02403489241110912,-0.13562473192710484,,,,,0.0,0.29312349986426806,6,0,0,0,9,0.1,0.9838753930435328,,19.85366736383783,1.0324376022555273,9.938218124802193,17.217074061208308,-9.03426733016043,17.712459375446123,-19.86947437847629,-0.6883548530212374,-10.531457664897438,-16.859321585940155,10.236641867478255,-17.041499049076982
nominal,110,2.7750000000000004,0.195,0.205,0.16124606956467197,0.16113239862720327,-0.033867601372796735,0.18520404350514252,0.024071644877939252,-0.1358064135993788,,,,,0.0,0.28213136861935856,6,0,0,0,9,0.1,0.9838867601372797,,19.85812700019391,1.032973154670945,9.94053494512211,17.220952833912996,-9.035975180279415,17.716497023866893,-19.87391222678343,-0.688716171032941,-10.533967439963785,-16.863133101467398,10.23904633494782,-17.045318309736597
nominal,111,2.8000000000000003,0.195,0.205,0.16113239862720324,0.16102288548645113,-0.03397711451354887,0.18512993587796175,0.02410705039151062,-0.13598127900319967,,,,,0.0,0.2715514422961332,6,0,0,0,9,0.1,0.9838977114513549,,19.86241940018664,1.0334886238707846,9.942764884680031,17.224686152641258,-9.037618986018938,17.720383260471884,-19.87818365577905,-0.6890639396192058,-10.536383098465143,-16.86680168516237,10.241360634887277,-17.048994348121475
nominal,112,2.825,0.195,0.205,0.16102288548645113,0.16091738201022107,-0.034082617989778935,0.18505853895533064,0.02414115694510957,-0.13614958406139258,,,,,0.0,0.2613682632100258,6,0,0,0,9,0.1,0.983908261798978,,19.86655083517964,1.03398476297563,9.94491120150453,17.22827947191721,-9.039201149043228,17.72412376320419,-19.882294906187337,-0.6893986668834855,-10.5387081697727,-16.87033269696878,10.243588148579004,-17.05253253506692
nominal,113,2.85,0.195,0.205,0.16091738201022107,0.1608157450416621,-0.034184254958337906,0.18498975598264725,0.024174010940985147,-0.13631157507079136,,,,,0.0,0.25156695333965,6,0,0,0,9,0.1,0.9839184254958337,,19.870527341360404,1.034462296864044,9.94697703144811,17.231738041720316,-9.040723980954107,17.727723997084034,-19.88625198470531,-0.6897208418753548,-10.540946050906225,-16.873731295832453,10.24573213050729,-17.05593804000191
nominal,114,2.875,0.195,0.205,0.16081574504166216,0.16071783625597216,-0.034282163744027844,0.1849234934880899,0.024205657232117733,-0.13646748906561784,,,,,0.0,0.24213319258941166,6,0,0,0,9,0.1,0.9839282163744028,,19.87435472855939,1.0349219232316424,9.948965392768805,17.235066915155805,-9.042189706668328,17.731189222193382,-19.890060672778862,-0.6900309353050289,-10.543100011497241,-16.877002447238738,10.247795713113268,-17.05921583850184
nominal,115,2.9000000000000004,0.195,0.205,0.16071783625597214,0.1606235220192389,-0.0343764779807611,0.18485966118324998,0.024236139164011072,-0.1366175541670859,,,,,0.0,0.23305319786730985,6,0,0,0,9,0.1,0.9839376477980761,,19.878038588738413,1.0353643136104558,9.950879190539975,17.23827095583746,-9.043600467668266,17.73452450136113,-19.893726535049655,-0.6903294002310904,-10.545173198566095,-16.880150930467284,10.249781911371521,-17.062370719558018
nominal,116,2.9250000000000003,0.195,0.205,0.16062352201923888,0.1605326732495761,-0.03446732675042391,0.18479817186594044,0.024265498616364345,-0.13676198991973032,,,,,0.0,0.22431370294728661,6,0,0,0,9,0.1,0.9839467326750424,,19.88158430416072,1.0357901143500636,9.952721220894727,17.241354844993555,-9.044958325130706,17.737734707560087,-19.897254927485292,-0.6906166727224244,-10.547168641119868,-16.883181345574762,10.251693627195088,-17.06540729257459
nominal,117,2.95,0.195,0.205,0.16053267324957615,0.16044516528069713,-0.034554834719302874,0.1847389413251865,0.024293776044489374,-0.1369010076149821,,,,,0.0,0.21590193908676433,6,0,0,0,9,0.1,0.9839554834719303,,19.884997055254694,1.0361999475619363,9.954494175111174,17.2443230883063,-9.046265262938304,17.740824531026583,-19.900651005204594,-0.6908931724953336,-10.549089254577872,-16.886098120115708,10.253533653675273,-17.068329994103042
nominal,118,2.975,0.195,0.205,0.16044516528069716,0.16036087772803642,-0.034639122271963585,0.1846818882484063,0.02432101052036989,-0.13703481060245698,,,,,0.0,0.20780561637101122,6,0,0,0,9,0.1,0.9839639122271964,,19.88828182818264,1.0365944120283637,9.956200643544506,17.247180022494813,-9.047523190578117,17.743798486113086,-19.90391973000942,-0.6911593035267586,-10.550937845031202,-16.88890551561137,10.25530467916245,-17.071143094324178
nominal,119,3.0,0.195,0.205,0.16036087772803642,0.16027969435752076,-0.03472030564247924,0.18462693413078365,0.02434723977326289,-0.13716359458943628,,,,,0.0,0.20001290575709815,6,0,0,0,9,0.1,0.9839720305642479,,19.891443422125793,1.0369740840773,9.957843119411587,17.249929821651257,-9.048733945931437,17.746660917883844,-19.907065877634068,-0.6914154546445052,-10.552717113342531,-16.891607633775944,10.257009291193858,-17.07385070328702
nominal,120,3.0250000000000004,0.195,0.205,0.16027969435752068,0.16020150295706637,-0.03479849704293364,0.1845740031868263,0.024372500229759925,-0.13728754792898312,,,,,0.0,0.19251242179120695,6,0,0,0,9,0.1,0.9839798497042933,,19.894486456296075,1.0373395184244014,9.959424002433652,17.252576503339334,-9.049899297959008,17.7494160084632,-19.91009404472279,-0.6916620000953362,-10.554429659092186,-16.894208422509347,10.25864998027409,-17.07645677691376
nominal,121,3.0500000000000003,0.195,0.205,0.16020150295706634,0.16012619521086288,-0.034873804789137125,0.18452302226410724,0.024396827053244363,-0.13740685189712826,,,,,0.0,0.18529320597403662,6,0,0,0,9,0.1,0.9839873804789138,,19.89741537668497,1.0376912489834864,9.96094560234239,17.25512393446411,-9.051020949285546,17.75206778314583,-19.913008655545685,-0.691899300091761,-10.556077984376229,-16.89671168166525,10.260229143513811,-17.078965122779493
nominal,122,3.075,0.195,0.205,0.1601261952108629,0.16005366657649542,-0.03494633342350459,0.1844739207591773,0.024420254182681872,-0.13752168095954823,,,,,0.0,0.17834471075000896,6,0,0,0,9,0.1,0.9839946333423505,,19.900234462559286,1.0380297896466057,9.96241014225455,17.257575836921706,-9.052100538687338,17.75462011627786,-19.91581396846272,-0.69212770133832,-10.55766449746212,-16.899121068602803,10.261749088132044,-17.081379405675264
nominal,123,3.1,0.195,0.205,0.16005366657649545,0.15998381616493523,-0.035016183835064774,0.1844266305356327,0.02444281437069748,-0.1376322030281284,,,,,0.0,0.17165678409688326,6,0,0,0,9,0.1,0.9840016183835065,,19.902947832713313,1.038355635034858,9.963819761920004,17.259935793037144,-9.053139643486562,17.75707673691744,-19.918514082145368,-0.692347537538133,-10.55919151630729,-16.9014401035302,10.263212034827092,-17.083703152962443
nominal,124,3.125,0.195,0.205,0.15998381616493523,0.15991654662342522,-0.035083453376574786,0.18438108584432464,0.024464539220899417,-0.13773857970780595,,,,,0.0,0.16521965469324887,6,0,0,0,9,0.1,0.9840083453376575,,19.905559451486564,1.0386692612210509,9.965176520848003,17.26220725079825,-9.054139781855815,17.759441234283038,-19.921112941564918,-0.6925591298804531,-10.560661271945767,-16.903672174647816,10.264620121021077,-17.08593975972635
nominal,125,3.1500000000000004,0.195,0.205,0.15991654662342517,0.15985176402126985,-0.03514823597873015,0.18433722324568888,0.024485459224419026,-0.13784096653406386,,,,,0.0,0.1590239176422506,6,0,0,0,9,0.1,0.9840148235978731,,19.908073134555817,1.0389711264252615,9.966482401316203,17.26439352889332,-9.055102415036222,17.761717062997423,-19.923614343756235,-0.6927627875099361,-10.562075911747801,-16.905820543098525,10.265975403982786,-17.088092493736614
nominal,126,3.1750000000000003,0.195,0.205,0.15985176402126988,0.15978937773853116,-0.035210622261468844,0.1842949815341703,0.024505603795639125,-0.13793951320142486,,,,,0.0,0.15306052073066415,6,0,0,0,9,0.1,0.9840210622261469,,19.910492554509975,1.0392616716843142,9.967739311266845,17.26649782155982,-9.056028949472363,17.76390754813502,-19.926021943365377,-0.6929588079783136,-10.563437502557258,-16.90788834773233,10.267279863833432,-17.09016450022149
nominal,127,3.2,0.195,0.205,0.15978937773853116,0.15972930035763153,-0.03527069964236848,0.18425430166472384,0.024525001307092315,-0.13803436378330292,,,,,0.0,0.14732075120326313,6,0,0,0,9,0.1,0.9840270699642368,,19.912821246215852,1.0395413214961524,9.96894908709434,17.268523203251327,-9.05692073886715,17.766015890079956,-19.928339257989176,-0.6931474776791268,-10.56474803371136,-16.90987860969237,10.268535406439678,-17.092158806463186
nominal,128,3.225,0.195,0.205,0.15972930035763142,0.15967144755783783,-0.03532855244216218,0.1842151266813561,0.024543679123518264,-0.1381256569435302,,,,,0.0,0.14179622303313985,6,0,0,0,9,0.1,0.9840328552442162,,19.91506261198276,1.0398104844400466,9.9701134963283,17.2704726331294,-9.057779086159632,17.768045169201958,-19.930569673314583,-0.6933290722661595,-10.566009419947184,-16.911794236828907,10.26974386619819,-17.094078326220817
nominal,129,3.25,0.195,0.205,0.15967144755783783,0.15961573801261966,-0.035384261987380344,0.18417740164768473,0.024561663635065067,-0.13821352613989027,,,,,0.0,0.13647886466939715,6,0,0,0,9,0.1,0.984038426198738,,19.917219926533406,1.040069553773545,9.97123424021599,17.27234895938705,-9.058605245428646,17.769998350356886,-19.932716448065285,-0.6935038570561785,-10.567223504199164,-16.913638027947822,10.270907008715758,-17.095925863987535
nominal,130,3.2750000000000004,0.195,0.205,0.15961573801261975,0.15956209328984797,-0.03543790671015204,0.18414107357948195,0.024578980289633984,-0.1382980998199491,,,,,0.0,0.1313609072442944,6,0,0,0,9,0.1,0.9840437906710152,,19.919296341788403,1.040318908007037,9.97231295620789,17.274154923410034,-9.059400423725073,17.771878287218502,-19.934782718762836,-0.6936720874165717,-10.568392060291696,-16.91541267689978,10.272026533388917,-17.097704119088004
nominal,131,3.3000000000000003,0.195,0.205,0.15956209328984802,0.1595104377548025,-0.0354895622451975,0.1841060913791679,0.024595653624365388,-0.13837950160948886,,,,,0.0,0.12643487322263275,6,0,0,0,9,0.1,0.9840489562245197,,19.921294891471337,1.040558911456773,9.973351220350095,17.275893163782158,-9.060165782835382,17.773687726447807,-19.93677150430923,-0.6938340091384503,-10.569516795530758,-16.91712077651604,10.273104075886833,-17.099415689622205
nominal,132,3.325,0.195,0.205,0.1595104377548025,0.15946069847595906,-0.035539301524040945,0.18407240577222367,0.024611707296264607,-0.1384578504938234,,,,,0.0,0.12169356547678574,6,0,0,0,9,0.1,0.984053930152404,,19.92321849554116,1.040789914777144,9.974350549586966,17.277566220140326,-9.060902440979055,17.775429311706013,-19.938685710397635,-0.6939898587957584,-10.570599353198354,-16.91876482239669,10.274141210541076,-17.101063076261372
nominal,133,3.35,0.195,0.205,0.1594606984759591,0.1594128051335084,-0.03558719486649162,0.1840399692454838,0.024627164111975408,-0.13853326099226718,,,,,0.0,0.1171300567714063,6,0,0,0,9,0.1,0.9840587194866491,,19.925069964458366,1.041012255473001,9.975312403977455,17.279176536885064,-9.06161147444234,17.77710558751704,-19.940528133757724,-0.6941398640909174,-10.571641314953416,-16.920347216556813,10.275139452645785,-17.10264868590157
nominal,134,3.375,0.195,0.205,0.15941280513350842,0.15936668993057196,-0.03563331006942805,0.18400873598727618,0.024642046056704225,-0.13860584332601572,,,,,0.0,0.11273767964247784,6,0,0,0,9,0.1,0.9840633310069428,,19.926852003291177,1.0412262583927634,9.976238188828301,17.280726466751876,-9.062293919150752,17.77871900298515,-19.94230146624181,-0.694284244187508,-10.572644203142662,-16.921870270935933,10.276100260671567,-17.104174835180263
nominal,135,3.4000000000000004,0.195,0.205,0.15936668993057204,0.15932228750706187,-0.035677712492938135,0.18397866182937006,0.02465637432230819,-0.13867570357969217,,,,,0.0,0.10851001665588461,6,0,0,0,9,0.1,0.9840677712492938,,19.92856721566776,1.0414322362030348,9.97712925674724,17.28221827424868,-9.0629507721826,17.780271915373206,-19.94400829875774,-0.6944232100304765,-10.573609483024812,-16.923336210775837,10.277025038396383,-17.105643753861003
nominal,136,3.4250000000000003,0.195,0.205,0.15932228750706187,0.15927953485614132,-0.03572046514385868,0.183949704190693,0.024670169334551684,-0.138742943856802,,,,,0.0,0.10444089103128848,6,0,0,0,9,0.1,0.9840720465143858,,19.930218107580217,1.041630489845421,9.977986909619219,17.283654138964355,-9.063582993225753,17.78176659354671,-19.945651125054326,-0.6945569646543336,-10.574538564911382,-16.924747177871744,10.27791513695652,-17.107057588091216
nominal,137,3.45,0.195,0.205,0.15927953485614132,0.15923837124323412,-0.03576162875676589,0.18392182202278312,0.024683450779549004,-0.13880766242932213,,,,,0.0,0.10052435761761752,6,0,0,0,9,0.1,0.9840761628756766,,19.931807091045957,1.0418213089762176,9.978812400508499,17.28503615875319,-9.064191505979787,17.783205221288707,-19.94723234536479,-0.6946857034797961,-10.575432806227205,-16.926105233701552,10.278771856820649,-17.108418403537794
nominal,138,3.475,0.195,0.205,0.1592383712432342,0.15919873812752974,-0.035801261872470264,0.18389497575693112,0.024696237629401374,-0.13886995388165563,,,,,0.0,0.09675469420695695,6,0,0,0,9,0.1,0.984080126187247,,19.933336487631735,1.0420049723896094,9.97960693548943,17.286366352799945,-9.064777199505546,17.78458990049038,-19.94875426991361,-0.6948096145993037,-10.576293513493685,-16.927412362437742,10.279596449689874,-17.109728188405125
nominal,139,3.5,0.195,0.205,0.15919873812752974,0.15916057908593342,-0.03583942091406658,0.1838691272529787,0.024708548167045263,-0.13892990924915438,,,,,0.0,0.09312639317419512,6,0,0,0,9,0.1,0.9840839420914067,,19.934808531845544,1.042181748424999,9.980371675408577,17.287646664569948,-9.065340929524087,17.78592265422199,-19.950219122291852,-0.6949288790518298,-10.577121944237671,-16.928670473846328,10.280390120326505,-17.110988856339933
nominal,140,3.5250000000000004,0.195,0.205,0.15916057908593345,0.1591238397394047,-0.03587616026059531,0.18384423974973235,0.02472040001032766,-0.1389876161514314,,,,,0.0,0.08963415343016498,6,0,0,0,9,0.1,0.9840876160260595,,19.936225374401335,1.0423518953590616,9.981107737580755,17.288878964648575,-9.065883519666933,17.787205429688665,-19.951629042705907,-0.6950436710873862,-10.577919308828758,-16.92988140607709,10.28115402831426,-17.112202249227185
nominal,141,3.5500000000000003,0.195,0.205,0.1591238397394047,0.15908846768163012,-0.03591153231836988,0.18382027781695104,0.024731810135320914,-0.13904315892064484,,,,,0.0,0.08627287267653233,6,0,0,0,9,0.1,0.9840911532318369,,19.937589085361285,1.0425156617830968,9.981816197421477,17.290065053474255,-9.066405762679423,17.78844010107534,-19.952986091104435,-0.6951541584216092,-10.578686772247679,-16.9310469283492,10.281889289752476,-17.113370139881166
nominal,142,3.575,0.195,0.205,0.15908846768163012,0.15905441240997606,-0.03594558759002395,0.1837972073088719,0.02474279489889583,-0.13909661872495566,,,,,0.0,0.08303763995116142,6,0,0,0,9,0.1,0.9840945587590024,,19.938901657160237,1.0426732869662307,9.982498090018172,17.29120666396897,-9.066908421578946,17.789628472285017,-19.95429225018802,-0.6952605024807988,-10.57942545578839,-16.932168743536106,10.282596978886758,-17.11449423463562
nominal,143,3.6,0.195,0.205,0.159054412409976,0.15902162525866206,-0.03597837474133794,0.18377499531923244,0.02475337006057038,-0.13914807368733723,,,,,0.0,0.07992372845299134,6,0,0,0,9,0.1,0.9840978374741338,,19.94016500751673,1.042825001204997,9.983154411642492,17.292305464070136,-9.067392230769736,17.79077227957433,-19.955549428305968,-0.6953628586377689,-10.580136438696327,-16.9332484906535,10.283278129678505,-17.115576175836786
nominal,144,3.625,0.195,0.205,0.15902162525866206,0.1589900593341037,-0.0360099406658963,0.18375361013775188,0.02476355080364817,-0.1391975989999122,,,,,0.0,0.076926588636005,6,0,0,0,9,0.1,0.9841009940665897,,19.94138098223485,1.0429710261598097,9.983786121205899,17.293363059167504,-9.067857897115871,17.791873194090293,-19.956759462244495,-0.6954613764388526,-10.580820759745215,-16.934287747253993,10.28393373731556,-17.116617544242906
nominal,145,3.6500000000000004,0.195,0.205,0.15899005933410373,0.15895966945236356,-0.036040330547636446,0.1837330212080313,0.02477335175566775,-0.13924526703398787,,,,,0.0,0.07404184156215525,6,0,0,0,9,0.1,0.9841040330547637,,19.942551357901042,1.043111575178817,9.984394141660678,17.294380994448723,-9.068306100974027,17.792932824311908,-19.957924119910327,-0.6955561998223957,-10.58147941875477,-16.935288031731968,10.284564759666226,-17.117619861333797
nominal,146,3.6750000000000003,0.195,0.205,0.15895966945236353,0.1589304120786595,-0.03606958792134052,0.1837131990868362,0.02478278700817671,-0.1392911474459525,,,,,0.0,0.07126527250357252,6,0,0,0,9,0.1,0.9841069587921341,,19.943677844479755,1.0432468536096113,9.984979361348403,17.295360757156896,-9.0687374971875,17.793952718400213,-19.95904510291369,-0.6956474673290558,-10.582113378051465,-16.93625080554202,10.285172118678743,-17.11858459153378
nominal,147,3.7,0.195,0.205,0.1589304120786595,0.15890224526887192,-0.036097754731128084,0.1836941154047224,0.02479187013585049,-0.1393353072791882,,,,,0.0,0.06859282478468795,6,0,0,0,9,0.1,0.9841097754731128,,19.944762087811764,1.0433770590992508,9.985542635297838,17.296303778763512,-9.06915271604297,17.794934366460204,-19.96012404905443,-0.6957353123042163,-10.582723563874536,-16.937177475334195,10.285756701728289,-17.119513144351263
nominal,148,3.725,0.195,0.205,0.1589022452688719,0.158875128612995,-0.036124871387005014,0.18367574282796847,0.024800614214973482,-0.13937781106215208,,,,,0.0,0.06602059385526371,6,0,0,0,9,0.1,0.9841124871387005,,19.945805672018825,1.043502381883029,9.98608478647417,17.29721143705988,-9.069552364191358,17.795879202717945,-19.961162534714887,-0.6958198630928082,-10.58331086772924,-16.938069395009162,10.286319362913478,-17.12040687643809
nominal,149,3.75,0.195,0.205,0.15887512861299502,0.15884902318047917,-0.03615097681952084,0.1836580550217761,0.02480903184129693,-0.13941872090276902,,,,,0.0,0.06354482158569207,6,0,0,0,9,0.1,0.984115097681952,,19.946810121818118,1.0436230050624153,9.986606606981388,17.298085058170134,-9.069937025534182,17.796788607616023,-19.96216207716308,-0.6959012432268279,-10.583876147689393,-16.938927867696318,10.286860924304221,-17.12126709357166
nominal,150,3.7750000000000004,0.195,0.205,0.15884902318047914,0.15882389146741022,-0.03617610853258979,0.18364102661470594,0.02481713514729572,-0.139458096579277,,,,,0.0,0.061161890776230195,6,0,0,0,9,0.1,0.984117610853259,,19.947776904749936,1.0437391048725748,9.987108859219585,17.298925918488752,-9.07030726207665,17.797663909830423,-19.963124136769462,-0.6959795716058218,-10.584420229651041,-16.939754147657705,10.287382177142813,-17.122095052562724
nominal,151,3.8000000000000003,0.195,0.205,0.15882389146741027,0.1587996973454711,-0.03620030265452889,0.18362463316430808,0.024824935818836963,-0.13949599562765666,,,,,0.0,0.05886831987212037,6,0,0,0,9,0.1,0.9841200302654529,,19.948707433321815,1.0438508509398532,9.987592276998852,17.299735246545424,-9.070663614748776,17.79850638821178,-19.96405011914061,-0.6960549626706035,-10.584943908539127,-16.940549442120542,10.287883882999958,-17.12289196309162
nominal,152,3.825,0.195,0.205,0.15879969734547106,0.1587764060126363,-0.03622359398736372,0.1836088511239164,0.024832445111280105,-0.1395324734257774,,,,,0.0,0.05666075787691553,6,0,0,0,9,0.1,0.9841223593987364,,19.949603067072246,1.0439584065296086,9.988057566611396,17.300514224799972,-9.071006604195697,17.799317273653838,-19.964941377172835,-0.6961275265704558,-10.58544794946891,-16.941314913041023,10.28836677488746,-17.123658989475686
nominal,153,3.85,0.195,0.205,0.15877640601263632,0.15875398394554527,-0.03624601605445474,0.18359365781056963,0.024839673865024364,-0.1395675832743783,,,,,0.0,0.054535979456532734,6,0,0,0,9,0.1,0.9841246016054455,,19.950465114557037,1.0440619287847483,9.988505407863467,17.30126399136997,-9.071336731538358,17.80009775089182,-19.965799213028852,-0.6961973693240637,-10.585933088863827,-16.942051678801985,10.28883155832918,-17.124397252370347
nominal,154,3.875,0.195,0.205,0.15875398394554524,0.15873239885350562,-0.03626760114649438,0.18357903137402554,0.024846632520519912,-0.13960137647501114,,,,,0.0,0.052490880226911195,6,0,0,0,9,0.1,0.9841267601146494,,19.951294835261148,1.0441615689553203,9.988936455068588,17.301985641693598,-9.07165447910567,17.800848960233377,-19.96662488004027,-0.6962645929744113,-10.586400035531433,-16.94276081584691,10.289278912391836,-17.12510783040646
nominal,155,3.9000000000000004,0.195,0.205,0.1587323988535056,0.15871161963407684,-0.03628838036592316,0.18356495076683654,0.0248533311327597,-0.13963390240505358,,,,,0.0,0.05052247221840061,6,0,0,0,9,0.1,0.9841288380365923,,19.952093441438855,1.0442574726194958,9.989351338003516,17.30268023013009,-9.071960311139208,17.801571999224628,-19.96741958453876,-0.696329295737871,-10.586849471699004,-16.94344336025265,10.289709490677142,-17.12579176176622
nominal,156,3.9250000000000003,0.195,0.205,0.15871161963407682,0.1586916163301855,-0.03630838366981451,0.18355139571545323,0.024859779385267733,-0.13966520858990095,,,,,0.0,0.048627879510210505,6,0,0,0,9,0.1,0.9841308383669815,,19.952862099884896,1.0443497798962647,9.989750662828385,17.30334877150021,-9.072254674471488,17.802267924253705,-19.968184487618558,-0.6963915721477008,-10.587282054010291,-16.944100309243176,10.290123922276749,-17.126450045699986
nominal,157,3.95,0.195,0.205,0.15869161633018547,0.15867236008872448,-0.03632763991127552,0.1835383466923231,0.024865986603598622,-0.1396953407724542,,,,,0.0,0.04680433402857906,6,0,0,0,9,0.1,0.9841327639911276,,19.953601933639213,1.0444386256501548,9.99013501297232,17.303992242568953,-9.072537999178806,17.80293775209419,-19.96892070683286,-0.696451513192162,-10.587698414484905,-16.944732622646555,10.290522812691371,-17.127083643986236
nominal,158,3.975,0.195,0.205,0.15867236008872448,0.15865382312058948,-0.036346176879410524,0.18352578488895507,0.02487196176836559,-0.1397243429799931,,,,,0.0,0.04504917150250766,6,0,0,0,9,0.1,0.9841346176879411,,19.95431402362774,1.044524139688274,9.990504949985858,17.304611583472617,-9.072810699209601,17.803582461390658,-19.96962931782663,-0.696509206447456,-10.58809916144172,-16.94534122429731,10.290906744715445,-17.127693482336753
nominal,159,4.0,0.195,0.205,0.15865382312058948,0.1586359786621086,-0.036364021337891406,0.18351369218991875,0.024877713527810152,-0.1397522575885389,,,,,0.0,0.04335982757116328,6,0,0,0,9,0.1,0.9841364021337892,,19.9549994102417,1.0446064469499639,9.99086101436139,17.305207699092396,-9.073073172989242,17.80420299408851,-19.97031135590813,-0.6965647362056764,-10.588484880387655,-16.94592700338616,10.291276279288615,-17.128280451749124
nominal,160,4.025,0.195,0.205,0.15863597866210863,0.15861880093781977,-0.036381199062180236,0.1835020511477486,0.02488325020992882,-0.13977912538480272,,,,,0.0,0.041733834037245086,6,0,0,0,9,0.1,0.984138119906218,,19.955659094857637,1.0446856676893401,9.991203726322837,17.30578146037643,-9.073325804002145,17.80480025681019,-19.970967817561576,-0.6966181835979636,-10.588856134873119,-16.94649081575918,10.291631956315292,-17.12884540980853
nominal,161,4.05,0.195,0.205,0.15861880093781974,0.15860226512455186,-0.036397734875448146,0.18349084495872403,0.02488857983417217,-0.1398049856258067,,,,,0.0,0.04016881526084699,6,0,0,0,9,0.1,0.9841397734875448,,19.956294041300477,1.04476191765099,9.991533586585732,17.306333705612314,-9.073568961352064,17.805375122179807,-19.971599661903017,-0.6966696267130399,-10.589213467315377,-16.947033485168213,10.29197429545347,-17.12938918194071
nominal,162,4.075,0.195,0.205,0.15860226512455186,0.15858634731677027,-0.03641365268322974,0.18348005743949866,0.024893710122728396,-0.13982987609626718,,,,,0.0,0.03866248468856658,6,0,0,0,9,0.1,0.984141365268323,,19.95690517725171,1.0448353082390778,9.991851077088766,17.306865241651852,-9.073803000301362,17.805928430098064,-19.972207812081653,-0.6967191407113009,-10.58955739979105,-16.947555804474405,10.292303796873965,-17.129912562617932
nominal,163,4.1000000000000005,0.195,0.205,0.15858634731677032,0.15857102449314245,-0.03642897550685756,0.1834696730045482,0.024898648511405747,-0.13985383316382363,,,,,0.0,0.037212641512744477,6,0,0,0,9,0.1,0.9841428975506857,,19.95749339560477,1.0449059466801123,9.992156661697937,17.30737684508991,-9.074028262790062,17.806460988969388,-19.97279315662859,-0.6967667979346271,-10.589888434798885,-16.948058536806613,10.29262094199119,-17.13041631651976
nominal,164,4.125,0.195,0.205,0.15857102449314242,0.1585562744842853,-0.0364437255157147,0.18345967664441354,0.024903402160128235,-0.13987689183219548,,,,,0.0,0.03581716745601614,6,0,0,0,9,0.1,0.9841443725515715,,19.958059555769594,1.044973936179608,9.992450786884264,17.307869263399038,-9.074245077935435,17.806973576883035,-19.973356550755017,-0.6968126680120786,-10.590207055993927,-16.948542416676364,10.29292619416652,-17.13090117965027
nominal,165,4.15,0.195,0.205,0.15855627448428525,0.15854207594165529,-0.03645792405834472,0.18345005390471225,0.024907977963056965,-0.13989908579234372,,,,,0.0,0.034474023676416256,6,0,0,0,9,0.1,0.9841457924058344,,19.958604484928234,1.0450393760728727,9.992733882376104,17.308343216021573,-9.074453762512857,17.807466942749922,-19.973898817601704,-0.6968568179616257,-10.590513728894155,-16.949008151051,10.293219999385276,-17.131367860413384
nominal,166,4.175,0.195,0.205,0.15854207594165529,0.15852840830754297,-0.036471591692457034,0.18344079086589057,0.0249123825583476,-0.13992044747171067,,,,,0.0,0.033181247788550396,6,0,0,0,9,0.1,0.9841471591692457,,19.959128979243424,1.0451023619701398,9.993006361787,17.308799395420763,-9.074654621418624,17.8079418073968,-19.97442074944164,-0.6968993122880647,-10.590808901560624,-16.94945642038659,10.293502786908327,-17.13181704064788
nominal,167,4.2,0.195,0.205,0.15852840830754295,0.15851525178613626,-0.036484748213863744,0.18343187412369474,0.02491662233755848,-0.13994100808161575,,,,,0.0,0.031936950996479606,6,0,0,0,9,0.1,0.9841484748213863,,19.959633805021795,1.0451629858962597,9.993268623219988,17.309238468092484,-9.074847948115426,17.80839886461942,-19.97492310883758,-0.6969402130772623,-10.591093005252102,-16.949887879622093,10.293774969899264,-17.132249376623587
nominal,168,4.2250000000000005,0.195,0.205,0.15851525178613618,0.1585025873156134,-0.03649741268438661,0.18342329077033562,0.02492070345472222,-0.13996079766286681,,,,,0.0,0.03073931533411255,6,0,0,0,9,0.1,0.9841497412684387,,19.960119699833477,1.04522133642515,9.993521049849239,17.309661075539015,-9.075034025061099,17.80883878219619,-19.97540662975617,-0.696979580086865,-10.591366455055148,-16.950303159136265,10.294036946028042,-17.132665500000204
nominal,169,4.25,0.195,0.205,0.15850258731561337,0.15849039654123673,-0.03650960345876328,0.18341502837632512,0.02492463183508839,-0.13997984512966755,,,,,0.0,0.029586591009082924,6,0,0,0,9,0.1,0.9841509603458763,,19.96058737358972,1.0452774988092068,9.993764010479893,17.3100678352063,-9.075213124121307,17.809262202863835,-19.975872018640313,-0.6970174708336075,-10.59162965049058,-16.950702865668656,10.29428909805199,-17.133066018750196
nominal,170,4.275,0.195,0.205,0.15849039654123676,0.15847866178940564,-0.03652133821059436,0.18340707497295902,0.024928413183553377,-0.13999817831186984,,,,,0.0,0.028477093846243324,6,0,0,0,9,0.1,0.9841521338210595,,19.961037509580105,1.0453315551038616,9.993997860086896,17.310459341386064,-9.075385506966757,17.80966974525644,-19.9763199554413,-0.6970539406773473,-10.591882976097184,-16.951087583206082,10.294531794375041,-17.133451518047064
nominal,171,4.3,0.195,0.205,0.15847866178940567,0.15846736604264455,-0.036532633957355454,0.18339941903542695,0.024932052992782394,-0.1400158239956463,,,,,0.0,0.027409202827007925,6,0,0,0,9,0.1,0.9841532633957355,,19.961470765470853,1.0453835842874668,9.994222940333637,17.310836166084087,-9.075551425455505,17.81006200480932,-19.976751094612254,-0.6970890429019467,-10.592126801993539,-16.951457873835853,10.294765389585978,-17.1338225611203
nominal,172,4.325,0.195,0.205,0.15846736604264455,0.1584564929154871,-0.0365435070845129,0.1833920494665286,0.024935556551041488,-0.14003280796263307,,,,,0.0,0.026381357720992964,6,0,0,0,9,0.1,0.9841543507084513,,19.961887774265698,1.045433662376687,9.994439580071125,17.311198859855935,-9.075711122000923,17.81043955462897,-19.977166066064296,-0.6971228287931237,-10.592361484418781,-16.95181427856701,10.294990224976504,-17.13417969007829
nominal,173,4.3500000000000005,0.195,0.205,0.1584564929154871,0.15844602663122892,-0.03655397336877109,0.18338495558097087,0.02493892894974195,-0.1400491550276082,,,,,0.0,0.02539205680645547,6,0,0,0,9,0.1,0.9841553973368771,,19.962289145230734,1.045481862537561,9.994648095818459,17.31154795261134,-9.075864829925889,17.810802946330384,-19.977565476086884,-0.6971553477133816,-10.592587366253078,-16.952157318120747,10.295206629039885,-17.134523426700355
nominal,174,4.375,0.195,0.205,0.15844602663122892,0.15843595199951946,-0.03656404800048055,0.1833781270902335,0.02494217509071403,-0.14006488907475065,,,,,0.0,0.0244398546762134,6,0,0,0,9,0.1,0.9841564048000481,,19.96267546478458,1.0455282551924026,9.994848792225266,17.311883954388414,-9.076012773803669,17.811152710842993,-19.977949908233626,-0.6971866471741298,-10.592804777518587,-16.95248749369122,10.29541491795089,-17.134854273199092
nominal,175,4.4,0.195,0.205,0.15843595199951938,0.15842625439476252,-0.03657374560523749,0.18337155408797645,0.024945299693213935,-0.1400800330925459,,,,,0.0,0.023523360125854233,6,0,0,0,9,0.1,0.9841573745605238,,19.96304729735516,1.0455729081226874,9.995041962516819,17.31220735609885,-9.07615516978603,17.811489359186382,-19.978319924174865,-0.6972167729051,-10.593014035861641,-16.952805287677798,10.295615396027731,-17.135172712954127
nominal,176,4.425,0.195,0.205,0.15842625439476252,0.15841691973529876,-0.03658308026470125,0.1833652270359754,0.024948307300676653,-0.1400946092073769,,,,,0.0,0.022641234121134605,6,0,0,0,9,0.1,0.9841583080264701,,19.96340518620434,1.0456158865680867,9.995227888922438,17.312518630245144,-9.076292225919055,17.811813383216894,-19.978676064518307,-0.6972457689211587,-10.59321544701683,-16.95311116438988,10.29580835617669,-17.135479211218346
nominal,177,4.45,0.195,0.205,0.15841691973529876,0.15840793446334023,-0.03659206553665978,0.18335913675056353,0.024951202287223306,-0.14010863871585447,,,,,0.0,0.021792187841592987,6,0,0,0,9,0.1,0.984159206553666,,19.96374965422168,1.0456572533217834,9.995406843087846,17.31281823161095,-9.07642414244709,17.81212525634626,-19.97901884959887,-0.6972736775866153,-10.593409305253699,-16.95340557072526,10.295994080320066,-17.135774215797657
nominal,178,4.4750000000000005,0.195,0.205,0.1584079344633402,0.1583992855256357,-0.036600714474364304,0.18335327438956556,0.024953988863929855,-0.14012214211594204,,,,,0.0,0.020974980797533092,6,0,0,0,9,0.1,0.9841600714474364,,19.964081204688366,1.0456970688222165,9.995579086472052,17.31310659792554,-9.076551112105324,17.812425434233276,-19.97934878023891,-0.6973005396771172,-10.593595893806686,-16.953688936823063,10.296172839808063,-17.136058157705243
nominal,179,4.5,0.195,0.205,0.15839928552563576,0.15839096035483638,-0.03660903964516363,0.18334763143970373,0.02495667108486735,-0.1401351391369041,,,,,0.0,0.02018841901762605,6,0,0,0,9,0.1,0.9841609039645164,,19.96440032201255,1.0457353912413834,9.99574487072935,17.31338415050333,-9.076673320401374,17.81271435544953,-19.97966633847995,-0.6973263944392254,-10.593775485288935,-16.9539616766922,10.296344895815261,-17.136331451791296
nominal,180,4.525,0.195,0.205,0.15839096035483635,0.15838294685153884,-0.03661705314846117,0.18334219970446067,0.02495925285292183,-0.1401476487681352,,,,,0.0,0.01943135330446516,6,0,0,0,9,0.1,0.9841617053148461,,19.96470747243708,1.0457722765698314,9.995904438077,17.313651294859458,-9.076790945886323,17.812992442120173,-19.97997198828695,-0.6973512796477545,-10.5939483420906,-16.95422418881624,10.296510499722189,-17.136594497349122
nominal,181,4.55,0.195,0.205,0.15838294685153886,0.15837523336698353,-0.036624766633016476,0.18333697129238347,0.024961737925399935,-0.14015968928690858,,,,,0.0,0.018702677555548237,6,0,0,0,9,0.1,0.9841624766633017,,19.96500310472069,1.0458077786984628,9.996058021649112,17.313908421302227,-9.076904160415586,17.813260100540667,-19.98026617622619,-0.6973752316609637,-10.594114716762203,-16.95447685673563,10.296669893482607,-17.13684767869853
nominal,182,4.575,0.195,0.205,0.1583752333669835,0.15836780868638214,-0.03663219131361786,0.18333193860581265,0.024964129919430506,-0.1401712782850832,,,,,0.0,0.018001327147214675,6,0,0,0,9,0.1,0.9841632191313617,,19.965287650793666,1.0458419494972704,9.99620584583727,17.314155905503394,-9.077013129400001,17.813517721770392,-19.980549332117707,-0.6973982854736775,-10.59427485238362,-16.954720049608046,10.29682330997701,-17.137091365747334
nominal,183,4.6000000000000005,0.195,0.205,0.15836780868638217,0.1583606620128555,-0.0366393379871445,0.1833270943300214,0.024966432317165888,-0.14018243269480707,,,,,0.0,0.01732627737919226,6,0,0,0,9,0.1,0.9841639337987145,,19.965561526388903,1.0458748388911228,9.996348126618372,17.31439410904702,-9.077118012047501,17.813765682204004,-19.980821869663295,-0.6974204747684146,-10.594428982919235,-16.954954122747743,10.296970973352872,-17.13732591453181
nominal,184,4.625,0.195,0.205,0.15836066201285554,0.15835378295195587,-0.03664621704804413,0.18332243142275123,0.024968648470795357,-0.14019316881325966,,,,,0.0,0.01667654197747299,6,0,0,0,9,0.1,0.9841646217048045,,19.965825131649318,1.0459064949327057,9.996485071870183,17.314623379957755,-9.07721896159572,17.814004344121354,-19.98108418705092,-0.6974418319645991,-10.594577333559764,-16.955179418144702,10.297113099352138,-17.13755166773687
nominal,185,4.65,0.195,0.205,0.15835378295195585,0.15834716149675693,-0.03665283850324308,0.18331794310412886,0.024970781607371928,-0.14020350232646323,,,,,0.0,0.016051171653319013,6,0,0,0,9,0.1,0.9841652838503243,,19.966078851712467,1.0459369638727292,9.99661688167505,17.314844053209338,-9.077316125535882,17.814234056216804,-19.98133666753651,-0.6974623882659267,-10.594720121051273,-16.955396264964275,10.297249895626432,-17.137768955196737
nominal,186,4.675,0.195,0.205,0.15834716149675693,0.15834078801348886,-0.03665921198651115,0.18331362284695057,0.024972834833461716,-0.1402134483322039,,,,,0.0,0.015449252716320918,6,0,0,0,9,0.1,0.9841659211986511,,19.96632305727325,1.0459662902275018,9.996743748612236,17.315056451213987,-9.077409645828286,17.814455154108675,-19.98157968000389,-0.6974821737059544,-10.59485755401185,-16.955604980028113,10.29738156204044,-17.13797809437686
nominal,187,4.7,0.195,0.205,0.15834078801348883,0.1583346532277005,-0.03666534677229952,0.1833094643673238,0.0249748111396233,-0.1402230213620904,,,,,0.0,0.01486990573945951,6,0,0,0,9,0.1,0.9841665346772299,,19.966558105125504,1.0459945168439704,9.996865858039277,17.315260884293462,-9.077499659109726,17.8146679608296,-19.981813579503743,-0.6975012171919811,-10.594989833236406,-16.955805868277057,10.297508290963924,-17.138179390837728
nominal,188,4.7250000000000005,0.195,0.205,0.15833465322770046,0.15832874821092816,-0.03667125178907185,0.18330546161564953,0.02497671340472138,-0.14023223540278845,,,,,0.0,0.014312284274228464,6,0,0,0,9,0.1,0.9841671251789071,,19.966784338683297,1.0460216849623214,9.996983388362803,17.31545765113246,-9.077586296893111,17.81487278729849,-19.982038707772354,-0.6975195465472818,-10.59511715199004,-16.95599922321667,10.297630267552776,-17.138373138681313
nominal,189,4.75,0.195,0.205,0.1583287482109282,0.15832306436785348,-0.03667693563214652,0.18330160876793547,0.024978544400081987,-0.14024110391645506,,,,,0.0,0.013775573613944525,6,0,0,0,9,0.1,0.9841676935632147,,19.967002088482673,1.0460478342762343,9.997096511299198,17.31564703921499,-9.07766968575962,17.815069932774797,-19.98225539373089,-0.6975371885517587,-10.595239696290413,-16.956185327346045,10.297747670019547,-17.138559620980764
nominal,190,4.775,0.195,0.205,0.1583230643678535,0.15831759342393503,-0.036682406576064974,0.18329790021742817,0.02498030679349314,-0.14024963986040967,,,,,0.0,0.013258989603422026,6,0,0,0,9,0.1,0.9841682406576064,,19.967211672664572,1.0460730029908756,9.997205392125478,17.31582932524443,-9.077749947543634,17.815259685295743,-19.982463953965983,-0.6975541689810678,-10.595357645179522,-16.95636445257057,10.297860669893813,-17.138739110193985
nominal,191,4.800000000000001,0.195,0.205,0.15831759342393498,0.15831232741349185,-0.03668767258650815,0.1832943305665513,0.024982003153059457,-0.14025785570606691,,,,,0.0,0.01276177749329402,6,0,0,0,9,0.1,0.9841687672586508,,19.96741339743965,1.0460972278787177,9.997310189920773,17.316004775547764,-9.077827199510747,17.81544232209715,-19.98266469319226,-0.6975705126442777,-10.59547117098529,-16.956536860599172,10.297969432272795,-17.13891186856171
nominal,192,4.825,0.195,0.205,0.15831232741349185,0.15830725866822742,-0.03669274133177258,0.18329089461914064,0.024983635950913213,-0.14026576345715663,,,,,0.0,0.012283210837295881,6,0,0,0,9,0.1,0.9841692741331772,,19.96760755753566,1.0461205443332657,9.997411057798743,17.316173646464723,-9.077901554529094,17.81561811001851,-19.98285790469755,-0.6975862434201173,-10.595580439573341,-16.956702803326703,10.298074116062566,-17.139078148490647
nominal,193,4.8500000000000005,0.195,0.205,0.1583072586682274,0.15830237980617623,-0.03669762019382378,0.1832875873729644,0.02498520756678818,-0.14027337466726536,,,,,0.0,0.011822590430894918,6,0,0,0,9,0.1,0.9841697620193823,,19.967794436628076,1.0461429864207683,9.99750814313129,17.316336184722296,-9.077973121234253,17.815787305892815,-19.983043870771393,-0.6976013842918629,-10.59568561058934,-16.956862523201952,10.29817487421022,-17.13923819292225
nominal,194,4.875,0.195,0.205,0.15830237980617623,0.15829768372105588,-0.03670231627894413,0.18328440401251866,0.02498672029146279,-0.14028070045671465,,,,,0.0,0.011379243289734949,6,0,0,0,9,0.1,0.9841702316278944,,19.967974307754524,1.0461645869299896,9.997601587763866,17.31649262779521,-9.078042004187969,17.815950156921836,-19.983222863117465,-0.6976159573809181,-10.59578683769224,-16.95701625358188,10.298271853927337,-17.139392235687666
nominal,195,4.9,0.195,0.205,0.1582976837210559,0.1582931635720144,-0.03670683642798561,0.1832813399020878,0.024988176330073414,-0.14028775152881065,,,,,0.0,0.010952521666370243,6,0,0,0,9,0.1,0.9841706836427986,,19.968147433713728,1.046185377420115,9.99769152822272,17.31664320425289,-9.07810830403092,17.816106901037266,-19.98339514325056,-0.6976299839791337,-10.59588426877878,-16.95716421907256,10.298365196905062,-17.13954050184938
nominal,196,4.925000000000001,0.195,0.205,0.15829316357201445,0.15828881277375256,-0.036711187226247444,0.1832783905790608,0.02498957780530825,-0.14029453818548138,,,,,0.0,0.01054180210388263,6,0,0,0,9,0.1,0.9841711187226247,,19.968314067449462,1.0462053882668607,9.997778095914368,17.316788134093407,-9.07817211762976,17.816257767248366,-19.983560962878666,-0.6976434845799162,-10.595978046199576,-16.95730663585734,10.298455039521121,-17.139683208030025
nominal,197,4.95,0.195,0.205,0.1582888127737526,0.15828462498701446,-0.03671537501298555,0.18327555174749344,0.024990926760478982,-0.14030107034233036,,,,,0.0,0.010146484524987589,6,0,0,0,9,0.1,0.9841715375012986,,19.968474452420107,1.0462246487068534,9.99786141731758,17.316927629064903,-9.078233538218644,17.81640297597655,-19.983720564270715,-0.6976564789081694,-10.596068306967092,-16.95744371201269,10.29854151303908,-17.1398205627289
nominal,198,4.9750000000000005,0.195,0.205,0.1582846249870145,0.15828059410942633,-0.03671940589057368,0.1832728192719085,0.024992225162482173,-0.14030735754312318,,,,,0.0,0.009765991355299554,6,0,0,0,9,0.1,0.9841719405890573,,19.968628822954354,1.0462431868803463,9.997941614168171,17.31706189297497,-9.078292655535444,17.816542739377432,-19.983874180610563,-0.6976689859491131,-10.596155182955826,-16.957575647812213,10.298624743800115,-17.139952766626568
nominal,199,5.0,0.195,0.205,0.15828059410942635,0.15827671426667655,-0.03672328573332345,0.18327018917132487,0.024993474904648316,-0.1403134089737317,,,,,0.0,0.009399766679474928,6,0,0,0,9,0.1,0.9841723285733324,,19.968777404593567,1.0462610298723334,9.998018803636866,17.317191121988408,-9.078349555952865,17.816677261650778,-19.984022036337667,-0.6976810239760214,-10.596238801094982,-16.957702636019256,10.29870485340761,-17.140080012878073
nominal,200,5.025,0.195,0.205,0.15827671426667653,0.15827297980401947,-0.036727020195980536,0.18326765761350658,0.02499467780948711,-0.14031923347555425,,,,,0.0,0.009047275428994632,6,0,0,0,9,0.1,0.9841727020195981,,19.96892041442131,1.0462782037521208,9.998093098500483,17.317315504913843,-9.078404322604634,17.816806739338872,-19.984164347475005,-0.6976926105769206,-10.59631928355392,-16.957824862168533,10.298781958904824,-17.140202487395147
nominal,201,5.050000000000001,0.195,0.205,0.15827297980401947,0.15826938527809528,-0.036730614721904725,0.1832652209094246,0.024995835631329316,-0.14032483955843683,,,,,0.0,0.008708002600407466,6,0,0,0,9,0.1,0.9841730614721905,,19.969058061380508,1.0462947336114163,9.998164607306714,17.317435223479574,-9.07845703550696,17.816931361613666,-19.98430132194469,-0.697703762680286,-10.596396747920647,-16.957942504837213,10.298856172945893,-17.14032036911783
nominal,202,5.075,0.195,0.205,0.15826938527809523,0.15826592544905227,-0.03673407455094774,0.18326287550792375,0.02499695005887148,-0.14033023541310324,,,,,0.0,0.00838145250289064,6,0,0,0,9,0.1,0.9841734074550947,,19.96919054657874,1.0463106436009881,9.998233434532713,17.31755045259909,-9.078507771675449,17.817051310553154,-19.984433159871767,-0.6977144965797752,-10.596471307373623,-16.958055735905816,10.298927603960422,-17.140433830275914
nominal,203,5.1000000000000005,0.195,0.205,0.15826592544905224,0.15826259527296016,-0.036737404727039846,0.18326061799058616,0.024998022717625995,-0.14033542892312328,,,,,0.0,0.008067148034034612,6,0,0,0,9,0.1,0.984173740472704,,19.969318063582037,1.046325956965951,9.998299680737736,17.317661360626623,-9.078556605237619,17.81716676140741,-19.984560053876574,-0.6977248279580337,-10.596543070847112,-16.958164720809346,10.298996356311907,-17.140543036640565
nominal,204,5.125,0.195,0.205,0.15826259527296016,0.15825938989450594,-0.036740610105494065,0.18325844506678532,0.024999055172279377,-0.1403404276764327,,,,,0.0,0.007764629982757364,6,0,0,0,9,0.1,0.9841740610105494,,19.96944079869771,1.046340696079728,9.99836344271007,17.317768109603126,-9.078603607541208,17.817277882854633,-19.984682189356203,-0.6977347719096074,-10.596612143190345,-16.958269618778996,10.299062530450211,-17.140648147766544
nominal,205,5.15,0.195,0.205,0.15825938989450597,0.15825630463995988,-0.03674369536004013,0.18325635356892436,0.025000048928964486,-0.14034523897641757,,,,,0.0,0.007473456358404255,6,0,0,0,9,0.1,0.984174369536004,,19.969558931246546,1.0463548824767381,9.998424813608443,17.31787085549301,-9.078648847258412,17.817384837247584,-19.984799744755346,-0.6977443429629971,-10.596678625320708,-16.95837058307478,10.299126223058328,-17.1407493172253
nominal,206,5.175000000000001,0.195,0.205,0.15825630463995993,0.15825333501040134,-0.036746664989598665,0.18325434044784744,0.0250010054374461,-0.1403498698525863,,,,,0.0,0.0071932017449636634,6,0,0,0,9,0.1,0.9841746664989599,,19.9696726338248,1.0463685368838604,9.998483883098126,17.317969748412022,-9.078692390486221,17.8174877808508,-19.98491289182702,-0.6977535551018847,-10.596742614371182,-16.958467761209477,10.299187527193642,-17.140846692829353
nominal,207,5.2,0.195,0.205,0.1582533350104014,0.15825047667519843,-0.03674952332480158,0.1832524027684254,0.02500192609322696,-0.1403543270708391,,,,,0.0,0.006923456679527624,6,0,0,0,9,0.1,0.9841749523324802,,19.96978207255637,1.0463816792507157,9.998540737481946,17.31806493284657,-9.078734300842989,17.817586864068897,-19.985021795883505,-0.697762421785564,-10.596804203832264,-16.95856129516412,10.29924653242388,-17.140940416848252
nominal,208,5.2250000000000005,0.195,0.205,0.15825047667519845,0.15824772546572624,-0.036752274534273766,0.18325053770530186,0.025002812239575622,-0.14035861714335512,,,,,0.0,0.006663827054044976,6,0,0,0,9,0.1,0.9841752274534273,,19.969887407335506,1.0463943287788138,9.998595459826372,17.318156547864824,-9.078774639561377,17.817682231666314,-19.985126616037874,-0.6977709559686054,-10.596863483688553,-16.958651321595465,10.299303324957984,-17.141030626216445
nominal,209,5.25,0.195,0.205,0.15824772546572627,0.1582450773693226,-0.036754922630677395,0.18324874253879941,0.025003665169476802,-0.14036274633810514,,,,,0.0,0.006413933539516817,6,0,0,0,9,0.1,0.9841754922630678,,19.969988792060423,1.0464065039496082,9.998648130082884,17.318244727319893,-9.078813465577825,17.817774022978828,-19.985227505436455,-0.6977791701197826,-10.596920540550233,-16.958737972035635,10.29935798777206,-17.14111745273333
nominal,210,5.275,0.195,0.205,0.15824507736932258,0.15824252852346402,-0.03675747147653599,0.18324701465097532,0.0250044861275113,-0.14036672068801131,,,,,0.0,0.006173411031783731,6,0,0,0,9,0.1,0.9841757471476535,,19.97008637485816,1.046418222551498,9.998698825204777,17.3183296000454,-9.078850835618656,17.817862372117123,-19.98532461148259,-0.6977870762402908,-10.5969754577796,-16.958821373084298,10.299410600730608,-17.141201023255828
nominal,211,5.300000000000001,0.195,0.205,0.15824252852346404,0.15824007521016234,-0.03675992478983767,0.18324535152182658,0.025005276311664243,-0.1403705459997596,,,,,0.0,0.005941908118091238,6,0,0,0,9,0.1,0.9841759924789838,,19.970180298300978,1.0464295017058167,9.998747619259598,17.318411290043695,-9.078886804282957,17.81794740816273,-19.985418076051992,-0.6977946858812799,-10.597028315612864,-16.958901646593638,10.299461240703211,-17.141281459883736
nominal,212,5.325,0.195,0.205,0.15824007521016237,0.15823771385056537,-0.036762286149434636,0.18324375072563293,0.025006036875067555,-0.14037422786228482,,,,,0.0,0.005719086563663993,6,0,0,0,9,0.1,0.9841762286149435,,19.97027069961469,1.0464403578918486,9.998794583537363,17.318489916667055,-9.078921424122347,17.818029255356628,-19.985508035700043,-0.697802010160732,-10.59707919127738,-16.958978909846376,10.29950998167684,-17.141358880138096
nominal,213,5.3500000000000005,0.195,0.205,0.1582377138505654,0.1582354409997617,-0.03676455900023831,0.18324220992743803,0.025006768927676337,-0.14037777165493728,,,,,0.0,0.005504620817526742,6,0,0,0,9,0.1,0.9841764559000238,,19.97035771087914,1.0464508069709044,9.998839786654711,17.31856559479204,-9.078954745717759,17.818108033280755,-19.985594621861292,-0.6978090597797045,-10.597128159104479,-16.959053275727136,10.299556894863958,-17.141433397132918
nominal,214,5.375,0.195,0.205,0.15823544099976175,0.15823325334177732,-0.03676674665822269,0.18324072687966048,0.025007473537883157,-0.14038118255534002,,,,,0.0,0.00529819753687145,6,0,0,0,9,0.1,0.9841766746658223,,19.97044145922117,1.0464608642094955,9.99888329465516,17.31863843498734,-9.078986817753343,17.818183857032725,-19.985677961041493,-0.6978158450379656,-10.597175290638061,-16.959124852887367,10.299602048806559,-17.141505119740433
nominal,215,5.4,0.195,0.205,0.15823325334177732,0.15823114768475882,-0.036768852315241185,0.18323929941883096,0.025008151734072143,-0.14038446554695513,,,,,0.0,0.0050995151292368614,6,0,0,0,9,0.1,0.9841768852315241,,19.970522067000378,1.0464705443016393,9.998925171105592,17.318708543675314,-9.079017687087592,17.818256837394,-19.985758175002438,-0.6978223758490418,-10.597220654739134,-16.95919374590409,10.299645509476314,-17.141574152750167
nominal,216,5.425000000000001,0.195,0.205,0.1582311476847588,0.15822912095633507,-0.03677087904366494,0.18323792546245013,0.025008804506115062,-0.1403876254263658,,,,,0.0,0.004908283311889202,6,0,0,0,9,0.1,0.9841770879043665,,19.970599651987865,1.046479861390328,9.998965477189133,17.31877602328749,-9.079047398821809,17.818327080991725,-19.985835380939847,-0.6978286617547028,-10.597264317686417,-16.959260055432686,10.299687340370951,-17.141640597022036
nominal,217,5.45,0.195,0.205,0.1582291209563351,0.15822717019915297,-0.036772829800847034,0.1832366030059647,0.025009432806811727,-0.14039066681028062,,,,,0.0,0.004724222687694384,6,0,0,0,9,0.1,0.9841772829800847,,19.97067432753832,1.0464888290881906,9.99900427179454,17.31884097241421,-9.07907599636599,17.818394690454536,-19.9859096916546,-0.6978347119389015,-10.597306343273177,-16.95932387835396,10.29972760260704,-17.141704549633708
nominal,218,5.4750000000000005,0.195,0.205,0.15822717019915294,0.1582252925665784,-0.036774707433421594,0.1832353301198554,0.025010037553276993,-0.1403935941422838,,,,,0.0,0.004547064336906364,6,0,0,0,9,0.1,0.9841774707433422,,19.97074620275563,1.0464974604973836,9.999041611602244,17.318903485948677,-9.079103521502265,17.81845976456249,-19.985981215717555,-0.6978405352411926,-10.597346792900433,-16.959385307915685,10.299766355009277,-17.141766104022444
nominal,219,5.5,0.195,0.205,0.1582252925665785,0.15822348531855726,-0.036776514681442746,0.18323410494683223,0.02501061962827497,-0.14039641169932307,,,,,0.0,0.004376549424272004,6,0,0,0,9,0.1,0.9841776514681443,,19.970815382652294,1.0465057682287318,9.99907755116716,17.318963655225602,-9.07913001444593,17.818522398391398,-19.986050057628148,-0.6978461401696479,-10.597385725666667,-16.959444433868846,10.29980365419643,-17.141825350121604
nominal,220,5.525,0.195,0.205,0.15822348531855732,0.15822174581763204,-0.036778254182367964,0.18323292569913657,0.02501117988150453,-0.14039912359796214,,,,,0.0,0.004212428820861393,6,0,0,0,9,0.1,0.9841778254182368,,19.970881968302834,1.0465137644201543,9.999112142998392,17.319021568154643,-9.079155513904208,17.81858268345172,-19.98611631796709,-0.6978515349132861,-10.597423198454168,-16.959501342598763,10.299839554664063,-17.141882374492045
nominal,221,5.550000000000001,0.195,0.205,0.15822174581763201,0.15822007152510498,-0.03677992847489503,0.1832317906559413,0.02501171913083633,-0.14040173380039098,,,,,0.0,0.004054462740079426,6,0,0,0,9,0.1,0.9841779928474895,,19.970946056991476,1.0465214607543984,9.999145437635953,17.319077309348845,-9.0791800571328,17.81864070782228,-19.986180093543325,-0.6978567273540379,-10.597459266012137,-16.95955611725131,10.29987410886416,-17.141937260448593
nominal,222,5.575,0.195,0.205,0.158220071525105,0.15821845999734585,-0.036781540002654156,0.1832306981608497,0.02501223816350384,-0.1404042461202201,,,,,0.0,0.003902420387326252,6,0,0,0,9,0.1,0.9841781540002654,,19.971007742354296,1.0465288684761085,9.999177483724605,17.319130960248263,-9.079203679990322,17.818696556278944,-19.98624147753545,-0.6978617250782615,-10.597493981036683,-16.959608837854386,10.299907367281753,-17.14199008818177
nominal,223,5.6000000000000005,0.195,0.205,0.15821845999734588,0.158216908882236,-0.03678309111776401,0.1832296466194859,0.025012737737249907,-0.1404066642280477,,,,,0.0,0.003756079622800879,6,0,0,0,9,0.1,0.9841783091117764,,19.97106711451601,1.0465359984082545,9.999208328084933,17.319182599238953,-9.079226416990684,17.818750310418483,-19.98630055962787,-0.6978665353878267,-10.597527394247807,-16.959659581434845,10.299939378508688,-17.142040934874956
nominal,224,5.625,0.195,0.205,0.15821690888223594,0.15821541591574742,-0.036784584084252586,0.18322863449717713,0.025013218581429714,-0.14040899165682483,,,,,0.0,0.0036152266369451234,6,0,0,0,9,0.1,0.9841784584084252,,19.97112426022166,1.046542860967945,9.999238015781748,17.319232301767492,-9.079248301353534,17.81880204877779,-19.986357426141826,-0.6978711653107832,-10.597559554463514,-16.95970842213104,10.299970189314612,-17.142089874817145
nominal,225,5.65,0.195,0.205,0.1582154159157474,0.1582139789186456,-0.0367860210813544,0.18322766031671972,0.02501368139807411,-0.14041123180701554,,,,,0.0,0.0034796556380599438,6,0,0,0,9,0.1,0.9841786021081355,,19.97117926296335,1.046549466181647,9.999266590189931,17.319280140451212,-9.079269365052776,17.818851846948622,-19.986412160161507,-0.6978756216116289,-10.597590508671132,-16.959755431301126,10.299999844715314,-17.142136979511502
nominal,226,5.675000000000001,0.195,0.205,0.15821397891864558,0.1582125957933196,-0.03678740420668042,0.1832267226562315,0.025014126862911906,-0.14041338795156955,,,,,0.0,0.0033491685516316913,6,0,0,0,9,0.1,0.984178740420668,,19.971232203102225,1.0465558236998354,9.99929409305781,17.31932618518429,-9.079289638863296,17.81889977768805,-19.98646484165545,-0.6978799108011928,-10.597620302095965,-16.959800677627335,10.30002838803849,-17.14218231777982
nominal,227,5.7,0.195,0.205,0.15821259579331956,0.15821126452072695,-0.036788735479273055,0.18322582014708175,0.025014555626354795,-0.14041546324069812,,,,,0.0,0.0032235747309468867,6,0,0,0,9,0.1,0.9841788735479273,,19.97128315798589,1.0465619428110915,9.99932056456814,17.31937050323988,-9.079309152405923,17.81894591102475,-19.98651554759337,-0.697884039146148,-10.597648978267367,-16.95984422721631,10.300055860987046,-17.142225955863076
nominal,228,5.7250000000000005,0.195,0.205,0.15821126452072698,0.15820998315745524,-0.036790016842544765,0.18322495147189918,0.02501496831444394,-0.14041746070647987,,,,,0.0,0.003102690678537395,6,0,0,0,9,0.1,0.9841790016842544,,19.97133220206142,1.0465678324556755,9.999346043396836,17.319413159368384,-9.079327934190701,17.81899031436132,-19.98656435205862,-0.6978880126781675,-10.597676579082341,-16.959886143695698,10.300082303700032,-17.14226795751821
nominal,229,5.75,0.195,0.205,0.15820998315745533,0.15820874983289085,-0.03679125016710916,0.18322411536265504,0.02501536552976419,-0.14041938326729098,,,,,0.0,0.0029863397780923993,6,0,0,0,9,0.1,0.9841791250167109,,19.971379406984116,1.0465735012385877,9.999370566769453,17.31945421589207,-9.079346011658549,17.81903305257277,-19.98661132635642,-0.6978918372027362,-10.597703144866752,-16.959926488307108,10.30010775481128,-17.142308384111278
nominal,230,5.775,0.195,0.205,0.1582087498328908,0.15820756274649658,-0.036792437253503424,0.183223310598817,0.025015747852320414,-0.140421233732069,,,,,0.0,0.002874352036416778,6,0,0,0,9,0.1,0.9841792437253504,,19.97142484172221,1.0465789574421407,9.999394170515599,17.319493732796115,-9.079363411221353,17.81907418810129,-19.986656539118055,-0.6978955183076335,-10.597728714434249,-16.95996531999559,10.300132251505858,-17.142347294707104
nominal,231,5.800000000000001,0.195,0.205,0.1582075627464966,0.1582064201651871,-0.036793579834812906,0.1832225360055716,0.02501611584038449,-0.1404230148044151,,,,,0.0,0.0027665638350507405,6,0,0,0,9,0.1,0.9841793579834813,,19.971468572657628,1.0465842090380604,9.999416889121264,17.31953176781626,-9.079380158300552,17.81911378104749,-19.986700056401126,-0.6978990613710973,-10.597753325142964,-16.960002695495756,10.300155829574388,-17.14238474615559
nominal,232,5.825,0.195,0.205,0.15820642016518707,0.15820532042080632,-0.03679467957919369,0.18322179045211412,0.025016470031307803,-0.14042472908654519,,,,,0.0,0.0026628176912359297,6,0,0,0,9,0.1,0.9841794679579193,,19.971510663682967,1.0465892636991332,9.999438755779217,17.31956837652315,-9.079396277364282,17.81915188925821,-19.986741941786086,-0.6979024715696811,-10.597777012950102,-16.960038669414665,10.300178523465348,-17.142420793174754
nominal,233,5.8500000000000005,0.195,0.205,0.1582053204208063,0.15820426190769565,-0.03679573809230435,0.18322107285000125,0.025016810942305595,-0.14042637908309386,,,,,0.0,0.002562962027812781,6,0,0,0,9,0.1,0.9841795738092305,,19.971551176294856,1.0465941288104157,9.999459802437496,17.319603612403533,-9.079411791963121,17.81918856841103,-19.98678225646911,-0.6979057538858181,-10.597799812464473,-16.960073294311616,10.300200366335398,-17.142455488430702
nominal,234,5.875,0.195,0.205,0.1582042619076956,0.15820324308035555,-0.03679675691964446,0.18322038215156583,0.02501713907121028,-0.14042796720476958,,,,,0.0,0.002466850951769558,6,0,0,0,9,0.1,0.9841796756919644,,19.9715901696838,1.046598811480025,9.99948005984609,17.3196375269384,-9.079426724764504,17.819223872095616,-19.986821059351517,-0.6979089131151,-10.597821756997055,-16.96010662077493,10.300221390097821,-17.14248888261455
nominal,235,5.9,0.195,0.205,0.15820324308035552,0.15820226245119326,-0.03679773754880675,0.18321971734839138,0.025017454897198116,-0.14042949577188135,,,,,0.0,0.002374344041078443,6,0,0,0,9,0.1,0.9841797737548806,,19.971627700820658,1.046603318549524,9.99949955760186,17.31967016967821,-9.079441097585836,17.81925785189203,-19.986858407125833,-0.6979119538732838,-10.597842878609665,-16.96013869749587,10.300241625469154,-17.142521024516505
nominal,236,5.925000000000001,0.195,0.205,0.15820226245119323,0.15820131858835454,-0.03679868141164547,0.1832190774698416,0.02501775888148705,-0.14043096701772498,,,,,0.0,0.0022853061395369215,6,0,0,0,9,0.1,0.9841798681411645,,19.971663824539885,1.0466076566039169,9.99951832419179,17.31970158831528,-9.079454931426367,17.819290557446077,-19.986894354358615,-0.6979148806030356,-10.597863208161803,-16.960169571339776,10.30026110201406,-17.142551961097137
nominal,237,5.95,0.195,0.205,0.15820131858835457,0.15820041011363736,-0.036799589886362644,0.1832184615816476,0.025018051468010227,-0.1404323830918485,,,,,0.0,0.002199607159304163,6,0,0,0,9,0.1,0.9841799589886363,,19.97169859361964,1.04661183198127,9.999536387034597,17.319731828753458,-9.079468246497878,17.81932203654185,-19.986928953570168,-0.6979176975804218,-10.597882775355735,-16.960199287414536,10.300279848188532,-17.142581737555993
nominal,238,5.9750000000000005,0.195,0.205,0.15820041011363736,0.15819953570048284,-0.036800464299517166,0.18321786878454535,0.02501833308406251,-0.140433746063191,,,,,0.0,0.002117121890829784,6,0,0,0,9,0.1,0.9841800464299517,,19.9717320588589,1.0466158507819725,9.9995537725208,17.319760935175204,-9.079481062254208,17.81935233517153,-19.986962255311287,-0.6979204089211559,-10.597901608779896,-16.96022788913649,10.300297891381463,-17.142610397397643
nominal,239,6.0,0.195,0.205,0.1581995357004828,0.1581986940720417,-0.0368013059279583,0.18321729821296595,0.025018604140924244,-0.14043505792310737,,,,,0.0,0.0020377298199229367,6,0,0,0,9,0.1,0.9841801305927959,,19.97176426915169,1.0466197188776485,9.99957050605127,17.319788950106133,-9.079493397419675,17.8193814976026,-19.986994308237115,-0.6979230185866125,-10.59791973595065,-16.960255418293873,10.300315257954658,-17.14263798249523
centralized,0,0.025,0.195,0.205,0.9528077435349479,0.896612418347666,0.701612418347666,0.9059768403794936,0.009364422031827524,8.619696093004292e-16,,,,,8.112853587055184,19.097367513837092,15,0,0,0,0,0.1,0.9103387581652334,,12.222394968396902,0.11487388768775199,5.9665222056860365,10.57587652501618,-6.114387226490414,10.815160941951214,-12.276278725530563,-0.06440334919084492,-6.231385026009452,-10.331404481540847,6.13719835394749,-10.515599673923456
centralized,1,0.05,0.195,0.205,0.8966124183476663,0.8448847292449523,0.6498847292449523,0.8534456577396201,0.00856092849466783,-1.4433950652603903e-16,,,,,9.008422385306028,18.604948949834863,15,0,0,0,0,0.1,0.9155115270755048,,12.420469290721455,0.1374476461343557,6.061840385777452,10.74352204970115,-6.192722310729126,11.006133643427088,-12.474035837054902,-0.07467577359903806,-6.336908734104841,-10.493831982338353,6.259294584764962,-10.694445915200204
centralized,2,0.07500000000000001,0.195,0.205,0.8448847292449518,0.7972102936134001,0.6022102936134002,0.8050401304387202,0.007829836825320124,-2.7755575615628914e-17,,,,,9.65829980283927,18.147206189647555,15,0,0,0,0,0.1,0.92027897063866,,12.604868597151171,0.15809399013633907,6.149675696416509,10.898739197590688,-6.265942226527782,11.184555836976042,-12.657979140296042,-0.08367011176718975,-6.434140990469071,-10.643689640982748,6.374058041373653,-10.86134550388282
centralized,3,0.1,0.195,0.205,0.7972102936134003,0.7532290303445196,0.5582290303445196,0.7603915497602629,0.007162519415743307,1.5265566588595902e-16,,,,,10.12904030462592,17.718341735193132,15,0,0,0,0,0.1,0.924677096965548,,12.777896707063997,0.17694841302697017,6.231225757744752,11.043652854585362,-6.335076294524825,11.352547809352012,-12.8303703122316,-0.09150242802074325,-6.524364405641524,-10.783144126071097,6.482608526075824,-11.01835468360483
centralized,4,0.125,0.195,0.205,0.7532290303445198,0.7126240136109325,0.5176240136109325,0.7191760839031465,0.006552070292213941,7.563394355258879e-16,,,,,10.466140041683898,17.313914861513993,15,0,0,0,0,0.1,0.9287375986389067,,12.941321553866388,0.19411981213351845,6.307395843960775,11.179876874939914,-6.400903551199092,11.5117240462492,-12.992959447485122,-0.09823957452961345,-6.60856475845424,-10.913854420768535,6.585833588604665,-11.167044730229348
centralized,5,0.15000000000000002,0.195,0.205,0.7126240136109329,0.6751132849788172,0.48011328497881717,0.6811061411401294,0.005992856161312177,-2.2959417346920436e-16,,,,,10.701382698833868,16.930446544373932,15,0,0,0,0,0.1,0.9324886715021183,,13.096531220741996,0.20969372037476677,6.378885597867348,11.30867122379018,-6.464024771272058,11.663337237371856,-13.147132962011632,-0.10391353438898386,-6.687516284884426,-11.037123694299403,6.684451057753643,-11.308640057845597
centralized,6,0.17500000000000002,0.195,0.205,0.675113284978817,0.6404438580101599,0.4454438580101599,0.6459240465260303,0.005480188515870399,0.0,,,,,10.85751258599206,16.565157190855647,15,0,0,0,0,0.1,0.935955614198984,,13.244638449626084,0.22373608561639655,6.446247684143546,11.431044830122909,-6.524910042531003,11.808372967733481,-13.294012311823233,-0.10853171376527927,-6.7618401398654076,-11.15399991270087,6.779050698962575,-11.444108583066424
centralized,7,0.2,0.195,0.205,0.6404438580101601,0.6083872465186829,0.4133872465186829,0.6133973387285296,0.005010092209846717,6.334161008108321e-16,,,,,10.951203145430568,16.21578891800841,15,0,0,0,0,0.1,0.9391612753481318,,13.38655201059019,0.23629734600184243,6.509928615971723,11.547824231160318,-6.583930620652248,11.94761312309154,-13.43452122821254,-0.11208482988393546,-6.832045648110258,-11.265343856016809,6.870122421231473,-11.574221890685498
centralized,8,0.225,0.195,0.205,0.608387246518683,0.5787360439447402,0.3837360439447402,0.5833151855697222,0.004579141624981964,-6.873128348194927e-16,,,,,10.994973378884964,15.88048273402415,15,0,0,0,0,0.1,0.942126395605526,,13.523026232965295,0.24741682816865843,6.570298219293897,11.659700185983601,-6.641380485553979,12.081679069301018,-13.569432291548326,-0.11455353169563487,-6.898560465557953,-11.371875966335145,6.958075633063717,-11.699595903892572
centralized,9,0.25,0.195,0.205,0.57873604394474,0.5513012373007949,0.35630123730079494,0.5554855806603014,0.004184343359506459,-4.479586229191827e-16,,,,,10.99845275715034,15.557692246547083,15,0,0,0,0,0.1,0.9448698762699205,,13.654695664045386,0.25712758021299253,6.62767176994329,11.767259679377524,-6.697491011821589,12.211061561856477,-13.69939948176586,-0.11591452026236676,-6.961753495850677,-11.47420904990286,7.043252641512252,-11.820718757809214
centralized,10,0.275,0.195,0.205,0.551301237300795,0.525910045257273,0.330910045257273,0.529733097510784,0.0038230522535109834,4.2327252813834093e-16,,,,,10.969236556771541,15.246122294217004,15,0,0,0,0,0.1,0.9474089954742727,,13.782099184699556,0.2654617386719358,6.682327287115462,11.871007922033074,-6.752440949626554,12.336141935761615,-13.824980813662695,-0.11614665861435468,-7.021952935716899,-11.572871229998793,7.125937960026576,-11.937970245386145
centralized,11,0.30000000000000004,0.195,0.205,0.5259100452572728,0.5024041390788139,0.30740413907881387,0.5058970525359742,0.003492913457160296,1.109139087021299e-16,,,,,10.913479146300068,14.944685007100947,15,0,0,0,0,0.1,0.9497595860921186,,13.905696305789181,0.27245644996658347,6.734519434952071,11.971383298288202,-6.8063631586751026,12.457207691874785,-13.946653634794403,-0.11523732286073576,-7.079460833377445,-11.668321986789312,7.206364753959815,-12.051635835354716
centralized,12,0.325,0.195,0.205,0.5024041390788138,0.4806381499690736,0.2856381499690736,0.48382997694053215,0.0031918269714585334,-6.673337795196309e-16,,,,,10.836317066181236,14.65246833561684,15,0,0,0,0,0.1,0.9519361850030926,,14.025877411416849,0.2781602373362308,6.784490755412156,12.068767254822237,-6.859349044096908,12.574464699066239,-14.064824259217584,-0.11318901583682696,-7.134564836737618,-11.760963203108208,7.284719233532694,-12.161917425722045
centralized,13,0.35000000000000003,0.195,0.205,0.4806381499690736,0.46047839606086594,0.26547839606086593,0.46339632861749425,0.002917932556628311,2.985309497110921e-17,,,,,10.74218061649639,14.368713675512161,15,0,0,0,0,0.1,0.9539521603939134,,14.142969192045427,0.2826395431766989,6.832480419365586,12.163490586487944,-6.911451291905758,12.68804760673307,-14.179833124895762,-0.11002603439585151,-7.187547284096277,-11.851146607361,7.361143502534761,-12.268942431079145
centralized,14,0.375,0.195,0.205,0.46047839606086605,0.4418017828561942,0.2468017828561942,0.4444713947599275,0.002669611903733271,-6.674298145055133e-16,,,,,10.635032406697922,14.092800222064268,15,0,0,0,0,0.1,0.9558198217143806,,14.257236299793044,0.2859850124806081,6.8787303021457795,12.255837279020785,-6.962685235023795,12.798029550428184,-14.291956477640094,-0.10580076710665424,-7.238691420151899,-11.939178702108634,7.435737140935643,-12.372772346536136
centralized,15,0.4,0.195,0.205,0.44180178285619437,0.42449484619768946,0.22949484619768945,0.4269403476657724,0.0024455014680829223,-6.299703413651931e-16,,,,,10.518558117558367,13.824234316832591,15,0,0,0,0,0.1,0.9575505153802311,,14.368880272847184,0.28831694972567024,6.923487973525486,12.346046882471002,-7.013028991942463,12.90443175638092,-14.401405615890205,-0.10059902995754995,-7.288284317809197,-12.025324070500643,7.5085576414506745,-12.473411500422927
centralized,16,0.42500000000000004,0.195,0.205,0.42449484619768946,0.4084529189300168,0.21345291893001678,0.4106974228455309,0.0022445039155141178,4.4279321011964324e-16,,,,,10.396325050846704,13.56264241740221,15,0,0,0,0,0.1,0.9591547081069983,,14.478036930175165,0.28978930401836983,6.967006165180142,12.434316218216143,-7.062422445748807,13.00723320197054,-14.508324893504618,-0.09454375005479708,-7.336616078952859,-12.109807774779894,7.579619773950651,-12.570816286212505
centralized,17,0.45,0.195,0.205,0.4084529189300167,0.3935794119110098,0.1985794119110098,0.39564519205792564,0.00206578014691583,-1.137164632000982e-16,,,,,10.27191587324712,13.30776648334813,15,0,0,0,0,0.1,0.960642058808899,,14.584773630544188,0.29059151488528323,7.009538451907096,12.520801012136609,-7.110765234582201,13.106380120647543,-14.61278986752659,-0.08779628602149117,-7.3839750860141535,-12.192817350241693,7.648894077355098,-12.664904794991815
centralized,18,0.47500000000000003,0.195,0.205,0.3935794119110099,0.37978520632146684,0.18478520632146683,0.38169390601087355,0.001908699689406712,-1.162728157388826e-16,,,,,10.14903736478397,13.059460570593682,15,0,0,0,0,0.1,0.9620214793678533,,14.689087906874551,0.29094755444487624,7.051331230512152,12.60561779601654,-7.157914258696364,13.201794932495831,-14.714807069810535,-0.08055470656071824,-7.4306394540209695,-12.274504650895684,7.716305017886472,-12.755566529701952
centralized,19,0.5,0.195,0.205,0.3797852063214668,0.3669892031865153,0.17198920318651528,0.3687616393489003,0.0017724361623850382,-3.4021815010030383e-16,,,,,10.031596754593904,12.817687318394293,14,0,1,0,1,0.1,0.9633010796813485,,14.790908916978145,0.2911114985275671,7.092612536619755,12.688846175879467,-7.2036817652248235,13.293384203103317,-14.81431674817691,-0.07304840803042255,-7.476865321670375,-12.354987562715495,7.781729877741568,-12.842671838307998
centralized,20,0.525,0.195,0.205,0.36698920318651523,0.35512647287213406,0.16012647287213405,0.35677943337016593,0.0016529604980318746,-3.6255181908720497e-16,,,,,9.92167617843866,12.58243979697954,14,0,0,0,1,0.1,0.9644873527127866,,14.890104494735455,0.291300647276002,7.133525772724986,12.77056170032419,-7.247893904584481,13.38113898301159,-14.911195882789606,-0.06547008379848322,-7.522821162400472,-12.434375859117592,7.84505389747145,-12.926180384306388
centralized,21,0.55,0.195,0.205,0.3551264728721341,0.34412841739058464,0.14912841739058463,0.3456764223338963,0.0015480049433116427,-2.7542103893715154e-16,,,,,9.8150935329189,12.35351988413938,14,0,0,0,1,0.1,0.9655871582609415,,14.986497300944217,0.29151018014010505,7.173960812225465,12.850924854656991,-7.2905732501569,13.465418473211301,-15.005255512100266,-0.05778923848143239,-7.568423417821167,-12.512841471505878,7.906338536497581,-13.006444644758865
centralized,22,0.5750000000000001,0.195,0.205,0.34412841739058453,0.3339343254926887,0.1389343254926887,0.33538653176906436,0.001452206276375656,-1.7854685655030962e-16,,,,,9.714688134341337,12.13080351960673,13,0,1,0,2,0.1,0.9666065674507311,,15.079869329026998,0.2917159475212236,7.213743401515875,12.930062335674188,-7.331742590959614,13.54661252048534,-15.096260869669779,-0.04995533380162642,-7.613524688863189,-12.590520858086332,7.965639720929055,-13.083850926777906
centralized,23,0.6000000000000001,0.195,0.205,0.33393432549268864,0.32449359064682776,0.12949359064682775,0.3258495014072723,0.0013559107604445564,-1.7264393399483367e-16,,,,,9.617883362504106,11.914099691719546,13,0,0,0,2,0.1,0.9675506409353172,,15.170232086534517,0.2918853446546248,7.252725758243593,13.007974869741735,-7.371485288753449,13.625032170164111,-15.184203428702448,-0.041913921692140414,-7.658007101436539,-12.667423624142016,8.023072864769446,-13.158703829399485
centralized,24,0.625,0.195,0.205,0.3244935906468277,0.31574994661235517,0.12074994661235516,0.3170081506931885,0.001258204080833325,-5.898059818321144e-17,,,,,9.520642464091724,11.703116031292092,13,0,0,0,2,0.1,0.9684250053387645,,15.257886664137674,0.2919601181631452,7.29080065087088,13.084517459959224,-7.409979659119097,13.700891670669499,-15.269357078008698,-0.03359312947326212,-7.701797541986788,-12.743411175317387,8.078844546361582,-13.231206135024143
centralized,25,0.65,0.195,0.205,0.3157499466123551,0.3076514298574394,0.11265142985743937,0.30880978345454874,0.0011583535971093628,-3.053384351720709e-16,,,,,9.425966335802931,11.497645930592792,12,0,1,0,3,0.1,0.969234857014256,,15.343134145826113,0.29185143667537866,7.327823945288125,13.159479294708623,-7.44743106639792,13.774383615006457,-15.351984478172787,-0.024894976920051003,-7.744788679834218,-12.81827699799264,8.133179056211656,-13.301537305337332
centralized,26,0.675,0.195,0.205,0.30765142985743943,0.30015023831548937,0.10515023831548936,0.3012118678829129,0.0010616295674235054,-1.1496735851465464e-17,,,,,9.3366026754569,11.297556657040817,12,0,0,0,3,0.1,0.969984976168451,,15.426276300232963,0.29143963357361347,7.363622356042274,13.232595974909826,-7.484072973430006,13.845679283685,-15.432335597181138,-0.015696205842977328,-7.786847268270982,-12.891759204834802,8.186317870918321,-13.36985239283049
centralized,27,0.7000000000000001,0.195,0.205,0.30015023831548926,0.2932021176735111,0.09820211767351111,0.2941748327101569,0.0009727150366457549,-1.871132145040606e-16,,,,,9.244163384363775,11.102540430991503,12,0,0,0,3,0.1,0.9706797882326489,,15.507537023672832,0.29068095520702486,7.398187933875836,13.30388241228405,-7.520036821365621,13.914924687922126,-15.510586571238017,-0.005946527703736824,-7.828001482243245,-12.963884075170386,8.238399829797968,-13.436275917203664
centralized,28,0.7250000000000001,0.195,0.205,0.293202117673511,0.28676594959664964,0.09176594959664963,0.2876570218357577,0.0008910722391080594,2.765884028890091e-16,,,,,9.144041992995453,10.912201201139382,12,0,0,0,3,0.1,0.971323405040335,,15.587095380250581,0.2895785916132653,7.431599376828538,13.37350038945929,-7.555392310182319,13.982252796579457,-15.586870612869907,0.00435990791492368,-7.868364488780781,-13.03483110911456,8.2895015705349,-13.500916136192041
centralized,29,0.75,0.195,0.205,0.2867659495966495,0.2808037105481981,0.08580371054819808,0.2816199239238091,0.0008162133756109968,-1.288924837128157e-16,,,,,9.036436052352952,10.726161687500936,12,0,0,0,3,0.1,0.9719196289451801,,15.665124694515315,0.2881379213261722,7.4639327091138625,13.441605996179979,-7.5902046544522435,14.047790431810544,-15.66130960966502,0.015225980235867928,-7.908048674536196,-13.104776440846722,8.339690866463506,-13.563872652455267
centralized,30,0.775,0.195,0.205,0.28080371054819814,0.275280230460465,0.08028023046046501,0.27602792608172005,0.0007476956212550401,1.9148345393084072e-16,,,,,8.92142835936058,10.544059757532683,12,0,0,0,3,0.1,0.9724719769539535,,15.74179375278386,0.28636751263901483,7.49526232197775,13.508351107166527,-7.624534300100763,14.111659588203525,-15.734015495967647,0.02665066210274191,-7.947166720354202,-13.173894416324876,8.389026573171257,-13.625237676395756
centralized,31,0.8,0.195,0.205,0.275280230460465,0.27016297157097174,0.07516297157097174,0.2708480879779702,0.0006851164069984761,-2.0487853933160176e-16,,,,,8.79899465148229,10.36554514934558,12,0,0,0,3,0.1,0.9729837028429028,,15.817267771293583,0.28428027079070023,7.525661997068718,13.573884707249093,-7.658436425155375,14.173978648000158,-15.805091613164251,0.038627917717090995,-7.98583251273078,-13.24235890212212,8.437558434266727,-13.685097280895913
centralized,32,0.8250000000000001,0.195,0.205,0.27016297157097185,0.2654218254011389,0.0704218254011389,0.26604993427919116,0.0006281088780522581,4.732089798135283e-17,,,,,8.669009026232734,10.190276479382836,12,0,0,0,3,0.1,0.9734578174598861,,15.891709132931645,0.2818947331343875,7.555205936135385,13.638354075228195,-7.691960227562802,14.234863513131035,-15.874634142759083,0.0511454144982736,-8.02416185920066,-13.310344283353261,8.48532677509994,-13.743532705427333
centralized,33,0.8500000000000001,0.195,0.205,0.26542182540113896,0.26102892606018185,0.06602892606018185,0.26160526354307795,0.0005763374828960943,1.4091259529728217e-16,,,,,8.531248049074298,10.017918500759114,12,0,0,0,3,0.1,0.9738971073939818,,15.965277881486093,0.2792364957385334,7.583969817068474,13.701905827134444,-7.725148013585715,14.294428663712,-15.942733697880731,0.06418303599954164,-8.062272952377153,-13.37802607841104,8.53236211938429,-13.800621762482608
centralized,34,0.875,0.195,0.205,0.26102892606018174,0.2569584782038105,0.06195847820381051,0.2574879719109118,0.0005294937071012584,-1.8256497056679902e-16,,,,,8.385394790641303,9.848139614117898,12,0,0,0,3,0.1,0.974304152179619,,16.038131947727283,0.2763397274608087,7.612031891722598,13.764686808879297,-7.758034116958303,14.352788138639932,-16.00947715681428,0.07771119233233034,-8.100286501080342,-13.44558106423948,8.578684771219732,-13.856440390695424
centralized,35,0.9,0.195,0.205,0.2569584782038106,0.25318659807756144,0.058186598077561436,0.25367389010741187,0.00048729202985042797,-1.1324277273974453e-16,,,,,8.231044539128524,9.680609681398114,12,0,0,0,3,0.1,0.9746813401922438,,16.11042706282989,0.27324868938939034,7.639474134227572,13.826844817032164,-7.790643702010403,14.410056414599135,-16.074949812146258,0.09168893939288693,-8.138325416178752,-13.513186768210778,8.624304412751512,-13.91106438278949
centralized,36,0.925,0.195,0.205,0.25318659807756155,0.24969116614616735,0.05469116614616734,0.2501406323747264,0.0004494662285590423,-2.581294815565411e-16,,,,,8.067714736831318,9.514998262273814,12,0,0,0,3,0.1,0.9750308833853832,,16.18231628842695,0.2700191275761735,7.666383437521495,13.888529113357754,-7.822991532165078,14.466349131971455,-16.139237885025043,0.10606194021616286,-8.176513903458869,-13.581020142333601,8.669219773693847,-13.964571287977636
centralized,37,0.9500000000000001,0.195,0.205,0.2496911661461674,0.2464516898822905,0.051451689882290486,0.24686745603302948,0.0004157661507389887,-3.6742835547932726e-16,,,,,7.894862875288455,9.350973493515907,12,0,0,0,3,0.1,0.975354831011771,,16.253949054626315,0.2667193460277324,7.692852837368302,13.949890681205492,-7.855080815160345,14.52178357582525,-16.20243140786248,0.12076033315793087,-8.214975777095628,-13.649255194724773,8.71341843040489,-14.01704244178671
centralized,38,0.9750000000000001,0.195,0.205,0.24645168988229058,0.24344917540391658,0.04844917540391658,0.24383513036165724,0.00038595495774065847,-8.748967975744326e-17,,,,,7.711917732128572,9.188201975626825,12,0,0,0,3,0.1,0.9756550824596083,,16.325469542501693,0.26343069932304886,7.718982712401782,14.011082144812525,-7.886902261477763,14.576478762741543,-16.26462740059333,0.1356966145876607,-8.25383176804105,-13.718059315818182,8.75687678540418,-14.06856500468061
centralized,39,1.0,0.195,0.205,0.24344917540391664,0.2406660068662323,0.04566600686623229,0.2410258134324903,0.000359806566258003,-4.671349833539403e-17,,,,,7.518331484145765,9.026350232311062,12,0,0,0,3,0.1,0.9759333993133767,,16.39701417106653,0.26024717994374774,7.744881859322778,14.072257227136376,-7.918433502484027,14.630554905459158,-16.325933143916668,0.1507637002410369,-8.293195567934989,-13.787588008442064,8.799560258759557,-14.119233787158494
centralized,40,1.0250000000000001,0.195,0.205,0.24066600686623218,0.23808583288857155,0.04308583288857154,0.23842293544159,0.0003371025530184424,5.441024746563672e-17,,,,,7.313662805570962,8.865088577474408,12,0,0,0,3,0.1,0.9761914167111428,,16.468707848497797,0.25727373223706684,7.770668266691236,14.13356954400483,-7.949638996215011,14.684131925452485,-16.386469176040542,0.16583339982869896,-8.333168332113239,-13.857977720033393,8.841423686187447,-14.16915249745417
centralized,41,1.05,0.195,0.205,0.23808583288857169,0.23569345986586815,0.04069345986586814,0.23601108709967325,0.00031762723380510116,-1.0013488447944496e-16,,,,,7.097703712882455,8.704098561315199,12,0,0,0,3,0.1,0.9764306540134132,,16.540658528731658,0.2546229300126135,7.79646930228565,14.195170403885326,-7.980470487698039,14.737326563614204,-16.446371398158526,0.18075562124875938,-8.373831383730156,-13.929336494004668,8.88241186193931,-14.21843386762205
centralized,42,1.075,0.195,0.205,0.23569345986586818,0.23347475276436172,0.038474752764361714,0.23377591200910502,0.00030115924474330424,-8.981747567652908e-17,,,,,6.870664787933144,8.543085544308587,12,0,0,0,3,0.1,0.9766525247235638,,16.612949497545486,0.2524097432231027,7.822420887568488,14.257205087023454,-8.010867979541361,14.790247519920829,-16.505791367562576,0.1953587051310051,-8.415236943862286,-14.001732223936417,8.922460088345774,-14.267197905120321
centralized,43,1.1,0.195,0.205,0.23347475276436175,0.23141654486478913,0.036416544864789124,0.23170400306057157,0.00028745819578243625,-3.156567679959191e-17,,,,,6.633432747914573,8.381798282830557,12,0,0,0,3,0.1,0.9768583455135211,,16.68562874169756,0.2507443264632059,7.848665074677282,14.319806818264126,-8.040761016894736,14.842987976261028,-16.56489350609586,0.2094513589175425,-8.457396899140546,-14.075178437654596,8.96149450640632,-14.315567313243717
centralized,44,1.125,0.195,0.205,0.2314165448647892,0.229506558814063,0.034506558814063004,0.22978280514073665,0.00027624632667364035,-1.498045112706526e-17,,,,,6.387908031307874,8.220057522549666,12,0,0,0,3,0.1,0.9770493441185937,,16.758694811767555,0.24972310527673172,7.875345315513785,14.383087384331429,-8.070069940328482,14.895614897215989,-16.623847620329297,0.22282667947544374,-8.500269952547596,-14.14961780359531,8.999431902799675,-14.363658998534477
centralized,45,1.1500000000000001,0.195,0.205,0.229506558814063,0.2277333422821898,0.0327333422821898,0.22800053001498724,0.0002671877327974359,-1.1340036574306848e-16,,,,,6.137413388302567,8.057795156489671,12,0,0,0,3,0.1,0.977226665771781,,16.832078900648174,0.2494188814449096,7.902598721345218,14.4471232543028,-8.098706695707083,14.94815477150165,-16.68281496951233,0.23526867378188493,-8.543748012566656,-14.224904004405957,9.036178653285479,-14.41157067236185
centralized,46,1.175,0.195,0.205,0.2277333422821898,0.22608622260678174,0.031086222606781733,0.22634609361739097,0.00025987101060923057,2.770141834341801e-17,,,,,5.887131544288479,7.895104001792811,12,0,0,0,3,0.1,0.9773913777393218,,16.905623595460522,0.24987109998185036,7.930544927238861,14.511936494898869,-8.126574935219988,15.000576081326587,-16.74192642524111,0.2465614401777575,-8.587643336120987,-14.30078333864773,9.071628523969528,-14.459362069883776
centralized,47,1.2000000000000002,0.195,0.205,0.22608622260678188,0.22455528596276222,0.029555285962762218,0.22480908955208273,0.00025380358932050595,2.7082035431233283e-17,,,,,5.644476408041948,7.7322950360198845,12,0,0,0,3,0.1,0.9775444714037238,,16.979060105328625,0.25107758646535283,7.959272028463185,14.57747125222692,-8.153569617761956,15.052769873018441,-16.80125253498547,0.2565006806435092,-8.631678630419076,-14.376878439378228,9.105659286333264,-14.507031521666946
centralized,48,1.225,0.195,0.205,0.2245552859627623,0.22313138674831373,0.028131386748313725,0.22337981263638093,0.0002484258880671997,-1.774231006451804e-16,,,,,5.419230807065802,7.5699534858480995,12,0,0,0,3,0.1,0.9776868613251686,,17.051987832650127,0.2529887203347869,7.988821637976189,14.643569553072119,-8.179577136892851,15.104531367493145,-16.86076814982478,0.2649064213796548,-8.675482815565777,-14.452677780242396,9.138128619729718,-14.554490741902349
centralized,49,1.25,0.195,0.205,0.22313138674831373,0.22180620817096383,0.026806208170963824,0.22204933951118627,0.0002431313402224411,-2.205448285245473e-16,,,,,5.223213372832034,7.408977722942211,11,0,1,0,4,0.1,0.9778193791829036,,17.12386279560968,0.2555041587340785,8.019177316356721,14.709954398205495,-8.20447793987054,15.155547467425283,-16.920319042214466,0.27163477322716123,-8.718595240341468,-14.527535909990688,9.168870723979978,-14.601543667721431
centralized,50,1.2750000000000001,0.195,0.205,0.22180620817096375,0.220573572030292,0.02557357203029198,0.2208096722393535,0.0002361002090615072,-7.089461355489144e-17,,,,,5.06898822728066,7.25056787312417,11,0,0,0,4,0.1,0.9779426427969709,,17.194006835720522,0.2584654665503915,8.050264693498258,14.77623621192856,-8.228160252590284,15.205396282898386,-16.979611389472698,0.2765941466366884,-8.760483594449981,-14.600694081656409,9.197708122807088,-14.647880639723216
centralized,51,1.3,0.195,0.205,0.22057357203029196,0.21942747359511436,0.024427473595114352,0.2196538976645533,0.00022642406943892968,4.464964315032587e-17,,,,,4.964465827892524,7.0960098036006665,10,0,1,0,5,0.1,0.9780572526404886,,17.261681750758292,0.26157163707518727,8.081996230298346,14.842011468793807,-8.250620096414158,15.25355785917866,-17.038348731268307,0.27987465802533196,-8.800612436232473,-14.67137792500585,9.224638282789472,-14.693135000931525
centralized,52,1.3250000000000002,0.195,0.205,0.21942747359511425,0.21836243962754517,0.023362439627545167,0.21857765977325255,0.0002152201457073788,-8.817434072066532e-17,,,,,4.9147787611379945,6.946624241929769,9,0,1,0,6,0.1,0.9781637560372455,,17.326133965681308,0.26449495389552,8.114279304832731,14.906854524403004,-8.27188950971858,15.299471083474916,-17.09621505762999,0.28163031066179256,-8.838471950316887,-14.738812966504215,9.24972093458517,-14.736914347437994
centralized,53,1.35,0.195,0.205,0.21836243962754506,0.2173734616228794,0.022373461622879398,0.21757794284638482,0.00020448122350541498,-9.98693602837823e-17,,,,,4.903858805696324,6.803237623465871,9,0,0,0,6,0.1,0.978262653837712,,17.38703197803186,0.26725920905182704,8.147126914184195,14.970295354999475,-8.292025621693922,15.34268053654242,-17.152918066032505,0.28189802702520883,-8.87401586636832,-14.802459794363841,9.273000186033679,-14.778887195705556
centralized,54,1.375,0.195,0.205,0.21737346162287935,0.21645534117386972,0.021455341173869713,0.2166498291200316,0.00019448794616189202,8.867882082278548e-17,,,,,4.916764762095034,6.6661873023888925,9,0,0,0,6,0.1,0.978354465882613,,17.444302568322207,0.26999589197827906,8.180478872595188,15.03193248242251,-8.311023447960787,15.383120921949835,-17.2082489995165,0.2807132345341252,-8.907312564912004,-14.86224067097106,9.294470863471071,-14.818825490022263
centralized,55,1.4000000000000001,0.195,0.205,0.2164553411738697,0.21560318752642327,0.02060318752642326,0.21578811581707696,0.00018492829065369643,-4.12239396772723e-17,,,,,4.952276945245327,6.5357342262800024,9,0,0,0,6,0.1,0.9784396812473577,,17.49791995897105,0.2728013549803882,8.214207020258806,15.091390316645388,-8.328870683054935,15.420819780580898,-17.262005688047847,0.27817305397638786,-8.938425951241927,-14.91821023169754,9.31414286166406,-14.856514305965023
centralized,56,1.425,0.195,0.205,0.2156031875264232,0.2148125321118419,0.01981253211184189,0.2149881481020634,0.00017561599022150598,-1.279794833943388e-16,,,,,5.010594716461034,6.41212262311025,7,0,2,0,8,0.1,0.9785187467888158,,17.54789458916195,0.27573565966964547,8.24813133534423,15.148312752926024,-8.345563893451354,15.455815338385522,-17.313982660726232,0.27443530376377656,-8.967428213381048,-14.970472766658007,9.33205532965607,-14.89174385588598
centralized,57,1.4500000000000002,0.195,0.205,0.21481253211184193,0.2140798239074351,0.019079823907435095,0.21424628454835584,0.0001664606409207403,-1.319533146491506e-16,,,,,5.088869171939063,6.295509702210681,7,0,0,0,8,0.1,0.9785920176092565,,17.594291020852225,0.2788242318262392,8.282010312292684,15.202443487066004,-8.361099171246112,15.488172223801563,-17.36398907828163,0.26971189260143646,-8.994387251688366,-15.019191340930796,9.348264411427179,-14.924391440871004
centralized,58,1.475,0.195,0.205,0.21407982390743502,0.2134012618100725,0.018401261810072483,0.21355831514912726,0.0001570533390547746,-1.1071670995108878e-16,,,,,5.17835278230837,6.185819105486144,7,0,0,0,8,0.1,0.9786598738189928,,17.637297621436893,0.2820151338240118,8.315533084189058,15.253784017572274,-8.375530026124537,15.518019631150013,-17.41185977538625,0.26426915871975454,-9.019354238810873,-15.06459263030989,9.362837943925841,-14.954570384468724
centralized,59,1.5,0.195,0.205,0.21340126181007246,0.21277292707280984,0.017772927072809835,0.2129203051408501,0.00014737806804027143,2.230891214186982e-17,,,,,5.276753212558118,6.082950441359932,7,0,0,0,8,0.1,0.978722707292719,,17.677136940319414,0.28523375717557514,8.348375035415115,15.302349993735618,-8.388944057368391,15.545503837636385,-17.457419676744237,0.25838704895448855,-9.042393689415114,-15.106907333614924,9.375860634177213,-14.982412349642983
centralized,60,1.5250000000000001,0.195,0.205,0.21277292707280984,0.21219117363466347,0.017191173634663465,0.21232868442705785,0.0001375107923943797,1.463359879096126e-17,,,,,5.382583319054169,5.986801411588275,7,0,0,0,8,0.1,0.9787808826365336,,17.714028358987054,0.28841713386379686,8.38021447912541,15.348149612108926,-8.401424768356543,15.570773758302009,-17.500492691829706,0.2523362429655775,-9.063584389978201,-15.146358669370839,9.387426378946587,-15.008054221909466
centralized,61,1.55,0.195,0.205,0.21219117363466353,0.21165262677615393,0.016652626776153923,0.2117802574340673,0.00012763065791338013,-6.627626020213237e-17,,,,,5.493888670982742,5.89724675742619,6,0,1,0,9,0.1,0.9788347373223846,,17.74818905175203,0.2915178673542615,8.41075009450375,15.391190634815581,-8.413052685092774,15.593984267037307,-17.540916897896484,0.24636581958022594,-9.083022014078376,-15.183161395634704,9.397638791447909,-15.031641019291168
centralized,62,1.5750000000000002,0.195,0.205,0.2116526267761539,0.21115431229237258,0.016154312292372575,0.21127265369601542,0.00011834140364283541,-7.213137062655689e-17,,,,,5.607000812489007,5.814082012851985,6,0,0,0,9,0.1,0.9788845687707628,,17.779828451165802,0.2945093025131915,8.439768563069386,15.431511245876012,-8.423904455046987,15.615294412283586,-17.578604807539634,0.240659968835834,-9.100819228897429,-15.217514845921253,9.406608580111067,-15.053323803745672
centralized,63,1.6,0.195,0.205,0.21115431229237258,0.21069327689780618,0.01569327689780617,0.2108029895495226,0.00010971265171641487,-8.793852582206861e-17,,,,,5.713957992882271,5.736895126075495,6,0,0,0,9,0.1,0.9789306723102194,,17.80912373387814,0.2973892563899171,8.46732782978793,15.469267424620375,-8.434044833006258,15.634848057571077,-17.613708287739534,0.2352246810408016,-9.11709369052738,-15.249580621607047,9.414439709111976,-15.073240416167488
centralized,64,1.625,0.195,0.205,0.21069327689780623,0.2102667404934948,0.015266740493494801,0.21036843869348623,0.00010169819999142349,-8.407673065260638e-17,,,,,5.814103043252923,5.665273199863695,6,0,0,0,9,0.1,0.9789733259506506,,17.836238283636764,0.3001583622540393,8.493512448036494,15.50462137403119,-8.443530514263164,15.652778282100684,-17.646399406309175,0.23004492252317263,-9.131958137228754,-15.279507502474257,9.421230370326278,-15.09151890840648
centralized,65,1.6500000000000001,0.195,0.205,0.2102667404934948,0.20987212829422225,0.014872128294222242,0.2099663837853925,9.425549117025867e-05,-7.297301039699233e-17,,,,,5.907757797733968,5.598829286657888,6,0,0,0,9,0.1,0.9790127871705778,,17.861325229310342,0.3028176346113207,8.518399911455566,15.537725903764839,-8.452411721690993,15.669209209487232,-17.676839910209033,0.2251064827426807,-9.145519581428267,-15.307435447845954,9.427073377603385,-15.10827916010783
centralized,66,1.675,0.195,0.205,0.20987212829422233,0.2095070561687597,0.014507056168759691,0.2095943994373747,8.734326861500885e-05,4.2937083174840826e-17,,,,,5.9952539955735205,5.53720128707925,6,0,0,0,9,0.1,0.979049294383124,,17.884527896756087,0.3053684298641683,8.542061396197713,15.56872477659909,-8.460733006333504,15.684256430983606,-17.70518162346849,0.22039596210761964,-9.157879070396616,-15.333495950843337,9.432055938346771,-15.12363323690832
centralized,67,1.7000000000000002,0.195,0.205,0.2095070561687597,0.20916931691571325,0.014169316915713243,0.20925022586286957,8.090894715631625e-05,-1.3968134857130517e-16,,,,,6.076960913566362,5.480051576542176,6,0,0,0,9,0.1,0.9790830683084286,,17.905981191817798,0.30781444051437296,8.564562511204835,15.597752910801534,-8.468535459334037,15.698024898945727,-17.731565304420478,0.21590320945073646,-9.16913160326088,-15.357812324591238,9.4362585126784,-15.137687626260911
centralized,68,1.725,0.195,0.205,0.20916931691571325,0.20885686744607887,0.013856867446078863,0.2089317913893468,7.49239432679405e-05,1.618324826964398e-17,,,,,6.153316982214827,5.427067428994123,6,0,0,0,9,0.1,0.9791143132553921,,17.925814462704626,0.3101667457894721,8.585964069439553,15.624936415551993,-8.475860913821242,15.710603346613423,-17.75611739165254,0.21162716304006,-9.179366243964818,-15.38049992864058,9.439752246654349,-15.150548352576408
centralized,69,1.75,0.195,0.205,0.20885686744607893,0.20856781672922656,0.01356781672922655,0.20863717974407206,6.936301484550267e-05,-2.936619067468462e-19,,,,,6.224597081001056,5.377956037082909,6,0,0,0,9,0.1,0.9791432183270773,,17.944148318906475,0.3124353149668376,8.606322380713623,15.65039381586929,-8.482746282852482,15.72207560923552,-17.778957179730604,0.20756536648420892,-9.188666337946408,-15.40166698221365,9.442603596668325,-15.16231372418092
centralized,70,1.7750000000000001,0.195,0.205,0.2085678167292266,0.20830041463441573,0.013300414634415725,0.2083646155662446,6.420093182887832e-05,2.0594659708736297e-17,,,,,6.291067332048212,5.332443343736059,6,0,0,0,9,0.1,0.9791699585365584,,17.961094720828306,0.31462830133537245,8.625689738775339,15.674236454154313,-8.48922372341989,15.732521602168807,-17.800197592733443,0.203713367088629,-9.197109626626448,-15.421414928908451,9.444874810344109,-15.173074035683435
centralized,71,1.8,0.195,0.205,0.20830041463441576,0.20805304155516102,0.013053041555161016,0.20811245439176584,5.9412836604821884e-05,-1.7569606781010696e-16,,,,,6.352995961058268,5.290273204896365,6,0,0,0,9,0.1,0.9791946958444839,,17.976757482298616,0.3167522609540993,8.64411488500707,15.696568817394471,-8.495321379208896,15.742017198626616,-17.819945286056274,0.20006517488532294,-9.20476840929619,-15.439838768031844,9.446623972154846,-15.18291211467925
centralized,72,1.8250000000000002,0.195,0.205,0.20805304155516108,0.20782419873683347,0.012824198736833464,0.20787917327858502,5.49745417515457e-05,-4.887888356428178e-17,,,,,6.410648739631569,5.251206506529041,6,0,0,0,9,0.1,0.9792175801263167,,17.991232779481013,0.31881237411052543,8.661643416585052,15.717488871958711,-8.501064027385562,15.750634171571424,-17.83830079191036,0.19661365704035372,-9.211709749610604,-15.457027390726655,9.447905090305913,-15.191903873648046
centralized,73,1.85,0.195,0.205,0.20782419873683355,0.20761249791621017,0.012612497916210164,0.20766336163680746,5.0863720597288387e-05,3.4641596937761524e-17,,,,,6.464286412649792,5.215020277917403,6,0,0,0,9,0.1,0.979238750208379,,18.004609585209405,0.32081277071928205,8.678318208858899,15.737088287159446,-8.50647363727605,15.758440183979706,-17.85535874388283,0.19335096573612948,-9.217995661724482,-15.473064002528105,9.448768214375558,-15.200118850146632
centralized,74,1.875,0.195,0.205,0.20761249791621006,0.2074166558960584,0.012416655896058393,0.20746371393390742,4.7058037849018186e-05,-4.359360266199472e-17,,,,,6.514170270158338,5.181506978477209,6,0,0,0,9,0.1,0.9792583344103941,,18.016969336223372,0.3227580572578663,8.694180526164683,15.755451424181492,-8.511569878164606,15.765498758681534,-17.871208633076066,0.1902699649440182,-9.22368274922571,-15.48802752808404,9.449259564930305,-15.207620710370538
centralized,75,1.9000000000000001,0.195,0.205,0.2074166558960584,0.20723548619926788,0.01223548619926787,0.20727902188545855,4.353568619067105e-05,-8.970263593582118e-17,,,,,6.56054039911879,5.150473331813069,6,0,0,0,9,0.1,0.9792764513800732,,18.028387317919687,0.3246520534229632,8.709269407278844,15.772657138287041,-8.516370473341667,15.771869464171811,-17.885934502117696,0.1873632723930644,-9.22882312640915,-15.50199185192325,9.449421737265013,-15.214467770989184
centralized,76,1.925,0.195,0.205,0.20723548619926782,0.20706789084345506,0.012067890843455054,0.2071081670383142,4.0276194859134584e-05,-4.7282800432477124e-17,,,,,6.603623276447221,5.121739399362609,6,0,0,0,9,0.1,0.9792932109156545,,18.038933404942924,0.32649747030793913,8.723621591894672,15.788779582350177,-8.520891513284354,15.777608047985533,-17.899614969287004,0.18462300524275796,-9.233464920780285,-15.515025711952887,9.449293878586767,-15.220713462522165
centralized,77,1.9500000000000002,0.195,0.205,0.207067890843455,0.20691285379900487,0.011912853799004863,0.20695011419744244,3.7260398437571896e-05,-1.424980880371064e-16,,,,,6.643635212015188,5.095137775794789,6,0,0,0,9,0.1,0.9793087146200995,,18.048672415636904,0.32829614984535477,8.737271767225145,15.803888410967458,-8.52514773132847,15.78276655499,-17.912323490144068,0.18204098308036434,-9.237652505042826,-15.527193037190214,9.448911860523308,-15.226406752709533
centralized,78,1.975,0.195,0.205,0.20691285379900484,0.20676943491675687,0.01176943491675686,0.2068039053113905,3.447039463363999e-05,7.509306689932127e-17,,,,,6.680781727333834,5.070512807222996,6,0,0,0,9,0.1,0.9793230565083243,,18.057664453185694,0.33004926883036684,8.750252776813326,15.818048990393724,-8.529152730504787,15.787393465982785,-17.924128625435657,0.1796088957152986,-9.24142672779886,-15.538553272643497,9.448308458727652,-15.231592538382126
centralized,79,2.0,0.195,0.205,0.2067694349167568,0.2066367642949836,0.011636764294983587,0.20666865378882673,3.1889493843140215e-05,-1.2827902818347517e-16,,,,,6.715257271189077,5.047719838481096,6,0,0,0,9,0.1,0.9793363235705016,,18.06596523103885,0.3317575103167093,8.762595796657273,15.83132261082082,-8.532919168433445,15.791533850820773,-17.935094310185708,0.17731843945924308,-9.244825140139916,-15.54916168880862,9.44751353586329,-15.236312005583494
centralized,80,2.025,0.195,0.205,0.20663676429498365,0.2065140370564849,0.011514037056484905,0.20654353921947585,2.9502162990940883e-05,-1.5426232897489714e-16,,,,,6.74724518833027,5.026624493550886,6,0,0,0,9,0.1,0.9793485962943516,,18.073626381180336,0.33342120556350485,8.774330483399526,15.843766698173177,-8.536458906635694,15.795229531210957,-17.945280120021398,0.17516142566849224,-9.24788221600564,-15.559069674298266,9.4465542249532,-15.240602958680888
centralized,81,2.0500000000000003,0.195,0.205,0.2065140370564849,0.20640050850794164,0.011400508507941637,0.20642780247370632,2.7293965764674244e-05,-1.3267010537124297e-17,,,,,6.7769178740906195,5.007101991551162,6,0,0,0,9,0.1,0.9793599491492059,,18.080695744540215,0.3350404498579521,8.785485098897178,15.855435023168074,-8.539783130001219,15.798519249124512,-17.954741531745977,0.1731298652346676,-9.25062956475695,-15.568325010914828,9.445455110679445,-15.244500119869787
centralized,82,2.075,0.195,0.205,0.20640050850794162,0.20629548965507516,0.011295489655075153,0.2063207411560739,2.52515009987464e-05,-1.4114316310820703e-16,,,,,6.804437061965088,4.989036499422565,6,0,0,0,9,0.1,0.9793704510344925,,18.08721764340108,0.33661519551262553,8.796086615020215,15.866377905882242,-8.5429024414965,15.801438837538758,-17.963530175962493,0.17121603250231618,-9.253096134871564,-15.57697213106313,9.444238406736478,-15.248035400894745
centralized,83,2.1,0.195,0.205,0.20629548965507527,0.20619834301381815,0.01119834301381814,0.20622170537715503,2.336236333688735e-05,5.17165654432627e-17,,,,,6.829954202860818,4.972320521494302,6,0,0,0,9,0.1,0.9793801656986182,,18.093233136052895,0.3381453251911025,8.806160802053903,15.876642414485625,-8.545826936553377,15.804021390862726,-17.97169408019718,0.16941251181354297,-9.25530840803935,-15.585052357816206,9.442924127779307,-15.25123814903915
centralized,84,2.125,0.195,0.205,0.20619834301381815,0.20610847850905348,0.011108478509053471,0.20613009375649624,2.161524744276333e-05,1.2475237450452881e-17,,,,,6.853611470316989,4.956854343269723,6,0,0,0,9,0.1,0.9793891521490946,,18.098780322339525,0.3396305884058537,8.815732224584112,15.886272674023521,-8.548566257141339,15.806297424131277,-17.979277810361932,0.16771208339515542,-9.257290656582384,-15.592603972971254,9.441530244217105,-15.254135366568075
centralized,85,2.15,0.195,0.205,0.20610847850905348,0.20602535061796037,0.011025350617960367,0.20604535004416388,1.9999426203509696e-05,5.587494924305109e-17,,,,,6.875543003694488,4.942545533972968,6,0,0,0,9,0.1,0.979397464938204,,18.10389474707033,0.3410703260540835,8.82482409794744,15.895310362626542,-8.55112962844301,15.808295014239055,-17.98632245507758,0.16610736258091824,-9.259065309053257,-15.599662020148953,9.440072812096597,-15.256751906075788
centralized,86,2.1750000000000003,0.195,0.205,0.20602535061796035,0.20594845469121864,0.010948454691218634,0.20596695963647219,1.8504945253544625e-05,-1.5142925437431968e-17,,,,,6.89587152463676,4.929308359144291,6,0,0,0,9,0.1,0.9794051545308782,,18.10860931642543,0.3424640202219205,8.833458687584592,15.903794388423025,-8.553525915673568,15.810039994404672,-17.99286623008324,0.16459144678362372,-9.260652794336039,-15.606259170851288,9.438566165703076,-15.259110669928939
centralized,87,2.2,0.195,0.205,0.20594845469121864,0.2058773238324748,0.010877323832474806,0.2058944464449636,1.7122612488790212e-05,-7.556908094027061e-17,,,,,6.914711307532157,4.9170633075327235,6,0,0,0,9,0.1,0.9794122676167525,,18.11295446391123,0.343811355534873,8.841657381930004,15.91176101674178,-8.555763649424964,15.81155610947307,-17.99894470383108,0.16315796213689815,-9.262071672688423,-15.612425949112254,9.437023063612722,-15.261232773560842
centralized,88,2.225,0.195,0.205,0.20587732383247487,0.20581152608153977,0.010811526081539763,0.20582737002163687,1.5843940097098885e-05,7.531032972765102e-17,,,,,6.9321689173557,4.905736656818867,6,0,0,0,9,0.1,0.979418847391846,,18.11695833504905,0.34511221484017296,8.849440721582479,15.919244045056757,-8.557851042424652,15.812865160844401,-18.004590968831618,0.16180103451372457,-9.26333879191162,-15.61819086962445,9.435454821914249,-15.263137691462589
centralized,89,2.25,0.195,0.205,0.20581152608153974,0.20575066180651347,0.010750661806513462,0.20576532289711472,1.4661090601247873e-05,-1.273307549011675e-16,,,,,6.948343653709661,4.895260067240332,6,0,0,0,9,0.1,0.9794249338193487,,18.12064695856966,0.3463666704691898,8.856828425517412,15.92627496830276,-8.559796001977846,15.813987144557146,-18.009835803987762,0.1605152591804271,-9.264469432326099,-15.623580567248501,9.43387143925585,-15.264843389624305
centralized,90,2.275,0.195,0.205,0.20575066180651347,0.2056943612895879,0.010694361289587895,0.20570792811635044,1.3566826762539952e-05,-1.0999937773262427e-16,,,,,6.9633279854308405,4.8855702017161855,6,0,0,0,9,0.1,0.9794305638710412,,18.124044404973215,0.3475749723620023,8.863839415208158,15.932883134650933,-8.561606139285919,15.814940382256234,-18.01470782799781,0.159295669909725,-9.265477441069908,-15.628619918397549,9.432281713784059,-15.266366445856004
centralized,91,2.3000000000000003,0.195,0.205,0.2056943612895879,0.20564228249233482,0.010642282492334815,0.20565483695749986,1.2554465165043327e-05,-2.4116702866797136e-18,,,,,6.977207971554354,4.876608371049924,6,0,0,0,9,0.1,0.9794357717507665,,18.12717293330242,0.3487375340942366,8.87049183732094,15.939095891942536,-8.56328877658421,15.815741644932267,-18.01923364400459,0.15813770820002698,-9.266375356266536,-15.633332154781796,9.430693352133332,-15.26772215927163
centralized,92,2.325,0.195,0.205,0.20564228249233482,0.20559410898727914,0.010594108987279138,0.20560572682056086,1.1617833281712953e-05,-3.080370613162509e-17,,,,,6.99006366585997,4.868320202802765,6,0,0,0,9,0.1,0.9794405891012721,,18.130053126950557,0.3498549176388994,8.876803085481253,15.944938725059938,-8.564850952834794,15.816406269439272,-18.02343797573765,0.15703719309845338,-9.26717452162502,-15.637738969981385,9.429113070695704,-15.268924650081374
centralized,93,2.35,0.195,0.205,0.20559410898727903,0.2055495480434955,0.010549548043495505,0.2055602992733128,1.0751229817279606e-05,3.074261071135905e-17,,,,,7.001969503287672,4.860655332461132,6,0,0,0,9,0.1,0.9794450451956505,,18.132704019289825,0.3509278175201028,8.88278982147492,15.95043538457078,-8.566299428538516,15.816948267891796,-18.027343795444228,0.15599029199968287,-9.26788519203935,-15.641860619293645,9.427546689452518,-15.269986950708931
centralized,94,2.375,0.195,0.205,0.20554954804349562,0.2055083288548505,0.010508328854850507,0.20551827824296023,9.949388109720125e-06,-3.7124103690361746e-17,,,,,7.012994667291818,4.8535671155668885,6,0,0,0,9,0.1,0.9794491671145149,,18.135143209863827,0.35195704486794716,8.888467996138965,15.955608007019858,-8.567640690090592,15.817380430112802,-18.03097244393748,0.15499349268897036,-9.268516630749875,-15.645716013275868,9.425999218688007,-15.270921089133168
centralized,95,2.4000000000000004,0.195,0.205,0.20550832885485046,0.2054702009003294,0.010470200900329407,0.20547940834271697,9.207442387554332e-06,-8.687724421807799e-17,,,,,7.023203437773876,4.847012359531553,6,0,0,0,9,0.1,0.979452979909967,,18.137386971843526,0.35294351176110694,8.893852870112356,15.960477227267264,-8.56888095399091,15.817714419355935,-18.03434374311067,0.1540435768128746,-9.269077198618344,-15.649322805378972,9.424474938930166,-15.271738165248186
centralized,96,2.4250000000000003,0.195,0.205,0.2054702009003294,0.20543493242665845,0.010434932426658439,0.205443453323332,8.520896673552825e-06,-5.2142490496371246e-17,,,,,7.032655519638385,4.840951073912661,6,0,0,0,9,0.1,0.9794565067573342,,18.139450351400615,0.35388821614263605,8.89895903455038,15.965062283283975,-8.570026171129516,15.817960861563055,-18.037476101276987,0.15313759489276932,-9.269574436052173,-15.652697474041961,9.42297747448007,-15.272448420941828
centralized,97,2.45,0.195,0.205,0.2054349324266585,0.2054023090441485,0.010402309044148489,0.2054101946402875,7.885596139012296e-06,-3.2332836940632365e-17,,,,,7.041406352307522,4.835346237989479,6,0,0,0,9,0.1,0.9794597690955852,,18.14134725960734,0.3547922275121653,8.90380043185577,15.969381113820047,-8.571082031296058,15.818129428443202,-18.04038661169822,0.1522728429417218,-9.270015138093902,-15.655855399592646,9.421509860898494,-15.273061304509541
centralized,98,2.475,0.195,0.205,0.2054023090441485,0.20537213242734928,0.010372132427349273,0.20537943012807194,7.29770072266378e-06,7.063170970496745e-18,,,,,7.049507400725359,4.8301635845346835,6,0,0,0,9,0.1,0.9794627867572651,,18.14309055742829,0.3556566735312871,8.908390376441984,15.973450449357715,-8.572053968005944,15.818228914674947,-18.043091144664082,0.15144684070259323,-9.270405423169509,-15.658810936277117,9.420074606819929,-15.273585529947537
centralized,99,2.5,0.195,0.205,0.20537213242734936,0.20534421911272505,0.01034421911272504,0.20535097277356312,6.753660838076936e-06,-6.937358269186981e-17,,,,,7.057006428515329,4.825371398737319,6,0,0,0,9,0.1,0.9794655780887275,,18.14469213432822,0.35648272762602384,8.91274157551657,15.977285896753951,-8.572947163692904,15.818267309542355,-18.04560443347805,0.1506573114923398,-9.270750795965384,-15.661577479719016,9.41867375046032,-15.274029131605339
centralized,100,2.5250000000000004,0.195,0.205,0.20534421911272502,0.2053183993861344,0.01031839938613438,0.20532464958113456,6.250195000168102e-06,-6.22152159673562e-17,,,,,7.063947754038692,4.820940331289801,6,0,0,0,9,0.1,0.9794681600613866,,18.146162980980638,0.3572715976287079,8.916866149853423,15.980902017965477,-8.573766555285047,15.818251863317071,-18.04794015469721,0.1499021636127438,-9.27105620487883,-15.664167530089918,9.417308911176965,-15.274399514622154
centralized,101,2.5500000000000003,0.195,0.205,0.20531839938613436,0.20529451625342818,0.010294516253428171,0.2053003005226537,5.7842692255116734e-06,-5.276268195177532e-17,,,,,7.070372490145517,4.816843224707231,6,0,0,0,9,0.1,0.9794705483746572,,18.147513256525198,0.35802451546941927,8.920775654510255,15.98431240323508,-8.574516840157587,15.818189148696858,-18.050111002962698,0.14917947326973943,-9.27132609446162,-15.666592751253937,9.41598133642827,-15.274703501523177
centralized,102,2.575,0.195,0.205,0.2052945162534281,0.2052724244879813,0.010272424487981296,0.20527777756603605,5.3530780547428325e-06,9.634158396225648e-17,,,,,7.07631876843907,4.813054952000973,6,0,0,0,9,0.1,0.9794727575512019,,18.14875235078752,0.35874272790272677,8.924481099440124,15.987529739102104,-8.575202482438193,15.818085117605055,-18.052128760745315,0.14848746893083156,-9.271564453250768,-15.668864026132917,9.414691944467881,-15.274947375309843
centralized,103,2.6,0.195,0.205,0.20527242448798147,0.20525198974942188,0.010251989749421875,0.2052569437764935,4.9540270716241785e-06,-1.166030757675627e-16,,,,,7.081821948868739,4.809552266879692,6,0,0,0,9,0.1,0.9794748010250578,,18.149888941843354,0.3594274882373958,8.927992969942435,15.990565871582849,-8.575827719629276,15.817945153647146,-18.054004363317517,0.1478245170417908,-9.271774857355675,-15.670991508523247,9.413441363093128,-15.27513691934165
centralized,104,2.625,0.195,0.205,0.2052519897494219,0.20523308776825255,0.010233087768252547,0.20523767248504926,4.584716796707244e-06,-8.279783460135949e-17,,,,,7.086914815465512,4.8063136647002995,6,0,0,0,9,0.1,0.9794766912231747,,18.150931049279396,0.36008004902381124,8.931321246898285,15.993431864848846,-8.57639656950403,15.817774120510206,-18.05574795924938,0.14718910901893084,-9.27196051014631,-15.672984671581146,9.41222996475187,-15.275277454275523
centralized,105,2.6500000000000004,0.195,0.205,0.20523308776825266,0.20521560359145333,0.01021560359145332,0.20521984651929268,4.2429278393485426e-06,-8.879852378994312e-17,,,,,7.09162775901141,4.803319253438121,6,0,0,0,9,0.1,0.9794784396408547,,18.151886083475958,0.3607016556450502,8.93447542673669,15.996138055712995,-8.576912837228972,15.817576406579372,-18.057368966711955,0.14657984943110464,-9.272124278363485,-15.67485235318019,9.411057898295478,-15.275373872301147
centralized,106,2.6750000000000003,0.195,0.205,0.20521560359145335,0.20519943088451387,0.01019943088451386,0.20520335749172738,3.926607213516897e-06,-9.696708443244736e-17,,,,,7.095988947410061,4.800550633990266,6,0,0,0,9,0.1,0.9794800569115486,,18.152760891211482,0.3612935407520205,8.93746454108144,15.998694104215563,-8.577380122664051,15.817355966032913,-18.058876125857278,0.14599544528545383,-9.272268724949528,-15.676602798332743,9.409925117649012,-15.275430668886791
centralized,107,2.7,0.195,0.205,0.20519943088451395,0.20518447128568645,0.010184471285686447,0.2051881051414024,3.6338557159454332e-06,-1.3789638727496598e-16,,,,,7.10002448449946,4.7979907891687175,6,0,0,0,9,0.1,0.9794815528714313,,18.15356179786581,0.3618569194801307,8.940297176032544,16.001109040584453,-8.577801827791717,15.81711635666435,-18.060277547530212,0.145434696332416,-9.272396138875907,-15.67824369885566,9.408831407652894,-15.275451972229263
centralized,108,2.725,0.195,0.205,0.20518447128568643,0.20517063380856268,0.010170633808562674,0.20517399672484798,3.362916285304385e-06,4.376901125760929e-18,,,,,7.10375855801323,4.795623980779962,6,0,0,0,9,0.1,0.9794829366191438,,18.154294646477794,0.36239298538397535,8.942981491041104,16.003391308826973,-8.578181164227974,15.816860774666717,-18.061580758553475,0.14489648630813573,-9.272508562223798,-15.679782230450147,9.40777640731401,-15.275441570583341
centralized,109,2.75,0.195,0.205,0.2051706338085625,0.2051578342893635,0.010157834289363482,0.20516094645262478,3.112163261292933e-06,-1.723397449811183e-17,,,,,7.107213577368232,4.7934356542263155,6,0,0,0,9,0.1,0.9794842165710637,,18.154964833893228,0.36290290702707656,8.94552523734167,16.00554880719377,-8.578521160771016,15.816592086600716,-18.062792743813663,0.1443797750358649,-9.272607814754043,-15.68122508735578,9.406759630687947,-15.275402937630046
centralized,110,2.7750000000000004,0.195,0.205,0.20515783428936343,0.20514599487560486,0.010145994875604858,0.2051488749680769,2.880092472040685e-06,-1.8922941142454835e-16,,,,,7.110410301921612,4.7914123501003605,6,0,0,0,9,0.1,0.9794854005124395,,18.155577344220948,0.36338782516537005,8.947935775911432,16.0075889257397,-8.578824670946316,15.816312858755266,-18.0639199853629,0.14388359131196726,-9.27269551618455,-15.68257851472947,9.405780485598605,-15.27533925602892
centralized,111,2.8000000000000003,0.195,0.205,0.20514599487560492,0.20513504355304724,0.01013504355304723,0.20513770886513122,2.665312083982574e-06,-2.0194815773029022e-17,,,,,7.11336796030494,4.789541622278174,6,0,0,0,9,0.1,0.9794864956446953,,18.156136779798448,0.36384885046560633,8.95022009493088,16.009518581191315,-8.579094380510673,15.816025384096037,-18.06496849873817,0.14340702650647602,-9.272773106376047,-15.683848338891442,9.404838290386387,-15.275253439287098
centralized,112,2.825,0.195,0.205,0.20513504355304715,0.205124913708068,0.010124913708068006,0.20512738024222077,2.466534152756328e-06,-3.204020467457826e-17,,,,,7.1161043614176815,4.787811962049557,6,0,0,0,9,0.1,0.9794875086291932,,18.156647389852896,0.36428706170284886,8.952384826725554,16.011344249316195,-8.57933281488153,15.815731706985005,-18.06594386668808,0.14294922881271285,-9.272841863610845,-15.685039995572128,9.403932288861922,-15.275148152066775
centralized,113,2.85,0.195,0.205,0.2051249137080681,0.20511554372280955,0.010115543722809539,0.20511782628962943,2.2825668198889204e-06,2.1713440338962076e-17,,,,,7.118635997621663,4.7862127278539965,6,0,0,0,9,0.1,0.9794884456277191,,18.15711309702945,0.3647035043846318,8.954436264173331,16.013071994975867,-8.57954234646176,15.815433645842015,-18.06685127048521,0.14250939808505905,-9.272902921134335,-15.686158556286026,9.403061663628693,-15.275025829042855
centralized,114,2.875,0.195,0.205,0.2051155437228095,0.20510687660065058,0.010106876600650572,0.20510898890775536,2.1123071047846054e-06,-1.1575909384685605e-17,,,,,7.120978140654133,4.784734080220018,6,0,0,0,9,0.1,0.979489312339935,,18.157537521945677,0.36509918975293143,8.95638037656613,16.014707500031164,-8.57972520183395,15.81513281390773,-18.067695518991044,0.1420867812085115,-9.272957282114884,-15.687208752951395,9.402225547925108,-15.274888692413704
centralized,115,2.9000000000000004,0.195,0.205,0.20510687660065063,0.20509885961973626,0.01009885961973625,0.2051008143539806,1.9547342443304583e-06,1.6363921257368718e-17,,,,,7.123144930744326,4.783366921532731,6,0,0,0,9,0.1,0.9794901140380263,,18.157924005918986,0.36547509411875695,8.958222824918911,16.01625608925695,-8.579883468801844,15.814830638256366,-18.06848107562986,0.14168066794809356,-9.273005833164826,-15.688195000867532,9.401423036124532,-15.274738768159967
centralized,116,2.9250000000000003,0.195,0.205,0.20509885961973637,0.20509144401246399,0.01009144401246398,0.20509325291600275,1.8089035387636176e-06,-1.0958667075451579e-16,,,,,7.125149459388809,4.78210284027998,6,0,0,0,9,0.1,0.9794908555987536,,18.158275632002812,0.36583215848780914,8.959968976722621,16.017722754411764,-8.580019103260165,15.814528377196103,-18.069212083417845,0.1412903872304663,-9.273049356553205,-15.689121420154958,9.400653193020458,-15.274577901139242
centralized,117,2.95,0.195,0.205,0.20509144401246407,0.2050845846689875,0.010084584668987484,0.20508625860964955,1.6739406620558395e-06,-1.7029364597898165e-16,,,,,7.127003846218242,4.780934059451518,6,0,0,0,9,0.1,0.9794915415331013,,18.158595244457235,0.36617128843925073,8.961623920140942,16.019112176597485,-8.580133935877187,15.81422713618524,-18.06989238818424,0.1409153038141266,-9.273088541229786,-15.689991855757484,9.399915062013408,-15.274407769097873
centralized,118,2.975,0.195,0.205,0.20508458466898746,0.20507823986293758,0.010078239862937571,0.20507978889934092,1.549036403342141e-06,-5.678433562076715e-17,,,,,7.128719310353046,4.779853388788139,6,0,0,0,9,0.1,0.9794921760137062,,18.158885466770187,0.36649335422304463,8.963192477653669,16.020428747034245,-8.580229678577544,15.813927882382767,-18.070525560112237,0.14055481530843683,-9.273123992769582,-15.690809896099278,9.399207672306364,-15.274229895675248
centralized,119,3.0,0.195,0.205,0.20507823986293758,0.20507237099770015,0.010072370997700142,0.2050738044395045,1.4334418043382424e-06,-1.7700621226007814e-16,,,,,7.130306236632126,4.778854180598947,6,0,0,0,9,0.1,0.97949276290023,,18.15914871833676,0.3667991910446198,8.964679219152028,16.021676586366635,-8.580307930815406,15.813631457943329,-18.071114913718834,0.14020834950531957,-9.273156242337672,-15.69157889048445,9.398530045206325,-15.27404566247051
centralized,120,3.0250000000000004,0.195,0.205,0.2050723709977002,0.20506694237170964,0.01006694237170963,0.20506826883537332,1.3264636636867166e-06,5.620683948223566e-18,,,,,7.1317742370632144,4.77793028888461,6,0,0,0,9,0.1,0.979493305762829,,18.159387229896133,0.36708959950869846,8.966088474493523,16.02285956260874,-8.580370185630729,15.813338592158297,-18.071663526384857,0.13987536199081382,-9.273185754765368,-15.69230196532133,9.397881199621127,-15.273856320236716
centralized,121,3.0500000000000003,0.195,0.205,0.20506694237170975,0.20506192096133677,0.010061920961336762,0.20506314842171344,1.2274603766737613e-06,-8.933578098456963e-17,,,,,7.133132207831303,4.777076031523117,6,0,0,0,9,0.1,0.9794938079038663,,18.15960305781817,0.3673653461970329,8.967424345525677,16.023981307827572,-8.58041783548341,15.813049912537021,-18.072174255538773,0.13955533400678932,-9.273212935820762,-15.692982039248621,9.397260156832807,-15.273662999262859
centralized,122,3.075,0.195,0.205,0.2050619209613369,0.20505727622005018,0.010057276220050176,0.205058412058142,1.1358380918036204e-06,1.1573975906705846e-16,,,,,7.1343883821714575,4.776286155291785,6,0,0,0,9,0.1,0.979494272377995,,18.159798097324902,0.36762716435747467,8.968690717589713,16.025045233657107,-8.580452177862274,15.812765954915115,-18.072649754590856,0.1392477705360041,-9.273238138749345,-15.69362183723587,9.396665944621555,-15.273466719000028
centralized,123,3.1,0.195,0.205,0.2050572762200502,0.20505297989263657,0.010052979892636565,0.2050540309397875,1.0510471509239672e-06,-5.2450520092381146e-17,,,,,7.135550379398378,4.775555803515475,6,0,0,0,9,0.1,0.9794947020107363,,18.159974094725825,0.36787575468429184,8.969891270516445,16.026054545728318,-8.580474420667457,15.812487172669975,-18.073092487707594,0.13895219858632243,-9.273261670153628,-15.694223903726138,9.396097600807591,-15.273268396984086
centralized,124,3.125,0.195,0.205,0.20505297989263652,0.20504900584334776,0.010049005843347752,0.20504997842214534,9.725787975811695e-07,-5.01040888188885e-17,,,,,7.1366252503639505,4.774880486146131,6,0,0,0,9,0.1,0.9794950994156653,,18.160132658740007,0.36811178617193296,8.971029489127767,16.027012257094206,-8.580485687366362,15.812213945117486,-18.07350474350998,0.1386681656523381,-9.273283795274498,-15.69479061488458,9.395554176272205,-15.273068857103654
centralized,125,3.1500000000000004,0.195,0.205,0.20504900584334768,0.20504532989693378,0.010045329896933769,0.20504622985906729,8.999621335104013e-07,5.2379144372631436e-18,,,,,7.137619519593511,4.774256052092752,6,0,0,0,9,0.1,0.9794954670103067,,18.160275270972665,0.36833589702652436,8.972108673257914,16.02792120072295,-8.580487021924629,15.811946585158093,-18.073888647773487,0.13839523833485706,-9.273304742731415,-15.69532419001257,9.3950347375135,-15.272868837258915
centralized,126,3.1750000000000003,0.195,0.205,0.2050453298969338,0.20504192969159513,0.01004192969159512,0.2050427624528942,8.327612990854938e-07,-1.9602563737258316e-16,,,,,7.138539224339626,4.773678663634107,6,0,0,0,9,0.1,0.9794958070308405,,18.1604032956088,0.3685486956212896,8.973131947309373,16.02878404112689,-8.58047939351473,15.811685346235032,-18.074246175202106,0.13813300110071225,-9.273324708773343,-15.695826702183275,9.394538368787257,-15.272668996453618
centralized,127,3.2,0.195,0.205,0.20504192969159504,0.20503878454296265,0.010038784542962642,0.2050395551158291,7.705728664597622e-07,-3.935178202177277e-17,,,,,7.139389950771452,4.773144772758725,6,0,0,0,9,0.1,0.9794961215457038,,18.16051798838188,0.3687507614838036,8.974102269358722,16.029603285189978,-8.580463701005758,15.811430428662545,-18.074579160343614,0.137881055167217,-9.273343861087572,-15.696300088150952,9.39406417387852,-15.272469921359825
centralized,128,3.225,0.195,0.205,0.20503878454296276,0.20503587531827547,0.010035875318275461,0.205036588341703,7.130234275232183e-07,-7.010432988476172e-17,,,,,7.140176867506472,4.772651099287998,6,0,0,0,9,0.1,0.9794964124681724,,18.160620504871275,0.3689426463045529,8.975022439828026,16.03038129225169,-8.580440777238776,15.811181985377281,-18.07488930770861,0.13763901749722193,-9.273362342209309,-15.696746157582925,9.393611277545242,-15.272272132392283
centralized,129,3.25,0.195,0.205,0.20503587531827555,0.2050331843199976,0.010033184319997585,0.20503384408735723,6.597673596342446e-07,-1.0151030399295283e-16,,,,,7.1409047566741854,4.772194610648921,6,0,0,0,9,0.1,0.9794966815680002,,18.160711908178143,0.3691248749576843,8.975895109737577,16.031120283501014,-8.580411393092767,15.810940127161828,-18.075178201151267,0.13740651989224387,-9.273380272570915,-15.697166601660024,9.393178826671283,-15.272076089326792
centralized,130,3.2750000000000004,0.195,0.205,0.20503318431999767,0.20503069517815925,0.010030695178159243,0.20503130566291952,6.104847602717012e-07,-1.1592505881536319e-16,,,,,7.141578042691152,4.771772503172743,6,0,0,0,9,0.1,0.9794969304821841,,18.160793176025845,0.36929794652607145,8.976722788555831,16.03182235073022,-8.580376261346784,15.810704927385345,-18.075447312565707,0.13718320817250082,-9.273397753226094,-15.697563001088259,9.392765991162513,-15.271882196494646
centralized,131,3.3000000000000003,0.195,0.205,0.20503069517815917,0.20502839275077592,0.01002839275077591,0.2050289576303095,5.648795335932988e-07,-3.2583944008455698e-18,,,,,7.142200818912,4.771382184804994,6,0,0,0,9,0.1,0.9794971607249224,,18.160865207327515,0.36946233532397604,8.977507851662345,16.03248946449435,-8.580336040344303,15.810476426302644,-18.075698009947963,0.1369687414338945,-9.273414868281062,-15.697936833561739,9.39237196461636,-15.271690807583067
centralized,132,3.325,0.195,0.205,0.20502839275077597,0.20502626303173327,0.010026263031733262,0.20502678570935393,5.226776206568307e-07,-2.7769806516908484e-17,,,,,7.142776872310639,4.77102125912081,6,0,0,0,9,0.1,0.9794973736968267,,18.16092882826031,0.3696184919115682,8.978252547439387,16.033123481718995,-8.58029133746615,15.810254634949706,-18.075931564869936,0.13676279137310604,-9.273431687061706,-15.698289480714195,9.391995964792253,-15.271502230069498
centralized,133,3.35,0.195,0.205,0.2050262630317333,0.20502429306558345,0.010024293065583445,0.20502477669094316,4.836253597040319e-07,-5.4568177996580174e-17,,,,,7.143309706335465,4.7706875105473605,6,0,0,0,9,0.1,0.9794975706934417,,18.160984797882918,0.36976684409648475,8.978959004007697,16.03372615279573,-8.580242712418567,15.810039538670454,-18.0761491594084,0.13656504167293662,-9.27344826604307,-15.69862223459399,9.391637233907549,-15.271316729315794
centralized,134,3.375,0.195,0.205,0.20502429306558342,0.20502247086872874,0.010022470868728733,0.2050229183567005,4.4748797176086264e-07,-1.0537162364814422e-16,,,,,7.14380256207127,4.770378890702521,6,0,0,0,9,0.1,0.9794977529131271,,18.16103381333019,0.36990779791838296,8.9796292356216,16.034299128201702,-8.580190680343224,15.809831100306829,-18.07635189256893,0.13637518744093433,-9.273464650564966,-15.698936303695216,9.391295038781156,-15.271134532346531
centralized,135,3.4000000000000004,0.195,0.205,0.2050224708687287,0.20502078535652113,0.010020785356521122,0.20502119940467498,4.1404815384615823e-07,-7.878231964045477e-17,,,,,7.144258437831483,4.770093505765664,6,0,0,0,9,0.1,0.9794979214643479,,18.161076514616326,0.3700417386131647,8.980265148738368,16.034843964677126,-8.58013571475601,15.80962926308148,-18.07654078624184,0.13619293469512692,-9.2734808763553,-15.699232818575224,9.390968670844686,-15.270955831334053
centralized,136,3.4250000000000003,0.195,0.205,0.20502078535652105,0.20501922627582636,0.010019226275826354,0.2050196093806082,3.8310478184255814e-07,-6.508465050299034e-17,,,,,7.144680107295975,4.769829604802764,6,0,0,0,9,0.1,0.9794980773724173,,18.16111348907566,0.3701690315541586,8.980868547776383,16.035362130991963,-8.58007825032153,15.809433953200028,-18.07671679072439,0.13601799989140106,-9.273496970880633,-15.699512837087022,9.390657446039004,-15.270780786811319
centralized,137,3.45,0.195,0.205,0.20501922627582647,0.20501778414264868,0.010017784142648672,0.20501813861435497,3.5447170629310243e-07,-1.2893435586633552e-17,,,,,7.145070136301119,4.769585568973808,6,0,0,0,9,0.1,0.9794982215857351,,18.16114527546797,0.3702900231680887,8.98144114057622,16.03585501333077,-8.58001868547022,15.809245082197556,-18.076880789841137,0.1358501094877058,-9.273512954541625,-15.699777349252946,9.390360704612121,-15.270609530632187
centralized,138,3.475,0.195,0.205,0.2050177841426487,0.20501645018443293,0.010016450184432923,0.20501677816107244,3.2797663951367184e-07,6.890781833115332e-17,,,,,7.145430898380817,4.769359901555932,6,0,0,0,9,0.1,0.9794983549815567,,18.161172367773254,0.37040504182414974,8.981984543578426,16.03632392032255,-8.579957384864937,15.809062549051976,-18.07703360569189,0.13568899954081434,-9.273528841729357,-15.700027281804287,9.39007781083271,-15.270442168697425
centralized,139,3.5,0.195,0.205,0.205016450184433,0.20501521628669617,0.01001521628669616,0.20501551974681992,3.034601237517087e-07,-7.449296072537011e-17,,,,,7.145764589151517,4.769151218720684,6,0,0,0,9,0.1,0.9794984783713304,,18.161195218699103,0.3705143986949088,8.982500286731266,16.03677008774044,-8.579894681723788,15.808886242084967,-18.07717600305462,0.1355344153319004,-9.27354464175692,-15.70026350240989,9.389808152631982,-15.270278783463468
centralized,140,3.5250000000000004,0.195,0.205,0.2050152162866962,0.2050140749436613,0.0100140749436613,0.20501435571823973,2.8077457842057285e-07,-4.0812387626814487e-17,,,,,7.146073239624196,4.768958241008413,6,0,0,0,9,0.1,0.9794985925056339,,18.161214242922032,0.3706183885881302,8.982989818141325,16.037194682894377,-8.5798308800059,15.8087160406695,-18.077308693468662,0.13538611101761608,-9.273560359679326,-15.700486823615146,9.38955114118529,-15.270119436249825
centralized,141,3.5500000000000003,0.195,0.205,0.2050140749436613,0.205013019212594,0.010013019212593982,0.2050132789960097,2.597834157236356e-07,1.7816587304648547e-17,,,,,7.146358728525757,4.7687797854471485,6,0,0,0,9,0.1,0.9794986980787406,,18.1612298200826,0.37071729074892107,8.983454508479335,16.037598808737968,-8.579766256466614,15.80855181676131,-18.077432339021655,0.13524384930377711,-9.273575997013502,-15.700698006511372,9.389306210443541,-15.269964169359874
centralized,142,3.575,0.195,0.205,0.20501301921259404,0.20501204267156586,0.010012042671565857,0.20501228303178964,2.4036022377993405e-07,-5.2334716446977273e-17,,,,,7.146622793700402,4.768614758267228,6,0,0,0,9,0.1,0.9794987957328434,,18.161242297552686,0.37081136963188127,8.983895655153201,16.037983507709484,-8.579701062588505,15.808393436270224,-18.077547555862008,0.13510740113909817,-9.273591552368968,-15.700897764154174,9.38907281662341,-15.269813008028807
centralized,143,3.6,0.195,0.205,0.2050120426715659,0.20501113938038582,0.010011139380385808,0.20501136176839432,2.2238800850837848e-07,-1.0240098614125635e-16,,,,,7.1468670426598955,4.768462148166625,6,0,0,0,9,0.1,0.9794988860619614,,18.1612519929919,0.3709008756431508,8.9843144862597,16.038349765325293,-8.579635526394414,15.808240760285907,-18.077654917456986,0.13497654542675197,-9.273607021998796,-15.701086764748153,9.38885043766429,-15.269665962211532
centralized,144,3.625,0.195,0.205,0.20501113938038576,0.20501030384446095,0.010010303844460944,0.20501050960295522,2.0575849427051374e-07,8.367614676683905e-17,,,,,7.147092962347435,4.768321020085362,6,0,0,0,9,0.1,0.9794989696155539,,18.161259196708897,0.3709860458524697,8.984712164325867,16.038698513542762,-8.579569854148499,15.808093646171328,-18.077754957615124,0.13485106875178993,-9.273622400279432,-15.701265634614083,9.388638572659023,-15.269523028222402
centralized,145,3.6500000000000004,0.195,0.205,0.20501030384446098,0.2050095309813705,0.010009530981370501,0.20500972135284484,1.903714743345386e-07,3.3360326883800573e-17,,,,,7.147301928170208,4.768190509450474,6,0,0,0,9,0.1,0.979499046901863,,18.161264173842152,0.37106710467551257,8.98508978985065,16.039030633908446,-8.579504231951116,15.807951948536143,-18.07784817329023,0.13473076512272023,-9.273637680127203,-15.701434960953634,9.388436741264579,-15.269384190237894
centralized,146,3.6750000000000003,0.195,0.205,0.20500953098137042,0.2050088160899459,0.010008816089945888,0.2050089922241567,1.76134210799761e-07,-4.4102028303584424e-17,,,,,7.147495212357905,4.7680698168559275,6,0,0,0,9,0.1,0.9794991183910055,,18.161267166373737,0.3711442645269131,8.98544840465696,16.03934696050621,-8.57943882723316,15.807815520101096,-18.07793502718301,0.13461543572574491,-9.273652853358463,-15.701595294425609,9.388244483098186,-15.269249421672487
centralized,147,3.7,0.195,0.205,0.20500881608994584,0.20500815482167004,0.010008154821670029,0.2050083177825486,1.6296087856915165e-07,-9.160819734407277e-17,,,,,7.147673991696345,4.767958203144636,6,0,0,0,9,0.1,0.979499184517833,,18.161268394988554,0.37121772644450024,8.985788995063789,16.039648282718915,-8.579373790155229,15.807684212463615,-18.0780159501551,0.13450488869036162,-9.273667910999684,-15.701747151546751,9.388061357123634,-15.26911868643734
centralized,148,3.725,0.195,0.205,0.20500815482167,0.20500754315422345,0.010007543154223447,0.20500769392627458,1.507720511217947e-07,-6.823874507037267e-17,,,,,7.1478393546823265,4.767854984862105,6,0,0,0,9,0.1,0.9794992456845777,,18.161268060790665,0.3712876806853737,8.986112494887646,16.039935347816236,-8.579309254916843,15.807557876773894,-18.078091343469314,0.1343989388651904,-9.273682843553143,-15.701891016929265,9.387886941031981,-15.268991940090629
centralized,149,3.75,0.195,0.205,0.2050075431542234,0.20500697736701465,0.010006977367014641,0.20500711686123846,1.394942238108765e-07,-7.647053654573753e-17,,,,,7.147992308142904,4.767759530053611,6,0,0,0,9,0.1,0.9794993022632985,,18.16126634688739,0.3713543072945111,8.986419788282166,16.04020886338045,-8.57924534098068,15.807436364329943,-18.07816158086877,0.13429740760304928,-9.273697641223295,-15.702027345366325,9.387720830620266,-15.26886913088786
centralized,150,3.7750000000000004,0.195,0.205,0.20500697736701462,0.20500645401854425,0.010006454018544247,0.20500658307791753,1.2905937327167827e-07,-4.243349967740208e-18,,,,,7.148133783359374,4.767671254378931,6,0,0,0,9,0.1,0.9794993545981455,,18.16126341985115,0.3714177766466723,8.986711712424306,16.04046949958096,-8.57918215421659,15.80731952709934,-18.078227010506694,0.13420012255441685,-9.27371229410838,-15.702156563776116,9.387562639171392,-15.268750200739772
centralized,151,3.8000000000000003,0.195,0.205,0.20500645401854423,0.20500596992547077,0.010005969925470759,0.2050060893300201,1.194045493313478e-07,-6.280103690713254e-17,,,,,7.148264641732938,4.7675896175205885,6,0,0,0,9,0.1,0.979499403007453,,18.161259431068196,0.3714782499624085,8.986989060055148,16.040717891307782,-8.57911978796996,15.80720721817474,-18.078287956737828,0.13410691746854467,-9.273726792361352,-15.70227907301417,9.387411996837908,-15.26863508608501
centralized,152,3.825,0.195,0.205,0.2050059699254708,0.20500552214324275,0.01000552214324274,0.20500563261473972,1.1047149697795966e-07,-6.799565560676785e-17,,,,,7.1483856800257115,4.7675141198634154,6,0,0,0,9,0.1,0.9794994477856758,,18.16125451798281,0.37153587979901087,8.987252581882993,16.0409546401733,-8.579058324058797,15.807099292169609,-18.078344721781537,0.13401763200158123,-9.273741126323813,-15.702395249563109,9.387268550032,-15.268523718684134
centralized,153,3.85,0.195,0.205,0.20500552214324286,0.20500510794818758,0.01000510794818757,0.20500521015449388,1.022063063071954e-07,-8.901132335540485e-17,,,,,7.14849763520944,4.767444299424906,6,0,0,0,9,0.1,0.9794994892051813,,18.161248805244803,0.3715908105172792,8.987502988855994,16.041180316391127,-8.578997833703653,15.806995605560013,-18.078397587265975,0.13393211153114465,-9.273755286636215,-15.702505447108274,9.387131960823691,-15.268416026341143
centralized,154,3.875,0.195,0.205,0.20500510794818746,0.2050047248209405,0.010004724820940503,0.20500481938003093,9.455909041888866e-08,-2.5378824814545708e-17,,,,,7.1486011889506615,4.767379729017408,6,0,0,0,9,0.1,0.9794995275179059,,18.1612424057676,0.37164317872498076,8.987740954311274,16.041395460540095,-8.57893837839436,15.806896016977865,-18.078446815661984,0.1338502069768737,-9.273769264327264,-15.70260999800712,9.387001906348932,-15.268311933558179
centralized,155,3.9000000000000004,0.195,0.205,0.20500472482094054,0.20500437043112044,0.01000437043112043,0.20500445791480418,8.74836837416737e-08,-1.9994981484617132e-16,,,,,7.148696971759512,4.767320013624576,6,0,0,0,9,0.1,0.979499562956888,,18.161235421703743,0.3716931136978949,8.987967116007122,16.041600585221012,-8.578880010697354,15.806800387460447,-18.078492651614756,0.1337717746265395,-9.273783050885172,-15.702709214659706,9.386878078228957,-15.268211362128717
centralized,156,3.9250000000000003,0.195,0.205,0.2050043704311204,0.20500404262315172,0.010004042623151715,0.20500412356051767,8.093736594827483e-08,-7.086693366573486e-17,,,,,7.148785566828345,4.767264787975934,6,0,0,0,9,0.1,0.9794995957376849,,18.16122794534399,0.3717407377793352,8.988182078044488,16.041796176613154,-8.57882277500713,15.806708580660695,-18.078535323180695,0.13369667596736134,-9.273796638313062,-15.70280339078712,9.386760182002101,-15.268114231674112
centralized,157,3.95,0.195,0.205,0.20500404262315175,0.20500373940315195,0.01000373940315194,0.20500381428375686,7.488060491112059e-08,7.507719577922117e-18,,,,,7.148867513581765,4.767213714304543,6,0,0,0,9,0.1,0.9794996260596848,,18.16122005994582,0.3717861667590347,8.98838641268377,16.04198269593705,-8.578766708245254,15.806620463022247,-18.078575042976354,0.13362477752222038,-9.273810019170647,-15.702892802624167,9.386647936568997,-15.268020460128048
centralized,158,3.975,0.195,0.205,0.2050037394031519,0.20500345892680275,0.010003458926802739,0.20500352820362172,6.92768189758386e-08,-2.432313572466197e-17,,,,,7.148943310960673,4.767166480273902,6,0,0,0,9,0.1,0.9794996541073198,,18.161211840496712,0.37182951023227234,8.988580662062489,16.042160580829655,-8.578711840510133,15.806535903922953,-18.078612009245862,0.13355595069050358,-9.273823186604014,-15.702977710032247,9.386541073651902,-15.267929964173113
centralized,159,4.0,0.195,0.205,0.20500345892680263,0.20500319948813023,0.010003199488130221,0.2050032635802879,6.409215766445264e-08,-1.3994240214029848e-16,,,,,7.14901342046063,4.767122797061348,6,0,0,0,9,0.1,0.9794996800511869,,18.16120335441718,0.37187087194010204,8.988765339819224,16.042330246637537,-8.578658195680578,15.806454775790163,-18.078646406852712,0.13349007159335347,-9.273836134365188,-15.703058357537902,9.386439337268756,-15.267842659633358
centralized,160,4.025,0.195,0.205,0.20500319948813026,0.20500295950912714,0.010002959509127135,0.20500301880442404,5.9295296894745775e-08,-4.1537368096656793e-17,,,,,7.149078268941063,4.767082397586068,6,0,0,0,9,0.1,0.9794997040490873,,18.16119466220808,0.37191035009153706,8.988940932628894,16.0424920876334,-8.578605791976091,15.806376954190847,-18.07867840820142,0.1334270209231188,-9.273848856822921,-15.703134975302156,9.38634248322239,-15.267758461826471
centralized,161,4.05,0.195,0.205,0.20500295950912717,0.20500273753015377,0.010002737530153766,0.20500279238740535,5.485725157461374e-08,-1.4940572832059934e-16,,,,,7.149138251225273,4.7670450348708275,6,0,0,0,9,0.1,0.9794997262469847,,18.161185818046533,0.37194803766850937,8.989107901654169,16.042646478160798,-8.578554642476556,15.806302317899277,-18.078708174094096,0.1333666837968451,-9.273861348966019,-15.7032077800254,9.38625027860519,-15.267677285878891
centralized,162,4.075,0.195,0.205,0.2050027375301538,0.20500253220105857,0.010002532201058567,0.20500258295225962,5.075120104724995e-08,-1.2584397473661016e-16,,,,,7.14919373250423,4.7670104805273015,6,0,0,0,9,0.1,0.9794997467798942,,18.161176870334305,0.3719840227144224,8.989266683917604,16.042793773711672,-8.57850475560394,15.806230748944788,-18.078735854526652,0.13330894961364287,-9.273873606400365,-15.703276975792232,9.386162501319422,-15.267599047006948
centralized,163,4.1000000000000005,0.195,0.205,0.20500253220105857,0.20500234227296543,0.010002342272965425,0.2050023892252929,4.6952327470428656e-08,-4.4172201896806485e-17,,,,,7.149245050560797,4.766978523355658,6,0,0,0,9,0.1,0.9794997657727035,,18.16116786220234,0.37201838860706804,8.989417693598794,16.04293431194092,-8.578456135568445,15.806162132641878,-18.078761589428993,0.13325371191581736,-9.27388562534063,-15.703342754860396,9.386078939613292,-15.26752366076689
centralized,164,4.125,0.195,0.205,0.20500234227296552,0.20500216659067685,0.010002166590676848,0.20500221002834335,4.3437666491508153e-08,-9.421107448575505e-17,,,,,7.149292517826234,4.766948968049777,6,0,0,0,9,0.1,0.9794997833409324,,18.16115883197479,0.3720512143166777,8.989561323260656,16.043068413622,-8.578408782781382,15.806096357604691,-18.07878550935322,0.1332008682536351,-9.273897402597603,-15.70340529839762,9.385999391632751,-15.267451043276425
centralized,165,4.15,0.195,0.205,0.20500216659067688,0.20500200408564592,0.010002004085645916,0.20500204427161503,4.018596910793093e-08,-8.761740904940498e-18,,,,,7.1493364232834855,4.7669216340001155,6,0,0,0,9,0.1,0.9794997995914354,,18.161149813595653,0.37208257464983313,8.98969794500871,16.04319638354728,-8.578362694236981,15.806033315747749,-18.078807736113593,0.13315032005363464,-9.273908935561888,-15.703464777169934,9.385923664988992,-15.267381111410216
centralized,166,4.175,0.195,0.205,0.2050020040856459,0.20500185376947797,0.010001853769477959,0.2050018909470513,3.7177573325442026e-08,-1.158089716475519e-16,,,,,7.149377034226617,4.766896354186843,6,0,0,0,9,0.1,0.9794998146230522,,18.161140837020888,0.37211254047995146,8.98982791158703,16.04331851137658,-8.578317863865125,15.805972902274618,-18.078828383381712,0.1331019724903867,-9.273920222184694,-15.70352135218477,9.38585157634147,-15.267313782971604
centralized,167,4.2,0.195,0.205,0.20500185376947788,0.2050017147279166,0.010001714727916583,0.2050017491222028,3.4394286196892665e-08,-2.260710109421005e-17,,,,,7.14941459788907,4.766872974156455,6,0,0,0,9,0.1,0.9794998285272083,,18.161131928578705,0.37214117896501925,8.989951557414338,16.0434350724371,-8.578274282856977,15.805915015656003,-18.078847557240124,0.13305573436162882,-9.273931260956306,-15.703575175291938,9.3857829509963,-15.267248976842595
centralized,168,4.2250000000000005,0.195,0.205,0.20500171472791653,0.2050015861152836,0.010001586115283595,0.20500161793455784,3.1819274243227724e-08,-1.1591905225335869e-16,,,,,7.149449342948791,4.766851351075505,6,0,0,0,9,0.1,0.9794998413884717,,18.161123111300448,0.37216855375323554,8.990069199563527,16.043546328477813,-8.578231939965288,15.805859557598684,-18.078865356697346,0.1330115179666973,-9.273942050882773,-15.703626389745333,9.385717622519774,-15.267186613114074
centralized,169,4.25,0.195,0.205,0.20500158611528357,0.20500146714933437,0.010001467149334364,0.20500149658629555,2.943696117418959e-08,-4.64559478246921e-17,,,,,7.149481480921548,4.766831352855696,6,0,0,0,9,0.1,0.9794998532850666,,18.161114405224385,0.3721947251771924,8.990181138687714,16.04365252838106,-8.578190821781098,15.805806433006483,-18.078881874167056,0.1329692389881903,-9.273952591461258,-15.703675130728055,9.385655432366718,-15.267126613197986
centralized,170,4.275,0.195,0.205,0.20500146714933432,0.20500135710649955,0.010001357106499548,0.20500138433943457,2.7232935018162152e-08,-2.173137506463556e-17,,,,,7.149511207448615,4.766812857344915,6,0,0,0,9,0.1,0.97949986428935,,18.16110582767448,0.37221975043718647,8.99028765989579,16.043753908834013,-8.57815091298842,15.805755549934412,-18.078897195913992,0.13292881637680815,-9.27396288265447,-15.703721525843418,9.385596229523411,-15.267068899923126
centralized,171,4.3,0.195,0.205,0.20500135710649942,0.2050012553174835,0.010001255317483498,0.2050012805113447,2.5193861191707967e-08,5.8660345122643e-17,,,,,7.149538703488177,4.766795751579207,6,0,0,0,9,0.1,0.9794998744682516,,18.161097393516133,0.37224368377425243,8.990389033580218,16.043850694962448,-8.578112196598434,15.805706819536997,-18.07891140246896,0.13289017223929855,-9.273972924864497,-15.703765695574162,9.385539870164708,-15.267013397616052
centralized,172,4.325,0.195,0.205,0.20500125531748348,0.20500116116319425,0.010001161163194244,0.20500118447059523,2.3307400981442683e-08,-1.674191095333636e-16,,,,,7.149564136418015,4.766779931091163,6,0,0,0,9,0.1,0.9794998838836806,,18.161089115390645,0.37226657663345253,8.990485516199715,16.043943100929088,-8.578074654164576,15.805660156011655,-18.07892456901513,0.13285323172946797,-9.273982718906359,-15.70380775371201,9.385486217325028,-15.266960032168479
centralized,173,4.3500000000000005,0.195,0.205,0.20500116116319428,0.20500107407097626,0.010001074070976251,0.20500109563311456,2.1562138297070987e-08,-5.508093558139222e-17,,,,,7.14958766105424,4.76676529927038,6,0,0,0,9,0.1,0.9794998925929024,,18.16108100393009,0.37228847781796004,8.99057735101933,16.044031330498715,-8.578038265979863,15.805615476537973,-18.07893676574766,0.13281792294219388,-9.273992265981507,-15.703847807759585,9.385435140582834,-15.266908731092451
centralized,174,4.375,0.195,0.205,0.2050010740709762,0.20500099351112827,0.010000993511128264,0.20500101345863883,1.9947510560003323e-08,-1.3493460863545896e-18,,,,,7.149609420594016,4.766751766772122,6,0,0,0,9,0.1,0.9794999006488871,,18.16107306795416,0.3723094336344299,8.990664768810223,16.04411557757199,-8.578003011257707,15.805572701213583,-18.07894805820855,0.13278417681039398,-9.274001567651505,-15.703885959306549,9.38538651575823,-15.266859423564473
centralized,175,4.4,0.195,0.205,0.20500099351112813,0.20500091899368042,0.010000918993680413,0.20500093744742517,1.845374475450967e-08,-3.2479142260823127e-18,,,,,7.149629547488265,4.766739250970527,6,0,0,0,9,0.1,0.9794999081006319,,18.161065314650344,0.37232948803013716,8.990747988511425,16.04419602668988,-8.577968868297353,15.80553175298729,-18.07895850759846,0.1327519270049009,-9.274010625812053,-15.703922304381667,9.385340224623265,-15.266812040459643
centralized,176,4.425,0.195,0.205,0.20500091899368056,0.20500085006541544,0.010000850065415429,0.20500086713721352,1.7071798086298884e-08,-8.237051051986231e-17,,,,,7.149648164247824,4.766727675453009,6,0,0,0,9,0.1,0.9794999149934585,,18.161057749738813,0.37234868272233673,8.990827217855605,16.044272853510453,-8.577935814635062,15.805492557590037,-18.07896817106714,0.13272110983719063,-9.274019442667516,-15.703956933782461,9.38529615462457,-15.266766514376815
centralized,177,4.45,0.195,0.205,0.2050008500654155,0.20500078630710994,0.010000786307109932,0.20500080210041408,1.579330413670199e-08,-2.290662288053962e-16,,,,,7.149665384189193,4.766716969552711,6,0,0,0,9,0.1,0.979499921369289,,18.161050377623184,0.3723670573202753,8.990902653960903,16.044346225259645,-8.577903827182055,15.805455043464223,-18.078977101983952,0.13269166416491968,-9.274028020706076,-15.703989933383914,9.385254198617917,-15.266722779655684
centralized,178,4.4750000000000005,0.195,0.205,0.20500078630710986,0.20500072733098573,0.010000727330985726,0.20500074194150794,1.4610522208746701e-08,-6.401092636338348e-17,,,,,7.149681312125447,4.766707067916218,6,0,0,0,9,0.1,0.9794999272669014,,18.161043201528305,0.3723846494402638,8.990974483890648,16.044416301157572,-8.577872882350164,15.805419141691813,-18.078985350189928,0.13266353130022196,-9.274036362675606,-15.704021384427637,9.385214254614292,-15.266680772386621
centralized,179,4.5,0.195,0.205,0.20500072733098573,0.2050006727783511,0.010000672778351094,0.20500068629464124,1.3516290142678855e-08,-8.030569770742046e-17,,,,,7.149696045003668,4.766697910103772,6,0,0,0,9,0.1,0.9794999327221648,,18.161036223626088,0.372401494814206,8.99104288518276,16.044483232821786,-8.577842956166098,15.805384785921683,-18.078992962232615,0.13263665492071217,-9.27404447156034,-15.704051363792809,9.385176225537093,-15.266640430414053
centralized,180,4.525,0.195,0.205,0.2050006727783511,0.2050006223174185,0.010000622317418495,0.20500063482140052,1.2503982016465187e-08,-5.533800372496972e-17,,,,,7.149709672495712,4.766689440219629,6,0,0,0,9,0.1,0.9794999377682582,,18.161029445150348,0.37241762739194156,8.991108026350492,16.044547164648847,-8.577814024375158,15.805351912296535,-18.078999981584932,0.13261098098315532,-9.274052350558419,-15.704079944250083,9.38514001899005,-15.266601693334051
centralized,181,4.55,0.195,0.205,0.2050006223174185,0.205000575641287,0.01000057564128698,0.2050005872087537,1.1567466706718932e-08,-7.236286767540508e-17,,,,,7.14972227754421,4.7666816065702236,6,0,0,0,9,0.1,0.9794999424358714,,18.161022866501526,0.37243307943776727,8.991170067356117,16.044608234175445,-8.577786062535177,15.805320459379688,-18.079006448849178,0.13258645763974317,-9.274060003060344,-15.70410719469961,9.38510554703547,-15.266564502486803
centralized,182,4.575,0.195,0.205,0.2050005756412871,0.20500053246607552,0.010000532466075518,0.2050005431671474,1.0701071861962674e-08,-3.5243326785347665e-17,,,,,7.149733936867415,4.7666743613480715,6,0,0,0,9,0.1,0.9794999467533925,,18.161016487342124,0.3724478816214525,8.991229160059017,16.044666572420294,-8.577759046101427,15.805290368082062,-18.07901240194719,0.13256303515693924,-9.27406743262836,-15.704133180394216,9.385072725982436,-15.266528800944535
centralized,183,4.6000000000000005,0.195,0.205,0.2050005324660755,0.2050004925291959,0.010000492529195881,0.20500050242874518,9.899549291425558e-09,-9.775169589324269e-17,,,,,7.149744721426563,4.76666766033948,6,0,0,0,9,0.1,0.9794999507470804,,18.161010306683586,0.37246206310407787,8.99128544863962,16.044722304207838,-8.577732950503176,15.805261581589567,-18.079017876297645,0.13254066583683258,-9.274074642976826,-15.704157963148711,9.385041476184547,-15.266494533495433
centralized,184,4.625,0.195,0.205,0.20500049252919594,0.20500045558775554,0.01000045558775553,0.2050004647457995,9.158043962065321e-09,-6.084385539637539e-17,,,,,7.149754696857959,4.766661462654246,6,0,0,0,9,0.1,0.9794999544412244,,18.161004322965322,0.37247565161898305,8.99133907000048,16.044775548474888,-8.577707751212511,15.805234045291119,-18.07902290498139,0.13251930394095765,-9.27408163795354,-15.704181601536257,9.385011721846865,-15.266461646624052
centralized,185,4.65,0.195,0.205,0.20500045558775562,0.2050004214170811,0.010000421417081101,0.20500042988914455,8.472063439679545e-09,-1.3824022352154289e-16,,,,,7.149763923872402,4.766655730475704,6,0,0,0,9,0.1,0.9794999578582919,,18.160998534126545,0.3724886735481105,8.991390154145806,16.044826418561094,-8.577683423806056,15.805207706707474,-18.079027518895625,0.13249890561652491,-9.274088421522055,-15.704204151072625,9.384983390841667,-15.26643008848865
centralized,186,4.675,0.195,0.205,0.20500042141708116,0.2050003898093505,0.010000389809350502,0.20500039764680197,7.837451465597667e-09,-1.5058250747362637e-16,,,,,7.149772458624932,4.766650428829582,6,0,0,0,9,0.1,0.9794999610190649,,18.160992937671455,0.37250115399400807,8.991438824540573,16.044875022484206,-8.577659944020107,15.805182515421032,-18.079031746897726,0.13247942882501468,-9.274094997744973,-15.704225664389154,9.384956414532672,-15.266399808895878
centralized,187,4.7,0.195,0.205,0.2050003898093504,0.20500036057233006,0.010000360572330058,0.20500036782269307,7.250363004418503e-09,-5.302044284837838e-17,,,,,7.149780353056975,4.76664552537026,6,0,0,0,9,0.1,0.979499963942767,,18.160987530728374,0.3725131168477412,8.991485198450372,16.044921463200982,-8.577637287799721,15.805158423006743,-18.079035615939404,0.13246083327308295,-9.27410137076818,-15.704246191395129,9.384930727607383,-15.266370759273164
centralized,188,4.7250000000000005,0.195,0.205,0.20500036057233012,0.2050003335282046,0.010000333528204591,0.20500034023544492,6.707240318704066e-09,-9.343002053478527e-17,,,,,7.1497876552119966,4.766640990183099,6,0,0,0,9,0.1,0.9794999666471795,,18.1609823101033,0.37252458485295387,8.991529387263046,16.04496583885452,-8.57761543134223,15.805135382964242,-18.079039151191896,0.1324430803457249,-9.274107544806055,-15.70426577943028,9.384906267917204,-15.266342892639164
centralized,189,4.75,0.195,0.205,0.20500033352820451,0.20500030851249637,0.010000308512496364,0.20500031471728858,6.204792207809007e-09,-3.2621186586033246e-17,,,,,7.149794409528808,4.7666367956016575,6,0,0,0,9,0.1,0.9794999691487504,,18.16097727232834,0.37253557966630163,8.991571496793126,16.04500824300879,-8.577594351135627,15.805113350651304,-18.079042376162775,0.1324261330416471,-9.27411352412759,-15.70428447340804,9.384882976325018,-15.266316163572558
centralized,190,4.775,0.195,0.205,0.20500030851249637,0.2050002853730642,0.010000285373064188,0.20500029111303755,5.739973357732353e-09,-7.204848361214862e-17,,,,,7.149800657111396,4.766632916038654,6,0,0,0,9,0.1,0.9794999714626936,,18.160972413705473,0.37254612191446196,8.991611627569979,16.0450487648711,-8.577574023992256,15.805092283218693,-18.079045312804958,0.1324099559107995,-9.274119313043409,-15.704302315950155,9.384860796559893,-15.266290528179484
centralized,191,4.800000000000001,0.195,0.205,0.20500028537306422,0.20500026396917845,0.010000263969178441,0.20500026927914547,5.309967021638329e-09,-8.470132658383266e-17,,,,,7.149806435979569,4.766629327829641,6,0,0,0,9,0.1,0.9794999736030822,,18.16096773034603,0.37255623124793286,8.9916498751106,16.045087489503114,-8.577554427078164,15.805072139546478,-18.079047981618476,0.13239451499400706,-9.274124915893685,-15.704319347513211,9.384839675078616,-15.266265944059857
centralized,192,4.825,0.195,0.205,0.2050002639691785,0.20500024417066515,0.01000024417066514,0.20500024908283163,4.912166479131841e-09,-2.3696194358552503e-17,,,,,7.149811781300192,4.766626009088454,6,0,0,0,9,0.1,0.9794999755829334,,18.160963218206224,0.37256592639179487,8.99168633017786,16.04512449802108,-8.57753553793851,15.805052880181869,-18.079050401745473,0.13237977776466034,-9.274130337036876,-15.704335606507582,9.384819560933764,-15.266242370272797
centralized,193,4.8500000000000005,0.195,0.205,0.20500024417066512,0.20500022585711417,0.010000225857114159,0.20500023040127444,4.544160270292252e-09,-7.506464664639412e-17,,,,,7.149816725601432,4.766622939573514,6,0,0,0,9,0.1,0.9794999774142886,,18.160958873119103,0.3725752251936218,8.991721079025027,16.04515986778588,-8.577517334519332,15.8050344672786,-18.0790525910589,0.1323657130724043,-9.274135580839303,-15.704351129409313,9.384800405648006,-15.266219767301383
centralized,194,4.875,0.195,0.205,0.20500022585711417,0.2050002089171468,0.010000208917146786,0.2050002131208647,4.20371790155194e-09,-4.568953636311972e-17,,,,,7.1498212989708705,4.766620100564205,6,0,0,0,9,0.1,0.9794999791082853,,18.160954690823225,0.3725841446687028,8.991754203627279,16.04519367258341,-8.577499795186004,15.805016864537917,-18.07905456624534,0.13235229108878085,-9.274140651665496,-15.704365950865348,9.384782163094389,-15.266198097016892
centralized,195,4.9,0.195,0.205,0.20500020891714676,0.20500019324773777,0.010000193247737765,0.2050001971365129,3.888775135241218e-09,-1.2491779865631273e-16,,,,,7.149825529238132,4.766617474746536,6,0,0,0,9,0.1,0.9794999806752263,,18.160950666988306,0.3725927010427355,8.99178578190097,16.04522598279585,-8.577482898738673,15.80500003715114,-18.07905634288236,0.1323394832547697,-9.2741455538693,-15.704380103792573,9.384764789382311,-15.266177322642722
centralized,196,4.925000000000001,0.195,0.205,0.20500019324773788,0.2050001787535899,0.010000178753589883,0.20500018235101286,3.5974229706248195e-09,-1.3912343333317322e-16,,,,,7.149829442145219,4.766615046107423,6,0,0,0,9,0.1,0.9794999821246411,,18.160946797238143,0.3726009097921374,8.99181588791126,16.045256865564298,-8.577466624424922,15.804983951743882,-18.079057935510768,0.13232726223017724,-9.274150291785698,-15.704393619471016,9.384748242748941,-15.266157408718122
centralized,197,4.95,0.195,0.205,0.20500017875358997,0.20500016534655374,0.010000165346553735,0.2050001686744481,3.327894348981175e-09,-1.0662869234030847e-16,,,,,7.149833061502274,4.766612799836888,6,0,0,0,9,0.1,0.9794999834653446,,18.16094307717104,0.3726087856821137,8.991844592068784,16.04528638494325,-8.577450951949928,15.804968576321851,-18.07905935770209,0.13231560184482663,-9.274154869723331,-15.70440652763162,9.384732483455844,-15.266138321061867
centralized,198,4.9750000000000005,0.195,0.205,0.20500016534655374,0.20500015294509127,0.010000152945091267,0.2050001560236467,3.078555438351671e-09,-1.0111630884856562e-16,,,,,7.149836409332944,4.766610722237646,6,0,0,0,9,0.1,0.9794999847054908,,18.160939502377936,0.37261634280261335,8.991871961315942,16.045314602047345,-8.577435861484334,15.804953880218306,-18.07906062212165,0.13230447705149437,-9.274159291957645,-15.704418856538899,9.384717473690559,-15.266120026736003
centralized,199,5.0,0.195,0.205,0.20500015294509133,0.20500014147378054,0.010000141473780533,0.20500014432167457,2.847894031710041e-09,-2.0672327177893527e-16,,,,,7.1498395060086475,4.766608800641469,6,0,0,0,9,0.1,0.979499985852622,,18.160936068458458,0.3726235946022996,8.991898059303374,16.04534157519079,-8.577421333670049,15.804939834043104,-18.079061740587477,0.13229386388054742,-9.274163562724688,-15.704430633068801,9.38470317747291,-15.266102494009765
centralized,200,5.025,0.195,0.205,0.20500014147378046,0.20500013086285593,0.010000130862855922,0.20500013349736768,2.634511747645618e-09,-2.125527583579622e-17,,,,,7.149842370372044,4.766607023331849,6,0,0,0,9,0.1,0.9794999869137144,,18.160932771035093,0.37263055392064615,8.991922946557146,16.04536736001987,-8.577407349624169,15.804926409633355,-18.07906272412538,0.13228373939622956,-9.27416768621547,-15.7044418827821,9.384689560565839,-15.266085692323756
centralized,201,5.050000000000001,0.195,0.205,0.20500013086285596,0.20500012104778556,0.010000121047785554,0.2050001234848998,2.4371142326451434e-09,-9.886673339259794e-18,,,,,7.149845019852232,4.766605379472481,6,0,0,0,9,0.1,0.9794999878952214,,18.160929605765613,0.3726372330182739,8.99194668063717,16.04539200963888,-8.577393890941208,15.804913580005657,-18.079063583020396,0.1322740816545508,-9.274171666570895,-15.704452629993563,9.384676590390535,-15.266069592254466
centralized,202,5.075,0.195,0.205,0.20500012104778548,0.20500011196887716,0.010000111968877151,0.20500011422338152,2.254504360976739e-09,-1.6051787745072763e-16,,,,,7.149847470570532,4.766603859041102,6,0,0,0,9,0.1,0.9794999888031123,,18.16092656835397,0.37264364360562513,8.991969316287316,16.04541557472987,-8.577380939693803,15.8049013193099,-18.079064326864913,0.13226486966273118,-9.274175507877205,-15.704462897837173,9.384664235945676,-15.266054165479217
centralized,203,5.1000000000000005,0.195,0.205,0.2050001119688771,0.2050001035709153,0.010000103570915297,0.20500010565649002,2.085574712928917e-09,-1.2492677531870952e-16,,,,,7.149849737438642,4.766602452768327,6,0,0,0,9,0.1,0.9794999896429085,,18.160923654559728,0.3726497968700787,8.99199090557766,16.045438103666445,-8.577368478432048,15.804889602784606,-18.079064964603628,0.13225608334015132,-9.27417921416192,-15.704472708327652,9.384652467730579,-15.266039384741582
centralized,204,5.125,0.195,0.205,0.20500010357091536,0.2050000958028271,0.010000095802827097,0.2050000977321278,1.9293006914278266e-09,-4.436736323125684e-17,,,,,7.149851834249718,4.766601152081076,6,0,0,0,9,0.1,0.9794999904197172,,18.160920860206254,0.37265570350159105,8.992011498039322,16.045459642622053,-8.57735649018158,15.80487840671377,-18.07906550457559,0.13224770348076495,-9.274182789390247,-15.7044820824185,9.384641257672072,-15.266025223817337
centralized,205,5.15,0.195,0.205,0.2050000958028272,0.20500008861736918,0.010000088617369174,0.20500009040210346,1.7847342770327401e-09,-1.293939889529233e-16,,,,,7.149853773761546,4.766599949050243,6,0,0,0,9,0.1,0.9794999911382631,,18.1609181811877,0.372661373716953,8.992031140792253,16.045480235672926,-8.577344958440607,15.804867708385213,-18.079065954553517,0.13223971171692653,-9.274186237461917,-15.70449104005677,9.384630579054937,-15.266011657480995
centralized,206,5.175000000000001,0.195,0.205,0.20500008861736924,0.20500008197084252,0.010000081970842511,0.20500008362184113,1.6509986155988088e-09,-1.1510394333567436e-17,,,,,7.149855567775276,4.766598836342317,6,0,0,0,9,0.1,0.9794999918029157,,18.16091561347495,0.3726668172827404,8.99204987866639,16.045499924896017,-8.57733386717591,15.804857486050357,-18.07906632178057,0.1322320904845917,-9.274189562208432,-15.704499600234783,9.384620406455715,-15.265998661472954
centralized,207,5.2,0.195,0.205,0.2050000819708425,0.20500007582282492,0.010000075822824916,0.20500007735010767,1.527282744717695e-09,-3.2623646690732363e-17,,,,,7.149857227206286,4.766597807174628,6,0,0,0,9,0.1,0.9794999924177175,,18.16091315312061,0.37267204353703537,8.992067754316496,16.045518750462186,-8.577323200818014,15.804847718885444,-18.07906661300471,0.1322248229898432,-9.274192767390696,-15.704507781038954,9.38461071567975,-15.26598621246731
centralized,208,5.2250000000000005,0.195,0.205,0.20500007582282487,0.2050000701359269,0.01000007013592688,0.20500007154876246,1.4128355707576645e-09,-8.634095387532086e-17,,,,,7.149858762151259,4.766596855273957,6,0,0,0,9,0.1,0.9794999929864073,,18.160910796263153,0.3726770614099896,8.992084808331068,16.045536750724864,-8.577312944255588,15.804838386954131,-18.07906683451088,0.13221789317670188,-9.274195856696986,-15.704515599695917,9.38460148370129,-15.265974288040331
centralized,209,5.25,0.195,0.205,0.20500007013592697,0.20500006487556252,0.010000064875562514,0.2050000661825259,1.30696337086178e-09,-6.246256441035427e-17,,,,,7.149860181949177,4.766595974838262,6,0,0,0,9,0.1,0.9794999935124438,,18.16090853913025,0.3726818794432945,8.992101079335585,16.04555396230442,-8.577303082829163,15.804829471171448,-18.079066992151066,0.13221128569618046,-9.274198833741277,-15.704523072616103,9.384592688606526,-15.265962866639654
centralized,210,5.275,0.195,0.205,0.20500006487556255,0.20500006000974041,0.010000060009740408,0.20500006121876382,1.2090234091655105e-09,-8.0423138191204e-17,,,,,7.149861495238406,4.766595160501279,6,0,0,0,9,0.1,0.979499993999026,,18.160906378041457,0.37268650580862484,8.992116604090437,16.045570420168485,-8.577293602324277,15.804820953269068,-18.07906709137246,0.13220498587653864,-9.274201702061855,-15.704530215434936,9.384584309539395,-15.26595192755418
centralized,211,5.300000000000001,0.195,0.205,0.20500006000974047,0.20500005550886877,0.01000005550886876,0.2050000566272904,1.1184216330839547e-09,-1.5613354746491148e-16,,,,,7.149862710009187,4.766594407299774,6,0,0,0,9,0.1,0.9794999944491132,,18.160904309410228,0.37269094832510996,8.992131417583796,16.0455861577084,-8.577284488964116,15.804812815761869,-18.079067137243758,0.13219897969469965,-9.274204465120224,-15.70453704305176,9.384576326650045,-15.265941450884725
centralized,212,5.325,0.195,0.205,0.2050000555088688,0.2050000513455748,0.0100000513455748,0.2050000523801833,1.034608482219923e-09,-3.4568960054405785e-17,,,,,7.149863833652588,4.766593710643286,6,0,0,0,9,0.1,0.9794999948654425,,18.16090232974541,0.3726952144758952,8.992145553119702,16.04560120681199,-8.577275729401716,15.804805041915724,-18.079067134479814,0.13219325374878516,-9.274207126300269,-15.70454356966667,9.384568721045806,-15.265931417515393
centralized,213,5.3500000000000005,0.195,0.205,0.2050000513455747,0.20500004749453934,0.010000047494539338,0.2050000484516143,9.570749470722006e-10,-3.649161311901932e-17,,,,,7.149864873004762,4.7665930662861,6,0,0,0,9,0.1,0.9794999952505461,,18.160900435652216,0.37269931142383494,8.992159042401635,16.045615597932898,-8.577267310711802,15.804797615716536,-18.079067087464683,0.1321877952317392,-9.274209688907668,-15.704549808815349,9.384561474744578,-15.265921809085715
centralized,214,5.375,0.195,0.205,0.2050000474945394,0.2050000439323418,0.010000043932341801,0.20500004481769296,8.853511535011904e-10,6.2762966085498995e-18,,,,,7.149865834389195,4.76659247030136,6,0,0,0,9,0.1,0.9794999956067658,,18.16089862383275,0.3727032460263799,8.992171915611788,16.045629360156553,-8.577259220382318,15.804790521840419,-18.07906700027318,0.1321825919059924,-9.274212156169533,-15.704555773402015,9.384554570630485,-15.265912607963532
centralized,215,5.4,0.195,0.205,0.20500004393234184,0.20500004063731833,0.010000040637318325,0.20500004145632011,8.190017830589369e-10,-1.2729076876707344e-16,,,,,7.14986672365491,4.766591919057113,6,0,0,0,9,0.1,0.9794999959362681,,18.160896891086157,0.3727070248496935,8.992184201486287,16.04564252126305,-8.57725144630571,15.804783745625032,-18.07906687669108,0.13217763207913819,-9.274214531234245,-15.704561475730623,9.38454799241171,-15.265903797218638
centralized,216,5.425000000000001,0.195,0.205,0.20500004063731833,0.2050000375894303,0.0100000375894303,0.2050000383470543,7.576239913209548e-10,6.307374806182503e-17,,,,,7.1498675462121835,4.76659140919416,6,0,0,0,9,0.1,0.979499996241057,,18.160895234308406,0.37271065418204646,8.992195927386563,16.045655107787024,-8.577243976769996,15.80477727304202,-18.079066720233996,0.13217290458058242,-9.274216817171483,-15.704566927534396,9.384541724580387,-15.265895360597161
centralized,217,5.45,0.195,0.205,0.20500003758943025,0.20500003477014167,0.010000034770141664,0.2050000354709869,7.008452429513312e-10,3.894900165764138e-17,,,,,7.149868307065403,4.76659093760557,6,0,0,0,9,0.1,0.9794999965229858,,18.16089365049177,0.3727141400465283,8.992207119367087,16.045667145074685,-8.577236800449697,15.804771090670515,-18.07906653416506,0.1321683987391314,-9.274219016972433,-15.704572140003785,9.38453575237447,-15.265887282496712
centralized,218,5.4750000000000005,0.195,0.205,0.20500003477014184,0.20500003216230697,0.010000032162306965,0.20500003281062812,6.483211467678274e-10,-1.756280067618373e-16,,,,,7.149869010843439,4.766590501417717,6,0,0,0,9,0.1,0.9794999967837693,,18.16089213672404,0.3727174882131155,8.992217802239661,16.04567865733817,-8.577229906396633,15.804765185671684,-18.079066321511483,0.13216410436148565,-9.274221133550135,-15.704577123812973,9.384530061741456,-15.265879547942257
centralized,219,5.5,0.195,0.205,0.20500003216230692,0.20500002975006623,0.010000029750066225,0.2050000303497991,5.997328744733466e-10,-3.262570713527789e-17,,,,,7.14986966182772,4.766590097972769,6,0,0,0,9,0.1,0.9794999970249934,,18.1608906901875,0.3727207042101311,8.99222799963443,16.045689667707325,-8.577223284030655,15.804759545764268,-18.079066085080026,0.13216001171160585,-9.274223169740004,-15.704581889144963,9.384524639303901,-15.26587214256274
centralized,220,5.525,0.195,0.205,0.2050000297500662,0.20500002751874954,0.010000027518749538,0.2050000280735351,5.547855508325483e-10,-7.893495196588642e-17,,,,,7.14987026397913,4.766589724812485,6,0,0,0,9,0.1,0.9794999972481251,,18.160889308157685,0.3727237933351296,8.992237734057799,16.045700198279057,-8.577216923130319,15.80475415920109,-18.07906582747151,0.13215611149092107,-9.274225128300442,-15.70458644571537,9.384519472326614,-15.265865052568413
centralized,221,5.550000000000001,0.195,0.205,0.20500002751874954,0.20500002545478685,0.010000025454786843,0.2050000259679934,5.13206560581736e-10,1.4976001834983438e-17,,,,,7.149870820960598,4.7665893796632055,6,0,0,0,9,0.1,0.9794999974545213,,18.16088798800198,0.3727267606652415,8.992247026947439,16.045710270164367,-8.577210813823562,15.804749014746498,-18.07906555109439,0.13215239481934335,-9.274227011913599,-15.704590802794973,9.38451454868547,-15.265858264728903
centralized,222,5.575,0.195,0.205,0.20500002545478674,0.20500002354562666,0.010000023545626652,0.20500002402036976,4.747431059382023e-10,-7.951128653236702e-18,,,,,7.149871336160833,4.7665890604220005,6,0,0,0,9,0.1,0.9794999976454374,,18.160886727178056,0.3727296110670017,8.992255898724483,16.045719903533175,-8.577204946578375,15.80474410165471,-18.079065258177465,0.13214885321706696,-9.274228823186226,-15.704594969231104,9.38450985683774,-15.265851766351961
centralized,223,5.6000000000000005,0.195,0.205,0.20500002354562666,0.20500002177965765,0.010000021779657642,0.20500002221881983,4.3916217884465425e-10,-1.3485574631189754e-16,,,,,7.149871812714011,4.76658876514385,6,0,0,0,9,0.1,0.9794999978220342,,18.16088552323217,0.3727323492056982,8.99226436884311,16.045729117657057,-8.577199312193517,15.80473940964903,-18.079064950781756,0.1321454785871131,-9.274230564650615,-15.704598953467922,9.384505385793888,-15.26584554526292
centralized,224,5.625,0.195,0.205,0.20500002177965765,0.20500002014614055,0.010000020146140542,0.20500002055238808,4.062475356114703e-10,-1.0122728744876669e-16,,,,,7.1498722535193275,4.766588492029775,6,0,0,0,9,0.1,0.9794999979853859,,18.160884373797384,0.37273497955425916,8.992272455837622,16.045737930949993,-8.577193901789293,15.80473492890189,-18.079064630811654,0.13214226319860242,-9.274232238765642,-15.704602763565664,9.38450112509074,-15.265839589784825
centralized,225,5.65,0.195,0.205,0.20500002014614052,0.2050000186351408,0.0100000186351408,0.20500001901094062,3.7579980793900347e-10,-5.937009953307202e-17,,,,,7.1498726612584145,4.766588239415872,6,0,0,0,9,0.1,0.9794999981364859,,18.160883276591655,0.3727375064017102,8.992280177367164,16.0457463610072,-8.577188706798403,15.804730650015722,-18.079064300025347,0.1321391996707176,-9.274233847917856,-15.7046064072189,9.384497064765975,-15.265833888719229
centralized,226,5.675000000000001,0.195,0.205,0.20500001863514067,0.20500001723746952,0.010000017237469516,0.2050000175851032,3.476336718488682e-10,-2.212698798963492e-16,,,,,7.149873038411793,4.766588005763175,6,0,0,0,9,0.1,0.979499998276253,,18.160882229415883,0.3727399338612213,8.992287550258188,16.045754424642183,-8.577183718956883,15.80472656400459,-18.079063960044568,0.13213628095733748,-9.27423539442266,-15.70460989177387,9.38449319533386,-15.265828431327634
centralized,227,5.7,0.195,0.205,0.20500001723746955,0.20500001594462675,0.010000015944626739,0.20500001626620518,3.215784305510283e-10,-1.2475665547641483e-16,,,,,7.149873387273813,4.766587789648266,6,0,0,0,9,0.1,0.9794999984055374,,18.160881230151894,0.3727422658777646,8.992294590544802,16.045762137922043,-8.577178930295169,15.804722662276578,-18.07906361236374,0.13213350033231483,-9.274236880525535,-15.704613224244937,9.384489507762176,-15.26582320731358
centralized,228,5.7250000000000005,0.195,0.205,0.20500001594462677,0.20500001474875018,0.010000014748750174,0.20500001504622575,2.97475571953143e-10,-5.208142654652779e-17,,,,,7.149873709966825,4.766587589754603,6,0,0,0,9,0.1,0.9794999985251249,,18.160880276760366,0.3727445062354097,8.99230131350709,16.045769516201176,-8.577174333129264,15.804718936616911,-18.079063258358524,0.1321308513753697,-9.274238308403305,-15.704616411330218,9.384485993450275,-15.265818206805347
centralized,229,5.75,0.195,0.205,0.20500001474875013,0.20500001364256662,0.010000013642566613,0.20500001391774603,2.7517940703880583e-10,-6.884131472260054e-17,,,,,7.149874008453811,4.7665874048644845,6,0,0,0,9,0.1,0.9794999986357433,,18.160879367278742,0.3727466585642681,8.99230773370754,16.04577657415339,-8.577169920052063,15.804715379171752,-18.07906289929383,0.13212832795857957,-9.274239680165463,-15.704619459426425,9.384482644208212,-15.265813420339262
centralized,230,5.775,0.195,0.205,0.20500001364256668,0.20500001261934944,0.010000012619349435,0.20500001287390335,2.545539057319246e-10,-1.5088659059037184e-16,,,,,7.149874284550731,4.766587233851643,6,0,0,0,9,0.1,0.979499998738065,,18.16087849981911,0.37274872634711154,8.99231386502563,16.04578332580256,-8.577165683924795,15.804711982432677,-18.079062536331307,0.1321259242334391,-9.274240997855511,-15.704622374642973,9.384479452236892,-15.265808838843599
centralized,231,5.800000000000001,0.195,0.205,0.20500001261934944,0.20500001167287563,0.01000001167287562,0.20500001190835,2.354743622312583e-10,-8.3273618818989e-17,,,,,7.149874539936987,4.7665870756743605,6,0,0,0,9,0.1,0.9794999988327124,,18.160877672566073,0.3727507129256778,8.992319720690721,16.04578978455186,-8.577161617868647,15.804708739221804,-18.079062170536357,0.13212363461846932,-9.274242263452347,-15.70462516281538,9.384476410109198,-15.265804453623062
centralized,232,5.825,0.195,0.205,0.20500001167287574,0.2050000107973892,0.010000010797389186,0.20500001101521398,2.1782478598630917e-10,-6.554544811452881e-17,,,,,7.149874776166187,4.76658692936913,6,0,0,0,9,0.1,0.9794999989202611,,18.160876883774623,0.372752621506684,8.992325313313303,16.045795963211656,-8.57715771525652,15.80470564267752,-18.079061802884713,0.1321214537873518,-9.274243478871657,-15.704627829518008,9.384473510752029,-15.26580025634381
centralized,233,5.8500000000000005,0.195,0.205,0.2050000107973892,0.20500000998756635,0.010000009987566338,0.2050000101890642,2.0149784618617161e-10,-1.5719471072073057e-16,,,,,7.149874994675527,4.7665867940447875,6,0,0,0,9,0.1,0.9794999990012434,,18.160876131768006,0.37275445516755734,8.992330654914692,16.0458018740261,-8.57715396970497,15.804702686240821,-18.079061434268574,0.13211937665757217,-9.274244645967338,-15.704630380076173,9.38447074742923,-15.26579623901904
centralized,234,5.875,0.195,0.205,0.20500000998756637,0.2050000092384815,0.010000009238481489,0.20500000942487615,1.8639464971492714e-10,-1.4195096929869518e-16,,,,,7.1498751967941025,4.766586668877067,6,0,0,0,9,0.1,0.9794999990761518,,18.16087541493562,0.3727562168619029,8.992335756955267,16.045807528698543,-8.577150375066314,15.804699863642211,-18.079061065502366,0.13211739837954722,-9.274245766532923,-15.704632819577663,9.384468113725346,-15.265792393995085
centralized,235,5.9,0.195,0.205,0.2050000092384816,0.20500000854557976,0.010000008545579753,0.20500000871800314,1.7242338112843925e-10,-8.684677354264177e-17,,,,,7.149875383751569,4.766586553103584,6,0,0,0,9,0.1,0.9794999991454421,,18.16087473173091,0.3727579094247203,8.992340630361307,16.045812938415743,-8.577146925420907,15.804697168889156,-18.079060697328124,0.13211551432621862,-9.274246842303025,-15.704635152883695,9.384465603530169,-15.265788713938043
centralized,236,5.925000000000001,0.195,0.205,0.20500000854557981,0.20500000790464692,0.010000007904646918,0.2050000080641461,1.5949916387647534e-10,-5.64703557574833e-17,,,,,7.149875556685032,4.766586446019189,6,0,0,0,9,0.1,0.9794999992095353,,18.160874080669295,0.3727595355773805,8.992345285550508,16.045818113871,-8.577143615069605,15.804694596254066,-18.07906033042053,0.13211372008309497,-9.274247874954776,-15.704637384639334,9.384463211024046,-15.265785191820886
centralized,237,5.95,0.195,0.205,0.20500000790464698,0.20500000731178528,0.01000000731178527,0.20500000745932895,1.475436717246481e-10,-9.414688246020546e-18,,,,,7.149875716646659,4.766586346971671,6,0,0,0,9,0.1,0.9794999992688215,,18.160873460326123,0.3727610979323788,8.992349732456244,16.045823065286204,-8.577140438526401,15.80469214026278,-18.07905996539162,0.1321120114387223,-9.274248866109268,-15.704639519283408,9.3844609306639,-15.265781820911053
centralized,238,5.9750000000000005,0.195,0.205,0.20500000731178525,0.2050000067633895,0.010000006763389496,0.20500000689987363,1.3648412955369338e-10,-3.122142688842383e-17,,,,,7.149875864609385,4.766586255357783,6,0,0,0,9,0.1,0.979499999323661,,18.16087286933465,0.3727625989978692,8.992353980550638,16.045827802432903,-8.577137390511242,15.804689795683544,-18.07905960279522,0.132110384375569,-9.274249817332995,-15.70464156105795,9.38445875716993,-15.26577859475852
centralized,239,6.0,0.195,0.205,0.20500000676338953,0.20500000625612422,0.010000006256124211,0.20500000638237806,1.262538407154068e-10,-3.3448514619165e-17,,,,,7.149876001473351,4.7665861706195605,6,0,0,0,9,0.1,0.9794999993743876,,18.160872306384068,0.3727640411820005,8.992358038866495,16.045832334652406,-8.577134465943033,15.804687557516445,-18.079059243131034,0.13210883506130175,-9.274250730139286,-15.704643514017178,9.38445668551296,-15.265775507184314
aggregate,0,0.025,0.195,0.205,0.9528077435349479,0.9073726014689089,0.7123726014689089,0.9154638149296246,0.00809121346071573,0.36310910759132514,,,,,11.846315891345489,19.191875605523133,15,0,0,0,0,0.1,0.9092627398531091,,12.184110182375509,0.11546253283797844,5.953027286891103,10.54855000301494,-6.092876167973338,10.778590370531443,-12.239333145247391,-0.07328319973456507,-6.218409881404375,-10.302214569202054,6.104154815777978,-10.472956476584347
aggregate,1,0.05,0.195,0.205,0.9073726014689084,0.8652260509458983,0.6702260509458984,0.8716884447798956,0.006462393833997271,0.359089416977689,,,,,12.551216627992583,18.785655564305472,15,0,0,0,0,0.1,0.9134773949054101,,12.347054113665692,0.13856211436119134,6.035968567383355,10.691333235004073,-6.151204725806402,10.936266903797618,-12.40336002140645,-0.09277839538073404,-6.312965759899358,-10.438393375442795,6.195354268485946,-10.612638741144059
aggregate,2,0.07500000000000001,0.195,0.205,0.8652260509458986,0.8259176059315979,0.630917605931598,0.8314910032991387,0.005573397367540811,0.3540564674885068,,,,,13.086796448768476,18.408044771004633,15,0,0,0,0,0.1,0.9174082394068402,,12.498570298290634,0.15976043975185827,6.112231335633864,10.82338051878577,-6.205423193728689,11.083717082970045,-12.555971204778029,-0.11130926923466924,-6.400850984823692,-10.564111344752453,6.280970800112272,-10.74292159301448
aggregate,3,0.1,0.195,0.205,0.8259176059315978,0.7890934757085777,0.5940934757085776,0.7946379133801414,0.005544437671563762,0.3484386581805177,,,,,13.497709383294573,18.054851016285056,15,0,0,0,0,0.1,0.9210906524291422,,12.640309660566347,0.17927773535451483,6.1828028083700435,10.946275862757203,-6.256189304422705,11.222407179933612,-12.69882896122619,-0.12901168989285028,-6.483064576133063,-10.680927166069361,6.361807985767145,-10.865201548946295
aggregate,4,0.125,0.195,0.205,0.7890934757085774,0.7545847323542664,0.5595847323542664,0.7607903617883465,0.0062056294340800955,0.34250296718094225,,,,,13.81500651599994,17.722815742374163,15,0,0,0,0,0.1,0.9245415267645734,,12.773556490563706,0.1973031127657103,6.248445328305001,11.06123881652538,-6.304001102888972,11.353493962053367,-12.833227753631663,-0.14600194605182445,-6.560380560417597,-10.790040108243652,6.438495922994575,-10.980570950974544
aggregate,5,0.15000000000000002,0.195,0.205,0.7545847323542665,0.7223267622177305,0.5273267622177304,0.729567635830401,0.007240873612670451,0.3364231728444296,,,,,14.060822206041678,17.409355916897766,15,0,0,0,0,0.1,0.9277673237782269,,12.89932923413327,0.21399809271519935,6.30975879549881,11.169228185089793,-6.34924399149169,11.477907140440298,-12.960195083847355,-0.16237929278054467,-6.633410810264504,-10.892392205531628,6.511539362945893,-11.089900421566137
aggregate,6,0.17500000000000002,0.195,0.205,0.7223267622177308,0.6922374100389285,0.49723741003892846,0.7006569115011188,0.008419501462190282,0.33031630390799777,,,,,14.251311917412064,17.112389167873037,15,0,0,0,0,0.1,0.9307762589961072,,13.018448937627337,0.2295005454546018,6.367222976223781,11.27101140181493,-6.392221756339793,11.596406034423254,-13.080560127616973,-0.17822863727659993,-6.7026475191719905,-10.988736669154646,6.581350143998575,-11.193895249668406
aggregate,7,0.2,0.195,0.205,0.6922374100389287,0.664200329419951,0.469200329419951,0.6738211705074288,0.00962084108747785,0.32426329863459635,,,,,14.39852939318731,16.830212446976017,15,0,0,0,0,0.1,0.933579967058005,,13.131586832707606,0.24392836687870978,6.42122687474592,11.367212181873676,-6.4331775308577,11.709619385537602,-13.195001528235371,-0.19362295168438004,-6.768492625962113,-11.079684909190787,6.648269617629008,-11.293134777342019
aggregate,8,0.225,0.195,0.205,0.6642003294199508,0.6380848845174472,0.44308488451744715,0.6488727853236322,0.01078790080618508,0.31832133741558327,,,,,14.511653617112648,16.56141593223447,15,0,0,0,0,0.1,0.9361915115482553,,13.23929815871179,0.2573826720383508,6.472089589717089,11.45834407518194,-6.472308281365065,11.818073904201816,-13.304081408180226,-0.2086253069984395,-6.831278670723556,-11.165739653632018,6.712584519110337,-11.3881004657911
aggregate,9,0.25,0.195,0.205,0.6380848845174469,0.6137598765228094,0.4187598765228094,0.6256547969476921,0.011894920424882716,0.31253154377269426,,,,,14.59780932686171,16.304820681075203,15,0,0,0,0,0.1,0.9386240123477191,,13.342046696954721,0.26995047911372627,6.520075435208811,11.54483463144118,-6.5097750188969705,11.922215107901776,-13.408270063642963,-0.2232905384949081,-6.891283890968192,-11.24731880101282,6.774538430054749,-11.479196256243178
aggregate,10,0.275,0.195,0.205,0.6137598765228093,0.5910996101674143,0.3960996101674143,0.604030918467177,0.012931308299762745,0.30692398164715834,,,,,14.662627729132096,16.059432647652503,15,0,0,0,0,0.1,0.9408900389832586,,13.440222901597773,0.28170692947304865,6.565405115289836,11.627043167376387,-6.545710124846279,12.022422769219586,-13.50796422694988,-0.23766659124901757,-6.948743360137164,-11.324772951411472,6.834340202299289,-11.566763574241019
aggregate,11,0.30000000000000004,0.195,0.205,0.5910996101674144,0.569986115536715,0.37498611553671496,0.5838801513238118,0.013894035787096803,0.3015210034364254,,,,,14.710637339262696,15.82440820515553,15,0,0,0,0,0.1,0.9430013884463285,,13.534157529459952,0.2927171110062652,6.608264129931374,11.705274080890051,-6.580222684980746,12.119022517474397,-13.603500802422305,-0.2517956012219374,-7.00385735186425,-11.398398532848683,6.89217023865353,-11.65109253543007
aggregate,12,0.325,0.195,0.205,0.5699861155367149,0.5503097075089108,0.35530970750891083,0.5650936307759816,0.014783923267070787,0.29633955018601527,,,,,14.745541233725927,15.599027903653283,15,0,0,0,0,0.1,0.9449690292491089,,13.624132051459586,0.30303755244182246,6.648809204772809,11.779787006853606,-6.613402422475804,12.21229464453977,-13.695167361806977,-0.26571476288512924,-7.056797724325654,-11.468447800462318,6.948185230274207,-11.732430408797896
aggregate,13,0.35000000000000003,0.195,0.205,0.550309707508911,0.5319688531873699,0.33696885318736985,0.5475725910574012,0.015603737870031331,0.29139275932140857,,,,,14.770416667505804,15.382676215396232,15,0,0,0,0,0.1,0.946803114681263,,13.710386729264924,0.3127174493446864,6.687173289094087,11.850804695451085,-6.645322629672631,12.302480845607016,-13.783210285721276,-0.27945702657565324,-7.107712868966861,-11.535136578294338,7.002521761891478,-11.810988068870072
aggregate,14,0.375,0.195,0.205,0.5319688531873699,0.5148697630147625,0.3198697630147625,0.5312269361035517,0.016357173088789145,0.28669109642691887,,,,,14.787860452453073,15.174825688377018,15,0,0,0,0,0.1,0.9485130236985237,,13.793126978582974,0.321799673257535,6.723469503070767,11.918519224588495,-6.676042376402946,12.389789415167229,-13.867841174597483,-0.2930516608939941,-7.1567316037769055,-11.598650348073,7.055299073791707,-11.886944955629678
aggregate,15,0.4,0.195,0.205,0.5148697630147625,0.49892588498642476,0.30392588498642475,0.5159741652157608,0.01704828022933602,0.2822431457027214,,,,,14.800095578574696,14.975024374617648,15,0,0,0,0,0.1,0.9501074115013575,,13.87252846503363,0.33032160672141314,6.757794305830303,11.983096978720546,-6.7056081940856185,12.474399278471614,-13.949241976356577,-0.30652470860191244,-7.203966281430499,-11.659149112806809,7.106621188921583,-11.96045292006132
aggregate,16,0.42500000000000004,0.195,0.205,0.4989258849864245,0.4840573798542826,0.2890573798542826,0.5017385231236402,0.017681143269357602,0.2780561443401035,,,,,14.809049476095307,14.782885701155864,15,0,0,0,0,0.1,0.9515942620145718,,13.94874125891838,0.338315839197834,6.790230080871274,12.044682704842653,-6.734055383827371,12.556463145197664,-14.027569157738704,-0.31989935881392884,-7.249515307656972,-11.716771343228025,7.156578560352516,-12.031639239349445
aggregate,17,0.45,0.195,0.205,0.4840573798542823,0.47019061035260973,0.2751906103526097,0.4884503016577463,0.01825969130513655,0.27413631514373066,,,,,14.816410998194652,14.598080158556712,15,0,0,0,0,0.1,0.952980938964739,,14.021893292031404,0.3458107525097551,6.820847283114513,12.103402872190065,-6.761409063755035,12.636110009766124,-14.102957162539143,-0.333196253803997,-7.293465213102537,-11.771637232279131,7.205249359047961,-12.100609023456727
aggregate,18,0.47500000000000003,0.195,0.205,0.4701906103526097,0.457257657117464,0.262257657117464,0.47604524972081524,0.018787592603351222,0.27048903276553804,,,,,14.823671018761079,14.420328325824203,15,0,0,0,0,0.1,0.9542742342882536,,14.092093300553598,0.3528310191611444,6.849706254631286,12.159368502668542,-6.7876850496303005,12.713447181598172,-14.175521340540481,-0.3464337451446442,-7.335892385037519,-11.823851424426195,7.252700498737152,-12.167447193601957
aggregate,19,0.5,0.195,0.205,0.4572576571174639,0.4451958645964963,0.2501958645964963,0.4644640642039646,0.019268199607468284,0.2671188477617256,,,,,14.83215010383988,14.249394852986109,15,0,0,0,0,0.1,0.9554804135403504,,14.159433394852051,0.35939803256330816,6.876858788977294,12.21267759607066,-6.8128906488948955,12.788562001649254,-14.245360487544653,-0.3596281110194337,-7.376864538563196,-11.87350534455245,7.29898847998886,-12.232220185663628
aggregate,20,0.525,0.195,0.205,0.4451958645964962,0.43394741599195613,0.23894741599195612,0.4536519436314552,0.019704527639499092,0.264029387200158,,,,,14.843015796189494,14.08508309804485,15,0,0,0,0,0.1,0.9566052584008043,,14.223991364199048,0.36553028460420733,6.9023495038207745,12.263417242371393,-6.837025438756846,12.861523383270159,-14.31255910413506,-0.37279374419873396,-7.416441987219727,-11.920679220257664,7.344160125478491,-12.294977512747675
aggregate,21,0.55,0.195,0.205,0.43394741599195585,0.4234589345347985,0.22845893453479849,0.44355819182001727,0.020099257285218775,0.26122315001815744,,,,,14.85729150378573,13.92723017400493,15,0,0,0,0,0.1,0.9576541065465202,,14.285832798317868,0.3712437028537827,6.9262170660040105,12.311665489336251,-6.860082090837225,12.932383301464538,-14.377189454933857,-0.38594331814611066,-7.454678757895953,-11.96544386804771,7.388253271473406,-12.35575330602574
aggregate,22,0.5750000000000001,0.195,0.205,0.4234589345347986,0.4136811079467819,0.21868110794678192,0.4341358623249961,0.0204547543782142,0.2587012183459739,,,,,14.875858709926177,13.775702212270705,15,0,0,0,0,0.1,0.9586318892053218,,14.345013085693632,0.3765519571160879,6.948495300870839,12.357493014984009,-6.88204729600142,13.001178340873507,-14.439313488649539,-0.39908793698957545,-7.491623583235145,-12.007862295781344,7.4312974739194315,-12.414567937863763
aggregate,23,0.6000000000000001,0.195,0.205,0.4136811079467816,0.4045683332601405,0.20956833326014052,0.42534143675151576,0.020773103491375233,0.25646291247802877,,,,,14.899454152604942,13.630389696798584,15,0,0,0,0,0.1,0.959543166673986,,14.401579329225818,0.38146674229614946,6.969214207712358,12.400964639571017,-6.902902831373683,13.067931395673265,-14.498984660499724,-0.41223727351694256,-7.52732079534093,-12.04799115925764,7.47331477956535,-12.47142981258333
aggregate,24,0.625,0.195,0.205,0.4045683332601405,0.3960783799381583,0.2010783799381583,0.4171345316340612,0.021056151695902914,0.2545054248756551,,,,,14.928663690071367,13.491202773088618,15,0,0,0,0,0.1,0.9603921620061842,,14.455572201981942,0.38599804249034236,6.9884008949150305,12.442140699746119,-6.922626795589899,13.132653591133591,-14.55624968169028,-0.42539969796401755,-7.561811136914718,-12.085882098922573,7.514320601648136,-12.526337385248404
aggregate,25,0.65,0.195,0.205,0.3960783799381583,0.3881720703108726,0.19317207031087258,0.4094776297963685,0.021305559485495895,0.25282347650829934,,,,,14.963914706201026,13.358066489377977,15,0,0,0,0,0.1,0.9611827929689127,,14.507027749378205,0.3901543789608157,7.006080441555515,12.481078297762924,-6.941195017490823,13.195346465103013,-14.611150205161396,-0.4385823992340055,-7.595132499613046,-12.121582972712984,7.554324724775153,-12.579281436220782
aggregate,26,0.675,0.195,0.205,0.38817207031087253,0.38081297755481813,0.18581297755481813,0.4023358330752857,0.021522855520467565,0.25140904416984755,,,,,15.005469034669867,13.23091598380759,15,0,0,0,0,0.1,0.9619187022445181,,14.555979129164452,0.39394304280269077,7.022276686645326,12.517832430845052,-6.9585826182832475,13.25600440830697,-14.663724442877735,-0.4517914990477409,-7.627320594272296,-12.155138992673463,7.593332444692065,-12.630247589334223
aggregate,27,0.7000000000000001,0.195,0.205,0.3808129775548179,0.3739671426213087,0.1789671426213087,0.39567663413590887,0.021709491514600165,0.2502512071068037,,,,,15.053418407055004,13.10969168769383,15,0,0,0,0,0.1,0.9626032857378691,,14.602458267783769,0.3973703116376364,7.037012943016672,12.552456999878043,-6.974765679743832,13.314617317652795,-14.714008698044038,-0.4650321591619992,-7.658409553652698,-12.186593766084602,7.631345826673401,-12.67921901727175
aggregate,28,0.7250000000000001,0.195,0.205,0.3739671426213084,0.3676028124814975,0.1726028124814975,0.3894697058481617,0.021866893366664197,0.2493361545562981,,,,,15.107684277928993,12.994334665821968,15,0,0,0,0,0.1,0.9632397187518502,,14.64649740188503,0.40044164842919444,7.050312630024947,12.585005692576273,-6.989722944895879,13.371173371799069,-14.762038786485219,-0.4783086811798876,-7.68843246555648,-12.215990236477165,7.6683650437044975,-12.726179234315596
aggregate,29,0.75,0.195,0.205,0.3676028124814975,0.3616902068331278,0.1666902068331278,0.3836867743828091,0.021996567549681323,0.2486473801059491,,,,,15.168023495558725,12.884782252811505,14,0,1,0,1,0.1,0.9638309793166873,,14.688130467856094,0.4031618800814853,7.062199817949824,12.615532734186813,-7.003437457269948,13.425661800019816,-14.807851315834922,-0.4916245986155884,-7.717421832644428,-12.243371516235594,7.704389735696962,-12.771114841049828
aggregate,30,0.775,0.195,0.205,0.3616902068331277,0.35620118458327693,0.16120118458327692,0.37830337372111633,0.0221021891378394,0.24815598121772559,,,,,15.233765309796306,12.78095658720491,14,0,0,0,1,0.1,0.9643798815416723,,14.727394330817772,0.4055351987573455,7.072699543833614,12.644093567788014,-7.015902780778408,13.478084000363976,-14.851484786413936,-0.5049826080355918,-7.7454098176020985,-12.268781664477654,7.739425361685208,-12.814026684282995
aggregate,31,0.8,0.195,0.205,0.35620118458327693,0.3511068496048319,0.1561068496048319,0.3732944666684278,0.0221876170635959,0.24775109011583502,,,,,15.301876531975118,12.682700340041512,14,0,0,0,1,0.1,0.9648893150395168,,14.764330085440516,0.4075638252015859,7.081836955713729,12.670746020946634,-7.027161721831535,13.528524777911501,-14.892980532123769,-0.5183832374012625,-7.77242732822264,-12.29226689642898,7.7735257525505785,-12.85500150353437
aggregate,32,0.8250000000000001,0.195,0.205,0.35110684960483185,0.3463797027741998,0.15137970277419982,0.3686354539232473,0.022255751149047487,0.24740516119286163,,,,,15.371486889867466,12.58983922347061,14,0,0,0,1,0.1,0.96536202972258,,14.798982635003794,0.4092491798926061,7.08963808736558,12.69554932039061,-7.037266251609513,13.577084194181298,-14.932382281558208,-0.5318261147278177,-7.798504755789028,-12.313874533205567,7.806753686803916,-12.89414206884668
aggregate,33,0.8500000000000001,0.195,0.205,0.3463797027741999,0.3419942130705867,0.1469942130705867,0.36430324184934865,0.022309028778761952,0.24711556923675868,,,,,15.442368011976832,12.502200311981202,14,0,0,0,1,0.1,0.9658005786929413,,14.831400868350629,0.41059236174785313,7.096130231113439,12.718563913636189,-7.0462657095648815,13.623856851580358,-14.969736317141827,-0.5453104982341128,-7.823672367735635,-12.333652847473687,7.839168705610002,-12.931546115529747
aggregate,34,0.875,0.195,0.205,0.3419942130705867,0.33792666116428594,0.14292666116428593,0.3602761380853865,0.022349476921100564,0.24687947493788778,,,,,15.51425774364317,12.419611091799654,14,0,0,0,1,0.1,0.9662073338835714,,14.861637977728344,0.4115942103875672,7.101342025597063,12.739851620168858,-7.054207078869486,13.668932386252127,-15.005091778360075,-0.5588353918378046,-7.847960448531568,-12.351651273577144,7.870827382122255,-12.967306845549935
aggregate,35,0.9,0.195,0.205,0.337926661164286,0.3341549983923844,0.13915499839238438,0.3565337591214703,0.0223787607290859,0.2466939417161636,,,,,15.586872968927201,12.341898874373532,14,0,0,0,1,0.1,0.9665845001607616,,14.889751549537836,0.41225536240897187,7.105303481376859,12.759475672634675,-7.0611352095763555,13.712395869168768,-15.038500765901135,-0.5723996651890496,-7.871399393855722,-12.36792051143375,7.901783541356402,-13.001513333513685
aggregate,36,0.925,0.195,0.205,0.3341549983923845,0.33065871957166065,0.13565871957166065,0.35305694839299523,0.022398228821334576,0.246556033184093,,,,,15.659921484261966,12.268890534353758,13,0,1,0,2,0.1,0.966934128042834,,14.91580344806045,0.4125763007108968,7.108045950636745,12.77750066203855,-7.067092996342461,13.754328130290205,-15.070018264744894,-0.5860021736866455,-7.8940197611483205,-12.382512535346589,7.93208843859639,-13.034250851900488
aggregate,37,0.9500000000000001,0.195,0.205,0.33065871957166065,0.3274188307089942,0.13241883070899418,0.3498277724116213,0.022408941702627083,0.24646287871200978,,,,,15.73311195121751,12.20041250989577,13,0,0,0,2,0.1,0.9672581169291006,,14.939859539857693,0.4125573925216709,7.109602048753303,12.793992401934927,-7.072121518044269,13.794806018519791,-15.099701932455197,-0.5996418793802255,-7.915852281044384,-12.395480520221152,7.961790903511033,-13.065601128673196
aggregate,38,0.9750000000000001,0.195,0.205,0.32741883070899436,0.32441751064074015,0.12941751064074014,0.34682918767140164,0.022411677030661492,0.246405242701544,,,,,15.805829257020436,12.136282575031979,13,0,0,0,2,0.1,0.967558248935926,,14.961999310234571,0.41219650178593437,7.110005585400902,12.809017479786306,-7.076260457634422,13.83390249289201,-15.127622947066587,-0.6133206706009567,-7.936928016066046,-12.406878533920631,7.990937773207423,-13.095642458321091
aggregate,39,1.0,0.195,0.205,0.3244175106407402,0.3216379293918006,0.12663792939180057,0.34404495458378714,0.022407025191986563,0.24637686800611214,,,,,15.87764412325266,12.07631479638553,13,0,0,0,2,0.1,0.96783620706082,,14.982309984649213,0.41148964580796504,7.109291261831602,12.822642992378503,-7.079547998282606,13.87168675922206,-15.15386011572905,-0.6270428504167941,-7.9572782522076855,-12.416761262914383,8.019573899630123,-13.124449765478408
aggregate,40,1.0250000000000001,0.195,0.205,0.3216379293918005,0.3190644896633772,0.12406448966337719,0.34145992835595695,0.02239543869257976,0.24637774025237885,,,,,15.948472910026792,12.02032837643307,13,0,0,0,2,0.1,0.9680935510336622,,15.000876214965281,0.4104332027398892,7.107494357658003,12.834936427507186,-7.08202052225934,13.908224469892968,-15.178488658144193,-0.640812778545893,-7.976934233454497,-12.425183832148253,8.047741909908414,-13.152094717903783
aggregate,41,1.05,0.195,0.205,0.3190644896633772,0.3166827338532612,0.12168273385326117,0.33905998763397827,0.022377253780717088,0.2464077567735775,,,,,16.018238571772415,11.968147594170011,13,0,0,0,2,0.1,0.9683317266146739,,15.017780216625995,0.4090239369959758,7.104650590235999,12.84596540783982,-7.083712685625186,13.943577876051476,-15.201580356344703,-0.6546348920175394,-7.995927079997131,-12.432201591712436,8.075482274207092,-13.178645869017084
aggregate,42,1.075,0.195,0.205,0.31668273385326107,0.3144792586675819,0.11947925866758191,0.3368319686265011,0.022352709958919192,0.24646674789419587,,,,,16.08687305631406,11.919601810266187,13,0,0,0,2,0.1,0.9685520741332418,,15.033101869859859,0.40725902073210235,7.100795968374715,12.855797427303738,-7.084657478394018,13.977805956622147,-15.223203674652947,-0.6685137261644097,-8.01428769410039,-12.437869889361505,8.102833360763817,-13.204168775765902
aggregate,43,1.1,0.195,0.205,0.314479258667582,0.3124416366205774,0.11744163662057738,0.334763604073889,0.02232196745331161,0.24655449441633137,,,,,16.154318992468024,11.874525516484312,13,0,0,0,2,0.1,0.9687558363379423,,15.046918792057225,0.40513605143329057,7.0959666463118305,12.864499589458067,-7.084886273440134,14.010964529630636,-15.243423856566688,-0.6824539354437561,-8.032046658872687,-12.442243838400353,8.129831481359908,-13.228726097215867
aggregate,44,1.125,0.195,0.205,0.31244163662057745,0.31055834378309405,0.11555834378309404,0.3328434665261302,0.02228512274303618,0.24667074163057975,,,,,16.22053075512477,11.832758412135572,13,0,0,0,2,0.1,0.9689441656216906,,15.059306387662037,0.40265306565487324,7.090198782760726,12.87213835547162,-7.084428867258469,14.04310635031485,-15.262303004450414,-0.6964603140998362,-8.049234134498505,-12.445378088977776,8.156510929945439,-13.252377678440315
aggregate,45,1.1500000000000001,0.195,0.205,0.31055834378309405,0.3088186932082273,0.1138186932082273,0.3310609154744098,0.0222422222661825,0.24681521045075422,,,,,16.28547500012916,11.794145493300284,13,0,0,0,2,0.1,0.9691181306791773,,15.070337881157304,0.3998085489441933,7.083528408557295,12.878779307621473,-7.083313514988939,14.074281199929516,-15.279900147018173,-0.7105378162785226,-8.065879755751356,-12.447326609304376,8.182904016477272,-13.275180623625994
aggregate,46,1.175,0.195,0.205,0.3088186932082273,0.3072127735098006,0.11221277350980058,0.32940604796646483,0.022193274456664247,0.24698760563744174,,,,,16.349130759868114,11.758537143311969,13,0,0,0,2,0.1,0.9692787226490199,,15.080084337878345,0.39660144248334406,7.075991305534849,12.884486932452544,-7.081566961574806,14.104535968568594,-15.296271298838732,-0.7246915755224549,-8.08201253395592,-12.44814248176794,8.209041097742134,-13.29718936156572
aggregate,47,1.2000000000000002,0.195,0.205,0.30721277350980064,0.30573139213664974,0.11073139213664973,0.3278696523802693,0.02213826024361959,0.2471876220175459,,,,,16.41148918571212,11.725789215583628,13,0,0,0,2,0.1,0.969426860786335,,15.088614676806397,0.3930311463621687,7.067622898113283,12.889324426355962,-7.07921447111537,14.133914734352013,-15.311469515355407,-0.7389269235109353,-8.097660765727897,-12.447877717585142,8.234950606475412,-13.318455706148708
aggregate,48,1.225,0.195,0.205,0.30573139213664974,0.3043660229195851,0.10936602291958508,0.326443165097162,0.02207714217757689,0.24741494846618323,,,,,16.472553017122113,11.695763102120798,13,0,0,0,2,0.1,0.9695633977080415,,15.095995678701945,0.38909752003113585,7.058458158379809,12.893353524991863,-7.0762798554083,14.162458841265995,-15.325544946264975,-0.7532494078958936,-8.112851950352301,-12.4465830922866,8.260659079769823,-13.339028913902471
aggregate,49,1.25,0.195,0.205,0.30436602291958503,0.3031087575199137,0.10810875751991367,0.32511862984904427,0.022009872329130598,0.24766927027796934,,,,,16.532335849263408,11.66832578310393,13,0,0,0,2,0.1,0.9696891242480087,,15.10229199235346,0.38480088018466485,7.048531524735979,12.89663435695173,-7.072785502925643,14.190206977093471,-15.338544889503153,-0.7676648092773017,-8.127612716871578,-12.44430800334616,8.286191187525533,-13.358955740153975
aggregate,50,1.2750000000000001,0.195,0.205,0.30310875751991373,0.301952260446354,0.10695226044635397,0.32388865954646007,0.021936399100106085,0.24795027016554053,,,,,16.590861260416595,11.643349854595835,13,0,0,0,2,0.1,0.9698047739553646,,15.107566141153415,0.3801419963876547,7.037876833672431,12.899225321239973,-7.068752408946927,14.21719525262735,-15.350513847544025,-0.7821791570082105,-8.141968761726542,-12.441100350245325,8.31156976145138,-13.378280494966862
aggregate,51,1.3,0.195,0.205,0.301952260446354,0.30088972733815805,0.10588972733815805,0.32274640042450425,0.0218566730863462,0.2482576279870768,,,,,16.64816185219338,11.620713532847422,13,0,0,0,2,0.1,0.9699110272661842,,15.111878531671236,0.37512208474934805,7.0265272639459315,12.90118298748369,-7.064200207467749,14.243457282908171,-15.361493587300947,-0.7967987440718369,-8.155944797101474,-12.437006436682184,8.336815824962256,-13.397045099650896
aggregate,52,1.3250000000000002,0.195,0.205,0.30088972733815794,0.29991484625035664,0.10491484625035663,0.3216854983577857,0.021770652107429067,0.24859101970480835,,,,,16.70427824606027,11.600300634812976,13,0,0,0,2,0.1,0.9700085153749644,,15.115287465409187,0.36974280005030674,7.014515291945583,12.902562017525002,-7.059147205098629,14.269024271071977,-15.371523204449518,-0.8115301405326383,-8.16956450997128,-12.432070894000038,8.361948624192678,-13.41528914433709
aggregate,53,1.35,0.195,0.205,0.2999148462503566,0.2990217616970069,0.10402176169700689,0.3207000672154574,0.021678305518450514,0.2489501155114215,,,,,16.759258069907364,11.582000535345136,13,0,0,0,2,0.1,0.9700978238302993,,15.11784915459531,0.36400622646116115,7.001872657312329,12.903415106482985,-7.0536104174233385,14.293925094835524,-15.38063919275057,-0.8263802058633765,-8.18285053158218,-12.426336624527247,8.386985660247777,-13.433049946869499
aggregate,54,1.375,0.195,0.205,0.29902176169700684,0.29820504123833946,0.10320504123833946,0.3197846591360617,0.021579617897722225,0.2493345775137996,,,,,16.813154962337293,11.565708102212424,13,0,0,0,2,0.1,0.970179495876166,,15.119617742444206,0.3579148672389619,6.988630337406329,12.903792941526499,-7.047605607623692,14.318186395831935,-15.388875518596256,-0.8413560998081387,-8.195824416656498,-12.419844763370355,8.411942722739816,-13.450362613074825
aggregate,55,1.4000000000000001,0.195,0.205,0.2982050412383394,0.29745964441441264,0.10245964441441263,0.3189342366112324,0.021474592196819742,0.24974405698041946,,,,,16.866027613745942,11.55132361052286,13,0,0,0,2,0.1,0.9702540355585587,,15.12064532810293,0.35147163352542055,6.974818529483015,12.903744176370788,-7.041147327503157,14.341832671525909,-15.396263700843127,-0.856465291815673,-8.208506631910772,-12.412634656855932,8.436833924635815,-13.467260098314837
aggregate,56,1.425,0.195,0.205,0.2974596444144125,0.29678089385250483,0.10178089385250483,0.3181441462754081,0.021363252422903267,0.25017819151200105,,,,,16.91793885922623,11.53875263848481,13,0,0,0,2,0.1,0.9703219106147495,,15.120981996188599,0.3446798326163277,6.960466639411726,12.903315419601396,-7.034248960746295,14.364886369472927,-15.402832895758706,-0.8717155687125533,-8.220916552924784,-12.404743855953248,8.46167173841485,-13.483773270125557
aggregate,57,1.4500000000000002,0.195,0.205,0.2967808938525048,0.2961644483828482,0.10116444838284822,0.3174100943032293,0.021245645920381084,0.25063660191272374,,,,,16.96895483137462,11.52790594654855,13,0,0,0,2,0.1,0.9703835551617152,,15.12067585074606,0.3375431557120097,6.945603275877293,12.902551234999514,-7.026922768245406,14.38736798355969,-15.408609986869841,-0.8871150408719827,-8.233072468623142,-12.39620812289057,8.48646703353679,-13.499930971675273
aggregate,58,1.475,0.195,0.205,0.2961644483828483,0.2956062780230665,0.10060627802306649,0.31672812331945094,0.021121845296384445,0.25111888929928033,,,,,17.01914417926418,11.51869934210331,13,0,0,0,2,0.1,0.9704393721976934,,15.119773053219156,0.3300656654056942,6.930256249108809,12.901494152155909,-7.019179935282298,14.40929615180322,-15.413619679312268,-0.9026721463288866,-8.244991592498703,-12.38706144927614,8.511229115238413,-13.515760085728973
aggregate,59,1.5,0.195,0.205,0.2956062780230665,0.29510264069564845,0.10010264069564845,0.3160945907319431,0.02099195003629467,0.2516246322034277,,,,,17.068577355409694,11.51105353185752,13,0,0,0,2,0.1,0.9704897359304352,,15.11831786400671,0.32225178292876755,6.914452573301678,12.900184685796194,-7.011030620326924,14.430687755245993,-15.417884598282592,-0.918395652972296,-8.256690079728351,-12.377336084113201,8.535965764693572,-13.531285598793195
aggregate,60,1.5250000000000001,0.195,0.205,0.2951026406956484,0.2946500605562395,0.09965006055623948,0.31550614840367935,0.020856087847439864,0.25215338381995267,,,,,17.117325970197378,11.50489396396896,13,0,0,0,2,0.1,0.970534993944376,,15.116352687045799,0.31410627545709907,6.898218472013507,12.898661362381786,-7.0024840051721595,14.451558017494882,-15.421425391148682,-0.9342946585893236,-8.268183049340625,-12.367062570211072,8.560683280602452,-13.546530665117068
aggregate,61,1.55,0.195,0.205,0.29465006055623955,0.29424530782544334,0.09924530782544333,0.31495972357739577,0.02071441575195243,0.25270466965835203,,,,,17.165462212819286,11.500150661902694,13,0,0,0,2,0.1,0.9705754692174556,,15.113918116893153,0.30563424335809064,6.881579385927208,12.896960752691763,-6.993548346205037,14.471920604378562,-15.424260832719071,-0.9503785885542845,-8.279484610633732,-12.356269787605607,8.585386522305797,-13.561516670250002
aggregate,62,1.5750000000000002,0.195,0.205,0.2942453078254434,0.2938853800186621,0.0988853800186621,0.3144525009749815,0.020567120956319407,0.2532779853758527,,,,,17.21305833422794,11.496758051815291,13,0,0,0,2,0.1,0.9706114619981338,,15.11105298772442,0.2968411075383687,6.864559982480099,12.895117509232914,-6.984231026476649,14.491787723329264,-15.426407933240663,-0.9666571910932561,-8.290607893074066,-12.344985002745632,8.610078954547188,-13.576263293885777
aggregate,63,1.6,0.195,0.205,0.2938853800186621,0.29356748448301095,0.09856748448301095,0.3139819059940416,0.020414421511030623,0.25387279509133515,,,,,17.260186189211986,11.494654785149002,13,0,0,0,2,0.1,0.970643251551699,,15.107794423693864,0.2877325969170678,6.847184166948071,12.89316440745247,-6.9745386083838365,14.511170221995373,-15.427882048635658,-0.983140529888501,-8.301565078961803,-12.33323392231494,8.634762694039619,-13.590788571764044
aggregate,64,1.625,0.195,0.205,0.293567484483011,0.2932890221545177,0.09828902215451768,0.3135455889281715,0.02025656677365384,0.25448853010343214,,,,,17.306916832349035,11.493783557930293,13,0,0,0,2,0.1,0.9706710977845482,,15.104177890122273,0.27831473605917223,6.829475094657285,12.891132389850007,-6.964476886705266,14.530077685689967,-15.428696992544209,-0.999838973884094,-8.312367438212837,-12.321040750688208,8.659438557999835,-13.605108956450973
aggregate,65,1.6500000000000001,0.195,0.205,0.2932890221545177,0.2930475724582407,0.0980475724582407,0.3131414101398082,0.020093837681567472,0.25512458815880584,,,,,17.35332016331659,11.494090928115439,13,0,0,0,2,0.1,0.970695242754176,,15.100237245010135,0.268593832975765,6.811455184064548,12.889050612193737,-6.954050941780436,14.548518533286144,-15.42886514975155,-1.0167631841049651,-8.323025364564783,-12.308428250171486,8.684106114846042,-13.61923937686613
aggregate,66,1.675,0.195,0.205,0.2930475724582407,0.29284087927645447,0.09784087927645446,0.3127674261185087,0.01992654684205425,0.2557803331777961,,,,,17.399464616630883,11.495527132149931,13,0,0,0,2,0.1,0.9707159120723545,,15.096004790428372,0.25857646709576476,6.793146130506799,12.886946491145473,-6.943265192631403,14.56650011121029,-15.42839759060624,-1.033924097369366,-8.333548412887092,-12.295417803155942,8.708763737245656,-13.633193296475667
aggregate,67,1.7000000000000002,0.195,0.205,0.29284087927645447,0.29266683792325865,0.09766683792325864,0.3124218763599746,0.019755038436715944,0.2564550957477281,,,,,17.445416891178223,11.498045901785133,13,0,0,0,2,0.1,0.9707333162076741,,15.09151132336657,0.2482694774626414,6.774568920465896,12.884845752686806,-6.932123449854861,14.584028785207495,-15.427304186013474,-1.0513329066303354,-8.343945336800894,-12.282029475652374,8.733408657702727,-13.646982770121767
aggregate,68,1.725,0.195,0.205,0.2926668379232587,0.29252348306238796,0.09752348306238795,0.3121031710025949,0.019579687940206925,0.25714817417457253,,,,,17.491241714629613,11.501604282010835,13,0,0,0,2,0.1,0.9707476516937612,,15.086786185716605,0.2376799509897662,6.7557438462386585,12.88277248081772,-6.9206289681214,14.60111002959998,-15.425593722688998,-1.069001037921037,-8.354224126385562,-12.268282081532337,8.758037026855266,-13.660618499502965
aggregate,69,1.75,0.195,0.205,0.2925234830623879,0.29240897751447426,0.09740897751447425,0.31180987916570313,0.019400901651228875,0.25785883628344075,,,,,17.537001638997058,11.506162450871456,13,0,0,0,2,0.1,0.9707591022485526,,15.081857313058126,0.22681521096798388,6.736690520924955,12.880749166073793,-6.908784498144294,14.617748513781587,-15.423274018280447,-1.0869401236676322,-8.364392045551487,-12.25419324700341,8.782643974622054,-13.674109887360986
aggregate,70,1.7750000000000001,0.195,0.205,0.29240897751447426,0.2923216019050164,0.09732160190501637,0.3115407179313745,0.01921911602635812,0.2585863220127574,,,,,17.58275686291956,11.511683541789033,13,0,0,0,2,0.1,0.9707678398094983,,15.076751282030825,0.2156828056412904,6.717427893684902,12.878796753461495,-6.896592337996683,14.633948185726577,-15.420352036027088,-1.105161972280255,-8.374455668731171,-12.239779474917825,8.807223674312773,-13.687465090467299
aggregate,71,1.8,0.195,0.205,0.29232160190501644,0.2922597451078473,0.0972597451078473,0.3112945419188112,0.019034796810963872,0.2593298467890425,,,,,17.628565077478925,11.518133468925718,13,0,0,0,2,0.1,0.9707740254892153,,15.071493356089814,0.20429049692642642,6.697974265219685,12.876934689481478,-6.884054383671543,14.64971235231898,-15.416833998605671,-1.1236785339161444,-8.384420916648228,-12.225056208545697,8.831769409745677,-13.700691071532548
aggregate,72,1.8250000000000002,0.195,0.205,0.2922597451078473,0.2922218954451645,0.09722189544516452,0.31107033339988394,0.01884843795471941,0.26008860577209164,,,,,17.674481331863703,11.52548075601249,13,0,0,0,2,0.1,0.9707778104554835,,15.066107529520016,0.1926462491554939,6.678347303453797,12.875180967954686,-6.871172178794459,14.665043756336821,-15.412725500820601,-1.1425018623282066,-8.394293090888763,-12.210037894561943,8.856273645370907,-13.713793650183966
aggregate,73,1.85,0.195,0.205,0.2922218954451645,0.29220663260463525,0.09720663260463525,0.31086719291136233,0.01866056030672708,0.2608617789022892,,,,,17.720557916644015,11.533696369005293,13,0,0,0,2,0.1,0.9707793367395364,,15.060616569606763,0.18075821793490998,6.658564059410845,12.873552174412255,-6.8579469634121155,14.679944649949737,-15.408031620768238,-1.161644072756766,-8.404076907164267,-12.194738044971187,8.880728099315233,-13.726777553170997
aggregate,74,1.875,0.195,0.205,0.29220663260463525,0.2922125949465068,0.0972125949465068,0.31068432936593776,0.018471734419430952,0.26164853098269986,,,,,17.766844202398254,11.542753551656693,13,0,0,0,2,0.1,0.9707787405053493,,15.055042056931452,0.16863473902358778,6.638640984080174,12.872063530624006,-6.8443797240256,14.694416861702088,-15.402757028227251,-1.1811172932715295,-8.413776528280035,-12.179169299376523,8.90512381922722,-13.73964646395441
aggregate,75,1.9000000000000001,0.195,0.205,0.29221259494650687,0.29223841896323255,0.09723841896323254,0.31052102771512224,0.018282608751889695,0.2624453345355888,,,,,17.81336063429483,11.55262714323539,13,0,0,0,2,0.1,0.9707761581036768,,15.049404413315399,0.15628430792886075,6.618594287152484,12.870729724844878,-6.830472216808663,14.708460598962036,-15.396905706512614,-1.200932484580088,-8.423396132612579,-12.163344162457998,8.929451265654867,-13.752403054157355
aggregate,76,1.925,0.195,0.205,0.29223841896323255,0.29228280051458994,0.09728280051458993,0.31037665083107413,0.018093850316484195,0.26324890671595597,,,,,17.860131369016628,11.563293561553829,13,0,0,0,2,0.1,0.9707717199485411,,15.043722892240067,0.14371553016310562,6.598439830811199,12.869564770864379,-6.816226669565021,14.72207495243967,-15.390481176537381,-1.2210997853748926,-8.432939838054288,-12.147274863636623,8.953700398784237,-13.765048983080842
aggregate,77,1.9500000000000002,0.195,0.205,0.29228280051458994,0.2923445013256574,0.09734450132565742,0.3102506521830651,0.017906150857407654,0.2640581014194344,,,,,17.90719980589443,11.57473111065655,13,0,0,0,2,0.1,0.9707655498674342,,15.038015600495285,0.13093710520487353,6.578192841487118,12.868581373322112,-6.8016449380554445,14.73525909374119,-15.38348693195769,-1.2416294757818895,-8.442411277569768,-12.13097282523566,8.977860755544526,-13.77758493857409
aggregate,78,1.975,0.195,0.205,0.29234450132565737,0.29242234380636345,0.09742234380636344,0.31014256795402134,0.017720224147657893,0.2648717859309056,,,,,17.95460645072774,11.58691984165948,13,0,0,0,2,0.1,0.9707577656193637,,15.032299534337756,0.11795781360979042,6.557867926473414,12.867790964337892,-6.7867285626793254,14.748012321222433,-15.375926535964775,-1.2625319014316947,-8.451813623316838,-12.114448717121844,9.001921534518395,-13.790010683609738
aggregate,79,2.0,0.195,0.205,0.2924223438063635,0.292515206459338,0.09751520645933798,0.3100520094667461,0.01753680300740812,0.2656888501799899,,,,,18.002388856208174,11.599841418161578,13,0,0,0,2,0.1,0.9707484793540662,,15.026590613977644,0.10478650420311215,6.537479091107656,12.867203738307026,-6.771478823945253,14.760334101027086,-15.36780371401681,-1.2838173946342815,-8.461149609401922,-12.097712510107863,9.025871681328583,-13.802325102386598
aggregate,80,2.025,0.195,0.205,0.29251520645933804,0.292622019854731,0.09762201985473101,0.30997865589534257,0.01735663604061155,0.26650821606569897,,,,,18.050581568862643,11.613478986232588,13,0,0,0,2,0.1,0.9707377980145269,,15.020903716523835,0.09143208135681279,6.517039756520102,12.866828684812617,-6.755896796629211,14.772224103446765,-15.359122442090753,-1.305496193082267,-8.470421553309382,-12.080773528108315,9.049699973879529,-13.81452624603382
aggregate,81,2.0500000000000003,0.195,0.205,0.2926220198547311,0.29274176315577444,0.09774176315577443,0.3099222472413213,0.017180484085546843,0.2673288468023713,,,,,18.09921608333964,11.627817049001628,13,0,0,0,2,0.1,0.9707258236844225,,15.015252707532497,0.07790349234428325,6.496562777937638,12.866673619639354,-6.7399834025269225,14.783682234759024,-15.349887029915443,-1.3275783563502648,-8.4796313760323,-12.0636404990622,9.073395106775335,-13.826611377968154
aggregate,82,2.075,0.195,0.205,0.29274176315577444,0.29287346117072965,0.09787346117072965,0.3098825775599726,0.017009116389242962,0.2681497557752514,,,,,18.148320802854826,11.642841345816155,13,0,0,0,2,0.1,0.970712653882927,,15.00965047132567,0.06420971479162713,6.476060463632214,12.866745213812065,-6.723739461714041,14.794708664713339,-15.340102198775897,-1.3500736808363323,-8.488780620960572,-12.046321604629847,9.096945774281474,-13.83857701892083
aggregate,83,2.1,0.195,0.205,0.29287346117072965,0.2930161819133225,0.09801618191332251,0.3098594884274961,0.016843306514173595,0.26897001492017814,,,,,18.197921007292393,11.658538735986328,13,0,0,0,2,0.1,0.9706983818086677,,15.004108940249488,0.050359744235015116,6.455544594392062,12.867049020792773,-6.707165742236211,14.805303849851052,-15.329773153286204,-1.3729916134553402,-8.497870471575466,-12.028824528704392,9.120340750892662,-13.850418991686988
aggregate,84,2.125,0.195,0.205,0.29301618191332257,0.2931690346407476,0.09816903464074761,0.3098528626434548,0.01668382800270718,0.2697887620374816,,,,,18.248038827149248,11.67489708703843,13,0,0,0,2,0.1,0.9706830965359252,,14.99863912305795,0.03636258180742402,6.435026443617566,12.867589501800794,-6.690263008159409,14.815468552848744,-15.318905646759436,-1.3963411648774464,-8.506901768022026,-12.011156504765015,9.14356896900071,-13.862132465546338
aggregate,85,2.15,0.195,0.205,0.2931690346407477,0.29333116834368866,0.09833116834368866,0.30986261816937544,0.016531449825686773,0.27060520712188596,,,,,18.29869322521292,11.691905167457753,13,0,0,0,2,0.1,0.9706668831656311,,14.99325113260336,0.022227222080274625,6.414516797996638,12.868370049371107,-6.673032065910189,14.825203858092705,-15.307506039614337,-1.4201308227121525,-8.515875022630196,-11.993324362110318,9.166619592903283,-13.87371200034085
aggregate,86,2.1750000000000003,0.195,0.205,0.29333116834368866,0.293501770652089,0.09850177065208898,0.3098887023130569,0.016386931660967885,0.2714186372982078,,,,,18.349899985235897,11.709552543860402,13,0,0,0,2,0.1,0.9706498229347911,,14.987954213017805,0.007962641091500302,6.39402597877123,12.869393009244849,-6.655473808844939,14.834511183689848,-15.29558135038585,-1.4443684653448416,-8.524790434456833,-11.975334571022065,9.189482088313829,-13.885151590217028
aggregate,87,2.2,0.195,0.205,0.293501770652089,0.2936800671172222,0.09868006711722221,0.30993108616962844,0.016251019052406224,0.27222842032499406,,,,,18.401671707985553,11.727829482513716,13,0,0,0,2,0.1,0.9706319932882778,,14.982756766569102,-0.006422215396695262,6.373563863581602,12.87065970073117,-6.637589259999448,14.843392290119425,-15.283139298921531,-1.4690612770461073,-8.533647902931687,-11.957193286892167,9.21214628691962,-13.896444706957894
aggregate,88,2.225,0.195,0.205,0.29368006711722217,0.2938653208241364,0.0988653208241364,0.309989759339604,0.016124438515467576,0.2730340065593324,,,,,18.454017815210584,11.746726855130063,13,0,0,0,2,0.1,0.9706134679175864,,14.97766638036251,-0.020918443378203568,6.353139908880261,12.872170435698015,-6.619379612954812,14.851849285747527,-15.270188341380171,-1.494215665034685,-8.542447040683578,-11.938906393352728,9.23460244534165,-13.907584342891772
aggregate,89,2.25,0.195,0.205,0.29386532082413647,0.29405683228495383,0.09905683228495382,0.31006472494749043,0.016007892662536605,0.27383492948180443,,,,,18.5069445608731,11.76623604883002,13,0,0,0,2,0.1,0.9705943167715047,,14.97268985305499,-0.03551719176588144,6.33276317289762,12.873924536380047,-6.600846270772664,14.85988462941303,-15.256737696689747,-1.5198371790262004,-8.551187185650928,-11.920479544447184,9.256841298007556,-13.918563053351775
aggregate,90,2.275,0.195,0.205,0.2940568322849539,0.2942539395526412,0.09925393955264117,0.31015599499063584,0.015902055437994667,0.27463080466645234,,,,,18.560455051524183,11.786348880179593,13,0,0,0,2,0.1,0.9705746060447359,,14.967833221734335,-0.05020967319138227,6.312442339135791,12.875920352219442,-6.581990882949227,14.867501130296011,-15.242797364245277,-1.5459304342321625,-8.559867412493903,-11.901918205868661,9.2788541036342,-13.92937299865713
aggregate,91,2.3000000000000003,0.195,0.205,0.2942539395526412,0.29445601850097086,0.09945601850097086,0.31026358605010845,0.01580756754913759,0.2754213277370584,,,,,18.614549273478833,11.807057513181272,13,0,0,0,2,0.1,0.970554398149903,,14.963101789100158,-0.06498717439175969,6.292185740357414,12.87815527597716,-6.562815380334915,14.874701945282139,-15.22837813260225,-1.5724990380160453,-8.568486543479592,-11.883227695271453,9.300632684789669,-13.940005985651082
aggregate,92,2.325,0.195,0.205,0.2944560185009708,0.29466248174441895,0.09966248174441894,0.3103875111737472,0.01572502942932824,0.2762062711971789,,,,,18.669224128800817,11.828354381085761,13,0,0,0,2,0.1,0.9705337518255581,,14.958500151072734,-0.07984106612221557,6.272001383021127,12.88062575939072,-6.543322007977666,14.881490574020702,-15.213491579097091,-1.599545521129381,-8.57704315884431,-11.864413221678424,9.32216946063187,-13.950453508777278
aggregate,93,2.35,0.195,0.205,0.2946624817444189,0.29487275193178203,0.09987275193178202,0.31052771705686044,0.015654965125078413,0.27698492493387367,,,,,18.724463259314316,11.85023187806382,13,0,0,0,2,0.1,0.9705127248068218,,14.954032433821304,-0.0947628291965851,6.251896970714428,12.883327328975186,-6.523513353380746,14.887870849645997,-15.198150529394615,-1.6270713052563037,-8.585535423851956,-11.845479970686439,9.343457151677054,-13.960706783616931
aggregate,94,2.375,0.195,0.205,0.29487275193178203,0.29508624547749435,0.10008624547749434,0.3106840858462595,0.015597840368765159,0.27775506327232635,,,,,18.78021956620268,11.872681649719427,13,0,0,0,2,0.1,0.9704913754522506,,14.949702861163999,-0.10974413140001422,6.23187989334753,12.886254602107702,-6.5033923278965915,14.893846909171215,-15.182370364911485,-1.6550767615009256,-8.59396067756024,-11.826433249231163,9.364488035164866,-13.970756775234623
aggregate,95,2.4000000000000004,0.195,0.205,0.2950862454774943,0.29530242260846185,0.10030242260846184,0.31085649045184754,0.0155540678433857,0.27851651869530164,,,,,18.836481699454705,11.895695430787498,13,0,0,0,2,0.1,0.9704697577391538,,14.945514950938383,-0.12477679458199234,6.211957208299167,12.889401285843002,-6.4829621559469395,14.89942316425648,-15.16616728464418,-1.683561059279323,-8.602316217136302,-11.807278308706849,9.385255306813038,-13.9805942563124
aggregate,96,2.4250000000000003,0.195,0.205,0.29530242260846185,0.29552079154924304,0.10052079154924304,0.31104479587705486,0.015524004327811813,0.27926941267561356,,,,,18.89323992094918,11.919265085593432,13,0,0,0,2,0.1,0.9704479208450757,,14.94147146083789,-0.13985279361883166,6.1921356674158625,12.89276019573526,-6.462226400127505,14.904604288854864,-15.149558073021906,-1.712522106140216,-8.610599364494156,-11.78802036560405,9.40575318984805,-13.990209851814729
aggregate,97,2.45,0.195,0.205,0.29552079154924316,0.29574090827430005,0.10074090827430005,0.3112488584788386,0.015507950204538545,0.2800139291052522,,,,,18.95048196432384,11.94338255203243,13,0,0,0,2,0.1,0.97042590917257,,14.937574424494331,-0.15496426049567122,6.172421747232954,12.896323277938057,-6.44118898564797,14.909395206761962,-15.132560049648976,-1.7419565073938605,-8.618807452567065,-11.768664643470311,9.425976895605515,-13.999594081770278
aggregate,98,2.475,0.195,0.205,0.2957409082743,0.29596237596283104,0.10096237596283103,0.311468525758103,0.015506149795271984,0.2807503101116413,,,,,19.008193066795386,11.968039787232746,13,0,0,0,2,0.1,0.970403762403717,,14.93382518912644,-0.17010348733874803,6.1528216793859585,12.90008163239842,-6.4198542230950695,14.913801078093025,-15.11519101240767,-1.7718595321869524,-8.626937811258147,-11.749216413562104,9.445922577754768,-14.008737403085176
aggregate,99,2.5,0.195,0.205,0.2959623759628311,0.29618484415791513,0.10118484415791512,0.3117036366417821,0.01551879248386695,0.2814788534127131,,,,,19.066356003331386,11.993228714691464,13,0,0,0,2,0.1,0.9703815155842085,,14.93022445463478,-0.1852629284155007,6.133341481030123,12.904025537527696,-6.398226829429334,14.917827284847494,-15.09746917448856,-1.8022250861391387,-8.634987753355906,-11.72968103407515,9.46558728119835,-14.017630250715925
aggregate,100,2.5250000000000004,0.195,0.205,0.29618484415791513,0.2964080076549355,0.10140800765493552,0.31195402220609686,0.015546014551161336,0.2821999115310016,,,,,19.12495112393327,12.01894117275178,13,0,0,0,2,0.1,0.9703591992345064,,14.926772314014675,-0.20043520111090388,6.113986985075837,12.908144476740489,-6.376311947134862,14.921479415699938,-15.079413095830452,-1.833045690315391,-8.6429545606702,-11.71006398782712,9.484968886473839,-14.02626307854177
aggregate,101,2.5500000000000003,0.195,0.205,0.2964080076549355,0.29663160514772824,0.10163160514772823,0.31221950677239046,0.015587901624662226,0.2829138924412753,,,,,19.18395639123412,12.045168864227302,13,0,0,0,2,0.1,0.9703368394852272,,14.92346829495439,-0.2156130859024836,6.094763870044934,12.912427167258242,-6.354115161428562,14.924763250154049,-15.061041609766907,-1.8643124666430568,-8.650835470615442,-11.690370918259973,9.504066050703802,-14.034626400283061
aggregate,102,2.575,0.195,0.205,0.29663160514772824,0.29685541768538815,0.10185541768538814,0.3124999093018173,0.015644491616429168,0.2836212619839244,,,,,19.243347420337134,12.071903307107211,13,0,0,0,2,0.1,0.9703144582314612,,14.920311402477918,-0.23078952534256492,6.075677689341511,12.916861591568862,-6.331642515446632,14.927684742177636,-15.042373745480166,-1.8960151293711454,-8.658627663444237,-11.67060766360892,9.522878145755808,-14.042710830763232
aggregate,103,2.6,0.195,0.205,0.2968554176853882,0.29707926744645785,0.10207926744645784,0.31279504595804414,0.015715778511586287,0.28432254761878467,,,,,19.303097518169682,12.099135786219675,14,1,0,1,2,0.1,0.9702920732553542,,14.917300162492294,-0.2459576220634393,6.056733899731992,12.92143503192548,-6.308900523330403,14.930250003425998,-15.023428647059784,-1.9281419823521853,-8.666328250304815,-11.65078028909259,9.541405194527774,-14.050507127830292
aggregate,104,2.625,0.195,0.205,0.29707926744645785,0.29730303956237875,0.10230303956237874,0.31310475416969924,0.015801714607320494,0.28501906104653174,,,,,19.363176764786985,12.126857344998317,14,0,0,1,2,0.1,0.9702696960437621,,14.91443244509259,-0.26111016184088337,6.037937910202594,12.926134123498475,-6.285896181629669,14.93246529450177,-15.004225230646155,-1.9606790437458823,-8.673934261482893,-11.630895122635293,9.559647806702934,-14.05800623510541
aggregate,105,2.6500000000000004,0.195,0.205,0.29730303956237875,0.2975267395981734,0.10252673959817338,0.31342891752550484,0.01590217792733145,0.2857148797152126,,,,,19.423547527113346,12.155058830838126,14,0,0,1,2,0.1,0.9702473260401827,,14.911704726667791,-0.2762379115697468,6.0192952013818095,12.930944956689597,-6.262636993485658,14.93433703795257,-14.984781150893197,-1.9936068590132807,-8.68144263474817,-11.610958820250893,9.577607120692141,-14.065199348961201
aggregate,106,2.6750000000000003,0.195,0.205,0.29752673959817344,0.29775041897314874,0.10275041897314874,0.31376742334036306,0.016017004367214316,0.28641154291855686,,,,,19.484166974389396,12.183730524193754,14,0,0,1,2,0.1,0.9702249581026852,,14.909113046907585,-0.29133147277790183,6.0008113343775,12.935853091766273,-6.23913101552152,14.935871767109136,-14.965113739187515,-2.026903912432259,-8.688850201656674,-11.59097844876249,9.595284737907411,-14.072078075060135
aggregate,107,2.7,0.195,0.205,0.29775041897314874,0.2979741637251592,0.10297416372515922,0.31412015904524254,0.016145995320083317,0.28711030352842787,,,,,19.5449897820681,12.212862053837165,14,0,0,1,2,0.1,0.9702025836274841,,14.906653187840277,-0.30638154786241,5.982491969603776,12.940843606892699,-6.215386866747325,14.937076102955231,-14.945240056734987,-2.0605471517540552,-8.696153677696138,-11.570961511030667,9.612682655027646,-14.078634496020404
aggregate,108,2.725,0.195,0.205,0.2979741637251592,0.29819809319385654,0.10319809319385653,0.3144870131157639,0.01628891992190734,0.28781251532959506,,,,,19.605968402648603,12.242442354822346,14,0,0,1,2,0.1,0.9701801906806143,,14.904320726182425,-0.32137894488045937,5.964342887007397,12.945901156367858,-6.191413730387543,14.93795673587009,-14.925176802609444,-2.0945120355204367,-8.703349654901876,-11.55091596046131,9.62980319764092,-14.084861227184064
aggregate,109,2.75,0.195,0.205,0.29819809319385654,0.2984223588417851,0.10342235884178508,0.3148678757157434,0.016445516873958288,0.288519636202944,,,,,19.667053119567466,12.272459627657502,14,0,0,1,2,0.1,0.9701577641158214,,14.902111085774514,-0.33631458123019004,5.946370003935771,12.951010034067473,-6.167221352908537,14.938520407608483,-14.90494022561713,-2.1287725841568927,-8.710434596468902,-11.530850211786406,9.646648955515428,-14.090751473440173
aggregate,110,2.7750000000000004,0.195,0.205,0.2984223588417851,0.2986471432251903,0.10364714322519031,0.31526263902730156,0.016615495802111246,0.2892332302328236,,,,,19.728192102893313,12.302901298880862,14,0,0,1,2,0.1,0.970135285677481,,14.900019589774482,-0.3511794862154279,5.9285793904423345,12.956154242049156,-6.1428200400875586,14.938773893703562,-14.884546040954952,-2.163301434161765,-8.717404833434452,-11.510773147957481,9.66322271991039,-14.09629908684359
aggregate,111,2.8000000000000003,0.195,0.205,0.29864714322519037,0.2988726591163102,0.10387265911631022,0.3156711972482441,0.016798538131933882,0.28995496862410103,,,,,19.789331465658925,12.333753983217322,14,0,0,1,2,0.1,0.970112734088369,,14.898041512292984,-0.36596480248781643,5.910977281846992,12.961317564183032,-6.118220650235689,14.938723986217912,-14.864009352574982,-2.1980698948319883,-8.724256563542065,-11.49069412306901,9.679527423401385,-14.101498624762947
aggregate,112,2.825,0.195,0.205,0.2988726591163102,0.2990991487578084,0.1040991487578084,0.3160934462524031,0.01699429749459469,0.29068662888498725,,,,,19.850415324688598,12.365003447572455,14,0,0,1,2,0.1,0.9700900851242191,,14.896172129159414,-0.3806617864193724,5.8935700883962125,12.966483644567813,-6.093434584311915,14.938377477189299,-14.843344582121436,-2.2330480070827354,-8.730985852374916,-11.470622961180142,9.695566082644488,-14.106345408150405
aggregate,113,2.85,0.195,0.205,0.2990991487578084,0.2993268832252271,0.1043268832252271,0.3165292829176209,0.01720239969239379,0.2914300923564695,,,,,19.91138586546567,12.39663457711839,14,0,0,1,2,0.1,0.9700673116774773,,14.894406767495747,-0.3952618073835511,5.876364401891561,12.971636070383031,-6.068473773124835,14.937741142644576,-14.822565405232972,-2.268204604111829,-8.737588636928342,-11.450569950972708,9.711341744486386,-14.110835579537879
aggregate,114,2.875,0.195,0.205,0.2993268832252271,0.29955616185532546,0.10455616185532546,0.3169786041349046,0.01742244227957912,0.2921873396151788,,,,,19.972183415301004,12.428631343799111,14,0,0,1,2,0.1,0.9700443838144674,,14.892740853850936,-0.4097563462029214,5.8593669991862525,12.976758458718592,-6.043350661464917,14.936821727467292,-14.801684695959638,-2.303507373834341,-8.74406073165298,-11.430545836192477,9.726857435813628,-14.114966160212665
aggregate,115,2.9000000000000004,0.195,0.205,0.2995561618553254,0.29978731168945627,0.10478731168945626,0.3174413055251043,0.01765399383564803,0.2929604436000439,,,,,20.03274652595424,12.460976777607273,14,0,0,1,2,0.1,0.9700212688310543,,14.891169960537162,-0.4241369926444906,5.842584842476263,12.981834546812058,-6.018078189215187,14.935625931190083,-14.780714479989657,-2.338922923237701,-8.750397837069611,-11.410561801850056,9.742116117505889,-14.118735106027579
aggregate,116,2.9250000000000003,0.195,0.205,0.29978731168945627,0.3000206868720932,0.1050206868720932,0.3179172798887624,0.017896593016669182,0.29375156023138244,,,,,20.093012069118874,12.493652941030573,14,0,0,1,2,0.1,0.9699979313127907,,14.889689849938105,-0.43839544226583355,5.826025076341321,12.986848285014819,-5.992669769450222,14.934160394859783,-14.759665897336633,-2.3744168450426746,-8.756595551050479,-11.390629456173448,9.757120642846631,-14.122141361210193
aggregate,117,2.95,0.195,0.205,0.3000206868720932,0.3002566679374964,0.10525666793749638,0.31840641542395026,0.01814974748645387,0.2945629163092487,,,,,20.15291534786578,12.526640907121847,14,0,0,1,2,0.1,0.9699743332062504,,14.888296516487475,-0.4525234927191564,5.809695021517002,12.991783931706225,-5.967139263544581,14.932431689119541,-14.73854917509833,-2.409953787295344,-8.762649382731091,-11.370760808341325,9.77187372073358,-14.12518490951879
aggregate,118,2.975,0.195,0.205,0.3002566679374964,0.30049566090998714,0.10549566090998713,0.3189085937474657,0.01841293283747858,0.29539679440191285,,,,,20.21239022658927,12.559920741675173,14,0,0,1,2,0.1,0.9699504339090013,,14.886986226052874,-0.4665130397028576,5.793602165403984,12.996626149279686,-5.9415009533174254,14.93044630365753,-14.717373610866261,-2.4454975267504016,-8.768554769178396,-11.350968242039954,9.786377883949612,-14.127866822002659
aggregate,119,3.0,0.195,0.205,0.3004956609099872,0.3007380961412039,0.10573809614120389,0.3194236877559744,0.018685591614770514,0.296255514574136,,,,,20.271369283162024,12.593471490048513,14,0,0,1,2,0.1,0.9699261903858796,,14.885755552452045,-0.4803560727918809,5.77775414933985,13.001360100240523,-5.915769510263092,14.92821063816776,-14.696147567316082,-2.481011047154642,-8.774307094724492,-11.331264484918716,9.800635462810135,-14.130189300677884
aggregate,120,3.0250000000000004,0.195,0.205,0.30073809614120395,0.3009844268049666,0.10598442680496661,0.3199515593641774,0.018967132559210786,0.29714141273641814,,,,,20.329783986274943,12.627271169215772,14,0,0,1,2,0.1,0.9699015573195033,,14.88460141083727,-0.4940446713692306,5.762158752680305,13.005971542382538,-5.889959961922217,14.925730994966028,-14.674878478468642,-2.516456623739792,-8.779901712954963,-11.311662574033026,9.81464856441865,-14.132155717344267
aggregate,121,3.0500000000000003,0.195,0.205,0.30098442680496656,0.3012351269712735,0.10623512697127352,0.3204920571581056,0.019256930186832055,0.2980568154850704,,,,,20.38756490145919,12.6612967656879,14,0,0,1,2,0.1,0.9698764873028727,,14.883521087698323,-0.5075710009582229,5.74682387374135,13.010446921960176,-5.864087655451358,14.923013573398588,-14.653572868046426,-2.551795915414107,-8.785333971255922,-11.29217581740121,9.828419057623396,-14.133770646758947
aggregate,122,3.075,0.195,0.205,0.3012351269712735,0.3014906891828866,0.10649068918288657,0.32104501399691765,0.019554324814031077,0.29900401131227183,,,,,20.44464192765676,12.69552423995463,14,0,0,1,2,0.1,0.9698509310817114,,14.882512267204667,-0.5209273101821498,5.731757507676562,13.014773463727161,-5.838168218480763,14.920064466162577,-14.632236380268518,-2.5869900662624596,-8.790599237786891,-11.272817751822165,9.841948563938631,-14.135039893465143
aggregate,123,3.1,0.195,0.205,0.3014906891828865,0.3017516214647928,0.10675162146479278,0.3216102445992373,0.01985862313444453,0.29998521823058855,,,,,20.500944567818777,12.729928538166192,14,0,0,1,2,0.1,0.9698248378535207,,14.881573053645393,-0.5341059286675626,5.716967721366479,13.018939256693143,-5.81221751734499,14.916889657643196,-14.610873823309658,-2.6219998180132933,-8.795692930699381,-11.253602097122371,9.85523845440621,-14.135970511518666
aggregate,124,3.125,0.195,0.205,0.3017516214647928,0.3020184437050838,0.10701844370508379,0.32218754314666254,0.02016909944157874,0.3010025479087439,,,,,20.556402235011188,12.764483611786229,14,0,0,1,2,0.1,0.9697981556294917,,14.880701989749255,-0.5470992662247758,5.702462625376555,13.022933334489037,-5.786251612797476,14.913495024345561,-14.589489225490004,-2.656785635099345,-8.800610549358154,-11.234542707047282,9.868289852387308,-14.136570816380695
aggregate,125,3.1500000000000004,0.195,0.205,0.3020184437050838,0.3022916833595237,0.10729168335952372,0.3227766809372567,0.020484997577732977,0.30205796663583295,,,,,20.610944595014324,12.799162445961873,14,0,0,1,2,0.1,0.9697708316640477,,14.87989807062731,-0.5598998135724508,5.688250343142754,13.026745749126544,-5.7602867133435405,14.90988633746653,-14.568085904063132,-2.6913078437756064,-8.805347707277512,-11.215653517026514,9.88110364223793,-14.136850388397649
aggregate,126,3.1750000000000003,0.195,0.205,0.3022916833595237,0.30257187044735456,0.10757187044735456,0.32337740412221544,0.020805533674860877,0.3031532535188201,,,,,20.664501946139353,12.833937097362092,14,0,0,1,2,0.1,0.9697428129552645,,14.879160753123129,-0.5725001448384971,5.67433897737138,13.030367637221275,-5.734339126335408,14.906069267618621,-14.54666654620655,-2.7255267864882007,-8.809900166418265,-11.19694848909588,9.893680483673828,-14.136820067188298
aggregate,127,3.2,0.195,0.205,0.3025718704473545,0.30285953183008824,0.10785953183008823,0.32398943155603677,0.02112989972594853,0.3042899567095756,,,,,20.717005635141238,12.868778742206267,14,0,0,1,2,0.1,0.9697140468169911,,14.87848996044895,-0.5848929223289453,5.660736573916381,13.033791277474247,-5.70842520701779,14.902049391669479,-14.525233301503976,-2.759402992290292,-8.81426387243989,-11.178441554293803,9.906020831534283,-14.136491936506216
aggregate,128,3.225,0.195,0.205,0.3028595318300882,0.30315518478862075,0.10815518478862074,0.3246124527960745,0.021457268007453734,0.30546934849861695,,,,,20.768388506678665,12.90365773514509,14,0,0,1,2,0.1,0.969684481521138,,14.877886081873083,-0.5970709035301163,5.6474510830786135,13.037010138707792,-5.682561305726732,14.897832201614783,-14.50378788482958,-2.79289736345315,-8.81843499045395,-11.160146552889863,9.91812496060242,-14.135879299118493
aggregate,129,3.25,0.195,0.205,0.3031551847886207,0.3034593299431426,0.10845932994314261,0.3252461262845328,0.02178679634139019,0.3066923804050217,,,,,20.8185853837445,12.938543679585583,14,0,0,1,2,0.1,0.9696540670056857,,14.87734996741949,-0.6090269507793021,5.6344903186832624,13.040018917429563,-5.656763713487054,14.89342311534637,-14.482331688173803,-2.8259713779685915,-8.822409940769516,-11.142077172868484,9.929992995007995,-14.134996641415619
aggregate,130,3.2750000000000004,0.195,0.205,0.3034593299431427,0.3037724435995198,0.10877244359951982,0.325890077747457,0.02211763414793716,0.30795963987740943,,,,,20.867533571756738,12.973405509886817,14,0,0,1,2,0.1,0.9696227556400481,,14.876882917505414,-0.6207540436739765,5.621861915013027,13.042813564369533,-5.631048606297896,14.888827489120622,-14.460865899434323,-2.8585873064443126,-8.826185434093848,-11.124246887124176,9.941624941652282,-14.133859587598133
aggregate,131,3.3000000000000003,0.195,0.205,0.3037724435995198,0.3040949696338539,0.1090949696338539,0.326543898847509,0.0224489292136551,0.30927130990000506,,,,,20.915173380690263,13.008211585697598,14,0,0,1,2,0.1,0.9695905030366146,,14.876486667534808,-0.6322452943438139,5.609573281905823,13.045391299409216,-5.605431988425491,14.884050631473043,-14.439391625837937,-2.890708441373502,-8.829758505614302,-11.106668889901089,9.953020727006455,-14.13248484342757
aggregate,132,3.325,0.195,0.205,0.3040949696338539,0.3044273110675537,0.10942731106755371,0.32720714612613994,0.022779835058586217,0.3106271333876968,,,,,20.9614486554124,13.042929798463648,14,0,0,1,2,0.1,0.9695572688932447,,14.876163367539037,-0.6434939656182476,5.597631558325202,13.047750614550184,-5.579929635073195,14.879097818266477,-14.417910019197082,-2.9222993356153064,-8.833126547382783,-11.089356033044528,9.964180236552018,-14.130890129736779
aggregate,133,3.35,0.195,0.205,0.3044273110675537,0.30476982151755494,0.10976982151755493,0.32787934027212795,0.02310951875457301,0.31202638404910193,,,,,21.006307303994667,13.077527689860462,14,0,0,1,2,0.1,0.9695230178482445,,14.875915557029572,-0.6544934919838056,5.586043564801372,13.049891264748299,-5.554557034845827,14.873974308503918,-14.39642239988293,-2.9533260460888413,-8.836287338414847,-11.072320762703653,9.975103356070765,-14.129094105997979
aggregate,134,3.375,0.195,0.205,0.3047698215175549,0.3051227967348164,0.1101227967348164,0.3285599657476779,0.02343716901286147,0.31346784535197597,,,,,21.049701811423535,13.111972581564524,14,0,0,1,2,0.1,0.9694877203265183,,14.875746135347331,-0.6652375032870954,5.574815755226599,13.051814246638283,-5.529329332471231,14.868685360490858,-14.37493037615821,-2.983756377870444,-8.839239071942034,-11.0555750571535,9.985790013934054,-14.127116284586988
aggregate,135,3.4000000000000004,0.195,0.205,0.3051227967348164,0.30548646646550626,0.11048646646550625,0.3292484708056532,0.02376200434014697,0.31494979902935494,,,,,21.091589726610067,13.146231715442777,14,0,0,1,2,0.1,0.9694513533534493,,14.875658327841949,-0.6757198507915911,5.563954168542462,13.053521765401428,-5.504261272249783,14.863236247890093,-14.353435955416098,-3.0135601232532943,-8.84198037928095,-11.03913036645868,9.996240223519687,-14.124976936451764
aggregate,136,3.4250000000000003,0.195,0.205,0.30548646646550626,0.30586098688134833,0.11086098688134832,0.3299442679217907,0.024083281040442384,0.3164700242720693,,,,,21.13193410875859,13.180272402846077,14,0,0,1,2,0.1,0.9694139013118652,,14.875655648322796,-0.6859346353178859,5.553464380957184,13.055017190237798,-5.479367142796596,14.85763227519176,-14.331941643949909,-3.0427092899219947,-8.844510349841974,-11.022997554707903,10.006454124874304,-14.122696989185904
aggregate,137,3.45,0.195,0.205,0.30586098688134833,0.3062464338248579,0.11124643382485788,0.330646734660386,0.024400300835528133,0.31802580828786214,,,,,21.17070391981611,13.214062181312018,14,0,0,1,2,0.1,0.9693753566175142,,14.875741858362412,-0.6958762370243247,5.5433514594163,13.056304999097316,-5.45466072363364,14.8518787920726,-14.310450532130726,-3.0711783122953,-8.846828546859603,-11.007186845571924,10.016432024761672,-14.120297918660864
aggregate,138,3.475,0.195,0.205,0.3062464338248579,0.306642797098771,0.11164279709877101,0.33135521498631637,0.024712417887545357,0.3196139682905867,,,,,21.20787435205215,13.247568976661922,14,0,0,1,2,0.1,0.9693357202901229,,14.87592092400411,-0.7055393462297668,5.533619917050065,13.057390713570003,-5.430155234127517,14.845981206240166,-14.288966362309925,-3.0989442402980214,-8.848935018516864,-10.991707771907816,10.026174434278092,-14.117801635569975
aggregate,139,3.5,0.195,0.205,0.30664279709877107,0.3070499760085071,0.11204997600850708,0.3320690210234028,0.025019045014895713,0.3212308847820317,,,,,21.24342707826381,13.280761268129133,14,0,0,1,2,0.1,0.9692950023991493,,14.876196970570037,-0.7149189946831026,5.524273671391338,13.05828082498728,-5.405863285455482,14.839944994188969,-14.2674935773777,-3.125986900329579,-8.850830304220473,-10.97656913011181,10.035682103288458,-14.115230368369563
aggregate,140,3.5250000000000004,0.195,0.205,0.3070499760085071,0.30746777632075445,0.11246777632075444,0.3327874352497823,0.025319658929027877,0.32287254493066736,,,,,21.27735041850557,13.313608253968725,14,0,0,1,2,0.1,0.9692532223679245,,14.876574236315887,-0.7240105866777409,5.515316006141702,13.05898271296059,-5.381796836060789,14.833775709537358,-14.24603734861057,-3.1522890240970503,-8.852515435894196,-10.961778939851666,10.044956051026988,-14.112606544219114
aggregate,141,3.5500000000000003,0.195,0.205,0.30746777632075445,0.3078959087589158,0.11289590875891581,0.33350971311162325,0.025613804352707437,0.32453459485666925,,,,,21.309639415536616,13.346080014811461,14,0,0,1,2,0.1,0.9692104091241084,,14.877057025627838,-0.7328099292305637,5.50674953723919,13.059504557700881,-5.357967151158102,14.827478988557491,-14.224603582297133,-3.1778363419296123,-8.853991934258456,-10.947344409738422,10.053997592316994,-14.109952669586383
aggregate,142,3.575,0.195,0.205,0.30789590875891576,0.3083339890981124,0.11333398909811238,0.33423508602435353,0.02590109692624115,0.32621239888924936,,,,,21.340295818410937,13.378147672022434,14,0,0,1,2,0.1,0.9691666010901887,,14.87764966252021,-0.7413132606803935,5.498576183886019,13.059855247602936,-5.334384766742425,14.821060552636373,-14.203198905417377,-3.202617638541488,-8.855261800173277,-10.933271909394191,10.06280835899185,-14.107291212190209
aggregate,143,3.6,0.195,0.205,0.3083339890981124,0.30878153986839013,0.11378153986839012,0.3349627647218758,0.026181224853485674,0.32790110385256904,,,,,21.369327973551947,13.409783538365062,14,0,0,1,2,0.1,0.969121846013161,,14.878356445147968,-0.7495172770167815,5.4907971452027,13.060044283476284,-5.3110594585420206,14.81452620746085,-14.181830631505525,-3.226624770470264,-8.856327501228437,-10.919566948248997,10.071390316231474,-14.104644485931988
aggregate,144,3.625,0.195,0.205,0.30878153986839013,0.3092379936164623,0.11423799361646231,0.33569194290454746,0.026453949288085143,0.3295957061075447,,,,,21.39675062782882,13.440961258455758,14,0,0,1,2,0.1,0.9690762006383538,,14.879181601998377,-0.7574191553282502,5.483412882890772,13.060081681061488,-5.2880002161975215,14.807881838883562,-14.160506708445142,-3.2498526456513153,-8.857191953854336,-10.90623416128574,10.079745773668742,-14.102034540371752
aggregate,145,3.6500000000000004,0.195,0.205,0.3092379936164623,0.30970269762138775,0.11470269762138774,0.3364218011307789,0.026719103509391162,0.3312911190406949,,,,,21.422584649872515,13.471655936752693,14,0,0,1,2,0.1,0.9690297302378612,,14.880129250369473,-0.7650165738176378,5.476423110312167,13.059977873184422,-5.2652152229209745,14.801133405508084,-14.139235650669232,-3.272299167001531,-8.857858501320205,-10.893277301801538,10.08787739125573,-14.099483056175778
aggregate,146,3.6750000000000003,0.195,0.205,0.30970269762138775,0.3101749199273166,0.1151749199273166,0.33715151089190776,0.02697659096459115,0.3329822394263648,,,,,21.446856678539177,13.501844251172264,14,0,0,1,2,0.1,0.9689825080072684,,14.881203357653638,-0.7723077279238206,5.46982678814675,13.059743612975202,-5.242711840851816,14.794286927995984,-14.118026458515008,-3.2939651426245176,-8.8583308880513,-10.880699241130758,10.095788180008805,-14.097011247786723
aggregate,147,3.7,0.195,0.205,0.31017491992731666,0.31065385650485416,0.11565385650485416,0.33788023880559565,0.02722638230074148,0.3346640102242187,,,,,21.46959870953127,13.531504550820955,14,0,0,1,2,0.1,0.9689346143495146,,14.882407705889861,-0.7792913422609069,5.463622126665395,13.059389879425328,-5.220496602057946,14.787348475476664,-14.096888527824316,-3.314854166347738,-8.858613230757792,-10.868501975141994,10.103481497865651,-14.094639774385701
aggregate,148,3.725,0.195,0.205,0.31065385650485416,0.3111386393404138,0.1161386393404138,0.33860715086720494,0.02746851152679114,0.33633147878274217,,,,,21.490847632374756,13.560616936782965,14,0,0,1,2,0.1,0.9688861360659586,,14.883745859845131,-0.7859666780073907,5.457806594495538,13.058927786426601,-5.198575205188377,14.780324149262164,-14.075831552948337,-3.3349724727585595,-8.858709986904975,-10.856686637202762,10.110961040989574,-14.092388659970242
aggregate,149,3.75,0.195,0.205,0.31113863934041375,0.31162834523641014,0.11662834523641014,0.3393314166915419,0.027703071455131734,0.3379798492077061,,,,,21.51064472975672,13.589163325325856,14,0,0,1,2,0.1,0.968837165476359,,14.885221138965854,-0.7923335358145911,5.452376933620433,13.058368496281767,-5.176952517641355,14.773220064263725,-14.054865426187197,-3.354328771241026,-8.858625921079822,-10.845253517197195,10.11823083093641,-14.090277223164726
aggregate,150,3.7750000000000004,0.195,0.205,0.31162834523641014,0.3121220050958895,0.11712200509588949,0.340052213688731,0.02793020859284151,0.3396045278907533,,,,,21.529035152696935,13.617127493345484,14,0,0,1,2,0.1,0.968787799490411,,14.886836593260243,-0.7983922540957841,5.447329180219087,13.057723138513254,-5.1556325829967395,14.766042328536681,-14.034000136612365,-3.37293406381631,-8.858366069813785,-10.834202086103348,10.12529519816116,-14.08832401713367
aggregate,151,3.8000000000000003,0.195,0.205,0.3121220050958895,0.31261861348007713,0.11761861348007713,0.34076873111623285,0.028150117636155714,0.3412011621185738,,,,,21.546067382563095,13.644495106249776,14,0,0,1,2,0.1,0.9687381386519923,,14.888594983213277,-0.8041437028862363,5.442658690851256,13.0570027346218,-5.13461863341711,14.75879702141357,-14.013245670786516,-3.390801451227891,-8.857935705414885,-10.823531025561234,10.132158762382128,-14.086546779763673
aggregate,152,3.825,0.195,0.205,0.31261861348007713,0.3131171382324397,0.11811713823243969,0.3414801739596183,0.02836303572717863,0.34276567134018854,,,,,21.561792692627762,13.67125372887624,14,0,0,1,2,0.1,0.9686882861767561,,14.890498763650651,-0.8095892734023602,5.438360173408585,13.056218129280067,-5.113913106668564,14.75149017068082,-13.992611917624986,-3.4079459317671272,-8.857340299340752,-10.813238261818844,10.138826410343523,-14.08496239405935
aggregate,153,3.85,0.195,0.205,0.31311713823243964,0.3136165299833551,0.11861652998335509,0.3421857665951914,0.0285692366118363,0.3442942712874418,,,,,21.576264617910464,13.69739282031156,14,0,0,1,2,0.1,0.9686383470016645,,14.892550071521992,-0.8147308637070603,5.434427722192444,13.05537992828181,-5.093517667296075,14.744127729321468,-13.972108579200928,-3.424384196803354,-8.856585485611278,-10.803321003414004,10.145303271521225,-14.083586858525306
aggregate,154,3.875,0.195,0.205,0.3136165299833551,0.31411573137440896,0.11911573137440895,0.3428847562023357,0.02876902482792676,0.3457834913843725,,,,,21.589538442918144,13.722903713760255,14,0,0,1,2,0.1,0.9685884268625591,,14.894750717347263,-0.8195708606627127,5.430854856444057,13.054498443415936,-5.073433231539273,14.736715552221213,-13.951745088891222,-3.4401344266038065,-8.855677024718965,-10.793775781938308,10.15159469230375,-14.082435267150885
aggregate,155,3.9000000000000004,0.195,0.205,0.31411573137440896,0.3146136858635249,0.11961368586352489,0.3435764158898186,0.02896273002629368,0.34723018583837645,,,,,21.601670713141136,13.747779582759,14,0,0,1,2,0.1,0.9685386314136475,,14.897102180236088,-0.8241121187957969,5.42763456163731,13.053583644298438,-5.0536599955265125,14.729259373283695,-13.931530537862699,-3.455216089529676,-8.854620768445773,-10.784598495237569,10.157706209158897,-14.081521798474496
aggregate,156,3.9250000000000003,0.195,0.205,0.3146136858635249,0.3151093459959201,0.1201093459959201,0.3442600475216274,0.029150701525707312,0.34863153894058196,,,,,21.612718777821605,13.772015395216055,14,0,0,1,2,0.1,0.968489065400408,,14.899605606081092,-0.8283579362267797,5.424759332857354,13.052645117074562,-5.034197466165071,14.721764783400827,-13.911473610525647,-3.469649747191736,-8.8534226259452,-10.775784452421565,10.16364352125877,-14.080859713111828
aggregate,157,3.95,0.195,0.205,0.31510934599592016,0.31560168105715614,0.12060168105715613,0.34493498421796964,0.029333303160813506,0.34998506546451735,,,,,21.622740366042166,13.795607856773062,14,0,0,1,2,0.1,0.9684398318942844,,14.90226180880769,-0.8323120284388431,5.422221219602882,13.051692029801083,-5.015044494356973,14.714237209516348,-13.891582529255698,-3.4834568676496924,-8.852088531390386,-10.767328420087637,10.169412462995515,-14.080461359059738
aggregate,158,3.975,0.195,0.205,0.3156016810571561,0.3160896840416471,0.1210896840416471,0.34560059252920733,0.029510908487560217,0.35128860658763683,,,,,21.631793200452467,13.818555345055621,14,0,0,1,2,0.1,0.9683910315958353,,14.90507127426778,-0.8359785000646844,5.420011871395071,13.050733104235212,-4.996199309979753,14.706681895148662,-13.871865008398387,-3.4966596482721686,-8.850624413437894,-10.759224669203734,10.17501897677231,-14.08033818402204
aggregate,159,4.0,0.195,0.205,0.3160896840416471,0.31657237789625403,0.12157237789625402,0.3462562742756319,0.02968389637937785,0.35254032217018955,,,,,21.639934649323244,13.840857836339334,14,0,0,1,2,0.1,0.9683427622103746,,14.90803416654249,-0.8393618152861703,5.4181225836186355,13.049776593689058,-4.977659558202434,14.699103882572544,-13.852328217344192,-3.509280849437165,-8.849036166700005,-10.751467022143173,10.180469086403075,-14.080500753999905
aggregate,160,4.025,0.195,0.205,0.31657237789625403,0.3170488210169911,0.1220488210169911,0.34690146805563143,0.029852647038640323,0.3537386799962486,,,,,21.647221417828746,13.862516826121059,14,0,0,1,2,0.1,0.9682951178983009,,14.91115033633101,-0.8424667672649233,5.416544343082214,13.048830266558683,-4.959422336708363,14.691507996847362,-13.832978752272492,-3.5213436398734292,-8.847329625368612,-10.744048899414569,10.185768871403674,-14.080958777372347
aggregate,161,4.05,0.195,0.205,0.31704882101699117,0.31751811199411356,0.12251811199411355,0.34753565042918444,0.03001753843507088,0.35488244258927437,,,,,21.653709278079813,13.883535245005854,14,0,0,1,2,0.1,0.9682481888005886,,14.914419331151844,-0.8452984469688815,5.415267872835349,13.047901395102274,-4.941484233400912,14.68389883180127,-13.813822616027295,-3.5328714541057646,-8.845510539085714,-10.73696336568415,10.190924442407766,-14.081721133697402
aggregate,162,4.075,0.195,0.205,0.31751811199411356,0.3179793936155958,0.12297939361559579,0.34815833678687735,0.030178943171281558,0.3559706521678493,,,,,21.659452836623498,13.903917371222537,14,0,0,1,2,0.1,0.9682020606384404,,14.917840407040298,-0.8478622117949577,5.414283675852663,13.046996749019618,-4.923841364258564,14.67628073806443,-13.79486520549178,-3.5438878621840515,-8.843584551112466,-10.730203174739563,10.195941917890773,-14.08279590650586
aggregate,163,4.1000000000000005,0.195,0.205,0.3179793936155958,0.31843185615082004,0.12343185615082003,0.34876908191731293,0.030337225766492892,0.3570026142358884,,,,,21.664505337651107,13.923668740967322,14,0,0,1,2,0.1,0.968156814384918,,14.921412541514483,-0.8501636543332511,5.413582077245149,13.046122593376083,-4.906489410982089,14.668657813164456,-13.776111305773325,-3.554416451630718,-8.841557178808143,-10.723760813102981,10.200827402341428,-14.084190419383226
aggregate,164,4.125,0.195,0.205,0.31843185615082004,0.31887473994598114,0.12387473994598114,0.34936748029051734,0.030492740344536196,0.3579778802535003,,,,,21.668918500697316,13.942796057681395,14,0,0,1,2,0.1,0.9681125260054019,,14.925134447529743,-0.8522085715585438,5.413153264730439,13.045284690413707,-4.889423658157632,14.661033893675105,-13.757565090453724,-3.5644807213912615,-8.839433796399103,-10.717628542044705,10.205586965978535,-14.085911274684614
aggregate,165,4.15,0.195,0.205,0.31887473994598114,0.3193073373698066,0.12430733736980659,0.3499531660742473,0.030645828704440714,0.35889622976118235,,,,,21.672742388757147,13.961307101205312,14,0,0,1,2,0.1,0.9680692662630194,,14.929004588200455,-0.8540029347194339,5.412987327138208,13.044488304800694,-4.872639029676625,14.65341254938886,-13.739230127202386,-3.5741039873545595,-8.837219619987463,-10.711798437800182,10.210226626073435,-14.087964394276863
aggregate,166,4.175,0.195,0.205,0.3193073373698066,0.3197289941547337,0.12472899415473371,0.3505258129043012,0.030796818749567467,0.3597576523305459,,,,,21.676025306256555,13.979210637681573,14,0,0,1,2,0.1,0.9680271005845267,,14.933021192074717,-0.8555528601475014,5.413074290791551,13.04373821188509,-4.856130124193245,14.645797079390844,-13.721109388013774,-3.583309298969033,-8.834919694724098,-10.706262429841306,10.214752329905924,-14.0903550617552
aggregate,167,4.2,0.195,0.205,0.31972899415473377,0.32013911017998614,0.12513911017998613,0.35108513342839537,0.030946023248409227,0.36056232952624045,,,,,21.678813722290222,13.996516330912252,14,0,0,1,2,0.1,0.9679860889820013,,14.937182268769881,-0.8568645811722843,5.413404153640842,13.04303870853874,-4.839891249457439,14.638190509990089,-13.703205263390288,-3.592119366356304,-8.832538884053468,-10.701012337086812,10.219169939353025,-14.093087965638038
aggregate,168,4.2250000000000005,0.195,0.205,0.32013911017998614,0.3205371397471436,0.1255371397471436,0.3516308786458102,0.031093738898666623,0.36131061718335306,,,,,21.68115221819772,14.013234655808361,14,0,0,1,2,0.1,0.9679462860252857,,14.94148562479899,-0.8579444213009311,5.4139669170815035,13.042393626200608,-4.823916455343033,14.630595594353839,-13.685519579817269,-3.6005564972870796,-8.830081860921569,-10.696039901976102,10.223485217085829,-14.096167243096861
aggregate,169,4.25,0.195,0.205,0.32053713974714354,0.3209225913981046,0.12592259139810458,0.35216283706463736,0.031240245666532773,0.3620030281225903,,,,,21.68308345544662,14.029376814428172,14,0,0,1,2,0.1,0.9679077408601895,,14.945928879423159,-0.8587987687285066,5.414752615412722,13.041806345755068,-4.8081995654749115,14.623014813737406,-13.66805361992924,-3.608642543346562,-8.827553100825753,-10.69133682236735,10.22770381432979,-14.099596523833187
aggregate,170,4.275,0.195,0.205,0.3209225913981046,0.3212950273269886,0.1262950273269886,0.3526808336958215,0.03138580636883287,0.3626402155192018,,,,,21.684648162365335,14.044954655030278,14,0,0,1,2,0.1,0.9678704972673011,,14.950509480429407,-0.8594340523911456,5.415751342938495,13.04127981390802,-4.792734207370942,14.615450380141727,-13.650808144815182,-3.616398854604501,-8.824956876580405,-10.686894781239328,10.231831260127622,-14.103378973767253
aggregate,171,4.3,0.195,0.205,0.3212950273269886,0.3216540624344198,0.1266540624344198,0.35318472890834024,0.03153066647392044,0.3632229569582306,,,,,21.68588513681803,14.059980594465884,14,0,0,1,2,0.1,0.967834593756558,,14.95522471967348,-0.8598567194558637,5.416953278729137,13.040816560752754,-4.7775138410208084,14.607904240261533,-13.633783417960387,-3.623846242107705,-8.822297254665077,-10.68270547421258,10.235872952031064,-14.107517338248723
aggregate,172,4.325,0.195,0.205,0.3216540624344198,0.32199936307106025,0.12699936307106025,0.3536744171629537,0.03167505409189347,0.36375213925824124,,,,,21.68683126241638,14.074467544150561,14,0,0,1,2,0.1,0.967800063692894,,14.96007174832547,-0.8600732143933023,5.418348709093156,13.040418718245386,-4.762531785867478,14.600378080604743,-13.616979230380924,-3.6310049475206974,-8.81957809302221,-10.67876063491496,10.239834148138403,-14.112013984550979
aggregate,173,4.3500000000000005,0.195,0.205,0.32199936307106025,0.32233064551663015,0.12733064551663015,0.3541498256454104,0.03181918012878027,0.36422874418203816,,,,,21.68752153694194,14.088428839803743,14,0,0,1,2,0.1,0.967766935448337,,14.965047591716205,-0.8600899596123056,5.419928047824762,13.040088039337723,-4.747781246168395,14.59287333360188,-13.600394926553635,-3.637894619264226,-8.816803040169916,-10.675052058242054,10.243719960387471,-14.116870943447928
aggregate,174,4.375,0.195,0.205,0.32233064551663015,0.32264767423636165,0.12764767423636164,0.3546109128168458,0.031963238580484166,0.3646538350035918,,,,,21.687989110404256,14.10187817506434,14,0,0,1,2,0.1,0.9677352325763638,,14.970149163727148,-0.85991333766305,5.421681854304301,13.039825917542728,-4.733255334733432,14.585391184580338,-13.58402943079746,-3.644534294525888,-8.813975535498432,-10.671571621574374,10.247535349009329,-14.122089949713112
aggregate,175,4.4,0.195,0.205,0.32264767423636165,0.3229502599546164,0.1279502599546164,0.35505766689963536,0.03210740694501896,0.3650285439711002,,,,,21.688265331387107,14.1148295390462,14,0,0,1,2,0.1,0.9677049740045384,,14.975373280658449,-0.8595496749484567,5.423600849546871,13.039633406733445,-4.718947095049957,14.577932579463448,-13.567881273804359,-3.650942386551514,-8.811098810623834,-10.66831130401799,10.2512851180452,-14.127672481414551
aggregate,176,4.425,0.195,0.205,0.3229502599546164,0.3232382575820108,0.1282382575820108,0.35549010431413647,0.032251846732125666,0.36535406065267156,,,,,21.688379799896946,14.127297157844474,14,0,0,1,2,0.1,0.967676174241799,,14.980716674537886,-0.8590052269505563,5.425675930297574,13.039511241000618,-4.7048495218188044,14.5704982330646,-13.551948619066474,-3.657136676656685,-8.808175891675793,-10.665263203764352,10.254973911828364,-14.133619797911223
aggregate,177,4.45,0.195,0.205,0.3232382575820108,0.32351156403004755,0.12851156403004754,0.3559082680818898,0.03239670405184225,0.365631621182843,,,,,21.68836042583491,14.139295439977046,14,0,0,1,2,0.1,0.9676488435969952,,14.98617600583493,-0.8582861649046719,5.427898181281572,13.039459854417139,-4.690955579934965,14.563088637854099,-13.536229288982097,-3.6631343104365466,-8.80520960240024,-10.662419553636425,10.258606212333001,-14.1399329764829
aggregate,178,4.4750000000000005,0.195,0.205,0.3235115640300475,0.3237701159432805,0.12877011594328047,0.35631222620892256,0.03254211026564208,0.365862498355829,,,,,21.688233491456597,14.150838925701423,14,0,0,1,2,0.1,0.967622988405672,,14.991747875556444,-0.8573985638701807,5.4302588857155545,13.039479400578527,-4.677258221953161,14.555704073086291,-13.520720790460658,-3.668951797687731,-8.802202567973458,-10.659772734922575,10.262186337293581,-14.146612947549997
aggregate,179,4.5,0.195,0.205,0.32377011594328053,0.3240138873764868,0.12901388737648678,0.35670207006180527,0.03268818268531848,0.366047992556868,,,,,21.688023716605766,14.161942240116849,14,0,0,1,2,0.1,0.9675986112623514,,14.997428836708268,-0.8563483921362702,5.432749534195482,13.039569771808138,-4.6637504041022,14.5483446141731,-13.505420339878848,-3.6746050155932193,-8.7991572194164,-10.657315289604304,10.265718439000672,-14.153660528460614
aggregate,180,4.525,0.195,0.205,0.32401388737648684,0.3242428874404449,0.12924288744044488,0.3570779127479939,0.032835025307549004,0.3661894234611227,,,,,21.68775432656687,14.172620049958693,14,0,0,1,2,0.1,0.9675757112559555,,15.003215405114242,-0.8551415018962184,5.435361832070449,13.039730617933493,-4.650425100866698,14.541010142241149,-13.490324887270573,-3.6801092147559618,-8.796075798522413,-10.6550399310532,10.269206503681962,-14.161076455839837
aggregate,181,4.55,0.195,0.205,0.3242428874404449,0.3244571579398149,0.12945715793981488,0.3574398875110742,0.032982729571259306,0.36628812256975685,,,,,21.687447120978618,14.182887023956036,14,0,0,1,2,0.1,0.9675542842060185,,15.009104069590213,-0.8537836211206571,5.4380877054089325,13.03996136455891,-4.6372753182455515,14.53370035372675,-13.475431139655306,-3.6854790277044467,-8.792960363185284,-10.652939553317813,10.272654351380645,-14.168861416511486
aggregate,182,4.575,0.195,0.205,0.3244571579398149,0.32465677102031987,0.12965677102031986,0.3577881461491305,0.03313137512881065,0.36634542640482576,,,,,21.687122543760147,14.19275779662605,14,0,0,1,2,0.1,0.967534322897968,,15.01509130147796,-0.8522803465634541,5.440919305690744,13.040261230753474,-4.624294105708497,14.526414769990671,-13.460735583437073,-3.690728479523454,-8.789812793104502,-10.651007239051019,10.27606563624735,-14.17701607701153
aggregate,183,4.6000000000000005,0.195,0.205,0.32465677102031987,0.32484182684152213,0.12984182684152212,0.3581228574657498,0.03328103062422766,0.36636267037905973,,,,,21.686799752686195,14.202246935348835,14,0,0,1,2,0.1,0.9675158173158478,,15.021173563538877,-0.8506371377933711,5.443849013266836,13.040629246149715,-4.611474566925951,14.51915274686607,-13.446234505821657,-3.6958710002974255,-8.786634795715166,-10.649236266231396,10.27944384716425,-14.185541111736104
aggregate,184,4.625,0.195,0.205,0.3248418268415221,0.32501245129147793,0.13001245129147793,0.35844420575929653,0.0334317544678186,0.3663411833925218,,,,,21.686496689273497,14.211368910589497,14,0,0,1,2,0.1,0.9674987548708522,,15.027347318237748,-0.8488593122657471,5.446869439770435,13.04106426735245,-4.598809869353093,14.51191348404826,-13.431924015219028,-3.7009194390829863,-8.783427912334975,-10.647620113721846,10.2827923086251,-14.194437229746049
aggregate,185,4.65,0.195,0.205,0.32501245129147793,0.3251687937525932,0.13016879375259321,0.35875238935766623,0.03358359560507301,0.36628228292773646,,,,,21.68623014721526,14.220138069094343,14,0,0,1,2,0.1,0.9674831206247407,,15.033609035407277,-0.8469520412463617,5.4499734295147455,13.041564993676095,-4.586293252713272,14.504696034316046,-13.41780006061127,-3.7058860791551718,-8.780193524443698,-10.64615246577451,10.286114181802942,-14.203705200316172
aggregate,186,4.675,0.195,0.205,0.3251687937525932,0.325311024929939,0.130311024929939,0.3590476192041264,0.033736594274187404,0.3661872707496824,,,,,21.686015840709942,14.228568609931083,14,0,0,1,2,0.1,0.967468897507006,,15.039955199329155,-0.8449203466049977,5.453154059993438,13.042129982171573,-4.573918036435898,14.497499312540418,-13.403858449880623,-3.71078265429767,-8.776932860045521,-10.644827215559205,10.28941246572188,-14.213345877200872
aggregate,187,4.7,0.195,0.205,0.325311024929939,0.3254393347506936,0.13043933475069358,0.3593301174971949,0.03389078274650131,0.3660574291430533,,,,,21.685868470574107,14.236674563192315,14,0,0,1,2,0.1,0.9674560665249307,,15.046382315244283,-0.8427690983759634,5.456404641566949,13.042757661933697,-4.561677626154131,14.490322104398183,-13.390094867099528,-3.715620365932685,-8.773647000065592,-10.643638467799414,10.292689998486123,-14.223360221773698
aggregate,188,4.7250000000000005,0.195,0.205,0.32543933475069364,0.3255539303405367,0.1305539303405367,0.35960011638969325,0.034046186049156546,0.36589401759904233,,,,,21.685801789425113,14.244469771224622,14,0,0,1,2,0.1,0.9674446069659464,,15.052886915315101,-0.8405030130254985,5.459718716416824,13.043446347683927,-4.549565519292948,14.483163074803615,-13.376504888797387,-3.7204099009067884,-8.770336884738668,-10.642580540591425,10.29594945848843,-14.233749325021314
aggregate,189,4.75,0.195,0.205,0.32555393034053665,0.32565503408219165,0.13065503408219165,0.35985785674980364,0.03420282266761199,0.36569826994601523,,,,,21.68582866533053,14.251967872234163,14,0,0,1,2,0.1,0.9674344965917808,,15.059465564063387,-0.8381266523630937,5.463090056845217,13.044194252628566,-4.53757530979766,14.476020776018961,-13.363083999223258,-3.725161449770702,-8.767003319952728,-10.641647966479612,10.299193365543173,-14.244514428479748
aggregate,190,4.775,0.195,0.205,0.3256550340821916,0.3257428817605411,0.1307428817605411,0.3601035869862451,0.034360705225704,0.36547139190829175,,,,,21.685961143381693,14.259182286114296,14,0,0,1,2,0.1,0.9674257118239459,,15.066114863305906,-0.8356444230397295,5.4665126629913114,13.044999500597369,-4.525700692102817,14.468893655419096,-13.349827604629564,-3.7298847254114116,-8.76364698351509,-10.640835492856716,10.302424081884768,-14.255656944164544
aggregate,191,4.800000000000001,0.195,0.205,0.3257428817605411,0.32581772079659393,0.13081772079659393,0.3603375619396471,0.034519841143053176,0.3652145590219207,,,,,21.686210505503965,14.266126202354195,14,0,0,1,2,0.1,0.9674182279203406,,15.072831456616276,-0.8330605765710143,5.469980760033766,13.045860137471891,-4.51393546436475,14.461780062902116,-13.336731046616563,-3.7345889818971543,-8.760268431313492,-10.640138081754118,10.305643812974989,-14.26717847354913
aggregate,192,4.825,0.195,0.205,0.32581772079659393,0.3258798085720365,0.13087980857203652,0.3605600418420053,0.034680233269968774,0.36492891489195567,,,,,21.686587329062686,14.27281256990778,14,0,0,1,2,0.1,0.9674120191427964,,15.079612033337563,-0.8303792098465842,5.473488794938553,13.046774141915874,-4.502273531027444,14.454678257933066,-13.323789614551972,-3.7392830334557816,-8.75686810334843,-10.639550909082997,10.30885460806392,-14.279080825647329
aggregate,193,4.8500000000000005,0.195,0.205,0.32587980857203647,0.32592941084548305,0.13092941084548304,0.36077129134547703,0.03484188049999398,0.3646155697727453,,,,,21.687101542728676,14.279254088870259,14,0,0,1,2,0.1,0.9674070589154516,,15.08645333215806,-0.8276042660175053,5.477031432813622,13.04773943542289,-4.4907089047727835,14.447586416215191,-13.31099855713123,-3.743975273447213,-8.753446329620946,-10.639069363380019,10.312058360451184,-14.29136603424138
aggregate,194,4.875,0.195,0.205,0.32592941084548305,0.32596680026013547,0.13096680026013546,0.3609715786195994,0.03500477835946392,0.36427559941739773,,,,,21.687762481103118,14.285463203852553,14,0,0,1,2,0.1,0.9674033199739864,,15.093352144313938,-0.8247395358547529,5.480603552922568,13.04875389169865,-4.479235707903461,14.440502635990226,-13.298353093099829,-3.7486736932766003,-8.750003335835856,-10.638689044131011,10.315256807393572,-14.304036374307556
aggregate,195,4.9,0.195,0.205,0.32596680026013547,0.32599225494336015,0.13099225494336014,0.3611611745197486,0.03516891957638846,0.36391004422880346,,,,,21.688578937576025,14.291452098936865,14,0,0,1,2,0.1,0.967400774505664,,15.100305316393989,-0.821788659348586,5.484200244407353,13.049815345396993,-4.4678481732285285,14.433424943945695,-13.28584842118785,-3.753385901162542,-8.746539248966922,-10.638405759671546,10.318451529605815,-14.317094377674183
aggregate,196,4.925000000000001,0.195,0.205,0.32599225494336015,0.32600605719466436,0.13100605719466435,0.36134035182618685,0.03533429463152249,0.36351990855110095,,,,,21.68955921515646,14.297232694094307,14,0,0,1,2,0.1,0.9673993942805336,,15.107309752810744,-0.8187551276488093,5.487816801766093,13.050921600230051,-4.456540644444572,14.426351300789282,-13.27347972929971,-3.758119140698995,-8.743054102593932,-10.638215524778424,10.3216439503002,-14.330542847935927
aggregate,197,4.95,0.195,0.205,0.32600605719466436,0.3260084922633072,0.13100849226330719,0.361509384552611,0.03550089228930381,0.3631061602822412,,,,,21.6907111755084,14.302816642957191,14,0,0,1,2,0.1,0.9673991507736692,,15.114362417948694,-0.8156422852525488,5.4914487201279005,13.052070436473269,-4.445307576132681,14.419279606422176,-13.261242203005844,-3.7628803091556886,-8.739547842064166,-10.638114557943105,10.32483533371996,-14.344384874691768
aggregate,198,4.9750000000000005,0.195,0.205,0.32600849226330714,0.32599984721224146,0.13099984721224145,0.36166854732696785,0.03566870011472639,0.3626697306287856,,,,,21.692042287083755,14.308215331868002,14,0,0,1,2,0.1,0.9674000152787758,,15.12146033801795,-0.812453332414022,5.495091690363838,13.053259617887479,-4.434143533356799,14.412207704775968,-13.249131033379687,-3.7676759754724976,-8.736020329448872,-10.638099278387624,10.328026783087203,-14.358623847023262
aggregate,199,5.0,0.195,0.205,0.32599984721224146,0.32598040986579635,0.13098040986579634,0.3618181148413332,0.035837704975536844,0.3622115140217526,,,,,21.693559670696335,14.313439880084205,14,0,0,1,2,0.1,0.9674019590134204,,15.12860060263966,-0.8091913277446576,5.498741594069745,13.054486898079647,-4.423043190929469,14.405133388299422,-13.237141424229653,-3.7725123979054516,-8.732471348296075,-10.638166302855437,10.331219237941376,-14.373263466349846
aggregate,200,5.025,0.195,0.205,0.3259804098657964,0.3259504678389657,0.1309504678389657,0.36195836137291104,0.036007893533945345,0.3617323682033626,,,,,21.69527014419719,14.318501141071346,14,0,0,1,2,0.1,0.9674049532161034,,15.13578036618669,-0.805859190977104,5.502394498453603,13.055750026324336,-4.412001332380872,14.398054402129524,-13.225268598771157,-3.7773955412926723,-8.728900608178261,-10.63831244221067,10.334413470785686,-14.388307758555596
aggregate,201,5.050000000000001,0.195,0.205,0.3259504678389657,0.3259103076464992,0.1309103076464992,0.3620895603756124,0.03617925272911321,0.3612331144913758,,,,,21.69718026578333,14.32340970480397,14,0,0,1,2,0.1,0.96740896923535,,15.14299684890855,-0.802459705861793,5.506046651157625,13.057046752867404,-4.4010128486684215,14.390968447915984,-13.213507805787732,-3.7823310939100216,-8.725307749035958,-10.638534697875944,10.337610082990155,-14.403761085415402
aggregate,202,5.075,0.195,0.205,0.32591030764649925,0.32586021388728564,0.13086021388728564,0.3622119841418181,0.036351770254532456,0.3607145381073003,,,,,21.69929637548189,14.328175900989514,14,0,0,1,2,0.1,0.9674139786112714,,15.150247337862474,-0.7989955231774565,5.509694475042852,13.05837483373339,-4.390072736668018,14.383873187377855,-13.201854325326613,-3.7873244838938036,-8.721692345319521,-10.638830258137151,10.340809499887513,-14.41962815527693
aggregate,203,5.1000000000000005,0.195,0.205,0.32586021388728553,0.3258004685025263,0.1308004685025263,0.362325903534949,0.03652543503242267,0.36017738867456617,,,,,21.701624635756858,14.332809803156646,14,0,0,1,2,0.1,0.9674199531497474,,15.157529187677536,-0.7954691638316995,5.513334562961637,13.059732035057005,-4.379176097480003,14.376766245563731,-13.190303473978593,-3.7923808952082028,-8.718053909933156,-10.63919649433982,10.344011964996227,-14.435914032953033
aggregate,204,5.125,0.195,0.205,0.3258004685025263,0.32573135010419585,0.13073135010419584,0.36243158779289497,0.03670023768869912,0.3596223808020065,,,,,21.704171070661552,14.337321233539472,14,0,0,1,2,0.1,0.9674268649895804,,15.164839821176727,-0.7918830220329168,5.5169636725415465,13.061116136958686,-4.3683181345876285,14.369645213854426,-13.178850609790288,-3.797505283139502,-8.714391897986518,-10.63963095700009,10.34721753330266,-14.452624148759725
aggregate,205,5.15,0.195,0.205,0.3257313501041959,0.3256531333710037,0.1306531333710037,0.3625293044029307,0.036876171031926974,0.35905019477084515,,,,,21.706941603938308,14.34171976870286,14,0,0,1,2,0.1,0.9674346866628997,,15.172176729882267,-0.7882393685165422,5.52057872100232,13.06252493698327,-4.3574941519011166,14.362507652726329,-13.167491136855308,-3.8027023893023713,-8.710705710360674,-10.64013137185067,10.35042606353216,-14.469764306610163
aggregate,206,5.175000000000001,0.195,0.205,0.3256531333710037,0.3255660885088669,0.13056608850886692,0.36261931904857103,0.03705323053970411,0.3584614773081474,,,,,21.70994209579513,14.346014745850946,14,0,0,1,2,0.1,0.9674433911491133,,15.17953747442993,-0.7845403538101026,5.52417678002597,13.063956253119745,-4.346699551725616,14.355351094298989,-13.15622050963543,-3.8079767561423137,-8.706994697096452,-10.64069563583991,10.35363720933506,-14.48734069106583
aggregate,207,5.2,0.195,0.205,0.32556608850886687,0.3254704807732152,0.1304704807732152,0.36270189562951194,0.03723141485629672,0.3578568424502356,,,,,21.713178378755526,14.350215269775305,14,0,0,1,2,0.1,0.9674529519226784,,15.186919684916273,-0.7807880115266523,5.527755070698648,13.065407926419129,-4.335929832684151,14.348173044691336,-13.145034237059903,-3.8133327409215476,-8.703258160614459,-10.641321813099921,10.356850409313816,-14.505359873198378
aggregate,208,5.2250000000000005,0.195,0.205,0.3254704807732152,0.3253665700502056,0.13036657005020558,0.3627772963555794,0.03741072630537384,0.35723687247797004,,,,,21.716656292197808,14.354330220392898,14,0,0,1,2,0.1,0.9674633429949795,,15.194321061208283,-0.7769842616698822,5.531310958541675,13.066877823226251,-4.325180587632232,14.340970986213271,-13.133927886454403,-3.818774529173929,-8.699495358777355,-10.642008130897555,10.360064875813729,-14.523828815109121
aggregate,209,5.25,0.195,0.205,0.3253665700502056,0.3252546104943056,0.1302546104943056,0.3628457819162749,0.03759117142196933,0.35660211893063165,,,,,21.720381715957902,14.358368260838047,14,0,0,1,2,0.1,0.9674745389505695,,15.201739373238194,-0.7731309139469734,5.534841948649951,13.06836383703566,-4.314447501596019,14.333742379423569,-13.122897087348417,-3.8243061476165305,-8.695705507806116,-10.642752975579945,10.363279582400573,-14.542754872907992
aggregate,210,5.275,0.195,0.205,0.3252546104943056,0.32513485021988703,0.13013485021988702,0.36290761172718794,0.03777276150730091,0.35595310369778027,,,,,21.724360602440388,14.362337846062932,14,0,0,1,2,0.1,0.9674865149780113,,15.209172461312091,-0.7692296710785758,5.53834568094159,13.069863890011655,-4.303726349788013,14.326484665068529,-13.111937535215098,-3.829931476501718,-8.691887785059013,-10.643554888523857,10.366493249948707,-14.562145797921678
aggregate,211,5.300000000000001,0.195,0.205,0.32513485021988703,0.3250075310435632,0.13000753104356322,0.36296304425545056,0.03795551321188734,0.35529032014581124,,,,,21.72859900793457,14.366247231923335,14,0,0,1,2,0.1,0.9674992468956437,,15.216618236459567,-0.7652821321002063,5.541819925562524,13.071375934117585,-4.293012995690837,14.319195265973548,-13.101044995196792,-3.8356542613933127,-8.688041331713837,-10.644412562099106,10.369704331265579,-14.582009735864156
aggregate,212,5.325,0.195,0.205,0.3250075310435632,0.324872888276868,0.129872888276868,0.36301233742656147,0.03813944914969347,0.3546142343837863,,,,,21.73310312226155,14.37010448470963,14,0,0,1,2,0.1,0.9675127111723132,,15.224074680851732,-0.7612897956508601,5.545262578420637,13.072897951954701,-4.282303389310357,14.311871588868781,-13.090215305868504,-3.841478124349508,-8.6841652553034,-10.645324835644821,10.372910994183849,-14.602355223648887
aggregate,213,5.3500000000000005,0.195,0.205,0.324872888276868,0.32473115056479657,0.12973115056479656,0.36305574911359595,0.03832459854879938,0.3539252865052671,,,,,21.737879296789462,14.373917491089488,14,0,0,1,2,0.1,0.9675268849435203,,15.231539848317803,-0.7572540632448473,5.548671656892928,13.074427957252514,-4.271593565585164,14.304511026230823,-13.079444383098776,-3.8474065744889963,-8.680258632209313,-10.64629069147148,10.376111103059026,-14.623191183488963
aggregate,214,5.375,0.195,0.205,0.3247311505647965,0.3245825397708354,0.1295825397708354,0.3630935377122815,0.03851099794144608,0.353223891995594,,,,,21.742934071167028,14.377693968444266,14,0,0,1,2,0.1,0.9675417460229164,,15.23901186498682,-0.7531762425285206,5.552045295706136,13.075963995045598,-4.260879643033673,14.297110958140804,-13.06872822406003,-3.8534430179185137,-8.67632051006697,-10.647309250881232,10.379302198625105,-14.644526913858742
aggregate,215,5.4,0.195,0.205,0.32458253977083545,0.32442727090404094,0.12942727090404094,0.36312596280323794,0.038698691899197,0.35251044310538576,,,,,21.74827419740903,14.381441475552057,14,0,0,1,2,0.1,0.9675572729095959,,15.246488930088761,-0.7490575505163709,5.55538174300555,13.077504141539174,-4.250157822642602,14.289668754244474,-13.058062911460063,-3.8595907669873144,-8.672349910127949,-10.648379770212486,10.382481476162374,-14.666372076874017
aggregate,216,5.425000000000001,0.195,0.205,0.32442727090404094,0.3242655520883715,0.12926555208837148,0.3631532859040742,0.03888773381570271,0.3517853103625488,,,,,21.753906662663617,14.385167423615217,14,0,0,1,2,0.1,0.9675734447911628,,15.253969316941882,-0.7448991168139331,5.55867935662534,13.079046503668591,-4.239424387055121,14.282181775845167,-13.047444618032154,-3.865853048839899,-8.668345829598062,-10.649501636900974,10.38564576199536,-14.688736681488338
aggregate,217,5.45,0.195,0.205,0.32426555208837143,0.3240975845734597,0.1290975845734597,0.3631757713120842,0.039078186738624454,0.3510488441823368,,,,,21.759838708109417,14.388879087568817,14,0,0,1,2,0.1,0.967590241542654,,15.261451374159124,-0.7407019868283216,5.561936600569631,13.080589218356401,-4.228675700158422,14.274647378116603,-13.036869611374655,-3.8722330132330187,-8.664307243974912,-10.650674365553508,10.388791488298546,-14.711631061995739
aggregate,218,5.4750000000000005,0.195,0.205,0.3240975845734597,0.32392356278242923,0.12892356278242922,0.3631936870391977,0.03927012425676846,0.35030137643096115,,,,,21.76607784551252,14.392583617659902,14,0,0,1,2,0.1,0.9676076437217571,,15.268933527105535,-0.7364671249708614,5.5651520417189335,13.082130451470452,-4.217908207020063,14.267062912611228,-13.026334259173376,-3.8787337395591956,-8.660233109411022,-10.651897594027089,10.39191466629545,-14.735065851106876
aggregate,219,5.5,0.195,0.205,0.32392356278242923,0.32374367439891255,0.12874367439891254,0.3632073058386845,0.03946363143977194,0.3495432221912346,,,,,21.772631869508157,14.396288051246456,14,0,0,1,2,0.1,0.9676256325601087,,15.2764142796357,-0.7321954178621257,5.568324346771603,13.083668396483828,-4.207118434309549,14.259425729998169,-13.015835034899613,-3.8853582430357463,-8.656122365130493,-10.65317107950141,10.395010857943555,-14.759051946881408
aggregate,220,5.525,0.195,0.205,0.32374367439891255,0.32355810049029793,0.12855810049029792,0.3632169063223593,0.03965880583206138,0.3487746815321063,,,,,21.77950886539824,14.399999324771613,14,0,0,1,2,0.1,0.9676441899509702,,15.283892216146032,-0.7278876775420604,5.571452279431499,13.085201272837603,-4.196302991229833,14.25173318315215,-13.005368524026478,-3.8921094800009928,-8.651973935929696,-10.654494694532346,10.398075146271388,-14.783600472711809
aggregate,221,5.550000000000001,0.195,0.205,0.323558100490298,0.3233670156664231,0.1283670156664231,0.3632227741652472,0.039855758498824057,0.3479960413608874,,,,,21.78671721174474,14.40372428586314,14,0,0,1,2,0.1,0.9676632984333577,,15.291366003967875,-0.7235446447015944,5.574534697852205,13.086727324005924,-4.185458571007381,14.243982630639845,-12.994931430833983,-3.8989903522528544,-8.647786734794622,-10.65586842307031,10.401102104607801,-14.808722729485568
aggregate,222,5.575,0.195,0.205,0.3233670156664231,0.3231705882728509,0.12817058827285088,0.3632252033920511,0.04005461511920022,0.3472075773524252,,,,,21.794265576515283,14.407469705490547,14,0,0,1,2,0.1,0.9676829411727149,,15.298834396131175,-0.7191669919454732,5.577570552347266,13.088244815262362,-4.174581953007983,14.236171440663027,-12.984520585865127,-3.9060037103575107,-8.643559665670244,-10.657292356422397,10.404085765036001,-14.834430138988052
aggregate,223,5.6000000000000005,0.195,0.205,0.3231705882728509,0.3229689806174272,0.12796898061742717,0.3632244977370397,0.040255517119612505,0.3464095559355441,,,,,21.802162905883662,14.411242290103202,14,0,0,1,2,0.1,0.9677031019382573,,15.306296234523284,-0.7147553271016456,5.580558883374967,13.089752031146068,-4.163670005531528,14.228296995523925,-12.974132954086715,-3.913152355851931,-8.639291626418421,-10.658766689139792,10.407019586513458,-14.860734177567894
aggregate,224,5.625,0.195,0.205,0.3229689806174272,0.32276234922864144,0.12776234922864144,0.36322097206436565,0.04045862283572421,0.3456022363248797,,,,,21.81041840416132,14.41504869364732,14,0,0,1,2,0.1,0.9677237650771359,,15.313750453464001,-0.710310196593665,5.583498819804801,13.091247272626159,-4.152719689345628,14.220356696677324,-12.963765643809818,-3.920439042253562,-8.634981512004748,-10.660291714801158,10.409896423230677,-14.887646299091124
aggregate,225,5.65,0.195,0.205,0.32276234922864144,0.32255084514495413,0.12755084514495413,0.3632149538334613,0.04066410868850717,0.34478587261938226,,,,,21.81904150435859,14.418895529367889,14,0,0,1,2,0.1,0.9677449154855046,,15.321196083710012,-0.7058320888978395,5.5863895774707055,13.09272885396304,-4.141728062003797,14.212347970439216,-12.953415916409416,-3.9278664747889795,-8.630628217955254,-10.661867821665302,10.412708493935398,-14.915177846066726
aggregate,226,5.675000000000001,0.195,0.205,0.3225508451449542,0.3223346142333459,0.1273346142333459,0.36320678458484906,0.040872170351503145,0.34396071592735333,,,,,21.828041826465636,14.422789381230004,14,0,0,1,2,0.1,0.9677665385766654,,15.328632256899818,-0.7013214381016223,5.589230458015649,13.094195099266145,-4.130692283029472,14.20426827437746,-12.943081196878541,-3.9354373087433,-8.626230644126537,-10.663495488160699,10.415447353120568,-14.943339948095783
aggregate,227,5.7,0.195,0.205,0.3223346142333459,0.32211379753255076,0.12711379753255075,0.363196821418915,0.041083023886364256,0.34312701639950505,,,,,21.837429123465057,14.426736814818366,14,0,0,1,2,0.1,0.967788620246745,,15.336058210433068,-0.6967786275920133,5.592020848025249,13.095644338748972,-4.11960961993462,14.196115104533632,-12.932759085231089,-3.9431541463343716,-8.621787698833316,-10.665175278177669,10.418103865174674,-14.972143406628721
aggregate,228,5.7250000000000005,0.195,0.205,0.3221137975325507,0.32188853162241315,0.12688853162241315,0.36318543843030826,0.041296906807895106,0.34228502539452055,,,,,21.84721321252023,14.430744387511695,14,0,0,1,2,0.1,0.9678111468377587,,15.343473292770682,-0.6922039938980723,5.594760218449667,13.097074904683746,-4.108477455205187,14.18788600340178,-12.922447368750516,-3.9510195320122112,-8.617298303377735,-10.666907836124794,10.420668182808877,-15.001598565277845
aggregate,229,5.75,0.195,0.205,0.3218885316224132,0.32165894901259834,0.12665894901259833,0.3631730280527924,0.04151407904019405,0.3414349974490883,,,,,21.857403890180468,14.434818657706302,14,0,0,1,2,0.1,0.9678341050987401,,15.350876969125919,-0.6875978307150187,5.5974481243029,13.098485127063169,-4.097293294197023,14.179578568797753,-12.912144035058882,-3.9590359460864493,-8.612761397025027,-10.668693881709057,10.42312973130561,-15.03171516509842
aggregate,230,5.775,0.195,0.205,0.3216589490125984,0.321425178547942,0.126425178547942,0.36316000226015105,0.041734823712209046,0.3405771921923097,,,,,21.868010830071793,14.438966192824598,14,0,0,1,2,0.1,0.9678574821452058,,15.358268827495214,-0.6829603931427641,5.600084204642606,13.099873328969053,-4.086054773977351,14.171190463605663,-12.901847285946399,-3.967205796593192,-8.608175942466413,-10.670534204401276,10.425477200374866,-15.062502184520225
aggregate,231,5.800000000000001,0.195,0.205,0.321425178547942,0.3211873458253718,0.12618734582537178,0.363146793558501,0.04195944773312921,0.3397118760970019,,,,,21.879043462280446,14.443193575815855,14,0,0,1,2,0.1,0.9678812654174628,,15.365648584961217,-0.6782919021645198,5.6026681827733364,13.101237821683904,-4.074759673082611,14.162719426414194,-12.891555551865478,-3.9755314093240695,-8.60354093180835,-10.672429657540924,10.427698545638474,-15.093967663995713
aggregate,232,5.825,0.195,0.205,0.3211873458253718,0.32094557361624654,0.12594557361624653,0.3631338556955616,0.042188282079315076,0.3388393240048648,,,,,21.890510832876394,14.447507409800119,14,0,0,1,2,0.1,0.9679054426383753,,15.373016094167498,-0.6735925494026672,5.605199866701846,13.102576899534313,-4.063405922145189,14.154163283024095,-12.881267506963047,-3.984015015951526,-8.59885539312045,-10.674381152040361,10.429781001979325,-15.126118515908061
aggregate,233,5.8500000000000005,0.195,0.205,0.32094557361624654,0.32069998228760954,0.12569998228760954,0.3631216640032837,0.042421681715674175,0.3379598203867294,,,,,21.902421444665325,14.451914320504462,14,0,0,1,2,0.1,0.967930001771239,,15.38037134984075,-0.6688625021797231,5.607679149770539,13.103888834514397,-4.051991615305888,14.145519958778634,-12.870982084443188,-3.992658740225581,-8.594118397566536,-10.676389649648579,10.431711111168237,-15.158960320878343
aggregate,234,5.875,0.195,0.205,0.3206999822876095,0.32045069021438627,0.12545069021438626,0.3631107152812104,0.04266002506682415,0.33707366025307767,,,,,21.91478307851283,14.456420956082095,14,0,0,1,2,0.1,0.9679549309785613,,15.387714495199823,-0.6641019089172877,5.610106011447789,13.10517187071348,-4.040515022289331,14.13678749163296,-12.860698492037793,-4.001464582228474,-8.589329067133164,-10.67845615573649,10.433474766291576,-15.19249711232297
aggregate,235,5.9,0.195,0.205,0.32045069021438627,0.32019781417388116,0.12519781417388115,0.3631015271226712,0.04290371294879003,0.3361811496565077,,,,,21.927602597522807,14.461033983904603,14,0,0,1,2,0.1,0.9679802185826119,,15.395045828062706,-0.6593109048982547,5.6124805182229105,13.10642421859129,-4.028974600973931,14.127964045836377,-12.85041622727272,-4.0104344007304356,-8.584486582954762,-10.680581711577577,10.435057275516778,-15.226731151939306
aggregate,236,5.925000000000001,0.195,0.205,0.32019781417388105,0.3199414697135195,0.12494146971351949,0.36309463658418406,0.04315316687066456,0.33528260573640106,,,,,21.94088573698496,14.465760083918326,14,0,0,1,2,0.1,0.9680058530286481,,15.402365806414721,-0.6544896183902399,5.614802824551138,13.107644049152217,-4.017369010237818,14.119047926054172,-12.840135092154119,-4.019569893738423,-8.579590194219008,-10.682767386098762,10.436443447619649,-15.261662699707562
aggregate,237,5.95,0.195,0.205,0.31994146971351956,0.3196817714824753,0.12468177148247528,0.36309059809875033,0.04340882661627504,0.33437835625861767,,,,,21.954636883833285,14.47060593816177,14,0,0,1,2,0.1,0.9680318228517525,,15.409675053183307,-0.6496381772133079,5.617073173782635,13.108829488079968,-4.005697122806197,14.110037591704456,-12.829855206859818,-4.028872577377691,-8.574639227614105,-10.685014267093845,10.437617701417128,-15.29728978299326
aggregate,238,5.9750000000000005,0.195,0.205,0.3196817714824753,0.31941883351776235,0.12441883351776234,0.3630899805462607,0.043671147028498336,0.333468738613075,,,,,21.968858851948347,14.475578216097077,14,0,0,1,2,0.1,0.9680581166482237,,15.4169743599097,-0.6447567156578404,5.619291899007403,13.109978609905427,-3.993958037773042,14.100931671227782,-12.819577021917095,-4.038343763331511,-8.569633097256418,-10.68732345190465,10.438564200778572,-15.33360797032091
aggregate,239,6.0,0.195,0.205,0.3194188335177623,0.3191527694766497,0.12415276947664972,0.3630933634072255,0.043940593930575755,0.33255409828768223,,,,,21.983552660474594,14.480683555477954,14,0,0,1,2,0.1,0.9680847230523351,,15.424264688997694,-0.639845381818799,5.621459423739489,13.111089432290692,-3.9821510924153722,14.091728975959974,-12.809301328323974,-4.047984535123967,-8.564571315009818,-10.689696037591537,10.439267016194528,-15.370610156355593
allocation,0,0.025,0.195,0.205,0.9528077435349479,0.9007294290979124,0.7057294290979124,0.9100890468941187,0.00935961779620631,0.1510769885017274,-7.227773437382756e-13,-1.8135159135739074e-11,279.8702725705647,10.0,9.634463647252089,19.135867596536905,15,0,0,0,0,0.1,0.9099270570902087,3.508261114975577e-17,12.203873699673252,0.11485640255018517,5.963983620139701,10.566125438246482,-6.108849050825472,10.796345707585091,-12.26203406829669,-0.06286058403080427,-6.22766680310493,-10.317440144009094,6.132538626274519,-10.496235629696063
allocation,1,0.05,0.195,0.205,0.9007294290979124,0.851042231350833,0.656042231350833,0.858645148268531,0.007602916917697988,0.04136625459723829,-1.9626155733547187e-17,-1.7461680241934003e-11,140.90576094922804,10.0,9.61604719701033,18.65837438794888,15,0,0,0,0,0.1,0.9148957768649166,3.5020904983651434e-17,12.393384046554054,0.13184309601553498,6.063644880123305,10.737996537680923,-6.183465475164066,10.973958244874588,-12.454330602944824,-0.07502556748287612,-6.33790993194572,-10.48219069942257,6.243376386181876,-10.659494251578879
allocation,2,0.07500000000000001,0.195,0.205,0.8510422313508327,0.8070557267329105,0.6120557267329105,0.8130199926424552,0.005964265909544686,0.1214427438344502,9.813077866773593e-18,-9.94797824820813e-12,159.2279582673284,10.0,11.101336186190375,18.23328130186534,15,0,0,0,0,0.1,0.919294427326709,5.557210413939996e-17,12.562854675890717,0.13580726216623992,6.1423959289772165,10.904698187968354,-6.245327207460348,11.125595867750173,-12.626944199136116,-0.06810967816534792,-6.428465548373753,-10.643372013799329,6.345562275723784,-10.795053020122058
allocation,3,0.1,0.195,0.205,0.8070557267329106,0.7655478362009314,0.5705478362009313,0.7703990020666497,0.004851165865718321,0.10098977919410052,-9.977201594095381e-13,-8.135326130813446e-12,162.9996838479825,10.0,11.317679287511943,17.829084730475476,15,0,0,0,0,0.1,0.9234452163799068,2.915999989044599e-17,12.731127935073195,0.14084804690587704,6.206596052679373,11.060362072336966,-6.298727657785391,11.272592227029143,-12.800260068394248,-0.06474166385600694,-6.503264517865303,-10.794915029491268,6.437723598641576,-10.925815997984968
allocation,4,0.125,0.195,0.205,0.7655478362009316,0.7279157316488789,0.5329157316488788,0.7318363332638034,0.003920601614924468,0.13272373722062467,-8.64777487009423e-14,-9.445887212615725e-12,173.47387591581145,10.0,12.020058824615079,17.456697555757838,15,0,0,0,0,0.1,0.9272084268351121,1.7352654923862144e-17,12.890682728542497,0.13997749691927153,6.263802881466944,11.204174078230647,-6.340214918918182,11.408952487681397,-12.964356660372683,-0.056165104567669696,-6.570290117395055,-10.934219713771798,6.5165582595692815,-11.046207237161438
allocation,5,0.15000000000000002,0.195,0.205,0.7279157316488789,0.692784411163106,0.49778441116310596,0.6963305530924612,0.0035461419293552066,0.11774304184615625,-4.6612119867174566e-17,-8.99141045746764e-12,175.39693300871068,10.0,12.180482402109215,17.10308446653884,15,0,0,0,0,0.1,0.9307215588836895,1.514782153580212e-17,13.04899467458242,0.14193028884855663,6.315344224314294,11.33684700422965,-6.376559786737543,11.538481312292543,-13.121913034134955,-0.0650747566896877,-6.6342461043503995,-11.060206059911048,6.587510365767972,-11.16418690889831
allocation,6,0.17500000000000002,0.195,0.205,0.6927844111631063,0.6598795807153299,0.4648795807153299,0.6643204154968274,0.0044408347814974825,0.1031535699824433,-2.9551771203931673e-12,-1.8193823555178748e-11,180.30153212148974,10.0,12.42853083028753,16.7681338108897,15,0,0,0,0,0.1,0.934012041928467,6.992893892674703e-17,13.203176122001263,0.15872794657883127,6.364056161800694,11.454752432801046,-6.401852415586929,11.667862875927407,-13.275700245254844,-0.0879258229633343,-6.693621081093035,-11.172623368442125,6.647121824972204,-11.279732113220287
allocation,7,0.2,0.195,0.205,0.6598795807153298,0.6269584700298677,0.4319584700298677,0.6335969360850902,0.006638466055222447,0.020253543287514775,-1.3922304223485036e-16,-1.7263052506197904e-11,174.6160621244721,10.0,11.726756225269513,16.42884197857585,15,0,0,0,0,0.1,0.9373041529970132,2.0816681711721685e-17,13.349541164297834,0.2034455003563605,6.41458704078031,11.572278232917483,-6.45493084185912,11.789939303400548,-13.420614793932529,-0.12229419016953764,-6.759763529867522,-11.287396487121228,6.729693849066438,-11.394957011517285
allocation,8,0.225,0.195,0.205,0.6269584700298678,0.5964079520629731,0.40140795206297314,0.6038590791234912,0.007451127060518092,0.0205837793614437,-3.868926159179357e-12,-1.6618730106687116e-11,170.52424609650117,10.0,11.511892311719759,16.098044425005867,15,0,0,0,0,0.1,0.9403592047937027,3.1273172206927508e-18,13.48871839503382,0.2327921555409613,6.4625408461250675,11.69055052772744,-6.515033228490042,11.907573031939236,-13.559463725226273,-0.14160169103754464,-6.821780619131774,-11.401683051327117,6.818017522303525,-11.507178306886502
allocation,9,0.25,0.195,0.205,0.5964079520629734,0.5678449671712057,0.3728449671712057,0.5752478804283615,0.007402913257155808,0.006051456604197845,-2.5277449011872266e-12,-1.6852997101283235e-11,266.71667069641364,10.0,11.224934965565124,15.773276310656254,15,0,0,0,0,0.1,0.9432155032828794,5.64851643068858e-17,13.62064701470104,0.2488102631166583,6.512428394267145,11.806637994459114,-6.577124496917074,12.027513286099028,-13.694347697988777,-0.15196519667111127,-6.885471058418446,-11.511026985733714,6.902688691009328,-11.6217232668479
allocation,10,0.275,0.195,0.205,0.5678449671712057,0.5412910257705877,0.34629102577058773,0.5487648060154953,0.007473780244907524,0.00505575159656449,-1.6454153137831356e-11,-1.6808300984869548e-11,182.55740138772805,10.0,11.165488293867972,15.459449014181395,15,0,0,0,0,0.1,0.9458708974229413,1.8440363494407353e-17,13.75062595496405,0.2637243302483858,6.565321940897444,11.913090591477566,-6.636382913466845,12.146073002464547,-13.823715288177793,-0.1570165365543658,-6.951520847500967,-11.613473448781514,6.9871642256286,-11.730193381400845
allocation,11,0.30000000000000004,0.195,0.205,0.5412910257705874,0.5211166941179434,0.32611669411794336,0.5302080768820443,0.00909138276410093,0.18513744201755078,9.813077866773593e-18,-1.6561922352245707e-11,221.4604044409207,10.0,13.999884054671881,15.218075007749691,15,0,0,0,0,0.1,0.9478883305882057,3.469446951953614e-18,13.83168963865286,0.2993464261713806,6.639364497251624,11.965530000040918,-6.711504688592556,12.249192122271065,-13.901036818440755,-0.18792296313556747,-7.034107615121695,-11.660059142325599,7.070579488208146,-11.836754433188062
allocation,12,0.325,0.195,0.205,0.5211166941179434,0.499960629096218,0.304960629096218,0.5105544291776587,0.010593800081440674,0.08714534774302787,-9.221839925300485e-14,-1.6793658032740222e-11,220.18274252147648,10.0,12.54698809283258,14.955110679582068,15,0,0,0,0,0.1,0.9500039370903782,1.4304896245381992e-17,13.930497407628478,0.32722369204735247,6.706479200322653,12.031540426513892,-6.7662749940753395,12.363562246763596,-13.995325544924272,-0.21018874409576274,-7.111903999674686,-11.722129676480147,7.1418538994586855,-11.951407827509865
allocation,13,0.35000000000000003,0.195,0.205,0.49996062909621825,0.47880308038773417,0.28380308038773416,0.49001603157872164,0.011212951190987475,0.02053325504342404,-1.5680622555366128e-11,-1.74431997630414e-11,210.6088489156847,10.0,11.400564867664407,14.676553446583856,15,0,0,0,0,0.1,0.9521196919612266,1.474514954580286e-17,14.039426269802478,0.3427583421572382,6.7664501955625065,12.112428822562212,-6.820244381116355,12.48003107574129,-14.101207430304745,-0.22095049331150762,-7.181711862258314,-11.800094433628207,7.214453534595671,-12.065182126309086
allocation,14,0.375,0.195,0.205,0.478803080387734,0.45884929162260213,0.2638492916226021,0.4695540128005373,0.010704721177935195,0.004840193023863318,-1.4508414831772756e-12,-1.615581356792091e-11,177.45574110124375,10.0,10.869147830454056,14.395172571083023,15,0,0,0,0,0.1,0.9541150708377398,1.1383606512641281e-17,14.150960471591416,0.346382082673757,6.818516122698871,12.200083942039187,-6.877503445104187,12.595900410240706,-14.210506872274795,-0.22243062838348607,-7.2400603206505805,-11.886649465247626,7.291127158587557,-12.176710202845987
allocation,15,0.4,0.195,0.205,0.458849291622602,0.44051917427760007,0.24551917427760006,0.4506422529683002,0.010123078690700116,0.0111900651470736,-1.687458913083865e-11,-1.68987812427054e-11,257.2805890467556,10.0,10.828847838680733,14.123077665096195,15,0,0,0,0,0.1,0.95594808257224,4.687767228864097e-17,14.258394960857114,0.3511771444782771,6.866499097708918,12.284715090335526,-6.929383869827471,12.707669306440286,-14.318346932347296,-0.2184438227995971,-7.294493906284782,-11.972316351789562,7.369942064050296,-12.283197227827099
allocation,16,0.42500000000000004,0.195,0.205,0.4405191742776005,0.42335823965183705,0.22835823965183705,0.43314278925699823,0.009784549605161175,0.0025408559982426273,-1.587782264160195e-11,-1.6274617358402433e-11,269.15460534497174,10.0,10.661631734484791,13.85719342898764,15,0,0,0,0,0.1,0.9576641760348164,1.9669307041136664e-17,14.365727877745334,0.3538429134833273,6.9143265257116004,12.367238105944734,-6.983344971095893,12.814137816933524,-14.424249628124068,-0.21659794085561473,-7.349246212062708,-12.055377345954245,7.446114492047539,-12.385432483012996
allocation,17,0.45,0.195,0.205,0.42335823965183683,0.41148661754250987,0.21648661754250986,0.42306734495726617,0.011580727414756298,0.17289572606866246,-1.1321492351970378e-12,-1.6245070180945578e-11,275.95813921241216,10.0,14.234409022361259,13.678027851101174,15,0,0,0,0,0.1,0.958851338245749,2.8609792490763984e-17,14.421139582904171,0.39161752066222205,6.970225899313194,12.394316936019083,-7.042306530081899,12.908631956485445,-14.470487615411944,-0.25026399785239367,-7.412960336490113,-12.074682881251585,7.514687371809131,-12.485738255295905
allocation,18,0.47500000000000003,0.195,0.205,0.4114866175425099,0.3984100235560481,0.2034100235560481,0.4114556217809703,0.013045598224922184,0.08662176482381784,-1.4986798237885743e-11,-1.653809328592769e-11,250.55478674253717,10.0,12.541109012532923,13.470732388442055,15,0,0,0,0,0.1,0.9601589976443952,1.4539632184201917e-17,14.496995624386443,0.41858262775460126,7.023022570904804,12.441754984476626,-7.090491092313535,13.005874469409514,-14.53943453104903,-0.2733078354437469,-7.473867190723341,-12.1159625526865,7.577855983178882,-12.58606720154211
allocation,19,0.5,0.195,0.205,0.39841002355604804,0.38492287030221034,0.18992287030221033,0.39871985035968804,0.013796980057477704,0.028197817717409222,-3.890762710702395e-13,-1.6280912141195285e-11,213.27811758980982,10.0,11.20648934686754,13.24258386358076,15,0,0,0,0,0.1,0.961507712969779,2.1753321720303318e-17,14.587452534927307,0.4328876521301118,7.071015538011963,12.507717252665714,-7.134347252593329,13.102279704540631,-14.625160958080938,-0.284176770275364,-7.530194409965505,-12.17678813101484,7.640005589073525,-12.68311876038855
allocation,20,0.525,0.195,0.205,0.38492287030221045,0.3718259192740841,0.1768259192740841,0.3849431567408413,0.013117237466757192,0.0016866903380221027,-1.4896232728935923e-11,-1.5832812966684555e-11,174.83858485419327,10.0,10.26317512795946,12.999435546912139,15,0,0,0,0,0.1,0.9628174080725916,2.611104600503256e-18,14.685772345330149,0.4317888231798631,7.109900821366754,12.587320743109613,-7.179038220079263,13.201483995149237,-14.7220866272173,-0.277524079865184,-7.576474252435553,-12.255079274116035,7.70761053897598,-12.778742842594745
allocation,21,0.55,0.195,0.205,0.3718259192740842,0.35967867710676354,0.16467867710676354,0.37212625041327707,0.012447573306513526,0.0015191178286149132,-1.488486473821529e-11,-1.5743086935880368e-11,187.3417832854374,10.0,10.134785286137905,12.762460537177912,14,0,1,0,1,0.1,0.9640321322893236,2.5744722464373908e-17,14.782558345993595,0.4327007347564228,7.147083426184505,12.666058422095883,-7.22018114828848,13.295998788545909,-14.819003804347142,-0.26668324236750357,-7.6212846688932085,-12.335671267211367,7.774594710132404,-12.865810166222621
allocation,22,0.5750000000000001,0.195,0.205,0.3596786771067636,0.3484872494693797,0.1534872494693797,0.36020583950542906,0.011718590036049359,0.002926264052152668,-3.820632936410131e-13,-1.583177860694566e-11,224.86759878706724,10.0,10.057050636085686,12.532458273876992,14,0,0,0,1,0.1,0.965151275053062,8.673617379884035e-18,14.87688985114125,0.4321012639214214,7.183146271054331,12.743704008756735,-7.2581455437592055,13.38632476883704,-14.911633969268324,-0.258061070073201,-7.662845059100044,-12.415698617942079,7.841050097218065,-12.951504877546043
allocation,23,0.6000000000000001,0.195,0.205,0.3484872494693797,0.33808430392409106,0.14308430392409105,0.34915399305666694,0.011069689132575888,0.0038923007304113373,-1.511584243510927e-11,-1.511584243510927e-11,298.47753059303625,10.0,9.952175501462028,12.30850182194213,14,0,0,0,1,0.1,0.9661915696075909,4.143411625084979e-17,14.969317132436679,0.43273003303285,7.217558405223427,12.82139787442579,-7.295027588260259,13.469590034654193,-15.005064695452116,-0.24616750159985074,-7.7061019506668575,-12.493945773117535,7.906998882256452,-13.0310146084331
allocation,24,0.625,0.195,0.205,0.3380843039240909,0.32840122864883664,0.13340122864883663,0.3388974008172277,0.01049617216839105,0.0021030529879207944,-1.0486189843464053e-12,-1.5218012445289247e-11,195.97966449029815,10.0,9.824794753900036,12.090126047037764,13,0,1,0,2,0.1,0.9671598771351163,4.422694427346622e-18,15.060673092843494,0.4319968769978095,7.251456272103978,12.898522221496394,-7.32961354912738,13.550005152097063,-15.095877028677927,-0.23397071574247896,-7.750090126983345,-12.572229619911894,7.967589469794952,-13.106405725595335
allocation,25,0.65,0.195,0.205,0.3284012286488367,0.3194382582549363,0.12443825825493632,0.3292358177728051,0.009797559517868759,0.0016951631183348297,-7.284963173546599e-13,-1.513820099637602e-11,229.06316608274352,10.0,9.695446225662826,11.876405599109635,13,0,0,0,2,0.1,0.9680561741745064,1.474514954580286e-17,15.149720638739367,0.42753072004197956,7.284090400659725,12.975794244850551,-7.363211584558725,13.627624567422412,-15.183878892082747,-0.22250873995550455,-7.7911981624294695,-12.650007010160547,8.027324595259016,-13.182036230020902
allocation,26,0.675,0.195,0.205,0.3194382582549362,0.31116352305010714,0.11616352305010713,0.3204412118589004,0.00927768880879326,0.0038514750843961156,-1.3318790504923946e-11,-1.4944223432914037e-11,254.25721065311885,10.0,9.676546238072447,11.670758533489366,13,0,0,0,2,0.1,0.9688836476949892,4.553494235780272e-17,15.235628669484763,0.4235087611884578,7.315182369807335,13.053574255913349,-7.397939747665653,13.69969396115388,-15.26640011998332,-0.21491470968621904,-7.8344808537926225,-12.72332579889036,8.083089503563295,-13.25518203929774
allocation,27,0.7000000000000001,0.195,0.205,0.31116352305010714,0.3034755410031562,0.1084755410031562,0.31207424401859324,0.008598703015437026,0.002588128732477744,-1.444923829233191e-11,-1.4966660882127072e-11,338.33825976366353,10.0,9.516599075733323,11.467893250816491,12,0,1,0,3,0.1,0.9696524458996844,2.9510222548520086e-17,15.318409259658429,0.4179572440547149,7.345145530578701,13.129172012910422,-7.430783043193242,13.770372238965576,-15.350190851185232,-0.2014950319636488,-7.875091322852255,-12.799765283010345,8.14145504746989,-13.326033222550983
allocation,28,0.7250000000000001,0.195,0.205,0.30347554100315627,0.2963375916117322,0.10133759161173217,0.3046038554676641,0.008266263855931932,0.0023365208878314515,-1.4388494420360532e-11,-1.468852712952635e-11,215.47065582562524,10.0,9.50642364511708,11.273117880256335,12,0,0,0,3,0.1,0.9703662408388268,4.170336126338581e-17,15.399198006864015,0.41880341553037437,7.376788994012881,13.197952187592524,-7.457476202247524,13.841365185575013,-15.429467722345857,-0.18908308257745637,-7.915737496402831,-12.87580698629982,8.197258624755284,-13.390160587817379
allocation,29,0.75,0.195,0.205,0.29633759161173207,0.289739117912766,0.09473911791276601,0.2975441897675355,0.007805071854769474,0.0033475115603230606,-1.3411526467369754e-11,-1.474985457297212e-11,335.4916533942565,10.0,9.393975599620862,11.08215866429024,12,0,0,0,3,0.1,0.9710260882087234,1.0444418402013024e-17,15.479207208299025,0.4169694079026625,7.406532349811225,13.268227915683463,-7.48637374553863,13.9080193492788,-15.510374328536976,-0.17330500629544568,-7.954439415336157,-12.947074515941127,8.253419979389998,-13.45277320238224
allocation,30,0.775,0.195,0.205,0.2897391179127659,0.28357865909933727,0.08857865909933726,0.2909353720979641,0.007356712998626835,0.001344927730224382,-2.529386751777811e-12,-1.3877978780754832e-11,270.9174337686109,10.0,9.231210111396624,10.894398391599998,12,0,0,0,3,0.1,0.9716421340900663,2.7817340298081976e-17,15.55702800902213,0.41118559045389863,7.435187953397365,13.33946883059908,-7.51708646369555,13.971394792508391,-15.58675042277185,-0.16038305761698005,-7.995560851549187,-13.018066627526503,8.30677250262687,-13.517122070543207
allocation,31,0.8,0.195,0.205,0.2835786590993372,0.27790713599885875,0.08290713599885874,0.2848955017851242,0.006988365786265438,0.0028291665767739248,-1.349014854057966e-11,-1.4122586689476418e-11,363.7323106594746,10.0,9.191825757112317,10.712638578198654,12,0,0,0,3,0.1,0.9722092864001142,1.3010426069826053e-18,15.633511139254603,0.4038507548172014,7.466372041455257,13.406114195259873,-7.54368445684277,14.030657759295798,-15.662163474873244,-0.14825670946920289,-8.032755959487208,-13.09016007595785,8.35977840229444,-13.577992975858088
allocation,32,0.8250000000000001,0.195,0.205,0.27790713599885863,0.27264695607212336,0.07764695607212335,0.27942889167494916,0.006781935602825806,0.002060443540330737,-1.8373823002536873e-12,-1.3390197129308955e-11,298.4456555050567,10.0,9.115987179706647,10.536352389115095,12,0,0,0,3,0.1,0.9727353043927877,1.0631817190634495e-17,15.710676838651374,0.4036553579301777,7.4919176631360225,13.47001669932375,-7.568704107509231,14.09223259947838,-15.7340393504177,-0.1346540214861546,-8.074829177395824,-13.159343026307234,8.405136854222276,-13.634235748215836
allocation,33,0.8500000000000001,0.195,0.205,0.27264695607212336,0.26773619978125457,0.07273619978125456,0.2743469684795638,0.006610768698309233,0.0008949031789281425,-1.3428340869635787e-11,-1.4054917237800564e-11,209.1806081551025,10.0,8.965744450957326,10.363009230263874,12,0,0,0,3,0.1,0.9732263800218746,3.2733570087320624e-17,15.786689590844246,0.40192206178035056,7.519360762750066,13.533372324331557,-7.594971029577809,14.14908441868029,-15.804582132309081,-0.1246717308125701,-8.114255240570307,-13.227931803459848,8.452622775225366,-13.689803076505115
allocation,34,0.875,0.195,0.205,0.2677361997812545,0.2631860340517581,0.0681860340517581,0.26955366297559935,0.00636762892384124,0.0008685292237408824,-2.4538870772816385e-12,-1.3664284980571075e-11,206.3284615424829,10.0,8.807911662506779,10.19177215037437,12,0,0,0,3,0.1,0.9736813965948242,2.43016123303191e-17,15.861880405567707,0.39976607023808675,7.544998406733667,13.595558348231805,-7.6237623029117385,14.207549071020084,-15.872509066144952,-0.11271355641573202,-8.153959134361541,-13.296878949529042,8.499742610500665,-13.743355746140894
allocation,35,0.9,0.195,0.205,0.26318603405175806,0.25896040899732004,0.06396040899732003,0.2651948906551731,0.006234481657853064,0.00042629280680204655,-1.1429622369491842e-11,-1.34540959058145e-11,325.16741272783344,10.0,8.714147163782417,10.024681875738997,12,0,0,0,3,0.1,0.974103959100268,2.975695523045684e-17,15.936731570466828,0.3956485245355082,7.574502865204152,13.657345355505601,-7.647570082116236,14.257369501816067,-15.941173424295663,-0.1020076358620763,-8.193454664779793,-13.365668699212224,8.544580116007271,-13.795016892867755
allocation,36,0.925,0.195,0.205,0.25896040899732004,0.25510539364241114,0.06010539364241113,0.26117917398562385,0.006073780343212709,0.0028738503176228784,-3.8942592330098e-12,-1.3355195720510273e-11,344.0925659881247,10.0,8.657818806860494,9.861926385203148,12,0,0,0,3,0.1,0.9744894606357589,1.4409695421113136e-17,16.00517649924516,0.39476253443527176,7.6029205057376625,13.712247970552571,-7.668084547746132,14.312465370246953,-16.00766221989435,-0.08829575631158003,-8.229591850511799,-13.435322364188334,8.594419440909135,-13.84733628570031
allocation,37,0.9500000000000001,0.195,0.205,0.2551053936424113,0.251499805539536,0.056499805539535985,0.25733603148071293,0.005836225941176942,0.001474840658042133,-6.506327298988845e-12,-1.2724840397390738e-11,295.90893987481576,10.0,8.422400821283357,9.69897311050172,12,0,0,0,3,0.1,0.9748500194460464,1.734723475976807e-17,16.07553718670311,0.39290400319421215,7.628003855784487,13.770173706507036,-7.696341086956202,14.36651545599536,-16.071207666333816,-0.07433403036087417,-8.269007613223868,-13.503107114400576,8.643976294510653,-13.898900354353861
allocation,38,0.9750000000000001,0.195,0.205,0.25149980553953605,0.24824854008547378,0.05324854008547378,0.2537973881458014,0.005548848060327599,0.004748301759227022,-1.0990118262890005e-11,-1.2714778006014412e-11,434.3974562020318,10.0,8.401679335152929,9.540244524645102,12,0,0,0,3,0.1,0.9751751459914526,1.0728672184036493e-17,16.143239612646344,0.3925740479259379,7.650987207879195,13.822504741314807,-7.715559206725046,14.42174686490553,-16.137669027566616,-0.05238689423585274,-8.305629428017722,-13.573675020048865,8.692665333195569,-13.949054808217138
allocation,39,1.0,0.195,0.205,0.2482485400854737,0.24520263086261695,0.05020263086261695,0.2505295949026413,0.005326964040024362,0.0035758640127187403,-9.753923790081303e-12,-1.2654992289099118e-11,373.6848860675389,10.0,8.193899014699275,9.38389042483801,12,0,0,0,3,0.1,0.9754797369137383,2.798502021246082e-17,16.214907490007796,0.3905456346477412,7.671091267688135,13.88200991354217,-7.743054190742432,14.471561191406927,-16.195875904621424,-0.0409891902595232,-8.345953423516422,-13.637757244795758,8.732988065879066,-14.001018937823394
allocation,40,1.0250000000000001,0.195,0.205,0.24520263086261704,0.24236780971687907,0.04736780971687907,0.2473382249751479,0.004970415258268829,0.0030733486886482825,-1.0920629366913578e-11,-1.2823736979455436e-11,437.28551478715013,10.0,7.9288369612538645,9.22482486993571,12,0,0,0,3,0.1,0.9757632190283121,1.4331167885963448e-17,16.28654246187584,0.3863859588198345,7.69381374482295,13.940085081008192,-7.770537149471723,14.52501166640866,-16.256312848584095,-0.023494324528956213,-8.381481266475376,-13.710018060849352,8.77974709913473,-14.048059849757081
allocation,41,1.05,0.195,0.205,0.24236780971687907,0.23975833382489486,0.04475833382489486,0.24465563955100386,0.004897305726108997,0.004055590602396593,-1.059355641502718e-11,-1.2424107883526461e-11,455.8007380849258,10.0,7.9476002931934735,9.074847667514657,12,0,0,0,3,0.1,0.9760241666175105,2.964296775167217e-17,16.353351094458215,0.3874898090731153,7.718122793543654,13.991009600695842,-7.794640048660771,14.577994393434022,-16.315682453326275,-0.013092672240693565,-8.417019887531186,-13.771841356469515,8.819318933201204,-14.09595695551588
allocation,42,1.075,0.195,0.205,0.23975833382489495,0.23726270371037925,0.04226270371037924,0.24194616290341897,0.004683459193039724,0.0005604880633551093,-9.084102644386401e-12,-1.2932786417208045e-11,264.91637271236806,10.0,7.517329977869914,8.917463086422327,12,0,0,0,3,0.1,0.9762737296289621,4.1777673608052095e-17,16.42247264816431,0.38570663544808426,7.743885126368867,14.049284374854398,-7.823611456556571,14.62644326068827,-16.376232310624424,0.0028377989858486934,-8.458139080604779,-13.841548547583532,8.863788812444533,-14.143136570866377
allocation,43,1.1,0.195,0.205,0.2372627037103792,0.23505297123420585,0.04005297123420584,0.239545300482483,0.004492329248277138,0.003774453663757391,-1.1802269708261002e-11,-1.1802269708261002e-11,455.6797873511138,10.0,7.568100339435435,8.766646162856645,12,0,0,0,3,0.1,0.9764947028765794,1.5540063044689707e-17,16.49047688235474,0.3876165244419203,7.766025049613763,14.099186991242625,-7.841429165780372,14.681168899072272,-16.429382540917334,0.018566528829451458,-8.495055501532354,-13.917392749856614,8.905563367014059,-14.188597468264003
allocation,44,1.125,0.195,0.205,0.23505297123420585,0.2329911818107136,0.03799118181071359,0.23738293554199139,0.0043917537312777866,0.0037894115324903425,-5.624958197246834e-12,-1.3080708599642448e-11,494.260831157317,10.0,7.412118369823226,8.620036865193127,12,0,0,0,3,0.1,0.9767008818189287,3.273069708340169e-17,16.557515861450973,0.3913162364981003,7.784294823431604,14.158062958546141,-7.867211802225812,14.727380080517712,-16.483942521210118,0.027311660668743777,-8.532542762021178,-13.975559843712283,8.937985822292594,-14.240562023278354
allocation,45,1.1500000000000001,0.195,0.205,0.2329911818107136,0.23108243752582022,0.036082437525820216,0.2353579408342686,0.004275503308448364,0.004581036488532898,-9.369164276631722e-12,-1.3578743154171675e-11,553.350781675742,10.0,7.244595803677608,8.471835665691431,12,0,0,0,3,0.1,0.976891756247418,1.7541305574877886e-17,16.631229493071235,0.4027889305510555,7.803834874321226,14.21308831454667,-7.894508826260342,14.776585946384913,-16.539469719601822,0.045669587555189295,-8.581023534774308,-14.040944820078124,8.966052073262405,-14.275675312372334
allocation,46,1.175,0.195,0.205,0.23108243752582017,0.22926305867485056,0.03426305867485055,0.23348658493223998,0.0042235262573894206,0.0024821213647612146,-1.3187858976833825e-11,-1.3634654085293668e-11,505.5821025712926,10.0,6.938962342012713,8.323410538506645,12,0,0,0,3,0.1,0.977073694132515,1.962615573354719e-17,16.70221423406083,0.4107962438977987,7.825131603460396,14.262490639550863,-7.9173073887913015,14.828201226584968,-16.595636706997613,0.0584711880306771,-8.62071594552599,-14.103021152297115,9.001713498229691,-14.323916560345548
allocation,47,1.2000000000000002,0.195,0.205,0.22926305867485058,0.2275456704690802,0.03254567046908019,0.23163035595694428,0.004084685487864087,0.001382908630942213,-1.134813242427537e-11,-1.4600580639061568e-11,536.1988403974852,10.0,6.572825460811019,8.170891056889403,12,0,0,0,3,0.1,0.977245432953092,2.797157557069881e-17,16.774285450829314,0.4099651476081975,7.853333937402979,14.322923540463442,-7.9448893792419275,14.870633330347113,-16.64934486963825,0.06677753106944354,-8.66230180911731,-14.168934907645362,9.036622078905033,-14.372888013850588
allocation,48,1.225,0.195,0.205,0.2275456704690801,0.22595121406924618,0.03095121406924617,0.23004802800545782,0.004096813936211641,0.0014680096814149262,-1.5912210273045935e-11,-1.5912210273045935e-11,467.68991234195437,10.0,6.547906729766206,8.02466127628855,12,0,0,0,3,0.1,0.9774048785930753,2.5033568429418485e-17,16.834989179793244,0.41114561056440346,7.889040009167288,14.379077237097839,-7.961940878841337,14.908993922863148,-16.706319920318055,0.07256386373484806,-8.69932964920624,-14.233648407544045,9.07353407969968,-14.42278257960541
allocation,49,1.25,0.195,0.205,0.22595121406924612,0.22458839614637385,0.029588396146373847,0.2284091762729198,0.0038207801265459362,0.006044945640126084,-1.4163040796323509e-11,-1.6207708726919937e-11,807.1065931059964,10.0,6.459956854383785,7.879513088327524,12,0,0,0,3,0.1,0.9775411603853627,1.734723475976807e-18,16.898674513175692,0.40406717569155687,7.918132104636522,14.441857463415884,-7.992459118639933,14.95334224624438,-16.762764761708866,0.08562174842156385,-8.735037922191008,-14.299013802380093,9.100019293564584,-14.462238902673779
allocation,50,1.2750000000000001,0.195,0.205,0.22458839614637385,0.22322877482680253,0.028228774826802527,0.22707651219297303,0.0038477373661705006,0.0026421041836311803,-1.5664415873945798e-11,-1.682013555677688e-11,617.7400801461475,10.0,6.2892104629480565,7.737158849216501,12,0,0,0,3,0.1,0.9776771225173198,8.673617379884035e-19,16.96851640056857,0.41378491845712156,7.943943348279,14.491230070249745,-8.019141395219894,15.006602922665612,-16.804072709770594,0.09043442595756349,-8.776684762593511,-14.358925341662403,9.127809096241347,-14.50846862738508
allocation,51,1.3,0.195,0.205,0.2232287748268025,0.22198480977863877,0.026984809778638763,0.22568113839349696,0.003696328614858191,0.0024404033102630434,-3.8332335417084346e-18,-1.6972995787324383e-11,634.7916484162172,10.0,5.9721575497508015,7.590939117213073,12,0,0,0,3,0.1,0.9778015190221361,2.797157557069881e-17,17.029515519609266,0.4189173058373215,7.9656530859473476,14.556992026504947,-8.04976801619647,15.05410808824815,-16.861900236039244,0.10171357264727508,-8.815182875707128,-14.422208034706388,9.144918313009626,-14.553531030772218
allocation,52,1.3250000000000002,0.195,0.205,0.22198480977863874,0.22095755307903334,0.02595755307903333,0.224371763774593,0.0034142106955596663,0.006731775669497597,-1.1402945517311018e-11,-1.8020874804267894e-11,834.2418861219733,10.0,6.275902984146215,7.453511032479447,12,0,0,0,3,0.1,0.9779042446920967,3.104379629778137e-17,17.085777378226286,0.42259820764291717,7.981740801261901,14.617022608285694,-8.076466131165226,15.085281082232594,-16.922851551301815,0.11798109704841928,-8.859221100779543,-14.496158962015311,9.158673984698044,-14.593997805956475
allocation,53,1.35,0.195,0.205,0.2209575530790333,0.22009961037382803,0.02509961037382802,0.22330336157172498,0.0032037511978969535,0.01221144522220693,-8.677733890162806e-12,-1.799798518682628e-11,660.7184513441604,10.0,6.73241113120491,7.333698692877158,11,0,1,0,4,0.1,0.9779900389626172,6.938893903907228e-18,17.14749819422974,0.4311390378419289,8.003111196171554,14.67503512765916,-8.095819925863132,15.133105925743333,-16.95141538047905,0.1291008750335463,-8.893891047682521,-14.56178869860584,9.17045838278317,-14.612359684072661
allocation,54,1.375,0.195,0.205,0.22009961037382797,0.21936202344919045,0.024362023449190445,0.2222433903058494,0.0028813668566589345,0.011218132101987554,-9.36453741041754e-12,-1.8040202581102555e-11,907.1558159643009,10.0,6.813526685592767,7.219238850115756,10,0,1,0,5,0.1,0.978063797655081,1.5515838457795457e-17,17.202059486158355,0.439655334948384,8.018367337752977,14.737250314487358,-8.114318352805899,15.164068461517278,-16.99506457258853,0.14946170384181606,-8.931277031932636,-14.624072234288723,9.178658335045942,-14.63098565752253
allocation,55,1.4000000000000001,0.195,0.205,0.21936202344919045,0.218466144755928,0.02346614475592798,0.22134299038801544,0.0028768456320874547,0.006127374279214511,-1.5785468162558218e-11,-1.826739135663457e-11,913.1130480243387,10.0,6.410993975931144,7.099077836261632,10,0,0,0,5,0.1,0.9781533855244072,2.945200827377961e-17,17.269581678925217,0.45191437919609145,8.044484402734945,14.768785714309782,-8.13559077385944,15.218687339460413,-17.022339475403307,0.15885995666708794,-8.971452548662478,-14.68914776998948,9.20262698762475,-14.653310607104306
allocation,56,1.425,0.195,0.205,0.21846614475592802,0.21774027794478848,0.022740277944788473,0.2206148111959819,0.002874533251193412,0.010790322103848043,-5.077376645921558e-12,-1.8511933180409895e-11,933.543580368084,10.0,7.102872050214166,6.998695319734093,9,0,1,0,6,0.1,0.9782259722055211,2.8662335771926895e-17,17.328645480281395,0.4691235964689317,8.055420813126466,14.798682500518424,-8.157270295022517,15.27526638679843,-17.04953137530277,0.16910482786228032,-9.010597828675543,-14.747079216505835,9.198509191206018,-14.66008414251071
allocation,57,1.4500000000000002,0.195,0.205,0.21774027794478856,0.21714780338483225,0.022147803384832243,0.21997874698792022,0.002830943603087971,0.014382690050163106,-7.206479058411858e-18,-1.8560265962149272e-11,1118.9534459781362,10.0,7.805949558350958,6.912874936450258,9,0,0,0,6,0.1,0.9782852196615168,1.5540063044689707e-17,17.38810047200515,0.4891871591884788,8.06167968928008,14.823361447218847,-8.18269637507072,15.335320168800774,-17.062123509351782,0.18034243784418283,-9.05178166415078,-14.806076553976363,9.189026930058766,-14.648777604643612
allocation,58,1.475,0.195,0.205,0.21714780338483222,0.21632884817679707,0.02132884817679706,0.2193687991415799,0.0030399509647828227,0.0023141040255425785,-9.916537146722988e-12,-1.8293661196077935e-11,913.9151006501422,10.0,6.404009938748169,6.809924426161321,9,0,0,0,6,0.1,0.9783671151823203,2.5078606370050884e-17,17.424885588930387,0.4966527508648317,8.108740141089063,14.864447411407411,-8.192353733612192,15.35628491764936,-17.093509367902943,0.16984573023299376,-9.083683474903916,-14.856855654373454,9.206888144237244,-14.680382603121274
allocation,59,1.5,0.195,0.205,0.21632884817679704,0.21580592095784493,0.02080592095784492,0.21893882042641344,0.003132899468568512,0.011086785472093786,-1.813612081737002e-11,-1.8463748821473256e-11,1040.2502448493856,10.0,7.67410102838505,6.740686807808625,9,0,0,0,6,0.1,0.9784194079042156,2.8662335771926895e-17,17.463552750989912,0.49417551374579527,8.157114438183616,14.887807516966083,-8.195067386880021,15.374584823895438,-17.09785500780196,0.16638896873938974,-9.098789250395075,-14.8920625742348,9.229878504108711,-14.697204347579818
allocation,60,1.5250000000000001,0.195,0.205,0.21580592095784507,0.21518813013697238,0.020188130136972376,0.21833390599572683,0.003145775858754446,0.006840950970253438,-5.367102250081749e-12,-1.8678065828766222e-11,1469.0372235375823,10.0,7.053204305902013,6.648155136551106,9,0,0,0,6,0.1,0.9784811869863027,8.673617379884035e-19,17.46893401396655,0.4955322470576963,8.209685582854814,14.965563129807508,-8.186674159048826,15.384372901837498,-17.14834578907994,0.16848322151789077,-9.099478027897486,-14.91022067306783,9.25425491463334,-14.73846418069425
allocation,61,1.55,0.195,0.205,0.21518813013697244,0.21456091490746246,0.01956091490746245,0.2176719066207531,0.0031109917132906284,0.004544414151246651,-6.232695372524176e-12,-1.832901863560797e-11,1464.0351904977522,10.0,6.552267478753279,6.549527326361033,9,0,0,0,6,0.1,0.9785439085092538,1.3904866443919908e-17,17.4688064480587,0.49780966450522574,8.253947428001474,15.038762685410592,-8.19603656668998,15.40673266274956,-17.203080304319055,0.17354268099799836,-9.106837644690518,-14.938165567692366,9.279339823249057,-14.778727978925744
allocation,62,1.5750000000000002,0.195,0.205,0.21456091490746246,0.21392913521614979,0.01892913521614978,0.2171675196635702,0.003238384447420417,0.0012993077102981475,-4.2932215667134474e-18,-1.8170473029736075e-11,1907.0536453945738,10.0,6.614792587836416,6.460351292549776,9,0,0,0,6,0.1,0.978607086478385,7.152448122690996e-18,17.511056288899198,0.5031883283629459,8.27742836886121,15.074628545626961,-8.202383445293899,15.434235786479277,-17.265432511240636,0.17314932442352554,-9.096495406601054,-14.935641453458906,9.298532612519633,-14.824802155617643
allocation,63,1.6,0.195,0.205,0.21392913521614979,0.2134806569243954,0.018480656924395406,0.21677535552729754,0.0032946986029021297,0.007906958581780109,-1.832777697459914e-11,-1.881285151985319e-11,1624.537131212134,10.0,7.553551997702914,6.393001244050461,9,0,0,0,6,0.1,0.9786519343075605,1.3904866443919908e-17,17.562760539311288,0.5049478373476913,8.29599763601539,15.07701474486756,-8.211456996064443,15.45317934055904,-17.27432749490765,0.14782596612478285,-9.112619026876445,-15.007512721797937,9.286560173012127,-14.831249594383797
allocation,64,1.625,0.195,0.205,0.2134806569243954,0.21329200159335437,0.018292001593354368,0.21664491872621056,0.0033529171328561813,0.017318289570323407,-8.993754556443065e-12,-1.8460075663764247e-11,1176.8484707488085,10.0,9.296929147778895,6.369433552206396,9,0,0,0,6,0.1,0.9786707998406645,2.5078606370050884e-17,17.600458845699592,0.5239400453284088,8.285516865988832,15.074163692574585,-8.232503681087234,15.4963104180783,-17.26332388364323,0.1482202337075985,-9.136000149733993,-15.040350429709127,9.254886900133902,-14.796925538178357
allocation,65,1.6500000000000001,0.195,0.205,0.2132920015933544,0.21297335849521126,0.017973358495211256,0.21620184071715592,0.003228482221944662,0.005678611880765905,-1.8035112966935216e-11,-1.8670147594903785e-11,2291.339949137174,10.0,7.579014260836295,6.308631188973793,9,0,0,0,6,0.1,0.9787026641504789,2.5321169773778392e-17,17.641023089269435,0.528477965834215,8.29162786176268,15.117111053295455,-8.244730844239959,15.507798572513142,-17.324700261087063,0.15422870664208463,-9.126248613019468,-15.042716393616951,9.237634750958886,-14.802243517501376
allocation,66,1.675,0.195,0.205,0.2129733584952113,0.21310888084036833,0.018108880840368324,0.21580403073666607,0.0026951498962977383,0.014191235204661664,-8.480478145375956e-12,-1.871657479958491e-11,1002.0570006544193,10.0,9.129566713651682,6.2914427845904175,9,0,0,0,6,0.1,0.9786891119159632,7.152448122690996e-18,17.630004733934165,0.5151589509274243,8.317431680601157,15.152170841471946,-8.268482231989843,15.48655313063508,-17.331656542069172,0.17035236059161754,-9.137741533253815,-15.067810456906543,9.24276437760535,-14.791886009136885
allocation,67,1.7000000000000002,0.195,0.205,0.21310888084036836,0.21314196265596377,0.018141962655963767,0.21553837883444463,0.0023964161784808535,0.017310823435027274,-8.281514618381606e-12,-1.8711108915213118e-11,1041.0883230497593,10.0,9.088799612912345,6.27702550671295,9,0,0,0,6,0.1,0.9786858037344036,1.411962612463446e-17,17.644385279479547,0.4909130481456624,8.342452996061608,15.150753532234384,-8.274879497517947,15.471990314995272,-17.32677104579855,0.17619967275676912,-9.151098130553654,-15.098199984317533,9.248304540941975,-14.790250570169468
allocation,68,1.725,0.195,0.205,0.21314196265596377,0.21311029677952986,0.018110296779529855,0.21512561788164455,0.002015321102114692,0.012215634037609094,-6.419192994046879e-12,-1.83361880089657e-11,998.2455186524274,10.0,8.792793120761074,6.2464025551628035,9,0,0,0,6,0.1,0.978688970322047,3.1031676915590914e-17,17.67412124725111,0.48977662173607556,8.382608730202108,15.201665112888593,-8.276715221608988,15.491780030474983,-17.31790953530706,0.20865088546992794,-9.148981837803317,-15.103593671333607,9.260406915025223,-14.762286248897924
allocation,69,1.75,0.195,0.205,0.21311029677952995,0.21287069551868065,0.017870695518680646,0.21469117149545291,0.0018204759767722622,0.008848665489388032,-6.1535180171034175e-12,-1.8416436906490706e-11,948.7875878085174,10.0,8.044139554419834,6.198447131612601,8,0,1,0,7,0.1,0.9787129304481319,1.7368905267604862e-17,17.721366000614363,0.4931028751205415,8.419682303900492,15.23942247519565,-8.284675448242455,15.528620414449515,-17.30896733044774,0.23453349090391631,-9.157926984098157,-15.123032519334508,9.270716767924068,-14.740236533302486
allocation,70,1.7750000000000001,0.195,0.205,0.2128706955186807,0.21253163593106966,0.017531635931069656,0.21440098205927705,0.001869346128207383,0.009921993489943493,-1.8171313887845786e-11,-1.877505637378464e-11,1462.9570616198341,10.0,7.64897523760735,6.147895277856762,7,0,1,0,8,0.1,0.9787468364068931,2.7974937336899365e-17,17.766185947498577,0.47385054519115694,8.45931677396165,15.236550382119606,-8.279571643059642,15.531690882522236,-17.316091989467772,0.21755966746691527,-9.164195154632214,-15.160395229865467,9.278927607349148,-14.758631083552213
allocation,71,1.8,0.195,0.205,0.21253163593106977,0.21250932296762073,0.017509322967620727,0.2144352778133049,0.001925954845684169,0.018637592407609743,-7.342334911639001e-12,-1.8626304909605826e-11,1187.1252708828606,10.0,9.622313834149429,6.146438454683668,8,1,0,1,8,0.1,0.9787490677032379,1.49226555887273e-17,17.773410672361795,0.4667558725456902,8.45626565024268,15.208858421689257,-8.27111248455668,15.514841743011,-17.30511226228387,0.1856077687023965,-9.166821009931782,-15.208496108603555,9.254642817876471,-14.77630060641696
allocation,72,1.8250000000000002,0.195,0.205,0.21250932296762076,0.21243375965486117,0.01743375965486116,0.21422387951870903,0.001790119863847861,0.013944808673536176,-9.019389995735278e-12,-1.8237813129986025e-11,1021.2861258117246,10.0,8.676515843607952,6.122941173760305,7,0,1,1,9,0.1,0.9787566240345139,2.797157557069881e-17,17.793543114197554,0.4884937194145417,8.459510622769084,15.257274073371464,-8.268364705915063,15.54206692895596,-17.311944732872213,0.19500216497926862,-9.14652481539531,-15.201344905883726,9.251310535999963,-14.7581284208491
allocation,73,1.85,0.195,0.205,0.21243375965486117,0.2125326501604254,0.017532650160425406,0.21419486588079692,0.0016622157203715071,0.01734687112322464,-1.8119834021368666e-11,-1.8798557890296522e-11,1724.2400398946138,10.0,9.7847807021669,6.130259302895645,7,0,0,1,9,0.1,0.9787467349839575,1.963094669071206e-17,17.761273088109917,0.47039424509361233,8.466922814852573,15.256528915058349,-8.295828398694148,15.509984538233597,-17.315822510046182,0.18987808209867837,-9.163476939612888,-15.22007035777099,9.24948347949002,-14.761423687382905
allocation,74,1.875,0.195,0.205,0.2125326501604254,0.212378538838086,0.01737853883808599,0.21375155218425268,0.001373013346166685,0.008696374475370718,-1.8676380432642603e-11,-1.8912529698237044e-11,1932.95397724579,10.0,7.83657151585326,6.083890279277378,7,0,0,1,9,0.1,0.9787621461161914,1.9160647057153807e-17,17.797694842058476,0.4628441067613628,8.499549508916028,15.297175880566588,-8.287953392798366,15.539549476257482,-17.34514213977838,0.20311770280857164,-9.160854012831292,-15.233198868312883,9.232708146195401,-14.738932224790135
allocation,75,1.9000000000000001,0.195,0.205,0.21237853883808602,0.21284377977190466,0.017843779771904655,0.2139232135655185,0.001079433793613832,0.033179978153604274,-9.112107635324756e-12,-1.896227034999162e-11,1427.5416346793538,10.0,11.826899457985299,6.1317613247724525,7,0,0,1,9,0.1,0.9787156220228095,1.8111044797400594e-17,17.750714001320713,0.4300609027788575,8.504146726512676,15.287481622897728,-8.263340341664149,15.4528996748174,-17.35981705489973,0.18285300610978109,-9.125820152958811,-15.232075423080685,9.234857585840832,-14.763345426295388
allocation,76,1.925,0.195,0.205,0.21284377977190466,0.2124465484861178,0.01744654848611779,0.21403591093062924,0.0015893624445114385,0.007385201223299107,-1.0176326116898485e-11,-1.8883882870674466e-11,2095.6938168188117,10.0,8.466669248468005,6.103388267569043,7,0,0,1,9,0.1,0.9787553451513882,2.798502021246082e-17,17.76116945111109,0.46903483395737794,8.50215030398511,15.26838824375395,-8.274897091205837,15.493928112570075,-17.38768803273221,0.19120414913350298,-9.141824555851354,-15.217218978844256,9.23317024811357,-14.764249550004754
allocation,77,1.9500000000000002,0.195,0.205,0.21244654848611783,0.2123654253155613,0.01736542531556129,0.21413612017914999,0.0017706948635886899,0.018659476438786408,-8.372367159859029e-12,-1.859265601893e-11,1095.5429367242723,10.0,9.180034958821004,6.102023864270116,7,0,0,1,9,0.1,0.9787634574684438,2.2282926508592498e-17,17.753591593308318,0.4806361486396164,8.512982861073102,15.268645056202843,-8.28441305330636,15.488914643753766,-17.392932801197073,0.1833849600043393,-9.155234616772857,-15.219092266739388,9.221238493746956,-14.75393260673024
allocation,78,1.975,0.195,0.205,0.21236542531556132,0.2123555435233601,0.017355543523360106,0.21381657557314718,0.0014610320497870644,0.0072184580033568205,-1.8800643744328243e-11,-1.8800643744328243e-11,2412.6464947864647,10.0,9.240700590183831,6.079058250563928,6,0,1,1,10,0.1,0.978764445647664,1.5570290778067972e-17,17.715299626713552,0.44015775632037396,8.535012631088868,15.297470032519355,-8.305932300036517,15.4352423546498,-17.423394418688634,0.18365477586962425,-9.174471270582295,-15.250935381852125,9.225967044609497,-14.79691085991637
allocation,79,2.0,0.195,0.205,0.2123555435233601,0.2123704164637394,0.01737041646373938,0.21370266246135391,0.0013322459976145284,0.021910016562303212,-1.840830370489125e-11,-1.8836095328074062e-11,1781.681123114695,10.0,9.65102568312581,6.0691571949780245,7,1,0,2,10,0.1,0.978762958353626,1.4409695421113136e-17,17.718759352922785,0.4117610286193462,8.589008434230621,15.325662982427724,-8.251147371869186,15.4145186527882,-17.41366891744411,0.17951676181022325,-9.14167930055815,-15.244946808760314,9.256669783549382,-14.829322183550202
allocation,80,2.025,0.195,0.205,0.21237041646373941,0.2122701971954482,0.0172701971954482,0.21374691366022242,0.0014767164647742081,0.017826808726126794,-1.8632300393523742e-11,-1.8904549519320574e-11,2099.467766135264,10.0,9.346103292584695,6.061077761983122,7,0,0,2,10,0.1,0.9787729802804552,1.4285160807731536e-17,17.702823016715456,0.4164082428041823,8.63054244046969,15.344857331164949,-8.212728630582127,15.425131147965297,-17.39557551844963,0.17100672796169533,-9.110680648573632,-15.248909025390075,9.290299991951152,-14.84535256498448
allocation,81,2.0500000000000003,0.195,0.205,0.21227019719544815,0.21198855692510288,0.01698855692510287,0.2135539144381258,0.0015653575130229191,0.008593283993532127,-1.8161142939295557e-11,-1.888367556940453e-11,2296.5686652717286,10.0,8.197316547511564,6.0166273660559355,7,0,0,2,10,0.1,0.9788011443074898,9.271038071981241e-18,17.68821591105857,0.4264846677421632,8.672149263180206,15.403035637160066,-8.1898987900487,15.419448063895956,-17.438060737786888,0.15590768634399238,-9.082324594939815,-15.23407314103416,9.312846300242423,-14.881779477835039
allocation,82,2.075,0.195,0.205,0.21198855692510282,0.21215950658886915,0.01715950658886914,0.21355151156392535,0.0013920049750562047,0.025461869265255788,-8.194192331666753e-12,-1.8586190887238554e-11,1244.08077208532,10.0,10.182758088107951,6.032258324099852,7,0,0,2,10,0.1,0.9787840493411131,1.788112030672749e-18,17.672844029384052,0.40505185814716804,8.685921101990397,15.40936481227684,-8.167766454975254,15.367419235742778,-17.44689164046141,0.13471162577156456,-9.046814937024669,-15.235117419528509,9.332854620028042,-14.909909887947903
allocation,83,2.1,0.195,0.205,0.2121595065888692,0.2117462127319006,0.016746212731900606,0.21319352861648896,0.0014473158845883516,0.004001891788800326,-1.883304944070182e-11,-1.883304944070182e-11,1731.9129768791272,10.0,6.768142356906926,5.968588026484265,7,0,0,2,10,0.1,0.97882537872681,7.05981306231723e-18,17.712790143390517,0.41422476181142653,8.686508160318052,15.419636581536219,-8.18830267470721,15.404497876390918,-17.46169786759664,0.12694296764740104,-9.071901089435887,-15.276931301408654,9.323573795807146,-14.914925550520824
allocation,84,2.125,0.195,0.205,0.2117462127319007,0.2113560669908611,0.01635606699086109,0.2130519361069636,0.0016958691161025052,0.003801887497697525,-8.893101816763569e-18,-1.8603452704523578e-11,2352.993632580684,10.0,7.277314599913176,5.921639870321812,7,0,0,2,10,0.1,0.9788643933009139,1.7433755170605403e-17,17.75287180821895,0.42215063396276226,8.685805415343179,15.423200161139206,-8.210430119025345,15.438466255856316,-17.464805539531238,0.10732800658620956,-9.075380092729189,-15.285444912505668,9.32069336897596,-14.931560777744643
allocation,85,2.15,0.195,0.205,0.21135606699086118,0.21103563263145989,0.01603563263145988,0.2129419003587237,0.0019062677272638218,0.005176381281588202,-1.8202977010217663e-11,-1.843277445450415e-11,2841.1989984667357,10.0,7.928426922481993,5.885481281230719,6,0,1,2,11,0.1,0.978896436736854,1.5521898148890684e-17,17.7980314184158,0.4315862156237357,8.664150871415233,15.396595940924419,-8.233036906417391,15.477212434448761,-17.468752242129842,0.09448128459684627,-9.084415823106891,-15.31021419222979,9.316401031668006,-14.93430983752715
allocation,86,2.1750000000000003,0.195,0.205,0.21103563263145983,0.21119342358733761,0.016193423587337608,0.21289060510269978,0.0016971815153621617,0.01577980475061616,-1.809814113943877e-11,-1.8771337907255172e-11,1882.989059167261,10.0,9.934256541668617,5.899148523558047,6,0,0,2,11,0.1,0.9788806576412662,7.05981306231723e-18,17.769851377333797,0.40408826606735593,8.650819623143873,15.383483972888857,-8.266516525030712,15.435658374912823,-17.460718453601253,0.07733256376542544,-9.109108051035538,-15.344003360719363,9.307368002007818,-14.950463568598334
allocation,87,2.2,0.195,0.205,0.21119342358733761,0.21105308079196164,0.016053080791961633,0.21287009589935946,0.001817015107397818,0.012760200466483655,-1.8640417495542322e-11,-1.8640417495542322e-11,1844.2960533344885,10.0,8.711442066824896,5.8852421560927235,6,0,0,2,11,0.1,0.9788946919208038,1.9645312551903404e-17,17.784859260071652,0.41390886546365213,8.640085315612232,15.373100168686502,-8.283322825074158,15.474914259964487,-17.454117761054956,0.0874476992719264,-9.139583462883465,-15.355209145936177,9.275901085983353,-14.934310849322527
allocation,88,2.225,0.195,0.205,0.21105308079196167,0.2110567340332605,0.016056734033260495,0.21252615213576734,0.0014694181025068365,0.008171189812031123,-1.8262076271670308e-11,-1.8527722346032863e-11,1910.1935824642405,10.0,8.385955802979046,5.862084540594917,6,0,0,2,11,0.1,0.978894326596674,6.992893892674703e-18,17.80503796752655,0.43010661764342956,8.613773589165433,15.405569628939158,-8.294950425842298,15.485088627747288,-17.475633445532043,0.11260351373058897,-9.16218071635325,-15.373576191798533,9.251969269587494,-14.912217542017663
allocation,89,2.25,0.195,0.205,0.21105673403326058,0.21076942065064103,0.01576942065064102,0.21234696197860073,0.0015775413279597028,0.0058592186020395695,-1.821985427751378e-11,-1.8687419244432842e-11,1628.3792378650787,10.0,7.553930675440395,5.824614496347161,6,0,0,2,11,0.1,0.978923057934936,1.431146867680866e-17,17.82563534977926,0.41615819135060805,8.629857009773605,15.402361297223795,-8.307032662676562,15.480889063166957,-17.478002831540557,0.08427455023475096,-9.170838729285283,-15.404231468788854,9.267723153753911,-14.94022855133839
allocation,90,2.275,0.195,0.205,0.21076942065064094,0.21059811131596892,0.015598111315968916,0.2121215748747021,0.0015234635587331735,0.006666422774891683,-8.049790437587713e-18,-1.8463087052034612e-11,943.9255592757379,10.0,7.867619579888071,5.7901973088520915,6,0,0,2,11,0.1,0.9789401888684031,3.576224061345498e-18,17.843885873445224,0.4103611510395433,8.663343871851449,15.44252965740188,-8.273414030722426,15.475819471064254,-17.49275703565011,0.07849672315273006,-9.14512667930368,-15.40447368486239,9.28589605674613,-14.96671853064741
allocation,91,2.3000000000000003,0.195,0.205,0.21059811131596895,0.2106368570143567,0.015636857014356687,0.21249113740329922,0.0018542803889425308,0.016001642480150083,-1.8267914133024985e-11,-1.880815795537538e-11,2537.618889235973,10.0,10.285306476087786,5.820518719238203,6,0,0,2,11,0.1,0.9789363142985643,1.3985787785349405e-17,17.86034068920425,0.4363755017127446,8.624678415249406,15.408527000650915,-8.267123759462505,15.49938338011664,-17.473960744123023,0.07184791117836273,-9.128047074043348,-15.393070330790136,9.27029790435578,-14.939563520270184
allocation,92,2.325,0.195,0.205,0.21063685701435664,0.21039409888995061,0.015394098889950608,0.21249484232904203,0.002100743439091418,0.005752733132135313,-1.8623349793203853e-11,-1.8623349793203853e-11,1891.5381613355385,10.0,8.219855812134432,5.7961505249219245,6,0,0,2,11,0.1,0.9789605901110049,9.965227682168975e-18,17.853967501354973,0.47333070350026596,8.626693150154086,15.45049128443501,-8.293717624447078,15.522607501401547,-17.46066861066329,0.06410461900458378,-9.15271841991452,-15.38383735329462,9.2654535329275,-14.933790974266609
allocation,93,2.35,0.195,0.205,0.21039409888995061,0.21029376826517598,0.015293768265175978,0.2127055257439038,0.0024117574787278218,0.011834562921596407,-8.756911628906918e-12,-1.8544625755981735e-11,1113.3059113505428,10.0,9.104043841363806,5.799101627028613,6,0,0,2,11,0.1,0.9789706231734824,1.9645312551903404e-17,17.84989558123557,0.4707175111866278,8.661654783155337,15.445098318671906,-8.269537273819951,15.502116750332616,-17.452764008335286,0.0431658059012205,-9.14853023101959,-15.371864140080305,9.271491209888579,-14.954420086130284
allocation,94,2.375,0.195,0.205,0.21029376826517598,0.21027770738705362,0.015277707387053613,0.2126571611634114,0.002379453776357787,0.014795964674283164,-5.414038201518526e-12,-1.8671236463223645e-11,1056.2072076324378,10.0,8.783631805273856,5.79032057151549,6,0,0,2,11,0.1,0.9789722292612947,1.5612511283791264e-17,17.826214220847465,0.46392457555653976,8.677181780504057,15.474750575346297,-8.258813096072577,15.480401729619912,-17.49371818819481,0.04133480723885957,-9.137158707368247,-15.349266558451385,9.271271391095617,-14.971601652563335
allocation,95,2.4000000000000004,0.195,0.205,0.2102777073870536,0.21126803774283787,0.01626803774283786,0.21398897072140774,0.0027209329785698733,0.03903527112568199,0.0,-1.8732827096484385e-11,1962.8298584089996,10.0,16.824210102992907,5.9789595518315455,7,1,0,3,11,0.1,0.9788731962257162,1.8683543625880677e-17,17.796988701963986,0.46887088246187864,8.592555160566196,15.412061281975399,-8.158578791936867,15.418232861605185,-17.44132783828488,0.04683927116889755,-9.060629946661939,-15.289252518763396,9.198787545164722,-14.901264270949495
allocation,96,2.4250000000000003,0.195,0.205,0.2112680377428379,0.2131130464265042,0.018113046426504187,0.21579800775645644,0.0026849613299522457,0.0872396174512296,-7.353913193551731e-12,-1.8760410431733152e-11,2533.4827190860346,10.0,20.974493217135723,6.270770000485345,7,0,0,3,11,0.1,0.9786886953573496,1.962615573354719e-17,17.70160013777097,0.4439224571471061,8.549279919173708,15.276164489050197,-8.115159876541613,15.293870931793705,-17.316290081795444,0.04829481256428651,-9.015327281075058,-15.147530333506365,9.14296871527367,-14.824673292326791
allocation,97,2.45,0.195,0.205,0.2131130464265042,0.21291608454587146,0.017916084545871458,0.21532123830620678,0.0024051537603353157,0.011159996084049141,-2.4532694666933983e-18,-1.8546238780656087e-11,1203.2032520958624,10.0,8.24211669033674,6.219287929955629,7,0,0,3,11,0.1,0.9787083915454129,2.2215299868541707e-17,17.72655069113868,0.4541183580736575,8.591713822502467,15.33692870203909,-8.126807807492346,15.344250210447047,-17.31369529903811,0.09413115115077986,-9.027376655326371,-15.128094585348206,9.15481896614454,-14.817709968235688
allocation,98,2.475,0.195,0.205,0.21291608454587152,0.21246150742057268,0.017461507420572675,0.21512228350902243,0.002660776088449751,0.005075633494428854,-1.8159034354188935e-11,-1.8707272615084574e-11,1235.2401991304623,10.0,7.4044244825773005,6.164943105405299,7,0,0,3,11,0.1,0.9787538492579427,9.965227682168975e-18,17.762580634567794,0.4683837480920982,8.597908231776513,15.366134561052528,-8.142091161778824,15.386823365168842,-17.33392549831702,0.09965093026600856,-9.029395703616517,-15.118803759685424,9.145862311929248,-14.833858000606549
allocation,99,2.5,0.195,0.205,0.21246150742057268,0.21206545825131812,0.01706545825131811,0.21521906580685374,0.0031536075555356202,0.006481870571208723,-1.871962237357991e-11,-1.872761635213713e-11,2038.4462318059952,10.0,8.601124736908627,6.134727142933875,7,0,0,3,11,0.1,0.9787934541748682,1.9645312551903404e-17,17.79162207154157,0.48306509796054575,8.626798191586108,15.383628274796756,-8.138216799335597,15.393946405563685,-17.349549513168974,0.07734442793090424,-8.99939977343594,-15.076765372290849,9.16024133634502,-14.867151705338115
allocation,100,2.5250000000000004,0.195,0.205,0.21206545825131815,0.21185545515410653,0.016855455154106525,0.21494352200447372,0.0030880668503671937,0.008363001898883067,-1.78732201815347e-11,-1.8911736065564568e-11,1553.394581329826,10.0,8.030850607709393,6.097899954194935,7,0,0,3,11,0.1,0.9788144544845894,1.5521898148890684e-17,17.81283692400228,0.47977704781734604,8.6484696214983,15.42556946377202,-8.123923102525406,15.393184394787982,-17.375544470946558,0.07320996831585348,-8.982909711217015,-15.100911846458487,9.15871662373825,-14.866356242220265
allocation,101,2.5500000000000003,0.195,0.205,0.21185545515410653,0.2115580346494183,0.016558034649418296,0.21484362802462575,0.0032855933752074518,0.008679370469455886,-1.0746651776120132e-11,-1.8603978355839152e-11,2459.2636613797795,10.0,8.499511892158951,6.066364410278525,7,0,0,3,11,0.1,0.9788441965350582,1.5732516979464565e-17,17.854572174829357,0.49858084873450137,8.618511101085794,15.390826103618513,-8.142542173412968,15.433746269695954,-17.37983885845899,0.07433471520522807,-8.998599719888844,-15.131927622818381,9.166020052001473,-14.858945919306246
allocation,102,2.575,0.195,0.205,0.2115580346494183,0.21132534444013207,0.01632534444013206,0.21441801878094124,0.003092674340809176,0.0070117356940133085,-6.746491033406846e-18,-1.881495151851668e-11,1560.5575330969812,10.0,7.3097019189511885,6.016549160884694,6,0,1,3,12,0.1,0.9788674655559868,9.813077866773595e-18,17.87450451365564,0.5035146398198211,8.616881312709527,15.428988117748059,-8.153086998281978,15.43808333909326,-17.41117468393502,0.08686067303503608,-9.017234474266912,-15.161303418574068,9.166869455892217,-14.863344880026457
allocation,103,2.6,0.195,0.205,0.211325344440132,0.2109996727662393,0.015999672766239287,0.21425962393307774,0.003259951166838443,0.005845146726280714,-1.77796987895362e-11,-1.8998851051009486e-11,1303.6806839366075,10.0,7.6625132562423,5.974999178447261,6,0,0,3,12,0.1,0.9789000327233761,6.992893892674703e-18,17.875342018575303,0.5135011033554967,8.600436219624738,15.450925686900106,-8.186672746958743,15.465118247186668,-17.450469042093893,0.08286382606475542,-9.024946478044354,-15.15791618051974,9.156133580100123,-14.877242083466788
allocation,104,2.625,0.195,0.205,0.21099967276623932,0.21085936339478498,0.01585936339478497,0.21420453083980467,0.0033451674450196978,0.012173951739024124,-1.81544231275676e-11,-1.8711491011932553e-11,2500.9550610621814,10.0,8.81724324667349,5.957371680491651,6,0,0,3,12,0.1,0.9789140636605215,1.5732516979464565e-17,17.861388099736086,0.5092205734243705,8.596701776893163,15.474530186137763,-8.204064891790326,15.447232581795534,-17.50620483062826,0.07788448151018762,-9.014367412007243,-15.125518031421821,9.15068341522627,-14.90532934486607
allocation,105,2.6500000000000004,0.195,0.205,0.21085936339478495,0.21064371981554858,0.015643719815548573,0.21393205506506907,0.003288335249520491,0.00785896181763859,-1.8399521000200487e-18,-1.8307642072109937e-11,905.6614748903008,10.0,7.583194517688731,5.916143927171184,6,0,0,3,12,0.1,0.9789356280184451,1.963094669071206e-17,17.857267888050924,0.5288701316553757,8.617212332730688,15.52002166380358,-8.217058508149286,15.467577768429528,-17.532358979373818,0.0875791888818854,-9.028089957335222,-15.11816505754325,9.158625398695277,-14.904437590845758
allocation,106,2.6750000000000003,0.195,0.205,0.21064371981554858,0.21063653626245102,0.015636536262451012,0.21384871092025298,0.003212174657801964,0.016644823108032454,-1.8809540219390523e-11,-1.8941771443645296e-11,2112.22123411862,10.0,8.896840154387744,5.909139537567801,6,0,0,3,12,0.1,0.9789363463737549,1.5521898148890684e-17,17.865235546730947,0.49427674316356646,8.637847651802147,15.510749282011382,-8.22333385884829,15.44779610494178,-17.55538853379664,0.06288204376062878,-9.0223263349462,-15.12087174370161,9.149823005472507,-14.90964959059039
allocation,107,2.7,0.195,0.205,0.210636536262451,0.21042540247544667,0.015425402475446659,0.2133801679250952,0.0029547654496485387,0.007711386003595078,-2.7599281500300733e-18,-1.8693688862047492e-11,771.7948848869679,10.0,6.874403991148528,5.856816924316747,6,0,0,3,12,0.1,0.9789574597524553,6.938893903907228e-18,17.879063019462325,0.48512935719210204,8.655185703196215,15.539889827216184,-8.23619395271567,15.460289830257626,-17.579117726316692,0.07019855750576556,-9.03260830664301,-15.144732535897134,9.169660955781328,-14.924625053155504
allocation,108,2.725,0.195,0.205,0.21042540247544667,0.21027966930763142,0.015279669307631416,0.2133238054156134,0.0030441361079819873,0.0069579306810107384,-1.875966187788713e-11,-1.876139909932823e-11,2220.5895901667814,10.0,8.261803065836185,5.83643005507966,6,0,0,3,12,0.1,0.9789720330692369,6.942281208919283e-18,17.878461603379225,0.4938701035903073,8.66253413604314,15.50625037627993,-8.245887464231645,15.49151521444109,-17.575587111458415,0.06862445076263543,-9.051477151509122,-15.164628671847503,9.189439480633672,-14.926737534377335
allocation,109,2.75,0.195,0.205,0.2102796693076313,0.21027914185171312,0.015279141851713113,0.21315085590860083,0.002871714056887714,0.009513876745874603,-1.8549681331035225e-11,-1.901129648701402e-11,1612.7329459604682,10.0,8.45794041068764,5.82134007644444,6,0,0,3,12,0.1,0.9789720858148286,2.7755575615628914e-17,17.861696617756685,0.473102332409381,8.696055613711234,15.50086057685588,-8.24253312288267,15.48175801490036,-17.574238816855797,0.06085733755610585,-9.075371151893806,-15.188924327696457,9.202608979118253,-14.939746714255817
allocation,110,2.7750000000000004,0.195,0.205,0.21027914185171312,0.2102788723191014,0.015278872319101383,0.21274365362875294,0.0024647813096515536,0.006673396645726577,-1.7950278908776958e-11,-1.8800201849165553e-11,1495.8143545636535,10.0,7.889223465977186,5.792768940963616,6,0,0,3,12,0.1,0.9789721127680898,2.0816681711721685e-17,17.852390931126163,0.45710693389681645,8.725067240815894,15.534218946495503,-8.24701498915402,15.497594062090297,-17.585093490417233,0.08532916423177712,-9.087184070402405,-15.197628437611927,9.220765529536228,-14.938091921186135
allocation,111,2.8000000000000003,0.195,0.205,0.21027887231910133,0.21016606864616766,0.015166068646167652,0.2126256340700758,0.0024595654239081277,0.005397274242229757,-1.8810144183667354e-11,-1.886120300777225e-11,2209.866463094884,10.0,8.200854682051826,5.772879004699733,6,0,0,3,12,0.1,0.9789833931353832,1.5521898148890684e-17,17.83253553803377,0.4463637633404524,8.74995377946255,15.546224291357625,-8.259461967977606,15.503250797694212,-17.565011012459788,0.07755401044194456,-9.116681965920074,-15.213572358658762,9.230790959014717,-14.9595048531659
allocation,112,2.825,0.195,0.205,0.21016606864616758,0.20997710823660184,0.014977108236601838,0.21240384195586035,0.0024267337192585003,0.007378211290620118,-1.7855362526427957e-11,-1.8885286447468097e-11,1727.1656352003333,10.0,7.804907413965084,5.7398913651641905,6,0,0,3,12,0.1,0.9790022891763398,3.1031676915590914e-17,17.81987598464771,0.4251641735438607,8.773498727566636,15.573391269135891,-8.267343994496358,15.505148580038526,-17.607975062657705,0.08378415067522132,-9.12364255775457,-15.188924466258836,9.23431020328262,-14.993285476736354
allocation,113,2.85,0.195,0.205,0.20997710823660184,0.20989236500583613,0.014892365005836128,0.21233036982989434,0.002438004824058204,0.010512284795758173,-3.066586833366748e-18,-1.8825156506180758e-11,976.965836735174,10.0,8.217445746232926,5.726710830811759,6,0,0,3,12,0.1,0.9790107634994164,1.5540063044689707e-17,17.804299270358435,0.4274851731969084,8.792548578962656,15.594973681266971,-8.268309285931556,15.506480758262201,-17.62633321890556,0.08814733790735692,-9.13442199284922,-15.182010315456392,9.235262487727315,-14.99262469859819
allocation,114,2.875,0.195,0.205,0.20989236500583613,0.20965795165260218,0.01465795165260217,0.21222511403158512,0.00256716237898294,0.004714466819730768,-1.8585368428649845e-11,-1.8747782380482692e-11,2315.543657360733,10.0,7.648353484404892,5.697522076384268,6,0,0,3,12,0.1,0.9790342048347398,1.7359427749116664e-17,17.814337763524524,0.4388803021218635,8.789473854406193,15.601958012260463,-8.265841401990176,15.51563713115081,-17.671029563829343,0.09869242190564896,-9.140945085387594,-15.16470295357019,9.239277650567276,-15.007325974026108
allocation,115,2.9000000000000004,0.195,0.205,0.20965795165260218,0.20963797854609934,0.014637978546099328,0.2122250684763158,0.002587089930216474,0.013218121277045572,-8.150412204740193e-12,-1.8800328192543087e-11,2055.1336328493894,10.0,9.169149741576417,5.696978229302221,6,0,0,3,12,0.1,0.9790362021453901,1.5540063044689707e-17,17.783832156500974,0.4264795161682463,8.807578759124745,15.628042244439493,-8.261555625073361,15.482298447746484,-17.709195801520938,0.08092985241763946,-9.116853277653208,-15.13663329979917,9.250841132318236,-15.037492388584292
allocation,116,2.9250000000000003,0.195,0.205,0.20963797854609934,0.2096279003889664,0.014627900388966386,0.2121963760841541,0.0025684756951876997,0.013541130922851152,-1.0109205890924486e-11,-1.8885473815923615e-11,2013.5342677216945,10.0,9.172484938036623,5.697146344906187,6,0,0,3,12,0.1,0.9790372099611033,1.974558093044457e-17,17.75876944056778,0.4094033981297254,8.8295068234677,15.651819053700777,-8.249602071555058,15.44455225458041,-17.742322211383275,0.0627969736201457,-9.09372417015154,-15.116011702010416,9.264251407880344,-15.069734203480444
allocation,117,2.95,0.195,0.205,0.20962790038896634,0.20972863472118924,0.014728634721189238,0.21220895774518297,0.00248032302399373,0.01741086987571903,-9.813577720427432e-12,-1.8788465408036893e-11,1168.5487955213218,10.0,9.401244258383157,5.710704750311638,7,1,0,4,12,0.1,0.9790271365278811,3.103243451564268e-17,17.729281675707863,0.40369560709419694,8.850652238815748,15.677895326752063,-8.234614829115978,15.414693260045679,-17.75531622335297,0.05840680536053497,-9.079380055464975,-15.100431489151632,9.274382611073866,-15.07743766848413
allocation,118,2.975,0.195,0.205,0.20972863472118924,0.2095167143472101,0.01451671434721008,0.21212455742552,0.0026078430783099127,0.004938422284185191,-9.290821416152994e-12,-1.8568200448921925e-11,975.9036696137593,10.0,7.860436166685891,5.686734013836025,7,0,0,4,12,0.1,0.979048328565279,1.389302603484999e-17,17.732081850713474,0.416396678423037,8.872043242345192,15.714634966242684,-8.2162981610444,15.419662665788827,-17.775957270818036,0.05313027235405818,-9.068321312846258,-15.091489434907858,9.280277675954409,-15.08693368664128
allocation,119,3.0,0.195,0.205,0.20951671434721011,0.20938143847415394,0.014381438474153935,0.21198483457366907,0.002603396099515126,0.00562905148258744,-1.0197735492875635e-11,-1.8673079750236846e-11,1746.3272358952333,10.0,7.8573610091922514,5.66580469267695,7,0,0,4,12,0.1,0.9790618561525846,1.5515838457795457e-17,17.750100109224302,0.41203578322854956,8.875958105247049,15.727194922534883,-8.208240041606738,15.416580444851846,-17.788900133865035,0.03831353883953011,-9.044485266649444,-15.104084843203314,9.291268298008301,-15.103443572842039
allocation,120,3.0250000000000004,0.195,0.205,0.20938143847415397,0.209464810366982,0.014464810366981995,0.21176870712572357,0.0023038967587415693,0.010410768465242897,-1.8297858433476764e-11,-1.8805587695620996e-11,1863.291826241063,10.0,8.578494339929549,5.657169542114793,6,0,1,4,13,0.1,0.9790535189633018,2.9440032179810693e-17,17.749732809080573,0.38945348282116043,8.872835637140998,15.716042010191975,-8.227956385382885,15.394980834547098,-17.789207638280505,0.02105073515031323,-9.063352436220956,-15.154127806874248,9.290114273236618,-15.097527635979356
allocation,121,3.0500000000000003,0.195,0.205,0.20946481036698197,0.20957830391506407,0.014578303915064067,0.21159103118834077,0.0020127272732766988,0.01025732568173167,-1.7894230747894173e-11,-1.8978639177190764e-11,1837.7088908113994,10.0,8.851768711813477,5.655995746409513,6,0,0,4,13,0.1,0.9790421696084936,2.082119873069895e-17,17.74208094911056,0.3539440909945937,8.874070608084308,15.697677630428364,-8.242894984454868,15.375133005437261,-17.78235410273259,0.013393554230417548,-9.086427133261331,-15.19459041482638,9.286411838746881,-15.106112402692718
allocation,122,3.075,0.195,0.205,0.20957830391506405,0.209404302962881,0.014404302962881005,0.21142026320014903,0.002015960237268022,0.00657981952186485,-1.8694315672396232e-11,-1.8699327088599322e-11,1683.186789152111,10.0,7.62549660112113,5.6246438554707305,6,0,0,4,13,0.1,0.9790595697037119,1.3877787807814457e-17,17.770709623513227,0.3511430706549935,8.874612383370142,15.687782880550923,-8.257413879683215,15.407718383074236,-17.761701575797918,0.018594345835898852,-9.114139423994951,-15.230142709082473,9.275847047349126,-15.104251770902643
allocation,123,3.1,0.195,0.205,0.20940430296288107,0.20923503999867968,0.014235039998679672,0.21122360981621324,0.001988569817533564,0.006215784378243919,-1.815164479989657e-11,-1.86466796191854e-11,1585.3597899068427,10.0,7.448748277430129,5.593143420912723,6,0,0,4,13,0.1,0.979076496000132,1.963094669071206e-17,17.79722678835566,0.3521482285259839,8.872169550898741,15.685327567682474,-8.274846829480031,15.436700580899194,-17.74808060308892,0.022920596617203783,-9.136181104457519,-15.261589295001421,9.27103692526795,-15.100865513325124
allocation,124,3.125,0.195,0.205,0.20923503999867968,0.20935077906884236,0.014350779068842356,0.2113683400878142,0.002017561018971825,0.015846052300707635,-1.8588619930669264e-11,-1.879881897183305e-11,2051.7846993881185,10.0,9.469666105373804,5.614983063888865,6,0,0,4,13,0.1,0.9790649220931158,3.496446946337351e-18,17.795573876510865,0.3298461270554382,8.871969737770264,15.661356406389459,-8.266658667924922,15.41301309918307,-17.750416275274098,-0.0002665476664308261,-9.114048507374937,-15.260722456242465,9.260245965027623,-15.112449522271385
allocation,125,3.1500000000000004,0.195,0.205,0.20935077906884234,0.20934748760804467,0.014347487608044662,0.2112284846845728,0.0018809970765281403,0.010743272869082535,-5.575329629241018e-12,-1.8676093323450332e-11,951.9563753492677,10.0,8.179151555028497,5.603245886866816,6,0,0,4,13,0.1,0.9790652512391955,2.7769124835677133e-17,17.80487585990554,0.3427515311799469,8.85058093448708,15.67411839952657,-8.284922641122478,15.437264991024234,-17.74993206243462,0.008934487809780551,-9.113795107072496,-15.273909600915882,9.255214777170359,-15.091771044712285
allocation,126,3.1750000000000003,0.195,0.205,0.2093474876080447,0.2093789075373586,0.014378907537358598,0.21115839618633434,0.00177948864897573,0.013155141027428202,-6.801400723927744e-12,-1.876899764151329e-11,995.2290847529767,10.0,8.465953160729802,5.60100610984006,6,0,0,4,13,0.1,0.9790621092462641,2.8613079272610746e-17,17.821646335529923,0.35198108432272174,8.854829405515032,15.683130161173844,-8.289333192832878,15.449767570043118,-17.73311767412319,0.01657292768577888,-9.107709598100893,-15.27528399325992,9.267083150486652,-15.069757421891879
allocation,127,3.2,0.195,0.205,0.20937890753735863,0.20932906141255372,0.014329061412553717,0.2111542070752297,0.00182514566267597,0.010541091312529848,-1.893229017047389e-11,-1.893229017047389e-11,2369.161411443436,10.0,8.445649055044994,5.594959260543473,6,0,0,4,13,0.1,0.9790670938587446,1.966923233740024e-17,17.80721457222938,0.36937172715911837,8.84524363198938,15.666465002094876,-8.294483600158745,15.479424509839772,-17.745615489865497,0.04453243238246328,-9.120038923206538,-15.276186274670733,9.278625862070507,-15.059260903710147
allocation,128,3.225,0.195,0.205,0.20932906141255378,0.20922021835506663,0.014220218355066622,0.2108835718683199,0.0016633535132532795,0.004089044082977624,-1.8775759312151522e-11,-1.8775759312151522e-11,2122.2665765284564,10.0,7.562725308853968,5.567803475734171,6,0,0,4,13,0.1,0.9790779781644934,2.8609792490763984e-17,17.78698062995617,0.36811899837435363,8.864545134801912,15.696448096057164,-8.299343753683088,15.487051693967594,-17.769516679853155,0.06437683500455822,-9.134592086054324,-15.286195676699815,9.289218122491162,-15.06704539574327
allocation,129,3.25,0.195,0.205,0.20922021835506657,0.20918181042037598,0.014181810420375973,0.21070097054084838,0.0015191601204724015,0.005270773327470579,-1.8430321031708116e-11,-1.8475473302913267e-11,1184.9808383304012,10.0,8.021705568965084,5.554884156494883,6,0,0,4,13,0.1,0.9790818189579624,6.952433221959954e-18,17.77442832066595,0.3455606502436759,8.879795854904804,15.706288544762092,-8.308704718342804,15.47830414752633,-17.781671685418676,0.0745489791579395,-9.153049286816914,-15.293845240453873,9.291101989564275,-15.083660639010722
allocation,130,3.2750000000000004,0.195,0.205,0.20918181042037598,0.20916129430679165,0.014161294306791639,0.21073811147209628,0.0015768171653046392,0.010678633246352525,-5.971263401788031e-12,-1.8535072111361064e-11,2049.3796706382277,10.0,8.676511571271678,5.5535107508866535,6,0,0,4,13,0.1,0.9790838705693208,6.992893892674703e-18,17.807767498967255,0.3382360898778443,8.898627550781764,15.684003951747949,-8.28798865801689,15.494385269041704,-17.750321274965117,0.07000077777607495,-9.150774488257118,-15.314906841630807,9.278550253965815,-15.074614279620647
allocation,131,3.3000000000000003,0.195,0.205,0.20916129430679165,0.20907004696921935,0.014070046969219346,0.2105476446509967,0.001477597681777354,0.007360017655561281,-5.2131976167234716e-18,-1.8623377277488345e-11,860.8459161695145,10.0,7.4881152098485675,5.53091381906546,6,0,0,4,13,0.1,0.979092995303078,6.938893903907228e-18,17.81822670781004,0.3461823867809872,8.89221895636569,15.701018747401852,-8.298708161989376,15.50489026552107,-17.761891704151143,0.06874583991100185,-9.147069969156304,-15.329748589387012,9.280947282450738,-15.072411081777387
allocation,132,3.325,0.195,0.205,0.2090700469692193,0.20914392484146452,0.014143924841464511,0.21073829963701235,0.0015943747955478316,0.0124322902864688,-5.114884682797834e-12,-1.88193306811794e-11,1468.4564794980454,10.0,9.217059589459401,5.548601006909196,6,0,0,4,13,0.1,0.9790856075158535,2.797157557069881e-17,17.82026686443108,0.372860890988544,8.874663151770987,15.708372034779568,-8.289301031735617,15.520069339107804,-17.750083253789604,0.06833351986521698,-9.130311718973077,-15.314218991410788,9.269633720495433,-15.046941669761495
allocation,133,3.35,0.195,0.205,0.20914392484146457,0.2090139632285792,0.014013963228579202,0.21090201722700255,0.0018880539984233446,0.003911489341389346,-1.8626234838096684e-11,-1.880245303055993e-11,2041.3938116237512,10.0,8.626186505481499,5.546436745241695,6,0,0,4,13,0.1,0.9790986036771421,1.3877787807814457e-17,17.844933319114812,0.39608300847398026,8.840545439429738,15.687523572813276,-8.282769521363763,15.528111991318616,-17.755864170208923,0.049717194583586644,-9.099769345933236,-15.31887234584606,9.278577025297135,-15.049243279972792
allocation,134,3.375,0.195,0.205,0.2090139632285792,0.20907399775162708,0.014073997751627071,0.2109364352463721,0.0018624374947450173,0.012515764876672419,-1.8416799223725068e-11,-1.8729968424238322e-11,1578.5041955814254,10.0,8.919095624860216,5.55342616851136,6,0,0,4,13,0.1,0.9790926002248372,2.7758963540648015e-17,17.827759679494672,0.40468885011118627,8.815210809633465,15.678624510961447,-8.314937385655972,15.513635311111559,-17.752759732007867,0.0262485303368765,-9.112717099896859,-15.34178507024724,9.277127774689014,-15.039346722467084
allocation,135,3.4000000000000004,0.195,0.205,0.20907399775162702,0.20890602839122638,0.013906028391226372,0.21090423701342983,0.0019982086222034567,0.0051672699643319,-4.906538933386797e-18,-1.8479166393436688e-11,2288.880816800526,10.0,8.020174319800327,5.535711118417119,6,0,0,4,13,0.1,0.9791093971608773,2.8610614221624256e-17,17.819236333348485,0.41713588829632303,8.82677533104296,15.71845852796655,-8.301939743817151,15.510396581651023,-17.785485627026564,0.03040954588664902,-9.112382226787597,-15.311048188234091,9.276408024948214,-15.053544833125198
allocation,136,3.4250000000000003,0.195,0.205,0.20890602839122635,0.20893538812013634,0.013935388120136338,0.21093572740625705,0.0020003392861207003,0.011769543283828504,-6.627001170786027e-12,-1.879384052143842e-11,2017.160152369209,10.0,8.761282080758031,5.542309210980834,6,0,0,4,13,0.1,0.9791064611879864,1.5515838457795457e-17,17.811743313680907,0.4028691862864178,8.820730750513615,15.718709012397717,-8.308821166650086,15.491094611305964,-17.808401562284768,0.016627434127167287,-9.093612246743339,-15.297236188611443,9.27115813881625,-15.068452241723639
allocation,137,3.45,0.195,0.205,0.2089353881201363,0.20901257482917807,0.01401257482917806,0.2106893148233412,0.0016767399941631234,0.007871605019936804,-1.84725292501816e-11,-1.8940642326373252e-11,1964.6261620278722,10.0,8.24540318933716,5.534765447701892,6,0,0,4,13,0.1,0.9790987425170822,8.673617379884035e-19,17.80553453856959,0.381558234793295,8.833161115654592,15.734026116005355,-8.31209312831722,15.464666025763432,-17.819801613991157,0.007379056874189022,-9.090231765894565,-15.319940763952344,9.28338178187125,-15.074857430374411
allocation,138,3.475,0.195,0.205,0.20901257482917807,0.20900536661125302,0.014005366611253012,0.21079396472216722,0.0017885981109141968,0.011634551511773653,-9.240649142301622e-12,-1.854134236145925e-11,1049.3582161577012,10.0,8.676454863002485,5.540978605155804,6,0,0,4,13,0.1,0.9790994633388747,9.822656275951702e-18,17.803646620201125,0.3945129339025246,8.848835552445134,15.749327722525445,-8.29831059306228,15.468279518786058,-17.807096536573162,0.009111519202812408,-9.083101270301485,-15.301983624093191,9.286898803899568,-15.068429740281358
allocation,139,3.5,0.195,0.205,0.20900536661125305,0.20886281819521244,0.013862818195212429,0.21064378528677982,0.001780967091567387,0.006184075964555905,-3.066586833366748e-18,-1.892479297898368e-11,2120.9873284603964,10.0,7.637168541718231,5.518731912797159,6,0,0,4,13,0.1,0.9791137181804788,1.9684764611370358e-17,17.802270549737734,0.40383924691929185,8.858509385629539,15.782180331445481,-8.290378077037685,15.460305373124232,-17.83604718442914,0.017778863975017885,-9.093342774781613,-15.293691841642154,9.288263848992543,-15.079645911527008
allocation,140,3.5250000000000004,0.195,0.205,0.2088628181952124,0.20889116630220683,0.013891166302206825,0.21064209736392947,0.0017509310617226381,0.011705900099207061,-7.137958935548428e-12,-1.8789723935273307e-11,1025.8870551156622,10.0,8.527604697259333,5.521980581268577,6,0,0,4,13,0.1,0.9791108833697794,1.5589907375479054e-17,17.780164129025614,0.40921856228812015,8.860807864766404,15.793977104647963,-8.299173982773269,15.453101938685387,-17.85273210129741,0.02172798630333535,-9.102574088996349,-15.283069914999102,9.282798653061443,-15.076160366651653
allocation,141,3.5500000000000003,0.195,0.205,0.2088911663022069,0.20900341232667421,0.014003412326674208,0.21071141205177438,0.0017079997251001622,0.015089580589451784,-1.854610753073962e-11,-1.867103659842678e-11,2051.3085978664085,10.0,9.13854161349826,5.538071217300426,6,0,0,4,13,0.1,0.9790996587673326,6.939740885162004e-18,17.791100806235423,0.3814702090621984,8.872268090316389,15.77428750630057,-8.287385183721609,15.434749005423143,-17.846085550655985,0.0030241067147179918,-9.090243281446881,-15.293255154828493,9.268786733097393,-15.072337090454834
allocation,142,3.575,0.195,0.205,0.2090034123266742,0.20880960892214573,0.013809608922145722,0.21046043450754684,0.0016508255854011111,0.002784536200770084,-1.4566287458492052e-18,-1.8885511228282984e-11,1292.4259985667386,10.0,7.001976157675999,5.502770299043111,6,0,0,4,13,0.1,0.9791190391077854,1.5570290778067972e-17,17.817932687788296,0.3837149057194612,8.877565876729447,15.794406198548115,-8.289013383648841,15.450939213734811,-17.84888120320372,9.201369551667393e-06,-9.08413679151431,-15.316662686353512,9.281948812831315,-15.07593472437795
allocation,143,3.6,0.195,0.205,0.2088096089221457,0.20886040257959168,0.013860402579591674,0.21045951022534284,0.0015991076457511633,0.013391691780250629,-9.848724485442014e-12,-1.893970763070644e-11,1061.6195124140322,10.0,8.732465655637126,5.509293328537087,6,0,0,4,13,0.1,0.9791139597420409,6.992893892674703e-18,17.810633132917,0.3704674213100072,8.87847088824369,15.784853951927314,-8.283214591384665,15.425583022711137,-17.84484244228299,-0.018365246629658456,-9.069951632991794,-15.335082450410601,9.295947458310083,-15.09566885097121
allocation,144,3.625,0.195,0.205,0.20886040257959174,0.20876991609182874,0.013769916091828732,0.2104800777913405,0.0017101616995117697,0.007980386366875716,-1.8388334091432366e-11,-1.8847155586805966e-11,2576.790108302481,10.0,8.50681546195638,5.498360313779404,6,0,0,4,13,0.1,0.9791230083908171,7.05981306231723e-18,17.853201418660355,0.3807525144950437,8.855650183820924,15.742924905717704,-8.290537829103917,15.459983702667513,-17.824509387865902,-0.014194532581199898,-9.083342369805152,-15.361584122121993,9.295034237141266,-15.07144580885748
allocation,145,3.6500000000000004,0.195,0.205,0.2087699160918287,0.20861728684716763,0.01361728684716762,0.21048920297254814,0.0018719161253805128,0.005009022468435433,-6.4598386092417134e-12,-1.8920056022302176e-11,2582.4373142030686,10.0,8.293902677916732,5.481797794777201,6,0,0,4,13,0.1,0.9791382713152832,1.5521898148890684e-17,17.88983655680495,0.39076369196408023,8.831541158496172,15.694183713279335,-8.304903156056046,15.498200292041094,-17.805237568085992,-0.010147198229504046,-9.10309334573722,-15.386877971875185,9.300169069098596,-15.062890251125829
allocation,146,3.6750000000000003,0.195,0.205,0.20861728684716754,0.20859040429196601,0.013590404291966007,0.2103797799310784,0.0017893756391123838,0.0072854040096067005,-1.869768186476322e-11,-1.874096919118566e-11,1716.8892554713402,10.0,7.990193781689326,5.4720468367045205,6,0,0,4,13,0.1,0.9791409595708034,2.1959845228993197e-17,17.89213193578932,0.369098479730577,8.83968714934488,15.686709401259586,-8.315839582232355,15.493395252183882,-17.795332175624303,-0.016104168494475563,-9.114132645783297,-15.394754671257433,9.305775530764228,-15.087893881058765
allocation,147,3.7,0.195,0.205,0.20859040429196601,0.20851786589091265,0.01351786589091264,0.21036752012085555,0.0018496542299429042,0.007186315299359062,-1.811520884177724e-11,-1.879559238583165e-11,1796.1251192863535,10.0,8.132889363185772,5.464766060365918,6,0,0,4,13,0.1,0.9791482134109087,1.5540063044689707e-17,17.916085754039734,0.3634497306149338,8.858493653348146,15.682543677459341,-8.294132665478969,15.499952227861735,-17.778791772740167,-0.02036787470856089,-9.112820705994615,-15.41563407097879,9.297416032481182,-15.084094985510712
allocation,148,3.725,0.195,0.205,0.20851786589091265,0.20851123879998337,0.013511238799983366,0.21035935888746182,0.0018481200874784498,0.00946960932861475,-1.8100525564031053e-11,-1.8751218184370796e-11,1384.9642380558564,10.0,8.349302896265002,5.463225273619773,6,0,0,4,13,0.1,0.9791488761200017,2.505234407777116e-17,17.93141791133792,0.3814880228634692,8.846478461701757,15.694082479779745,-8.29609134165623,15.523664040932651,-17.7681571488013,-0.007996598032500801,-9.107077609931263,-15.410835128813455,9.298115909588965,-15.060343639173473
allocation,149,3.75,0.195,0.205,0.2085112387999834,0.2085407559851062,0.013540755985106206,0.21028204184941487,0.0017412858643086615,0.009164380256442041,-8.9356918013401e-12,-1.8789071365595165e-11,960.1053607069612,10.0,8.185204106890739,5.459957139081252,6,0,0,4,13,0.1,0.9791459244014894,9.75781955236954e-19,17.932987392631343,0.3943742795503733,8.850458979931245,15.70814953892827,-8.309476912642484,15.534600183395387,-17.763384229297444,0.003521931606112888,-9.110227331778958,-15.402114515634727,9.305690370247135,-15.042777730582694
allocation,150,3.7750000000000004,0.195,0.205,0.2085407559851062,0.2084428129594145,0.01344281295941449,0.2102704590435483,0.0018276460841337994,0.0053196829136094425,-6.296215195561789e-12,-1.8496307387200477e-11,945.688139137927,10.0,7.8833247766358525,5.449545870264737,6,0,0,4,13,0.1,0.9791557187040586,2.7755575615628914e-17,17.93722521516502,0.3845485139269837,8.867010975746409,15.693047403379165,-8.30697639330405,15.530766115683507,-17.76287654400292,-0.004244341570695695,-9.127096215497389,-15.411043408417752,9.306849667598236,-15.055482373132017
allocation,151,3.8000000000000003,0.195,0.205,0.20844281295941444,0.2083594611390308,0.013359461139030804,0.21035931255106338,0.0019998514120325717,0.006825146992931646,-1.8775939627457324e-11,-1.8775939627457324e-11,1821.317110463602,10.0,8.432005217005312,5.447625296440434,6,0,0,4,13,0.1,0.979164053886097,1.5515838457795457e-17,17.92536865280683,0.3778191272691533,8.879819795272878,15.704425289662362,-8.29789958644408,15.526593823118484,-17.789556740154833,-0.004437646689771627,-9.116083278742972,-15.370716801736569,9.302182058869588,-15.07858578081769
allocation,152,3.825,0.195,0.205,0.20835946113903078,0.20846903072914325,0.013469030729143239,0.21032797856446658,0.001858947835323338,0.011678498400898811,-9.24587644621778e-12,-1.8636525536862752e-11,2010.4576627577728,10.0,8.733034074920774,5.457804335262014,6,0,0,4,13,0.1,0.9791530969270856,2.5019477446579186e-17,17.91934889687475,0.3579380367629082,8.884533181146965,15.710833067952937,-8.297616737859942,15.50496754629079,-17.807626576060915,-0.015108487329546028,-9.097058879226296,-15.367159221944435,9.294299289494475,-15.078503952901892
allocation,153,3.85,0.195,0.205,0.2084690307291432,0.2085148614993359,0.013514861499335895,0.21035201240443419,0.0018371509050982837,0.011257218812421664,-5.5198563000601466e-18,-1.8859786857972604e-11,2149.011739802433,10.0,8.787095789210168,5.466315942597142,6,0,0,4,13,0.1,0.9791485138500664,1.3884562417838567e-17,17.91383136539771,0.34560900010131235,8.88678054888634,15.721227792154437,-8.303552661763892,15.48404235167672,-17.83001792811089,-0.02939902615325704,-9.067627020184021,-15.343672403922834,9.296149708891695,-15.088467017582598
allocation,154,3.875,0.195,0.205,0.2085148614993359,0.20858533112795097,0.013585331127950961,0.21017566028319626,0.0015903291552452903,0.00899682149748552,-7.91991665196109e-12,-1.8743120401849265e-11,1374.6583551241915,10.0,8.183531765005101,5.462453177973992,6,0,0,4,13,0.1,0.9791414668872049,2.168404344971009e-19,17.905638244786743,0.33444000638777543,8.889936524037465,15.731389567368096,-8.309717176371201,15.462611094648352,-17.837455559270566,-0.03578179741789898,-9.066123434122796,-15.365469812918306,9.304825541645565,-15.093370216487447
allocation,155,3.9000000000000004,0.195,0.205,0.20858533112795094,0.20846840087784474,0.013468400877844733,0.20999041490555148,0.0015220140277067418,0.006070539263590532,-1.7896820020486928e-11,-1.8733978906499e-11,1541.356037254303,10.0,7.335595605512735,5.437966965119802,6,0,0,4,13,0.1,0.9791531599122155,2.168404344971009e-19,17.923846539881666,0.3314694452735649,8.889641883507274,15.72808991328485,-8.322715054323488,15.476118271950599,-17.840610585620844,-0.03643644597599678,-9.081134510215735,-15.393336566790891,9.300996084079765,-15.089301757029792
allocation,156,3.9250000000000003,0.195,0.205,0.20846840087784477,0.20837973250605712,0.013379732506057118,0.20975474927241614,0.0013750167663590107,0.004206915549324695,-1.826594768421809e-11,-1.894083245475692e-11,2114.573234039465,10.0,7.315180463917561,5.413566210661125,6,0,0,4,13,0.1,0.9791620267493943,2.0817811058350035e-17,17.947008385725752,0.33783232034030036,8.882691020215276,15.735933017934311,-8.324709802065776,15.485234657822977,-17.849562324936578,-0.017459997374911215,-9.096682041562008,-15.412545744219036,9.304275600985024,-15.084442869562627
allocation,157,3.95,0.195,0.205,0.20837973250605712,0.20840652664590284,0.013406526645902833,0.20960779567714494,0.001201269031242097,0.0060610196612456094,-1.0526795593030053e-11,-1.850496880838198e-11,1501.1136927377618,10.0,8.009102111807914,5.404848745674022,6,0,0,4,13,0.1,0.9791593473354097,2.5033568429418485e-17,17.93659163489028,0.3521282046267369,8.891750626163345,15.760538115545755,-8.334572566009536,15.506449436402537,-17.83964932655685,-0.002830954984981761,-9.097164214594477,-15.414452756896507,9.322187095511808,-15.066427885511375
allocation,158,3.975,0.195,0.205,0.2084065266459028,0.20826744838647182,0.013267448386471814,0.20946314878410466,0.0011957003976328373,0.002169028729808389,-1.8635416659063808e-11,-1.892167748009032e-11,1841.3661017776942,10.0,7.447068676338485,5.380752774017218,6,0,0,4,13,0.1,0.9791732551613528,1.5540063044689707e-17,17.958241024866325,0.3450373808579987,8.90561295225718,15.756943123101145,-8.341891711070833,15.534381553858884,-17.81128135608963,0.007884569830308268,-9.122763687077907,-15.430054223857683,9.321985429330494,-15.075437590536046
allocation,159,4.0,0.195,0.205,0.20826744838647185,0.2082945968250772,0.013294596825077193,0.20957789490438417,0.001283298079306966,0.00993490849199511,-2.9132574916984104e-18,-1.888103309153022e-11,1869.4156310847732,10.0,8.80058198469728,5.391758027060918,6,0,0,4,13,0.1,0.9791705403174923,1.5521898148890684e-17,17.97564864026712,0.33290754195312455,8.923987646045699,15.734769087872435,-8.315596111999742,15.537029889465028,-17.78993374774727,0.004384252712466426,-9.124080010659856,-15.447589105358515,9.298764336081558,-15.06658911575299
allocation,160,4.025,0.195,0.205,0.20829459682507726,0.20844942905307587,0.013449429053075862,0.20959586780254827,0.0011464387494724004,0.014238597383807762,-1.0356485640089314e-11,-1.8809125310191967e-11,1024.541142416685,10.0,8.791576754836534,5.407712777825202,6,0,0,4,13,0.1,0.9791550570946924,6.952433221959954e-18,17.96158329451403,0.34181655917070053,8.917448648170947,15.746255231573961,-8.322779351287773,15.530833379062692,-17.78742348845652,0.011925504947150936,-9.116269382418333,-15.439529772464414,9.300797594328726,-15.050239876192078
allocation,161,4.05,0.195,0.205,0.2084494290530758,0.2082439275592758,0.013243927559275781,0.2096447257707154,0.0014007982114396245,0.002118949293828127,-8.059373521441984e-18,-1.890497086835148e-11,1640.7712065393957,10.0,7.691510065148793,5.390794271991128,6,0,0,4,13,0.1,0.9791756072440724,1.3884562417838567e-17,17.962218660278644,0.35131422990350963,8.93076998182059,15.763695607686786,-8.321095496703672,15.541056053012742,-17.80541241719128,0.008237521486010271,-9.101818574450924,-15.406323404579645,9.30816409081391,-15.070853103362568
allocation,162,4.075,0.195,0.205,0.2082439275592758,0.2083400640139043,0.013340064013904307,0.2097579882224747,0.001417924208570398,0.011937707277144053,-1.8517969909920722e-11,-1.8884222648495604e-11,1647.8766458696148,10.0,8.892522357287016,5.406571627043842,6,0,0,4,13,0.1,0.9791659935986096,1.5529469437643404e-17,17.942398774537047,0.35067301836515724,8.917031672707488,15.744121718191984,-8.337114299347853,15.5339889223162,-17.79213811918353,0.001536199841872493,-9.12141452395325,-15.420000304835321,9.294956994921572,-15.067047573086242
allocation,163,4.1000000000000005,0.195,0.205,0.2083400640139043,0.2082128170382144,0.013212817038214392,0.20979416244608623,0.0015813454078718314,0.002714845754759846,-1.0513376285711912e-11,-1.8689607234972283e-11,1389.8468501574423,10.0,7.884877992639952,5.396211104997316,6,0,0,4,13,0.1,0.9791787182961785,0.0,17.93987531422254,0.3507842229051274,8.905608130996935,15.748303888287221,-8.340070211847841,15.552359655684828,-17.813290609979063,0.00826600263267881,-9.119906865745362,-15.403299508475234,9.27247737586193,-15.082671452389857
allocation,164,4.125,0.195,0.205,0.2082128170382144,0.20818249382785511,0.013182493827855107,0.2099924347209842,0.0018099408931290806,0.008334212832971699,-6.489718358040648e-12,-1.879949101433758e-11,1343.3058037406265,10.0,8.703618778087794,5.405949415282343,6,0,0,4,13,0.1,0.9791817506172145,1.393864076242399e-17,17.941066184391488,0.38683107646649867,8.896508564135424,15.756830588620149,-8.333404338649677,15.558390097960734,-17.805272379098042,0.004056472719863475,-9.100963689129566,-15.389180994703187,9.281112008897246,-15.06547345990752
allocation,165,4.15,0.195,0.205,0.2081824938278551,0.2082058031765049,0.013205803176504882,0.2098255562416525,0.001619753065147611,0.003690418729224263,-1.8589820039426504e-11,-1.894176071059138e-11,2364.7848410743595,10.0,7.929940723462487,5.396335111945977,6,0,0,4,13,0.1,0.9791794196823496,6.942281208919283e-18,17.924305936478454,0.38405669139411963,8.904526235912483,15.764803976780001,-8.351951843581325,15.565194912618404,-17.78996708348664,0.0016763989454373577,-9.113209095068264,-15.417418949929111,9.29449482746216,-15.062449430596585
allocation,166,4.175,0.195,0.205,0.20820580317650483,0.20825638656987006,0.013256386569870049,0.2099527613085419,0.0016963747386718464,0.011041154344968255,-7.183128226310503e-12,-1.8862688270772656e-11,1074.8501678338857,10.0,8.857377296191128,5.41037152466941,6,0,0,4,13,0.1,0.9791743613430129,1.963094669071206e-17,17.91420613614672,0.36954509932099106,8.928926796033426,15.752640429342774,-8.326355781615291,15.544149677308054,-17.78255411536649,-0.0011170195654431527,-9.121872026663848,-15.41274474345266,9.290824809337982,-15.075118160693041
allocation,167,4.2,0.195,0.205,0.20825638656987006,0.20830051298186053,0.013300512981860524,0.20988900941753266,0.001588496435672132,0.011146087298780118,-5.909466463898075e-12,-1.8890221199000353e-11,971.096501720491,10.0,8.294870542148193,5.41014553683972,6,0,0,4,13,0.1,0.979169948701814,1.5517353602416792e-17,17.90870356419519,0.37518512277172555,8.933889365446284,15.768559131537954,-8.327143251153453,15.55968752686266,-17.788680289680908,0.02603161687221251,-9.131325566031332,-15.397349467458403,9.281598078907987,-15.059697545385076
allocation,168,4.2250000000000005,0.195,0.205,0.20830051298186048,0.20821860427532576,0.013218604275325757,0.20995706443025625,0.0017384601549304823,0.006113512210810473,-1.858490951393023e-11,-1.858490951393023e-11,2124.508475875467,10.0,8.146363814304696,5.405960940663742,6,0,0,4,13,0.1,0.9791781395724675,1.5517353602416792e-17,17.906672474176172,0.39078069814488203,8.929909653879104,15.74948950632633,-8.33379877354674,15.58773016581867,-17.78972006095881,0.04418571293798611,-9.143818660334974,-15.39094910859888,9.286197235113187,-15.050427758917563
allocation,169,4.25,0.195,0.205,0.20821860427532574,0.20806008476640314,0.013060084766403135,0.21005416120343734,0.001994076437034198,0.003132505110386229,-1.8728053647419567e-11,-1.8728053647419567e-11,2215.685006480591,10.0,7.922821620293843,5.396639663795485,6,0,0,4,13,0.1,0.9791939915233597,1.393864076242399e-17,17.908540099065295,0.39840841757009765,8.926912607216398,15.720350416223656,-8.33647823413908,15.609923203659603,-17.78536973319794,0.050289397680120515,-9.164524045041262,-15.395061114635618,9.286904091257806,-15.058417892526121
allocation,170,4.275,0.195,0.205,0.20806008476640314,0.20798094582052032,0.012980945820520312,0.21001175059890392,0.0020308047783836047,0.0038537088330803312,-1.871068357961933e-11,-1.871068357961933e-11,1839.0034644715172,10.0,7.811391732820378,5.387357950098344,6,0,0,4,13,0.1,0.9792019054179479,4.336808689942018e-19,17.90312997677749,0.3923117831626308,8.942252715622375,15.725564299837925,-8.341755253804964,15.611484166937679,-17.77423349446709,0.052654116882172114,-9.182699820251154,-15.401905696071003,9.288955368661288,-15.06844798972211
allocation,171,4.3,0.195,0.205,0.20798094582052026,0.20788792238810053,0.01288792238810052,0.20991555201625856,0.0020276296281580286,0.004997319502478366,-8.332992568241954e-12,-1.877983141364138e-11,1615.2075950328933,10.0,7.822435034194577,5.3722272918360225,6,0,0,4,13,0.1,0.97921120776119,2.2215299868541707e-17,17.894887805441364,0.3785985949970672,8.955472730360079,15.741572078173606,-8.341530359853808,15.611889836227014,-17.80953248978449,0.061852036368476596,-9.178839196329257,-15.371179640415843,9.285820637351947,-15.094632301675153
allocation,172,4.325,0.195,0.205,0.20788792238810055,0.2078541992155703,0.012854199215570294,0.20977409633866057,0.001919897123090264,0.006521131053208811,-1.2266347333466992e-18,-1.875451813846218e-11,884.7910308733045,10.0,7.625209759586182,5.360058491422623,6,0,0,4,13,0.1,0.979214580078443,1.5540063044689707e-17,17.890406258810405,0.3785923393835167,8.960435180517333,15.758950898757972,-8.348478343610026,15.609136028839586,-17.82420052177598,0.06699563796170811,-9.181738646880925,-15.374977727209652,9.288858132724377,-15.095609477242133
allocation,173,4.3500000000000005,0.195,0.205,0.2078541992155703,0.20772998207697244,0.01272998207697243,0.2097848603859374,0.0020548783089649747,0.0026620916534195746,-5.3432825368535726e-12,-1.8721393787464205e-11,1425.5772729596367,10.0,7.642584227202554,5.348142115309767,6,0,0,4,13,0.1,0.9792270017923027,1.3877787807814457e-17,17.898984710804555,0.38506645434866127,8.970688739148953,15.767675902869176,-8.336740543020166,15.614496277825223,-17.83191890532498,0.06139879472103758,-9.170532113654334,-15.364628492899602,9.291214001931074,-15.107060701843443
allocation,174,4.375,0.195,0.205,0.20772998207697246,0.20778192316910726,0.012781923169107257,0.2096987309031921,0.001916807734084841,0.007838402767040268,-1.8450294171741856e-11,-1.8573493071137633e-11,1631.599198351473,10.0,8.212156893532704,5.348753975675279,6,0,0,4,13,0.1,0.9792218076830893,1.0408340855860843e-17,17.888445166460382,0.38785125412155863,8.979844546010694,15.787163023491045,-8.334032052533102,15.61460923871938,-17.822059713009743,0.06194045342532102,-9.154126378940964,-15.372926617846217,9.317110543000027,-15.09988777767224
allocation,175,4.4,0.195,0.205,0.20778192316910724,0.2076855278113747,0.012685527811374692,0.20980139771235426,0.002115869900979561,0.004295338278731722,-1.8728901865337677e-11,-1.8847825942687738e-11,2510.6563909848496,10.0,8.12220069203892,5.346427834505132,6,0,0,4,13,0.1,0.9792314472188626,1.963094669071206e-17,17.8712837541923,0.3919312022030011,8.9719364002096,15.768868946801433,-8.343821215960112,15.639684593228356,-17.808827066589515,0.06760032321952796,-9.164234094016592,-15.373867858980086,9.324163192712156,-15.114551869076253
allocation,176,4.425,0.195,0.205,0.20768552781137467,0.20762310978645235,0.012623109786452341,0.20973951201426635,0.002116402227814007,0.005223731885360196,-1.879882755827618e-11,-1.879882755827618e-11,1482.8482602925374,10.0,7.707095290818315,5.337357949666114,6,0,0,4,13,0.1,0.9792376890213548,2.964296775167217e-17,17.868516959394995,0.3856457259254575,8.98899465086998,15.774103112258066,-8.336381677985733,15.640169988721585,-17.809366370734395,0.06775062557046044,-9.166418895238628,-15.38220316537527,9.330709147655396,-15.121262817203624
allocation,177,4.45,0.195,0.205,0.20762310978645232,0.20764150028983866,0.012641500289838653,0.20960608392410934,0.0019645836342706835,0.006139234790686125,-1.843241321057518e-11,-1.892734545253443e-11,2091.372761028981,10.0,7.892323368935458,5.3316522022566755,6,0,0,4,13,0.1,0.9792358499710161,6.938893903907228e-18,17.86192619166838,0.38993686592001947,8.994923069150111,15.79012975427325,-8.33310817157996,15.646468404574227,-17.816155151717517,0.0908681465832098,-9.174566540873903,-15.386060897208495,9.336300023333363,-15.11123598457615
allocation,178,4.4750000000000005,0.195,0.205,0.20764150028983877,0.20749243273113363,0.012492432731133624,0.20949341537160698,0.0020009826404733533,0.0013427602852134546,-1.7946884810469788e-11,-1.875529107167353e-11,1904.1717907481334,10.0,7.253663192786007,5.311226594213074,6,0,0,4,13,0.1,0.9792507567268867,1.6388317463238143e-17,17.85543299817457,0.3849949399175228,9.007802148219842,15.803452406247086,-8.340521606169972,15.661623117771791,-17.817279741380982,0.0967657280905605,-9.186584195791282,-15.392329824928156,9.338361667686407,-15.124829685342261
allocation,179,4.5,0.195,0.205,0.20749243273113366,0.20759365209923608,0.012593652099236075,0.20954377808894015,0.0019501259897040657,0.011355118558704313,-7.47805721500955e-12,-1.8944723340131095e-11,1014.5759751941017,10.0,8.550668272787888,5.323737081974955,6,0,0,4,13,0.1,0.9792406347900764,1.3884562417838567e-17,17.84356269924605,0.37491290332448185,9.0005588667183,15.78974014394178,-8.338455425796504,15.648515526108579,-17.821327965867997,0.09387148712097647,-9.19378889744139,-15.400132981738272,9.321849401221346,-15.127811817328775
allocation,180,4.525,0.195,0.205,0.2075936520992361,0.20754268025008096,0.012542680250080956,0.20943185084529312,0.001889170595212153,0.004854078684887627,-9.007412367552174e-12,-1.8610473961737252e-11,1761.0757557202087,10.0,7.649634276502234,5.310646764538721,6,0,0,4,13,0.1,0.9792457319749919,1.431967997398824e-17,17.839014221573752,0.3895928196566734,8.998568637989802,15.818647571585203,-8.336414648667734,15.640666071986159,-17.848582901443496,0.09953721518253555,-9.197405291090085,-15.392469674680843,9.317243746167875,-15.129577270753796
allocation,181,4.55,0.195,0.205,0.207542680250081,0.2076677874007803,0.012667787400780284,0.2093453117182991,0.0016775243175188026,0.0077740819912753955,-9.317193602931924e-12,-1.875895073640047e-11,1609.5550742543908,10.0,8.29862394481255,5.314919100774056,6,0,0,4,13,0.1,0.979233221259922,1.3985787785349405e-17,17.83803263144317,0.38687638704348015,8.978369631212718,15.816925969147038,-8.345477823998237,15.629123345041515,-17.85915094309763,0.09019703457510424,-9.191072891706616,-15.415538607493533,9.301254553389748,-15.120461932126602
allocation,182,4.575,0.195,0.205,0.2076677874007802,0.2076467050942845,0.012646705094284505,0.20932839216079258,0.001681687066508064,0.00611056681561967,-7.086791400940287e-12,-1.8847323942423116e-11,1234.5233109601468,10.0,7.9930372742058795,5.310437354849989,6,0,0,4,13,0.1,0.9792353294905716,1.3879481770324007e-17,17.861826509910774,0.39980238869324897,8.975105338533108,15.820374158821906,-8.337956776742503,15.63185590489673,-17.841423730587998,0.07902812287817812,-9.171176797102344,-15.427161686994857,9.316652843797966,-15.113932294390278
allocation,183,4.6000000000000005,0.195,0.205,0.20764670509428454,0.20764034159523428,0.012640341595234278,0.20942095580055944,0.0017806142053251595,0.0076982778632025805,-1.8528121385644556e-11,-1.8764767054982647e-11,2250.0616160507298,10.0,8.52718576276897,5.317445112075624,6,0,0,4,13,0.1,0.9792359658404766,2.8025315438821013e-17,17.830169800100762,0.4063469879165623,8.984694422517576,15.83440983042493,-8.33297853490756,15.618467705260684,-17.84688982549629,0.061904340295234575,-9.146132430981497,-15.421377896076475,9.33616266051619,-15.128412984503374
allocation,184,4.625,0.195,0.205,0.20764034159523423,0.20769813154321512,0.012698131543215113,0.20967678252234515,0.0019786509791300255,0.01014811413064897,-1.8895667763875094e-11,-1.8895667763875094e-11,2135.6927345874587,10.0,8.994931662108053,5.339789325473291,6,0,0,4,13,0.1,0.9792301868456785,1.0410599365349476e-17,17.82057711690885,0.42280727441146854,8.978822560895294,15.811869981374805,-8.318854792726828,15.627394051716863,-17.835874815307537,0.06512110800289464,-9.131813461969475,-15.406535604356465,9.34718992335876,-15.119137605814803
allocation,185,4.65,0.195,0.205,0.20769813154321518,0.2077261504367285,0.012726150436728506,0.20960360383473073,0.0018774533980022157,0.005583873376409031,-1.8892262779184665e-11,-1.8892262779184665e-11,1753.1088166185903,10.0,8.029110204379935,5.336471650987474,6,0,0,4,13,0.1,0.9792273849563271,1.3904866443919908e-17,17.848619695227832,0.4267326119462759,8.972897795545748,15.816101330414268,-8.30955654967785,15.631763029561672,-17.82829027585898,0.06222804043877231,-9.118020953752184,-15.418582630197273,9.345460339021717,-15.104381706043766
allocation,186,4.675,0.195,0.205,0.20772615043672849,0.20771609386171247,0.012716093861712463,0.20957887646456533,0.0018627826028528582,0.007778800046715147,-1.8710872634697605e-11,-1.8893117283605783e-11,1419.0751807093882,10.0,8.03487654030048,5.334509815452702,6,0,0,4,13,0.1,0.9792283906138287,1.3904866443919908e-17,17.8539602695273,0.4342729411974881,8.974274269486477,15.826784857370182,-8.309903821956059,15.620338132074117,-17.824158950056525,0.04904073465474189,-9.101125056129323,-15.423757728094667,9.362600362136673,-15.105271917258408
allocation,187,4.7,0.195,0.205,0.20771609386171241,0.20763479102051746,0.012634791020517455,0.20968621217438538,0.002051421153867916,0.004776080063536093,-6.515376106752073e-12,-1.8754620658293255e-11,1782.9342913131754,10.0,8.027084979670276,5.333816524505735,6,0,0,4,13,0.1,0.9792365208979482,2.7758963540648015e-17,17.854411087631487,0.44636361002841124,8.97577132647322,15.820249327067994,-8.298865113682863,15.622163885106518,-17.82495344229191,0.04248394177977116,-9.092613040222373,-15.420513475257232,9.371482172469674,-15.110720814840024
allocation,188,4.7250000000000005,0.195,0.205,0.20763479102051746,0.20763815125670723,0.012638151256707225,0.20972715432594993,0.002089003069242701,0.006172980184023656,-1.0752141579869226e-11,-1.8856686998672094e-11,2098.1581348813966,10.0,8.399053422618953,5.336097869226745,6,0,0,4,13,0.1,0.9792361848743293,1.3884562417838567e-17,17.88671150045298,0.44570346915500136,8.968447991852601,15.79748433159517,-8.289518622793077,15.623927215251951,-17.807578757528457,0.027622482596903752,-9.081355162771239,-15.447644867184248,9.365959302441444,-15.097632191019956
allocation,189,4.75,0.195,0.205,0.20763815125670726,0.20769586438097112,0.012695864380971117,0.20980713666047734,0.002111272279506221,0.008942914647265965,-7.071211299874684e-12,-1.8725449501880672e-11,1196.2445129093485,10.0,8.563378337352637,5.346933423284582,6,0,0,4,13,0.1,0.9792304135619029,2.1946994445548586e-17,17.879713494170424,0.45032261856268196,8.94620273883444,15.793152527803983,-8.29523602372955,15.606397808675899,-17.81034305042872,0.01071435056938412,-9.071292646194317,-15.459677420667365,9.359575098878839,-15.0990734676879
allocation,190,4.775,0.195,0.205,0.20769586438097112,0.20784338806055783,0.01284338806055782,0.20986660728026152,0.0020232192197036925,0.013432565672629126,-8.101500451406677e-12,-1.8703964074550055e-11,1051.5087648309302,10.0,8.85498521779654,5.365859320353108,6,0,0,4,13,0.1,0.9792156611939442,3.104379629778137e-17,17.864237582339875,0.456254415452542,8.94492162057504,15.804667341420277,-8.297443397553932,15.582584708864955,-17.81060708292149,0.006749964855700838,-9.063554592497034,-15.449248939327195,9.363382746225806,-15.090929429789089
allocation,191,4.800000000000001,0.195,0.205,0.20784338806055777,0.20793774233297288,0.012937742332972874,0.2097717691991423,0.0018340268661694303,0.01017941331696186,-8.020573224874129e-12,-1.872473337719041e-11,1374.6090512568157,10.0,8.371954342965928,5.370166930198685,6,0,0,4,13,0.1,0.9792062257667027,2.168404344971009e-19,17.86242695131564,0.43394356740748674,8.951756620774276,15.805681045479268,-8.288704082880244,15.557348662484769,-17.814124550433302,0.0004866365331614832,-9.05861216797944,-15.462283406708243,9.364744733850838,-15.102515005158171
allocation,192,4.825,0.195,0.205,0.20793774233297296,0.20801235374986293,0.013012353749862926,0.2097330400863673,0.001720686336504379,0.010387900436766783,-1.7910286016589608e-11,-1.8886200597003124e-11,1766.949954735529,10.0,8.478056651151569,5.376844940378777,6,0,0,4,13,0.1,0.9791987646250138,2.8613079272610746e-17,17.86050731657041,0.41547092968518085,8.956260596729926,15.808294704963142,-8.283238957373326,15.530111538964373,-17.823701874617075,-0.01148619593761167,-9.04450104944122,-15.463914837287524,9.367045926757267,-15.115049225551687
allocation,193,4.8500000000000005,0.195,0.205,0.20801235374986293,0.20811812488921796,0.013118124889217958,0.20963450706512596,0.0015163821759079932,0.010248269551373045,-1.803350450380878e-11,-1.8687183098080506e-11,1374.3901382204106,10.0,8.36063403055951,5.382207897877136,6,0,0,4,13,0.1,0.9791881875110782,2.5018537765542006e-17,17.865044329943295,0.4040263735211466,8.959230338287504,15.813751019891507,-8.281257408141954,15.510240149259536,-17.81910501235291,-0.015820631952247855,-9.03632520787468,-15.471142144346034,9.379421502596372,-15.11617249262783
allocation,194,4.875,0.195,0.205,0.208118124889218,0.20806100657552568,0.013061006575525669,0.20951528073000344,0.0014542741544777693,0.006665717708369974,-1.8358892097903894e-11,-1.8959931770872493e-11,1559.732309247368,10.0,7.6109085336144755,5.368431312207599,6,0,0,4,13,0.1,0.9791938993424474,2.5018537765542006e-17,17.886351623834447,0.3965145161610696,8.960422052840505,15.810876897002922,-8.286179285465744,15.516957846951167,-17.817659964732304,-0.019989395748130013,-9.041807286445515,-15.489902916742402,9.374198295039017,-15.109630123247976
allocation,195,4.9,0.195,0.205,0.20806100657552565,0.20796299222908782,0.01296299222908781,0.20937335231563195,0.0014103600865441324,0.005263165007699951,-1.8650343577133903e-11,-1.87506780051001e-11,2240.2864263386687,10.0,7.39858604647831,5.3500970880712355,6,0,0,4,13,0.1,0.9792037007770912,1.5612511283791264e-17,17.879637686033536,0.4007974342561742,8.959154520857622,15.824199547449648,-8.28831953482313,15.516607670201445,-17.83835113538353,-0.015103001500403302,-9.04455728864948,-15.492920702249602,9.38851674952453,-15.122790013539168
allocation,196,4.925000000000001,0.195,0.205,0.20796299222908782,0.20790269028718486,0.012902690287184854,0.20922709082343433,0.0013244005362494649,0.0021231979304649463,-1.8943739579074953e-11,-1.8953979219170246e-11,1855.407229297223,10.0,7.506974600126636,5.333728868510042,6,0,0,4,13,0.1,0.9792097309712815,6.992893892674703e-18,17.86484342599882,0.40330216351572384,8.967516870252165,15.83999236102419,-8.305179123570898,15.534344690299276,-17.835888703719238,-0.005590160146932505,-9.061011404052632,-15.497666563143973,9.395618411144685,-15.124679115987323
allocation,197,4.95,0.195,0.205,0.2079026902871849,0.20804641345587951,0.013046413455879508,0.20922851442393006,0.0011821009680505479,0.012062184575934075,-1.8199784693324127e-11,-1.872690931221036e-11,1482.3599765257275,10.0,8.810502770500253,5.34918249481422,6,0,0,4,13,0.1,0.9791953586544121,1.5612511283791264e-17,17.864912483829468,0.3724521748115347,8.983146553183193,15.831786803713277,-8.280497510839012,15.519588566403065,-17.830881586635723,0.0024695333981010047,-9.064198804259483,-15.493678505278732,9.383593621436177,-15.13230703085701
allocation,198,4.9750000000000005,0.195,0.205,0.20804641345587946,0.20804345678344846,0.013043456783448454,0.20928098092080963,0.0012375241373611678,0.008360849972747322,-1.871138981456705e-11,-1.8763478091871913e-11,1920.7626079995782,10.0,8.276416245354925,5.352902712170255,6,0,0,4,13,0.1,0.9791956543216551,3.104379629778137e-17,17.871692348262364,0.3601080971163246,8.980038221480138,15.82589337608189,-8.285736513642714,15.512846099111114,-17.842529347032535,-0.009628921623428082,-9.050339609806338,-15.478011412433906,9.377458199423721,-15.139380920611861
allocation,199,5.0,0.195,0.205,0.20804345678344846,0.2079446652698041,0.01294466526980409,0.20917791103464975,0.001233245764845653,0.005054772436239966,-9.057343607678442e-12,-1.8820215008157472e-11,1217.7310615190015,10.0,7.503613643069923,5.335778793590269,6,0,0,4,13,0.1,0.9792055334730196,2.2096455226066133e-17,17.9007410332193,0.37048508898161814,8.971804530519623,15.83057200107666,-8.293531137853071,15.52932215473627,-17.833998429192352,-0.011887330119276836,-9.046037414628646,-15.48703099875786,9.39055918774692,-15.129107623167315
allocation,200,5.025,0.195,0.205,0.2079446652698041,0.2079400609236706,0.012940060923670588,0.20915367445589092,0.0012136135322203256,0.00512019839403454,-7.96407626900828e-12,-1.8572027395960626e-11,1441.5053605159171,10.0,7.987492286003835,5.332858258571686,6,0,0,4,13,0.1,0.979205993907633,2.1942709178604383e-17,17.896724873919315,0.37733284382012683,8.977925659227397,15.831995574520437,-8.303521830750359,15.542549050204883,-17.818821717960397,-0.011455215970962631,-9.056634922666824,-15.494110292072495,9.399209114704616,-15.114932303540588
allocation,201,5.050000000000001,0.195,0.205,0.2079400609236706,0.20789547550392354,0.012895475503923531,0.2090139106939153,0.0011184351899917733,0.005231177091308973,-1.9007298271100676e-11,-1.9007298271100676e-11,2473.71305759335,10.0,7.673479104961811,5.318233528911745,6,0,0,4,13,0.1,0.9792104524496077,1.5517353602416792e-17,17.914722496234795,0.36123964405180825,8.984463487278733,15.831101811224842,-8.293386471954667,15.554888564334796,-17.824886944531112,0.01169537393453312,-9.084091549566004,-15.496199141144311,9.376100395935858,-15.11752632973674
allocation,202,5.075,0.195,0.205,0.20789547550392354,0.207933219514956,0.01293321951495599,0.20900580324745416,0.0010725837324981613,0.009122601722458285,-8.095233574554008e-12,-1.8652703622360862e-11,1537.2622543625096,10.0,8.222308691827338,5.322476600578292,6,0,0,4,13,0.1,0.9792066780485044,1.5540063044689707e-17,17.910345293423347,0.3642309476830922,8.993573976477311,15.842668741289112,-8.287184087654547,15.557601268880603,-17.81361929145705,0.012002608634139931,-9.07465650210634,-15.49264620261989,9.392015217155173,-15.110817608497142
allocation,203,5.1000000000000005,0.195,0.205,0.20793321951495602,0.2077719729524056,0.012771972952405591,0.20918715028858043,0.0014151773361748277,0.002360900516893286,-1.883213874107698e-11,-1.883213874107698e-11,2040.0513354963612,10.0,7.943287378539063,5.317590562141455,6,0,0,4,13,0.1,0.9792228027047595,1.963094669071206e-17,17.915271783019037,0.3675213195140707,8.99457547989837,15.81749735859257,-8.281712579438203,15.573271790767416,-17.818876435903526,0.008975769286424053,-9.078854607224203,-15.472675876077849,9.391417779757608,-15.125260343994496
allocation,204,5.125,0.195,0.205,0.20777197295240557,0.2078211541115909,0.012821154111590904,0.20929568439902754,0.0014745302874366317,0.009330224725390891,-6.1605202614787274e-12,-1.8888542396038426e-11,2088.6149718966176,10.0,8.581258967479888,5.329236230901999,6,0,0,4,13,0.1,0.979217884588841,2.7758963540648015e-17,17.930826658999774,0.35754203972461107,8.993689294106225,15.802362959023423,-8.280280615219256,15.567876066890191,-17.81904083642952,-0.006947381616582836,-9.074104551391324,-15.472976391305,9.368714077578234,-15.108573725752667
allocation,205,5.15,0.195,0.205,0.2078211541115909,0.2078210272478421,0.012821027247842093,0.2091189691329174,0.0012979418850752877,0.004195600117502796,-1.885055673826285e-11,-1.8860879482861332e-11,1281.9988305887302,10.0,7.617701514116129,5.31762630743574,6,0,0,4,13,0.1,0.9792178972752158,1.3877787807814457e-17,17.935032945609116,0.36132019256785686,8.990262038063701,15.816528947853259,-8.298737806492625,15.571648097014611,-17.82207436109393,-0.0036482379226832934,-9.073793033775688,-15.478680491629216,9.385243670815544,-15.099769713050035
allocation,206,5.175000000000001,0.195,0.205,0.2078210272478421,0.20776912915226348,0.01276912915226347,0.20909630982307975,0.0013271806708162748,0.0029078170927705808,-1.8454298827487553e-11,-1.8454298827487553e-11,2167.5187859132343,10.0,7.9295930583556835,5.311837825906005,6,0,0,4,13,0.1,0.9792230870847737,6.938893903907228e-18,17.92137140635609,0.34739250754890705,9.002309843962054,15.816053603153366,-8.308234528839145,15.580793262006791,-17.80041606416095,-0.0021322689790798637,-9.093134834547104,-15.484191719945125,9.388562521752018,-15.117843620202473
allocation,207,5.2,0.195,0.205,0.20776912915226356,0.20771894035246544,0.01271894035246543,0.20892039495822412,0.001201454605758684,0.005114502472582095,-1.8436358144542294e-11,-1.873724819472205e-11,2234.2573232221057,10.0,7.642858142505714,5.294850862049345,6,0,0,4,13,0.1,0.9792281059647534,1.3884562417838567e-17,17.938725918095745,0.32842842346707946,9.01353665396462,15.812502521027273,-8.297148611016036,15.60403769668404,-17.802183446166854,0.028662463209621562,-9.122493040682082,-15.488176908013331,9.367968474951677,-15.121067583994858
allocation,208,5.2250000000000005,0.195,0.205,0.2077189403524655,0.2077477469610455,0.012747746961045497,0.20893816724150743,0.001190420280461929,0.00819616457207306,-1.888528844074954e-11,-1.888528844074954e-11,1897.4292237931018,10.0,8.278815787630375,5.2993356814469035,6,0,0,4,13,0.1,0.9792252253038954,1.3877787807814457e-17,17.935628305760112,0.3109608641527513,9.015564817685041,15.812535137739133,-8.296002274495162,15.592929214947205,-17.819467780847617,0.021040595055356093,-9.108186176996336,-15.467470144166182,9.363866221663626,-15.136656355473852
allocation,209,5.25,0.195,0.205,0.2077477469610455,0.20775869608069947,0.012758696080699461,0.20887499760919576,0.0011163015284962885,0.006863403909272478,-8.931159309335713e-12,-1.873514819605856e-11,919.9795944577231,10.0,7.926008967809044,5.294635627259125,6,0,0,4,13,0.1,0.97922413039193,1.5515838457795457e-17,17.94477711850967,0.3241935488699328,8.991271965233903,15.819925319452024,-8.311657578165867,15.605396233118064,-17.81719956607044,0.021256780637126133,-9.106759319602546,-15.476951508236127,9.361341776518918,-15.119470740539159
allocation,210,5.275,0.195,0.205,0.20775869608069944,0.2077536028212845,0.012753602821284488,0.2088535656850815,0.001099962863797016,0.008030767609230627,-6.2272861433441296e-12,-1.8853192162987447e-11,934.4500396125076,10.0,7.958816952760492,5.292945491574186,6,0,0,4,13,0.1,0.9792246397178715,2.5018537765542006e-17,17.941587234141508,0.32820469385886697,8.983321379213217,15.822298820008271,-8.320595077917906,15.59162495411856,-17.82160787554596,0.00650394817678066,-9.099481347185037,-15.48700750029744,9.371467725401086,-15.123071029212307
allocation,211,5.300000000000001,0.195,0.205,0.2077536028212844,0.20777872046772797,0.012778720467727961,0.20882095262832168,0.001042232160593709,0.0071431802014839466,-7.363564662292386e-12,-1.8747326609014583e-11,929.7086689446287,10.0,7.984422331488964,5.293264209933665,6,0,0,4,13,0.1,0.9792221279532272,6.946513017424995e-18,17.94001467842247,0.33084574671422984,8.984395201774904,15.827389884666108,-8.329103438136793,15.591154242194477,-17.82399459973175,0.013851213633186777,-9.106802830799353,-15.481187611991627,9.372475851813917,-15.1143194653345
allocation,212,5.325,0.195,0.205,0.2077787204677279,0.20787926852378416,0.012879268523784154,0.20877904682189172,0.0008997782981075564,0.009791958242548592,-5.805136579946688e-12,-1.8653489895224938e-11,1974.5304080498704,10.0,8.52596171038374,5.300274822217648,6,0,0,4,13,0.1,0.9792120731476216,2.5022296277959446e-17,17.930928218401274,0.33587603734358606,8.987034839567402,15.843761222968737,-8.315350284450187,15.581106870802207,-17.84393217336828,0.04802292379910933,-9.125299807100786,-15.45830384689801,9.35752508556342,-15.107592346690184
allocation,213,5.3500000000000005,0.195,0.205,0.20787926852378413,0.20785951070141684,0.012859510701416832,0.20871277625263893,0.0008532655512220877,0.006211273373636156,-2.7599281500300733e-18,-1.8683668789569468e-11,1289.3220524739716,10.0,7.776941047098878,5.294426419923058,6,0,0,4,13,0.1,0.9792140489298583,1.963094669071206e-17,17.930482191975948,0.3268963629648655,8.98857449433217,15.844978970410624,-8.308777961924616,15.572569755887383,-17.84955479339985,0.04262423112497546,-9.122200906358412,-15.470582542787204,9.356696778774074,-15.12242274170186
allocation,214,5.375,0.195,0.205,0.20785951070141687,0.2078070537118561,0.012807053711856087,0.20867535098418905,0.0008682972723329518,0.0064550900512622056,-1.8509928552596925e-11,-1.8597072248961068e-11,1803.367560975976,10.0,7.8560968999603285,5.2879754472494795,6,0,0,4,13,0.1,0.9792192946288144,2.0816681711721685e-17,17.917761602793572,0.3333429424141602,8.990593618647987,15.859780418684204,-8.313018983002701,15.561082783820769,-17.85976233906892,0.02748667338260257,-9.104384034672032,-15.474006668995408,9.376648171655365,-15.134472341080814
allocation,215,5.4,0.195,0.205,0.2078070537118561,0.20765067221577632,0.012650672215776315,0.20873129975190854,0.0010806275361322226,0.002026667676706934,-3.52657485837176e-18,-1.866147651397376e-11,2054.9356971250186,10.0,7.738128711780055,5.277019607193906,6,0,0,4,13,0.1,0.9792349327784223,1.963094669071206e-17,17.915041502649196,0.3424743110982827,8.997737759526066,15.87598321484187,-8.31332594543587,15.568571421518596,-17.878748371993872,0.023685063989772253,-9.089286186473057,-15.440138771140612,9.383467766758582,-15.151217652437436
allocation,216,5.425000000000001,0.195,0.205,0.20765067221577627,0.20763174841296989,0.012631748412969879,0.2086172360584095,0.0009854876454396255,0.00518042507093951,-6.5075524004287755e-12,-1.8930706278374458e-11,1498.7732084109298,10.0,7.627596885524026,5.266886532042453,6,0,0,4,13,0.1,0.979236825158703,2.8609792490763984e-17,17.93229004200268,0.35141435821897715,8.985871690594479,15.886407422582751,-8.323275817341601,15.57972041085822,-17.874199550423622,0.02492865891728104,-9.08580359075887,-15.452467754355101,9.386125206735342,-15.136624481458654
allocation,217,5.45,0.195,0.205,0.20763174841296989,0.20762941568592932,0.012629415685929318,0.20855160318591215,0.0009221874999828239,0.006412829125396488,-1.8424108280113056e-11,-1.893246741919286e-11,1436.4968885643068,10.0,7.849278115998719,5.263140625761766,6,0,0,4,13,0.1,0.9792370584314071,1.5521898148890684e-17,17.929350947892246,0.35061362328958734,8.984659905883689,15.888185519363875,-8.331115190235128,15.567138456628829,-17.872369441281037,0.011146642781144947,-9.079385794158137,-15.468606751967071,9.401824810373368,-15.142916937506184
allocation,218,5.4750000000000005,0.195,0.205,0.20762941568592932,0.2075629290583554,0.012562929058355404,0.20839080690686634,0.0008278778485109328,0.001777512452649864,-1.8462150171424684e-11,-1.8742385417649978e-11,2193.3266743873073,10.0,7.350773165963154,5.246424777239363,6,0,0,4,13,0.1,0.9792437070941644,2.5018537765542006e-17,17.918852331448694,0.3496124627392684,8.997744138920734,15.904169147683811,-8.33400142845373,15.582547290207684,-17.877309580401665,0.029904947462828978,-9.095300611030158,-15.473990881568863,9.40500550035993,-15.145638010636963
allocation,219,5.5,0.195,0.205,0.20756292905835538,0.20759888856510197,0.012598888565101968,0.20849188981745362,0.000893001252351644,0.008539117336425922,-1.816913093800845e-11,-1.8518535235203452e-11,1861.0508709126113,10.0,8.696275502769739,5.258130812715679,6,0,0,4,13,0.1,0.9792401111434899,3.1034707204833584e-17,17.905014940220983,0.31901949434682814,9.011101285823523,15.891785685244715,-8.316521714538702,15.570115497071429,-17.88748983463039,0.032292232752363065,-9.095011371647661,-15.448293488487243,9.389344356168934,-15.179799466663749
allocation,220,5.525,0.195,0.205,0.20759888856510203,0.2075931176036252,0.012593117603625192,0.20844468268314872,0.0008515650795235252,0.007564765781379513,-1.4489622787657885e-17,-1.892209560920505e-11,909.213484215234,10.0,7.803727547968248,5.253955244841893,6,0,0,4,13,0.1,0.9792406882396375,3.471885549823333e-17,17.923367062546944,0.3232732319203868,9.00565996887498,15.889596664787845,-8.321579609377144,15.572928566228171,-17.877499230786416,0.027243960716860246,-9.089310762689959,-15.458365512685656,9.398839860886863,-15.170445128122488
allocation,221,5.550000000000001,0.195,0.205,0.2075931176036252,0.20755348416772776,0.012553484167727752,0.20857863573180013,0.001025151564072374,0.0052826387488299,-6.165954406676795e-12,-1.8631876399561693e-11,1932.7308787557108,10.0,8.208389591238099,5.257532911998207,6,0,0,4,13,0.1,0.9792446515832273,1.3877787807814457e-17,17.9215821155287,0.3345605005462192,9.002309770320878,15.864016574378383,-8.327695951134038,15.593506756278774,-17.859922012914254,0.028344798166375952,-9.098955428438051,-15.466482578776104,9.404792655556697,-15.156501995288117
allocation,222,5.575,0.195,0.205,0.20755348416772773,0.20757554330905778,0.012575543309057774,0.20847052916644945,0.0008949858573916725,0.005253348903217155,-1.7935302618658846e-11,-1.8622854079442238e-11,1954.0511106324382,10.0,7.932087704035679,5.253480483549746,6,0,0,4,13,0.1,0.9792424456690942,6.992893892674703e-18,17.922793155185754,0.30500642960867896,9.016436430588776,15.863487874793652,-8.32836115692135,15.598288733244935,-17.859322579012126,0.042197393791080465,-9.118599264089587,-15.464625979094091,9.385664956395276,-15.165686885840541
allocation,223,5.6000000000000005,0.195,0.205,0.20757554330905786,0.2074622422797034,0.012462242279703384,0.20835774873076612,0.0008955064510627331,0.00315805671252253,-1.8780261981598952e-11,-1.8780261981598952e-11,1512.0529718804844,10.0,7.32184856893267,5.2345405095655355,6,0,0,4,13,0.1,0.9792537757720297,2.797157557069881e-17,17.939519258157993,0.2915065633605451,9.032992107459187,15.855546617608839,-8.322868441535551,15.613917757103584,-17.863095402445587,0.050195903664049434,-9.140304682005745,-15.479927157072373,9.366433078041274,-15.166357478135094
allocation,224,5.625,0.195,0.205,0.20746224227970342,0.20752298531222615,0.012522985312226148,0.20826169492506796,0.0007387096128418091,0.005313661578180314,-1.8833210666504584e-11,-1.8833210666504584e-11,1908.9776857364586,10.0,7.951482437351686,5.23444935080988,6,0,0,4,13,0.1,0.9792477014687774,6.992893892674703e-18,17.93165454558612,0.2850807976025222,9.022636761600971,15.85610428870637,-8.337082798841712,15.603906098111242,-17.8689845075729,0.056955554715207204,-9.15383152154233,-15.493959099863526,9.357241781491323,-15.16787599581313
allocation,225,5.65,0.195,0.205,0.20752298531222607,0.20755560211742097,0.012555602117420961,0.20832201759865498,0.0007664154812340174,0.006660483901007526,-8.304436128326288e-12,-1.8635511148270612e-11,963.3461782929267,10.0,8.191879215128463,5.240602175389004,6,0,0,4,13,0.1,0.9792444397882579,3.576224061345498e-18,17.937530472994585,0.2841152850987428,9.028301412142895,15.85165775843255,-8.317624584740148,15.61486716719339,-17.858977976859418,0.0664141103379204,-9.154175929753764,-15.488161543555016,9.342300714412849,-15.167175696897463
allocation,226,5.675000000000001,0.195,0.205,0.20755560211742102,0.20746119364580606,0.012461193645806057,0.20846309332096324,0.0010018996751571807,0.002880827722646389,-9.096669210570854e-12,-1.8809071951581068e-11,1344.0501005133683,10.0,8.107045107250295,5.23782836046777,6,0,0,4,13,0.1,0.9792538806354194,1.3904866443919908e-17,17.93986877864899,0.3259559778535881,8.999654593951439,15.854318074232964,-8.32882332947063,15.619322893930178,-17.86482178715676,0.04919254147717442,-9.134500836262601,-15.488280018811661,9.352855290081653,-15.155939267171542
allocation,227,5.7,0.195,0.205,0.20746119364580604,0.2074455794882298,0.012445579488229802,0.20855032584592753,0.0011047463576977223,0.005972964497420798,-1.8152268543658477e-11,-1.8751185065232994e-11,1739.1291460270882,10.0,8.400193796824574,5.241029387544102,6,0,0,4,13,0.1,0.979255442051177,2.5033568429418485e-17,17.92819115259533,0.35215149435144144,8.973601442627972,15.86322306173901,-8.368953043583405,15.606502417835214,-17.864217644574676,0.020982514925252303,-9.123564862748395,-15.488607146576243,9.363603004395639,-15.149362010516587
allocation,228,5.7250000000000005,0.195,0.205,0.20744557948822978,0.20737774903161127,0.012377749031611263,0.20864560065173504,0.0012678516201237722,0.0036313256373526354,-1.8324915542424926e-11,-1.834862685180854e-11,1543.007326562481,10.0,7.956188939516414,5.240475890695421,6,0,0,4,13,0.1,0.9792622250968389,1.963094669071206e-17,17.923904551376037,0.3571485091261619,8.979548473581293,15.862381948303753,-8.375287157398779,15.615874198076213,-17.847245514725078,0.02567235946919781,-9.14638191553521,-15.480909759434583,9.353863701991607,-15.151814082436237
allocation,229,5.75,0.195,0.205,0.2073777490316113,0.2072868358415549,0.012286835841554905,0.20864002056074324,0.0013531847191883273,0.002645763554279034,-1.8900312109634227e-11,-1.8900312109634227e-11,2012.286273518154,10.0,7.7219689547894514,5.230933684243744,6,0,0,4,13,0.1,0.9792713164158445,3.476216610979977e-18,17.919927062349956,0.3561719398862797,8.991829455211716,15.872700013331084,-8.354325114910813,15.622229723735186,-17.868477380931203,0.042773606578114826,-9.15862699660913,-15.458816805914411,9.34096250402235,-15.16550743678318
allocation,230,5.775,0.195,0.205,0.20728683584155494,0.20732591029106148,0.012325910291061476,0.20860438799500597,0.0012784777039444861,0.006785258790288282,-9.813077866773593e-18,-1.894852314787632e-11,927.995246094323,10.0,7.982256443513243,5.231098807240059,6,0,0,4,13,0.1,0.9792674089708938,6.992893892674703e-18,17.928635585721224,0.3677236700598611,8.96988562830532,15.87561678727828,-8.366990392506079,15.632098256728554,-17.864092903831274,0.0442385335948811,-9.155047031624832,-15.466770452159029,9.337353735805216,-15.14933703871658
allocation,231,5.800000000000001,0.195,0.205,0.2073259102910615,0.20734883827517683,0.012348838275176827,0.20859936337662002,0.0012505251014431895,0.00785402406276138,-7.306234821442594e-12,-1.8713201477403535e-11,942.1746201901045,10.0,8.015736032550798,5.233318311751199,6,0,0,4,13,0.1,0.9792651161724824,6.938893903907228e-18,17.925128899460294,0.37069961654492856,8.96361044217362,15.875485523348072,-8.373905101124524,15.615951933753783,-17.86638533016324,0.03073185298885664,-9.145756798356771,-15.476615420281737,9.346758238127986,-15.152221005134292
allocation,232,5.825,0.195,0.205,0.20734883827517683,0.20738229524587548,0.012382295245875474,0.2085736247561075,0.0011913295102320143,0.006585071967667402,-9.729632359133484e-12,-1.8864534011055324e-11,925.5560244407192,10.0,7.951090957864849,5.235245714562624,6,0,0,4,13,0.1,0.9792617704754124,1.3888371683765852e-17,17.925346072620794,0.3731805992887053,8.965854875933926,15.87857492528206,-8.380987231524864,15.614516088637865,-17.8668069820701,0.03810907052368516,-9.150423400137992,-15.472280485580452,9.348186427226977,-15.143213578364588
allocation,233,5.8500000000000005,0.195,0.205,0.2073822952458755,0.2074070499509141,0.0124070499509141,0.20870023848616093,0.0012931885352468198,0.00787699474309951,-9.018090376235298e-12,-1.8621621924852592e-11,989.406956876735,10.0,8.365526074399394,5.245857741282692,6,0,0,4,13,0.1,0.9792592950049086,6.946513017424995e-18,17.92339013200028,0.3734114273573899,8.973712772368215,15.865129341356711,-8.375535649700925,15.61819173483243,-17.862252617187913,0.04957709269246858,-9.164949611151382,-15.459433988585676,9.334315993624532,-15.135782969287261
allocation,234,5.875,0.195,0.205,0.20740704995091408,0.20737916876928758,0.012379168769287574,0.20857108358968723,0.0011919148203996532,0.0040654241816489205,-1.8308821864729404e-11,-1.876855957958414e-11,1259.3615089302823,10.0,7.524188121901685,5.235050776452341,6,0,0,4,13,0.1,0.9792620831230713,1.7368905267604862e-17,17.92726411028255,0.35942539356783726,8.98580890463157,15.872639335614302,-8.361602057983967,15.615456805834386,-17.87141024738007,0.05373635280360404,-9.164592189622608,-15.466553954338561,9.3310266837374,-15.149596685189076
allocation,235,5.9,0.195,0.205,0.2073791687692875,0.2072430538759494,0.0122430538759494,0.20848449176838948,0.0012414378924400782,0.0010005037326122981,-1.8109396126434592e-11,-1.8884369844663604e-11,1376.900878239104,10.0,7.188119153336812,5.214481633097591,6,0,0,4,13,0.1,0.979275694612405,1.389302603484999e-17,17.948956195291302,0.3699659515551003,8.968998182356305,15.861932602676742,-8.372781859538422,15.629763027019083,-17.874440807693993,0.047734405894868076,-9.166548180602183,-15.489070952837444,9.33540991733954,-15.148668953341708
allocation,236,5.925000000000001,0.195,0.205,0.20724305387594935,0.20715639111430545,0.012156391114305443,0.20850716711155365,0.0013507759972481992,0.003082580265252238,-1.813521740088891e-11,-1.8870209879960532e-11,1526.396830815611,10.0,7.620963306544548,5.207506082765724,6,0,0,4,13,0.1,0.9792843608885694,2.862293735361732e-17,17.94662616506959,0.378140409155433,8.966541319593622,15.863299537442845,-8.3855987122118,15.62540790011111,-17.879879978561362,0.030586445409871873,-9.158786871427923,-15.490237030361868,9.347356713353674,-15.153953017911144
allocation,237,5.95,0.195,0.205,0.20715639111430545,0.20709270851729514,0.012092708517295131,0.20863885549740482,0.001546146980109686,0.003756298278819029,-1.868882770859924e-11,-1.8787124082955977e-11,2668.97885633331,10.0,8.093473300008517,5.209559526970028,6,0,0,4,13,0.1,0.9792907291482705,0.0,17.94100596330716,0.3857260300671463,8.957675414574455,15.853196535732849,-8.387133269569091,15.633215295194343,-17.897477309158084,0.037898918053269094,-9.152198049894343,-15.456417252400264,9.349670504982027,-15.167824980324635
allocation,238,5.9750000000000005,0.195,0.205,0.20709270851729514,0.20716334046505872,0.012163340465058708,0.20869263382797618,0.001529293362917461,0.008802997731257306,-5.903352916387075e-12,-1.8896664097937255e-11,975.7954823560664,10.0,8.28091434972107,5.219996266274792,6,0,0,4,13,0.1,0.9792836659534941,2.0816681711721685e-17,17.942123499134816,0.3974654300180731,8.954242443217662,15.863043562206215,-8.383305004246925,15.628715380086255,-17.891619636816568,0.03801437661297732,-9.142573967365895,-15.450153798160624,9.3498155984024,-15.154166852933903
allocation,239,6.0,0.195,0.205,0.2071633404650587,0.2077053308864849,0.0127053308864849,0.2094648401945714,0.0017595093080864932,0.026305380790498857,-7.68727172847048e-12,-1.8749308160761632e-11,1971.7246785804934,10.0,14.881310597712801,5.3282886289712,6,0,0,4,13,0.1,0.9792294669113515,1.993045536433795e-17,18.01826603041726,0.4218124388923954,8.896972627968903,15.778049469399528,-8.33906105775051,15.567567667276288,-17.950824277002017,0.032382729330269394,-9.130601502660761,-15.339227510602084,9.325815043399924,-15.011572744772932
