method,seed,step,time_s,lambda_req,lambda_des,lambda2_pre,lambda2_post,connectivity_safety_margin,lambda3_post,fiedler_gap_post,lambda2_estimate_mean,lambda2_estimate_max,maximum_unsafe_overestimation,subspace_sine_error,aligned_basis_spectral_error,maximum_aligned_row_error,procrustes_factor_disagreement,maximum_prenormalized_row_norm,minimum_local_gram_eigenvalue,minimum_exact_cross_singular_value,maximum_laplacian_eigenvalue,consensus_contraction,exact_global_matrix_margin,estimated_tightened_global_margin,estimated_untightened_global_margin,minimum_local_matrix_margin,minimum_inner_local_matrix_margin,solver_feasible,offline_total_spectral_error_bound,offline_maximum_local_error_bound,beta_total,master_residual_eta_q,resource_zero_sum_error,control_correction,task_error,active_edge_count,edge_appearances,edge_disappearances,consensus_rounds,consensus_step,diffusion_step,warmup_steps,allocation_inner_iterations,p1_x_m,p1_y_m,p2_x_m,p2_y_m,p3_x_m,p3_y_m,p4_x_m,p4_y_m,p5_x_m,p5_y_m,p6_x_m,p6_y_m
estimated-subspace-empirical,14,0,0.025,0.195,0.205,0.9528077435349479,0.9007295882493259,0.705729588249326,0.9100893783199464,0.009359790070620488,0.9528047174096619,0.9528116788260177,3.935291069789848e-06,1.3921114271282252e-05,1.4014553952580328e-05,8.571707739661625e-06,4.724453205856524e-16,0.30741206827824247,0.2686442520011903,0.9999983884566314,1.4997275216062778,0.9047192256465052,0.15108638906801888,0.15108547312211312,0.15108547312211312,-7.218696340355991e-13,-1.8585056863427576e-11,True,0.0017473483160983915,0.00029482821490451326,0.0,279.8800519819719,1.4304896245381992e-17,9.634559942673524,19.13586989079843,15,0,0,80,0.1,0.5,80,10,12.2038731181804,0.1148559660656037,5.963983080844504,10.56612536809013,-6.108848120783802,10.796345330303906,-12.262034582719096,-0.06286095352351925,-6.227665480881289,-10.317436590870258,6.1325387658802075,-10.496234678691572
estimated-subspace-empirical,14,1,0.05,0.195,0.205,0.9007295882493258,0.8502491182606853,0.6552491182606852,0.8576546853609954,0.007405567100310151,0.9007267567371925,0.9007369994773459,7.411228020060001e-06,0.0017285315986566455,0.0017285323110207602,0.0012061747771778064,6.740247336974035e-07,0.32262557041692413,0.2966811029194648,0.9999970582017956,1.4544227292455674,0.9099270411750674,0.015431260922574424,0.015477703532788307,0.015477703532788307,-1.749649458893585e-11,-1.8291705940312978e-11,True,0.20854066122031079,0.03531574873377661,0.0,244.25936402337172,2.7755575615628914e-17,9.32159905630617,18.649987917114156,15,0,0,80,0.1,0.5,80,10,12.400987003929261,0.1357727941933116,6.055733282292402,10.739889848433156,-6.183842061671043,10.98730859001889,-12.44667123443518,-0.07357398142683108,-6.332169546770545,-10.483531760609258,6.247273328839288,-10.671873879524059
estimated-subspace-empirical,14,2,0.07500000000000001,0.195,0.205,0.8502491182606853,0.8033373896487573,0.6083373896487574,0.8095872610421132,0.006249871393355866,0.8502446833383007,0.8502603151580215,1.1196897336196443e-05,0.0020582260227017704,0.002058227357326838,0.0013757929619740102,1.3679258284406377e-06,0.3376124879130144,0.32572340495776625,0.9999958855877124,1.4104476902507284,0.9149750881739315,0.02105218140153832,0.021123047961323315,0.021123047961323315,-1.679791568189967e-11,-1.8535169628822367e-11,True,0.23507452162432435,0.039646428537212786,0.0,228.09366745154065,1.3877787807814457e-17,9.980297259176933,18.198252140847032,15,0,0,80,0.1,0.5,80,10,12.581548473793882,0.15438707166172322,6.1401052420057916,10.8957867770119,-6.248901485339836,11.165314712214684,-12.628326287025038,-0.07400482281397819,-6.422430809919464,-10.639552349608131,6.357997587643967,-10.83616616498195
estimated-subspace-empirical,14,3,0.1,0.195,0.205,0.8033373896487578,0.7605817034345571,0.5655817034345572,0.765112662388101,0.00453095895354394,0.8033311202668081,0.8033543219766459,1.6932327888130594e-05,0.002518310282516592,0.0025183118698642996,0.0015852024585598758,2.626007885863052e-06,0.35124742076753773,0.35341883499074483,0.9999940417760839,1.3701684604251556,0.9196662610351243,0.021526596641498377,0.021633744502664788,0.021633744502664788,-1.7547641577412204e-11,-1.8161200591128023e-11,True,0.2724249267797757,0.04591343468219052,0.0,346.02610101605785,1.4304896245381992e-17,10.483744955317404,17.77696453450232,15,0,0,80,0.1,0.5,80,10,12.749515894590205,0.17588199296359516,6.217009753747875,11.044766955567663,-6.314195349311608,11.333003672087274,-12.796056804909863,-0.08253031475820617,-6.51459161754488,-10.780769394596184,6.455894090928346,-10.986515010559163
estimated-subspace-empirical,14,4,0.125,0.195,0.205,0.7605817034345574,0.7206454169246986,0.5256454169246987,0.7243536926495067,0.00370827572480803,0.7605717223089824,0.7606038471694158,2.2143734858315334e-05,0.0025934547222096825,0.0025934598033518714,0.00159155797630496,3.620991419172526e-06,0.3635524505527315,0.37988816703142253,0.999992220982829,1.3343001189691446,0.9239418296565443,0.033294321583757364,0.03334216156341667,0.03334216156341667,-1.706631654787931e-11,-1.8270038664383143e-11,True,0.26696983959523624,0.04515635885373273,0.0,226.44493416543747,1.3877787807814457e-17,10.820890813666974,17.379523381930053,15,0,0,80,0.1,0.5,80,10,12.908375569287388,0.19182102506577384,6.290001998792919,11.180960035656126,-6.375952093450777,11.487931543334874,-12.956609370519452,-0.09028010825951216,-6.599375116217262,-10.90992899344131,6.555987958983949,-11.134142569595262
estimated-subspace-empirical,14,5,0.15000000000000002,0.195,0.205,0.720645416924699,0.6835867408337305,0.4885867408337305,0.686729824254443,0.003143083420712456,0.7206318493370589,0.7206753660642669,2.9949139567886363e-05,0.002905038185101017,0.002905049404816871,0.001809677572058929,5.090220789485998e-06,0.3747349609151041,0.4047721963106498,0.9999891877414885,1.3026938806214148,0.9279354583075301,0.030089955477470006,0.03023023900999149,0.03023023900999149,-4.293221566713447e-17,-1.796367314674774e-11,True,0.28527759602636665,0.04836852650796624,0.0,154.22145167989694,6.938893903907228e-18,11.033095884904359,17.002381515778364,15,0,0,80,0.1,0.5,80,10,13.060964546600708,0.20817781232033636,6.362093650483982,11.307162006228856,-6.439094584820029,11.635483605415883,-13.10875564627035,-0.10047521981342147,-6.6803709028575105,-11.03026366652443,6.652402609113255,-11.271695557638441
estimated-subspace-empirical,14,6,0.17500000000000002,0.195,0.205,0.6835867408337303,0.6488639860659157,0.45386398606591566,0.651550450552729,0.0026864644868133114,0.6835669913009957,0.6836240950473298,3.7354213599516406e-05,0.0028761044378205,0.002876135720503365,0.0018291926881035124,6.22472418152451e-06,0.38568998798732224,0.4281763118424103,0.999985664483885,1.2743555213277002,0.931641325916627,0.011831578771323736,0.01199058999362474,0.01199058999362474,-2.6341661973589695e-12,-1.7515260873721318e-11,True,0.2709608626889076,0.045959684277191076,0.0,154.89987077096401,5.732467154385379e-17,11.023919466935109,16.63882785303402,15,0,0,80,0.1,0.5,80,10,13.206916344930777,0.22620560428799955,6.431334793900218,11.426289950669828,-6.497270783440303,11.77897979550486,-13.256553457502775,-0.10675772120160754,-6.757309560681525,-11.14717248521442,6.748620644378268,-11.404910713038381
estimated-subspace-empirical,14,7,0.2,0.195,0.205,0.6488639860659153,0.6166649654268179,0.4216649654268179,0.6190924385508446,0.002427473124026691,0.6488370495325217,0.6489152771789013,5.1291112985962783e-05,0.00316594781310784,0.003166011998640438,0.0020029970435811112,8.692603018268106e-06,0.3959420073426618,0.45032339392309023,0.9999803754137337,1.2486901517802547,0.9351136013934085,0.004087087476705409,0.004207981038145298,0.004207981038145298,-1.7482847050892632e-11,-1.7852748261152514e-11,True,0.28530402398156335,0.048711081217734375,0.0,309.7784059118112,5.015721274010177e-17,11.10919092378764,16.291525418865692,15,0,0,80,0.1,0.5,80,10,13.349744605331724,0.23936903716195784,6.496797034703932,11.541765241218254,-6.554455961218977,11.91332445126947,-13.398610977541274,-0.11551169012595118,-6.831330728479955,-11.258296550415395,6.835571711313714,-11.531725598103668
estimated-subspace-empirical,14,8,0.225,0.195,0.205,0.6166649654268178,0.5870810148580758,0.39208101485807584,0.5886599331219735,0.0015789182638976662,0.6166266578261211,0.6167247213596495,5.9755932831695446e-05,0.003012290752350189,0.00301245924231786,0.0018584919985782957,9.907857982352074e-06,0.4051597675271034,0.47088182614692314,0.9999739433835251,1.2253570773815603,0.9383335034573183,0.002261446780270028,0.0022563096758853643,0.0022563096758853643,-1.719466639317909e-11,-1.767657438086901e-11,True,0.2602446258680239,0.043785132807533905,0.0,284.177340175469,3.1031676915590914e-17,11.157240646460128,15.957504021874467,15,0,0,80,0.1,0.5,80,10,13.481012790655942,0.2518491330884737,6.5557898266903525,11.654273481118286,-6.609252361402989,12.048570825924163,-13.530678606872629,-0.11886536840094135,-6.897847854675723,-11.368025826857123,6.923838075119913,-11.659037387228464
estimated-subspace-empirical,14,9,0.25,0.195,0.205,0.5870810148580758,0.5595599733032087,0.3645599733032087,0.5610051645702688,0.0014451912670601086,0.5870281899349049,0.5871508364235285,6.982156545265461e-05,0.0032316599977505705,0.0032319872220128755,0.0019812843443603417,1.2710592490213221e-05,0.41365854938501134,0.49005648392455387,0.9999650469278776,1.204201077456466,0.9412918985141924,0.013482041165889733,0.013545690008577728,0.013545690008577728,-2.309280948519496e-12,-1.7265719210108202e-11,True,0.26744847113680126,0.04544670942095254,0.0,165.0635584187351,2.797157557069881e-17,11.229810165875566,15.63803305804926,15,0,0,80,0.1,0.5,80,10,13.609814315007682,0.26540614093344406,6.613473159632534,11.758139669026065,-6.661439722958033,12.176783764140934,-13.660316349710575,-0.1243989430679513,-6.9635447526852,-11.468871343321224,7.00832460641117,-11.779877720734284
estimated-subspace-empirical,14,10,0.275,0.195,0.205,0.5595599733032088,0.5338584878343406,0.33885848783434064,0.5349580751572675,0.0010995873229268094,0.5594900274735465,0.559649370578835,8.93972756261796e-05,0.0034087492124759144,0.0034093679339608374,0.002059455219067875,1.5461322107134395e-05,0.4212049296521714,0.5073090057061043,0.9999537262103473,1.1851036004434037,0.9440440026696791,0.0029426428315399698,0.002956445298232737,0.002956445298232737,-1.6772502646817548e-11,-1.7592434291311143e-11,True,0.2722205393095607,0.04619647183766969,0.0,429.1089119244986,1.3877787807814457e-17,11.099676324947714,15.326525127815936,15,0,0,80,0.1,0.5,80,10,13.73522196540677,0.27167259899590024,6.665362477711744,11.861353976627639,-6.715639905507016,12.301887848590319,-13.786353476338663,-0.12385498437199781,-7.023643738562825,-11.569422283914976,7.092485647905533,-11.898715490589094
estimated-subspace-empirical,14,11,0.30000000000000004,0.195,0.205,0.5338584878343408,0.5100348267286761,0.31503482672867605,0.5111548088037728,0.0011199820750967815,0.533763679979396,0.5339573964009515,9.890856661076697e-05,0.003538998195311655,0.003540159735968175,0.002094270862520205,1.8044912955862078e-05,0.42805659684410363,0.5231560211066342,0.9999397197509268,1.1673979242100319,0.9466141512165659,0.009913890087741566,0.009955582703254947,0.009955582703254947,-1.274365544090686e-12,-1.7248862258949854e-11,True,0.27149738801718853,0.04624529084102212,0.0,169.1164192181689,2.7755575615628914e-17,11.088482426803422,15.02676716512924,15,0,0,80,0.1,0.5,80,10,13.856807563482302,0.28000391814030834,6.717107230764615,11.959404467541132,-6.767843381360187,12.42165075297017,-13.908045511742683,-0.12616775058654178,-7.083625113466019,-11.663805000701624,7.1736318218510755,-12.012796296203337
estimated-subspace-empirical,14,12,0.325,0.195,0.205,0.510034826728676,0.4880452413808691,0.29304524138086907,0.48903459841198865,0.0009893570311195754,0.5099185935957399,0.5101912074990158,0.00015638077033985898,0.003697571563274945,0.003699585219260329,0.00217893321782826,2.0321596843573574e-05,0.43403076073898256,0.5371292174099551,0.9999223550938178,1.1513062610038167,0.9489965173271324,0.007745229889099434,0.007712041522900044,0.007712041522900044,-1.659169753043362e-11,-1.7493561705288415e-11,True,0.27342384314442,0.046471667429428744,0.0,369.34892615080287,1.5899003276961254e-17,11.022803364269988,14.736341212419244,15,0,0,80,0.1,0.5,80,10,13.973538343402208,0.28853496366684883,6.766406172715738,12.055309826957233,-6.8171226101895614,12.540259040187724,-14.025046898530736,-0.12536646167206617,-7.139483738466446,-11.756450787741295,7.252743205259409,-12.12366755118685
estimated-subspace-empirical,14,13,0.35000000000000003,0.195,0.205,0.4880452413808691,0.46742449536134467,0.27242449536134467,0.468666746145883,0.0012422507845383235,0.48790786841033196,0.48826387676990035,0.00021863538903127422,0.003960414237097022,0.003963832617375806,0.0023110144779311553,2.3296678926986257e-05,0.43927166339339546,0.5495468459984126,0.9999014592107079,1.1365474338896346,0.9511954758619131,0.0034700275052803866,0.0034720150910296206,0.0034720150910296206,-1.8864823420187726e-12,-1.648448612816426e-11,True,0.2829649118467584,0.048175579846417384,0.0,164.93849842376554,3.1031676915590914e-17,10.886684429106635,14.453423917894467,15,0,0,80,0.1,0.5,80,10,14.087573742013417,0.2966889534659122,6.81595306923232,12.145830302145288,-6.864511297927021,12.654286100766276,-14.14163563572482,-0.12612513663825725,-7.193955879294984,-11.846129491383532,7.330454122477103,-12.232407602250815
estimated-subspace-empirical,14,14,0.375,0.195,0.205,0.4674244953613448,0.4484389860635156,0.2534389860635156,0.4496442594627445,0.0012052733992288789,0.4672756793801611,0.46767496375293754,0.0002504683915927619,0.0043179983785758755,0.004323393664225786,0.0025075337081652,2.601332607653219e-05,0.44382084732201094,0.56038961940547,0.9998766778925731,1.1229276423320895,0.9532575504638655,0.0074127988182623,0.007489379639289177,0.007489379639289177,-1.5994212338263578e-11,-1.6507409324731705e-11,True,0.29823342990858326,0.05089132144794288,0.0,339.34561888235027,0.0,10.818796543720758,14.178727135120278,15,0,0,80,0.1,0.5,80,10,14.199309299674425,0.3001143632124895,6.861726836053629,12.235367684023117,-6.9153246163897375,12.763620924463215,-14.254893462407052,-0.12265154860573016,-7.245667340629331,-11.932328766480616,7.409113922539152,-12.337048645195358
estimated-subspace-empirical,14,15,0.4,0.195,0.205,0.44843898606351557,0.4307132506885394,0.23571325068853938,0.4321819216986179,0.001468671010078526,0.44825850588340826,0.4487221188106585,0.00028313274714292236,0.0046221121261581675,0.00463016827190186,0.002691980805564501,2.76073603115615e-05,0.4477354250528814,0.5698598669216997,0.9998477787510025,1.110290239591769,0.9551561013936485,0.0033621484250776473,0.003280096515592763,0.003280096515592763,-1.6425551082436544e-11,-1.6425551082436544e-11,True,0.3087628414727964,0.05274306995701513,0.0,219.06072083768035,1.4304896245381992e-17,10.673203715392354,13.911483870226164,15,0,0,80,0.1,0.5,80,10,14.30804881837913,0.3042832634965795,6.906097020383468,12.32468816511277,-6.965007028930963,12.86828299143787,-14.364829311684387,-0.1226069651137338,-7.2992897175756815,-12.016176867357586,7.480899270550341,-12.4388910256945
estimated-subspace-empirical,14,16,0.42500000000000004,0.195,0.205,0.43071325068853933,0.41430171362724105,0.21930171362724105,0.4159081048588045,0.00160639123156342,0.4305157015632608,0.43101468300152873,0.00030143231298940254,0.004847146288422518,0.004858037061557486,0.002805391338464041,2.703337807500029e-05,0.45099994541116656,0.5778143203045152,0.9998148288957294,1.0985706057173639,0.9569286749311461,0.004078594255469238,0.004007984901747856,0.004007984901747856,-1.522904495141031e-11,-1.5762930972608426e-11,True,0.31390830695163074,0.0538836550193457,0.0,281.1318260908595,1.5612511283791264e-17,10.555351721305863,13.650808370937979,15,0,0,80,0.1,0.5,80,10,14.416025542323084,0.3075858159225366,6.949000781121441,12.410758357192146,-7.013675586496922,12.97055128480252,-14.472638017745572,-0.11898035245283912,-7.3504952869046685,-12.097167661773307,7.553924222768266,-12.537000148828264
estimated-subspace-empirical,14,17,0.45,0.195,0.205,0.4143017136272411,0.39910209349470765,0.20410209349470765,0.40088371688189645,0.001781623387188791,0.414076853837052,0.414627439500371,0.00032572587312990064,0.005244689913841585,0.00525899203521114,0.0030201638077810523,2.7970322201640556e-05,0.45371182070971067,0.5844851734180638,0.9997777395287178,1.0876428226306882,0.9585698286372759,0.004463129746834063,0.004324729629389505,0.004324729629389505,-1.1036317888495755e-12,-1.6101995812306703e-11,True,0.3290828771577685,0.05653366909529914,0.0,170.15207485187275,3.4867510341210807e-17,10.447252565899944,13.39744275367537,15,0,0,80,0.1,0.5,80,10,14.521235811532764,0.3111865614144926,6.990158722504604,12.494350747485255,-7.059949261297944,13.06907923226419,-14.576602761336133,-0.11601507430595248,-7.4013239470817656,-12.17766578172238,7.624482843114302,-12.632646428520497
estimated-subspace-empirical,14,18,0.47500000000000003,0.195,0.205,0.39910209349470754,0.3850480723588072,0.19004807235880722,0.3870387660612377,0.0019906937024304905,0.39885432168793883,0.39943918919327714,0.00033709569856960053,0.005750991610913353,0.005768752305264454,0.003280233262444476,2.9578744099428308e-05,0.45589757723417956,0.5898757941435048,0.9997362891477837,1.0774655844378525,0.9600897906505292,0.005540900896931175,0.0053262292193953925,0.0053262292193953925,-8.424812541200633e-13,-1.6093697628335613e-11,True,0.3497864315695347,0.06019451006791089,0.0,175.8064418477833,3.4867510341210807e-17,10.363740951864292,13.151721021925484,15,0,0,80,0.1,0.5,80,10,14.623979694825046,0.3148510854505309,7.030342474430311,12.575699255250012,-7.104239525494354,13.163991885146496,-14.677139356452864,-0.11420128262710703,-7.451017371004673,-12.255823021463344,7.691981646604635,-12.725674237826185
estimated-subspace-empirical,14,19,0.5,0.195,0.205,0.3850480723588072,0.3719122871832621,0.17691228718326207,0.3741247549558115,0.002212467772549409,0.38477907680167794,0.38538679704070383,0.0003387246818966072,0.006275699065615367,0.006296615490559579,0.003543726525639612,2.942278950779643e-05,0.45761335389455354,0.5940916480166631,0.999690841815669,1.0679562230883155,0.9614951927641193,0.001171531782830387,0.0009607083280370672,0.0009607083280370672,-1.5257889880482322e-11,-1.567602635502028e-11,True,0.37151972384506954,0.06386666364344253,0.0,166.1724412336449,7.152448122690996e-18,10.185405020779577,12.910921208463856,14,0,1,80,0.1,0.5,80,10,14.724507351011601,0.3185527568770431,7.0723421008995935,12.655188561926954,-7.145881553859369,13.254817722529891,-14.778537780568442,-0.10891498059819127,-7.499357588209678,-12.335511018440128,7.758596121830866,-12.812553068723124
estimated-subspace-empirical,14,20,0.525,0.195,0.205,0.37191228718326214,0.3597399134041176,0.1647399134041176,0.36208372267104677,0.0023438092669291755,0.3716206488189322,0.37225459373919817,0.0003423065559360339,0.0069079915252493,0.006935581660511192,0.00391131612296465,3.010908372214466e-05,0.45890602523756785,0.5972886128707908,0.9996418170731092,1.0589346993241489,0.9628087712816737,0.0012674551637413952,0.00096986918817951,0.00096986918817951,-1.336070055053485e-11,-1.5624054608015087e-11,True,0.3978993759884623,0.06850458315850667,0.0,166.83751036086153,1.97026712507607e-17,10.061445842187192,12.676173922897767,14,0,0,80,0.1,0.5,80,10,14.823163769037427,0.3212070660341314,7.113113440264377,12.7336878413763,-7.186964548035405,13.342807923486557,-14.876604332454196,-0.10435010580543849,-7.546565869603994,-12.413733538144582,7.822450700066364,-12.897136513472656
estimated-subspace-empirical,14,21,0.55,0.195,0.205,0.35973991340411754,0.34855485064095276,0.15355485064095276,0.3508160411929845,0.002261190552031722,0.3594253244322633,0.36007740494893253,0.000337491544814994,0.007498291106343324,0.007532366201883053,0.00423060611215285,2.7470613252152665e-05,0.45980916670886646,0.599401926161581,0.9995892220203647,1.0503671707663833,0.9640260086595882,0.003999871172588299,0.0035936428336304743,0.0035936428336304743,-9.069497257945783e-13,-1.4471540658394937e-11,True,0.42031150966507314,0.0722920822394619,0.0,214.36291681736859,1.9645312551903404e-17,9.983082920195292,12.448133491021443,14,0,0,80,0.1,0.5,80,10,14.918885122007765,0.32016467111557606,7.152066287065659,12.811915446456315,-7.226789951469143,13.427936921854373,-14.9715580278183,-0.10000705508204204,-7.590224206548328,-12.490629981958593,7.88311289103229,-12.980814707009731
estimated-subspace-empirical,14,22,0.5750000000000001,0.195,0.205,0.3485548506409528,0.3381716790319066,0.14317167903190658,0.3403803908427337,0.002208711810827102,0.348217464998726,0.3488925853995343,0.00033773475858150936,0.008043296419536376,0.008083147345850831,0.0045052744780901795,2.0191887824373752e-05,0.4603496687070768,0.6006278056224501,0.9995338495785973,1.0422104773352832,0.9651445149359047,0.0032463148690562893,0.0027637147405455754,0.0027637147405455754,-1.3555132275506852e-11,-1.4400679196484232e-11,True,0.4391313362937682,0.07520549975990998,0.0,359.6986230534975,1.3985787785349405e-17,9.885008454405886,12.226233954536497,13,0,1,80,0.1,0.5,80,10,15.0104631056334,0.32023566421375105,7.1914756396195845,12.890145720073658,-7.263009753922077,13.506653491825455,-15.061822164620791,-0.09460833537511028,-7.633220565473055,-12.57001903866124,7.945865262410916,-13.061687636166642
estimated-subspace-empirical,14,23,0.6000000000000001,0.195,0.205,0.3381716790319065,0.32849387095019617,0.13349387095019616,0.33073947828780625,0.0022456073376100893,0.33781400361769576,0.3385125914131609,0.00034091238125444345,0.008857242394608791,0.008899922902476948,0.004956914497214808,1.954443736111994e-05,0.4605947034836519,0.6010960388885094,0.9994760289914035,1.034461087009774,0.9661828320968093,0.0025533797001329977,0.0020571193018751005,0.0020571193018751005,-1.450150906988569e-11,-1.4927232011923048e-11,True,0.4714031084694766,0.08088387583442004,0.0,291.29509680644554,5.004459255591889e-17,9.780744162560167,12.010236066040024,13,0,0,80,0.1,0.5,80,10,15.100277900454989,0.32075929013188365,7.2317630043933905,12.964997292270779,-7.301436013635437,13.582191388760856,-15.151076066028018,-0.08908734148301486,-7.677821464419283,-12.64580153456433,8.006676172215245,-13.137722589111764
estimated-subspace-empirical,14,24,0.625,0.195,0.205,0.3284938709501963,0.31955719471043814,0.12455719471043813,0.3217689924884858,0.0022117977780476417,0.3281135386286313,0.3287981910898942,0.00030432013969794447,0.00957180093331908,0.009619465901821915,0.005371991761908631,1.4837564576789045e-05,0.4605671745675284,0.6009047389855078,0.9994159907411221,1.0270429104991194,0.9671506129049804,0.0040123353173286205,0.0034333522121855675,0.0034333522121855675,-1.4118729843216092e-11,-1.5134896519069052e-11,True,0.49709283094905055,0.08556459554906794,0.0,300.91046457518513,2.778605206969998e-17,9.702153495568457,11.800285863704694,13,0,0,80,0.1,0.5,80,10,15.188886179354022,0.3193142548334748,7.269764459239128,13.03704282601884,-7.338366286732939,13.655014698218455,-15.237763638653513,-0.08283746060943156,-7.721059456647735,-12.721498056756834,8.064202152748773,-13.212054426691127
estimated-subspace-empirical,14,25,0.65,0.195,0.205,0.31955719471043803,0.31123452886191405,0.11623452886191404,0.3136156570497533,0.0023811281878392543,0.3191554817635274,0.3198193957197792,0.0002622010093411564,0.010288138594162466,0.010340837534271455,0.005739917970512407,9.956201868599176e-06,0.46028180655694045,0.6001382367851192,0.9993548490840015,1.0199370796033356,0.9680442805289562,0.0026759252829678263,0.001963713638775823,0.001963713638775823,-2.6285301174179248e-12,-1.5039753439288394e-11,True,0.5209286809103242,0.08962660000497023,0.0,212.43731578877046,1.9645312551903404e-17,9.630628000541641,11.597102870419123,13,0,0,80,0.1,0.5,80,10,15.274394760969193,0.3223855213992391,7.3066268323640315,13.109048097436787,-7.373789164377287,13.726825613078965,-15.318989497103964,-0.07870777973066034,-7.765884585213937,-12.793086440583176,8.117258067332628,-13.283890647730864
estimated-subspace-empirical,14,26,0.675,0.195,0.205,0.31123452886191405,0.30349960562079253,0.10849960562079253,0.30577887894369843,0.002279273322905895,0.31081551005945435,0.31147197079348166,0.00023744193156760574,0.011017273399167717,0.011070933958862328,0.0060970852173721085,1.4084598639812627e-05,0.45980965352892084,0.5988929834769431,0.9992930571327866,1.0131833765179703,0.9688765471138086,0.0015010460523187175,0.0007572729019013886,0.0007572729019013886,-1.2965779844114406e-11,-1.5240316191316347e-11,True,0.5477575333675432,0.09399447528050005,0.0,238.6267027346559,2.7797049244164496e-17,9.446120240968762,11.395855436417381,12,0,1,80,0.1,0.5,80,10,15.356448386750312,0.32275983674607583,7.342686155591069,13.181006701877019,-7.406994707282348,13.796818912387112,-15.402094845726435,-0.06738373993592482,-7.806663921824129,-12.867924336077223,8.173620359840053,-13.35486378087488
estimated-subspace-empirical,14,27,0.7000000000000001,0.195,0.205,0.30349960562079265,0.2963945201390137,0.10139452013901368,0.29871107313816264,0.0023165529991489575,0.3030637397145199,0.3036957698610195,0.0001961642402268371,0.01193256641014832,0.011989991323771685,0.006601368081154208,1.2643411378731755e-05,0.45914200725475807,0.5972276584951016,0.9992312274136083,1.0065579420412023,0.9696500394379207,0.0039962353098557425,0.0032426672228928195,0.0032426672228928195,-8.126455108421882e-18,-1.3806704632921025e-11,True,0.5784067275711385,0.0994989664060463,0.0,369.92985609309864,4.336808689942018e-19,9.469610868797464,11.20297615656288,12,0,0,80,0.1,0.5,80,10,15.43622050835127,0.32474140334459695,7.379894655984336,13.248981023400654,-7.4366013273235945,13.863983145876633,-15.477694217626787,-0.05846545026713765,-7.845382063567013,-12.94278764889447,8.230122925735131,-13.421685377589798
estimated-subspace-empirical,14,28,0.7250000000000001,0.195,0.205,0.2963945201390138,0.2897684195878342,0.09476841958783422,0.2921927105341998,0.0024242909463655926,0.29594402904713185,0.29655086547950205,0.00015634534048825088,0.012875954313837597,0.012938954625581396,0.007119557321311101,9.917700387944486e-06,0.45832974977871405,0.5952482904535527,0.9991678048381745,1.0003038283761876,0.9703605479860986,0.002323926125759302,0.0014413816767854294,0.0014413816767854294,-1.2836490837430738e-11,-1.41385361609261e-11,True,0.6117806248492543,0.1057971930117998,0.0,277.7507375703584,2.5019477446579186e-17,9.352475911601228,11.014763043753499,12,0,0,80,0.1,0.5,80,10,15.514363184556693,0.32718323988952497,7.414874441636075,13.318043795623886,-7.467745763250604,13.926991068057099,-15.555371698059684,-0.04729174727762204,-7.886990258892256,-13.015182693703421,8.278193992682821,-13.483836525637145
estimated-subspace-empirical,14,29,0.75,0.195,0.205,0.28976841958783417,0.2836914996880792,0.08869149968807921,0.28605868483862995,0.0023671851505507324,0.2893012662454661,0.28987706107968164,0.00010864149184747207,0.013637972214083043,0.013704571794702466,0.007515483080317342,1.5208147613952875e-05,0.45738859055680564,0.5930090039642553,0.9991057218863264,0.9942556753624867,0.9710231580412165,0.00497164590136694,0.004011832317466774,0.004011832317466774,-3.1608681255825587e-12,-1.4128695330448485e-11,True,0.6356692302094117,0.10943814797295608,0.0,271.9037455117339,2.861718721906245e-17,9.276392588484107,10.83112717484323,12,0,0,80,0.1,0.5,80,10,15.592015563612106,0.3275408986354575,7.446665284500075,13.384293857180113,-7.50128645170359,13.989531266522325,-15.627419571013311,-0.03634827510933259,-7.927045885119216,-13.084350402800213,8.329965219272701,-13.547641239747529
estimated-subspace-empirical,14,30,0.775,0.195,0.205,0.2836914996880792,0.27799479041541536,0.08299479041541535,0.28036918528481247,0.0023743948693971118,0.28320631933740065,0.28374200228426033,5.05025961811123e-05,0.014460322535721758,0.014526369248475418,0.007941737059933077,2.5366376590118885e-05,0.45633752037793707,0.5905723818823136,0.9990449942867686,0.9883902603248584,0.9716308500311921,0.0021040432587606807,0.0011300190539269496,0.0011300190539269496,-1.2679349574999184e-11,-1.3962081994606027e-11,True,0.6623518149203671,0.11399120756128675,0.0,235.25838534217078,2.0844897021524245e-17,9.113239993713698,10.650319888589834,12,0,0,80,0.1,0.5,80,10,15.66875807800901,0.3292100761380123,7.480111098685836,13.447924407778775,-7.533984393632764,14.052757495318774,-15.698664051593315,-0.024013617872898924,-7.965847752601937,-13.156035646308666,8.379048065368558,-13.606352077550127
estimated-subspace-empirical,14,31,0.8,0.195,0.205,0.2779947904154155,0.27280647564520455,0.07780647564520454,0.2751628281154948,0.002356352470290257,0.27749235420486223,0.2779808349628207,0.0,0.015192194059550473,0.015264534979435496,0.008319031559398424,2.78933481999471e-05,0.45517999771211126,0.5879589187741181,0.9989845102870776,0.9826775854871728,0.9722005209584584,0.0055588640046787124,0.004473792813060105,0.004473792813060105,-1.1685894577886834e-11,-1.3868520890308033e-11,True,0.6816883540025723,0.11750523734510036,0.0,421.96385937219804,2.8189256484623115e-18,9.11260630745199,10.476235380544091,12,0,0,80,0.1,0.5,80,10,15.74301831363792,0.32690284455474056,7.512556505943947,13.50912050924193,-7.563441910315006,14.110020828036062,-15.765973145076204,-0.01538739479053649,-8.001260089142376,-13.226433803251576,8.42771999386732,-13.668320499084706
estimated-subspace-empirical,14,32,0.8250000000000001,0.195,0.205,0.27280647564520455,0.2679761201492695,0.07297612014926952,0.2703320968971001,0.002355976747830557,0.272284644542812,0.27272894993466584,0.0,0.015956114068263017,0.016029688890641363,0.008716859011041082,3.6091223175763566e-05,0.4539777740207022,0.5852878524120506,0.9989251146673652,0.977223363476301,0.9727193524354796,0.003847286515980941,0.00274025280578803,0.00274025280578803,-4.648321052310704e-12,-1.3176471225794285e-11,True,0.7050250627436092,0.120890471886825,0.0,296.48884588888524,3.472765733777092e-17,8.974889337847534,10.304837893566997,12,0,0,80,0.1,0.5,80,10,15.815338993543014,0.3302241147324241,7.542245697802356,13.567876127205043,-7.590174302909091,14.17167623468539,-15.832551896510557,-0.0015931985231450174,-8.036336523632395,-13.29649851384714,8.476733348683418,-13.727224693348457
estimated-subspace-empirical,14,33,0.8500000000000001,0.195,0.205,0.2679761201492696,0.2635037834747237,0.06850378347472369,0.2658665579269152,0.0023627744521915184,0.26743430400909246,0.26783759965913817,0.0,0.01688319853066127,0.01696031140768798,0.009185501746998066,3.263740047230576e-05,0.452734175750345,0.582531856295583,0.9988670076452101,0.971940195586388,0.9732023879850731,0.0049389587948932175,0.0036700833598076604,0.0036700833598076604,-5.8098922428078735e-12,-1.410998846078291e-11,True,0.7336790855075568,0.12697644290485108,0.0,319.69637683664405,3.104379629778137e-17,8.86560675569197,10.137572715485323,12,0,0,80,0.1,0.5,80,10,15.885676915148288,0.3302186426184471,7.5740052812815675,13.62759764832412,-7.623422878989462,14.22881976675519,-15.89793742880008,0.009171297498517623,-8.072341549896029,-13.361245273389951,8.52261332470328,-13.784079116015384
estimated-subspace-empirical,14,34,0.875,0.195,0.205,0.26350378347472364,0.25939362118878934,0.06439362118878933,0.2616386803541583,0.00224505916536899,0.2629405030686478,0.2632887646301754,0.0,0.017470548901186916,0.017549304248436672,0.009525604957431771,4.493558003037538e-05,0.4514769973067026,0.5797833270836543,0.9988097202542808,0.9667768253632885,0.9736496216525277,0.006209616990281659,0.004936367373107534,0.004936367373107534,-4.170148090719156e-12,-1.3517367335318611e-11,True,0.7492389354876713,0.12944004122257394,0.0,328.520991196198,2.083474391183281e-17,8.736634344675657,9.972413286901299,12,0,0,80,0.1,0.5,80,10,15.956623449913536,0.3289595162114891,7.602338246429087,13.68753972882254,-7.654795932228494,14.284675332376292,-15.962514155572446,0.025014178157187886,-8.107798837721553,-13.428878375627033,8.568012906036094,-13.838552597782476
estimated-subspace-empirical,14,35,0.9,0.195,0.205,0.25939362118878934,0.2555781856104789,0.060578185610478896,0.25777249641454436,0.002194310804065458,0.2588045585734336,0.2591319654057764,0.0,0.018177110196881785,0.018256621988614996,0.009883979574890234,5.032418325485515e-05,0.4501696300132769,0.5770507095575598,0.9987542682733164,0.9617232126394689,0.9740606378811211,0.005961818970460888,0.004704423895846595,0.004704423895846595,-1.1026543602952424e-11,-1.3226584295353605e-11,True,0.7675919035813874,0.13241004689897218,0.0,425.9138738796845,1.3884562417838567e-17,8.634729586113282,9.810781147545427,12,0,0,80,0.1,0.5,80,10,16.026208328074976,0.32645254403460355,7.634254606219676,13.742771937845964,-7.683702311195934,14.33742148832254,-16.024887956220052,0.03795892764052989,-8.140879012106556,-13.499925706175128,8.614806849563887,-13.891206984784448
estimated-subspace-empirical,14,36,0.925,0.195,0.205,0.2555781856104789,0.25203601953658955,0.057036019536589544,0.25431107076583775,0.002275051229248204,0.25496466477093266,0.2553179836101958,0.0,0.018859344071954703,0.018943602927584544,0.01027097994274418,5.078830829262706e-05,0.44886416688463215,0.5743471697125917,0.9986993194461601,0.9568301552220355,0.9744421814389521,0.005820557910013065,0.004304884707708017,0.004304884707708017,-5.561988136563772e-12,-1.364241711153e-11,True,0.7831420814291217,0.13573466553145863,0.0,376.7442576551494,2.7769124835677133e-17,8.545896920819132,9.654381544096347,12,0,0,80,0.1,0.5,80,10,16.095408842313994,0.3272496221517684,7.6630329190676445,13.798973700047068,-7.71571039198955,14.391765306824595,-16.082721774666226,0.04598274905454466,-8.17656308698827,-13.55976479780867,8.65371104033837,-13.944841250912392
estimated-subspace-empirical,14,37,0.9500000000000001,0.195,0.205,0.25203601953658966,0.24867994100657775,0.05367994100657775,0.2508737528751755,0.0021938118685977392,0.25139796049509117,0.2517739376175664,0.0,0.019366175745340906,0.019447682441612026,0.010506002905180707,6.711186950554187e-05,0.4476214598082646,0.5716993106497067,0.9986458988944495,0.9521263459771832,0.974796398046341,0.0023365064975927638,0.0009015634667648121,0.0009015634667648121,-1.1856616986756661e-11,-1.1856616986756661e-11,True,0.8000577384911771,0.1381210286292638,0.0,330.93724222299767,6.952433221959954e-18,8.184567624145389,9.49312341466675,12,0,0,80,0.1,0.5,80,10,16.166147936300746,0.3263326748577045,7.690803217080653,13.856547761042538,-7.746204631918514,14.447542939405674,-16.145678364297236,0.0623873545014022,-8.21127683513554,-13.626996174450559,8.695899648434787,-13.997273314661934
estimated-subspace-empirical,14,38,0.9750000000000001,0.195,0.205,0.2486799410065779,0.24563594097541444,0.050635940975414434,0.24780385591752388,0.002167914942109439,0.24801058109408888,0.2484120072907649,0.0,0.019990001417896305,0.02007243057582702,0.010814020236725461,6.829342521567511e-05,0.4463164858464018,0.5690426147862556,0.9985944571158545,0.9473153620394116,0.9751320058993422,0.004730330763613556,0.003352905880945611,0.003352905880945611,-1.1540612266727934e-11,-1.272842401076421e-11,True,0.8126368551004218,0.1406446063672599,0.0,494.18111130303754,7.410741937918042e-18,8.20184943497898,9.338020021611202,12,0,0,80,0.1,0.5,80,10,16.23314513662626,0.326010502634472,7.722466338940603,13.910334371974983,-7.7738521004168915,14.497317691078852,-16.205237866167067,0.0776101758117553,-8.245602657885692,-13.694342075721092,8.744002983860385,-14.046033639566653
estimated-subspace-empirical,14,39,1.0,0.195,0.205,0.24563594097541436,0.2427554035642199,0.047755403564219895,0.24504791166733492,0.002292508103115015,0.24493878579570502,0.24532966472099177,0.0,0.020739188952069828,0.02082347845569421,0.011276663298529457,6.850835564229868e-05,0.4450841206776823,0.5665178290044501,0.9985407697108475,0.9427520550488795,0.9754364059024586,0.00258510670856615,0.001085797938264112,0.001085797938264112,-1.1559625718412175e-11,-1.2864363045159208e-11,True,0.8325231284006948,0.14444340979509457,0.0,306.2570320472589,1.9645312551903404e-17,7.989295507449816,9.1844914253076,12,0,0,80,0.1,0.5,80,10,16.302852329127404,0.33153313738893914,7.750976499644566,13.965591017495152,-7.797696917888734,14.54795517543603,-16.263056011893244,0.09052567689911944,-8.285107186573658,-13.76346839253888,8.7782517487712,-14.089980989829986
estimated-subspace-empirical,14,40,1.0250000000000001,0.195,0.205,0.24275540356421996,0.24012749501861058,0.045127495018610575,0.24246681767444164,0.002339322655831061,0.24203593264838638,0.24244696395035442,0.0,0.02139781089370407,0.021482443188292333,0.011572625619634456,6.947486105849743e-05,0.4439066057252339,0.5640132094925184,0.9984890729519359,0.9383266593124244,0.975724459643578,0.004517487590582374,0.002900852377322242,0.002900852377322242,-1.1972832807944836e-11,-1.2021288866474913e-11,True,0.8487980695493454,0.14754417090763972,0.0,501.08459407005773,2.0888836804026048e-17,7.885327900740326,9.034144401257914,12,0,0,80,0.1,0.5,80,10,16.37086586532733,0.3291288873612561,7.782386554446011,14.018726074093609,-7.822756416732905,14.592934971690575,-16.32252271433493,0.10010192739524013,-8.319696449056392,-13.82789051924156,8.81628791995645,-14.138298722671994
estimated-subspace-empirical,14,41,1.05,0.195,0.205,0.24012749501861058,0.23770310580184045,0.042703105801840446,0.24018631850245825,0.0024832127006177984,0.2393813267428272,0.2398010953093522,0.0,0.02191433202294783,0.021998798209200025,0.011871945180256973,7.883438851924679e-05,0.442767277124726,0.5616594022075864,0.9984388898097024,0.9339732872090389,0.975987250498139,0.004451896454398162,0.0028163763365713916,0.0028163763365713916,-1.1673717161571535e-11,-1.1673717161571535e-11,True,0.8575452802721356,0.15071796540871332,0.0,348.2530530520366,1.5515838457795457e-17,7.8046310207891265,8.887648131053272,12,0,0,80,0.1,0.5,80,10,16.432031017528328,0.3357478569395052,7.809887081544041,14.07774843724571,-7.843560292503043,14.6394384223866,-16.375654432963593,0.10913654651750311,-8.360092859967498,-13.897516251217946,8.844909599421351,-14.180455285876425
estimated-subspace-empirical,14,42,1.075,0.195,0.205,0.2377031058018404,0.2354056712564137,0.0404056712564137,0.2379777829564311,0.002572111700017393,0.2369372001859733,0.23740349007790026,0.0,0.02255121039790645,0.022634406540370418,0.012181616704317395,7.783429161043208e-05,0.4417047150561207,0.559384430409155,0.9983892027349578,0.9298457294803455,0.9762296894198159,0.002901614458821078,0.0011560854495182306,0.0011560854495182306,-1.0236019855374945e-11,-1.2231461841650612e-11,True,0.8775675164584427,0.15132580088793,0.0,325.8496261036364,2.2011173336169837e-17,7.487490019102009,8.738745699928716,12,0,0,80,0.1,0.5,80,10,16.501351567575117,0.34126356771533295,7.83373904250019,14.12955645564285,-7.869899169418349,14.694420807052456,-16.43030972744336,0.11844396186790805,-8.39598087049741,-13.954343651513796,8.880583329656027,-14.23129508942682
estimated-subspace-empirical,14,43,1.1,0.195,0.205,0.23540567125641362,0.23336187253669854,0.03836187253669854,0.2358845424532121,0.0025226699165135646,0.2346142925800181,0.2351042913682106,0.0,0.023125541115706083,0.023205081425414956,0.012445231659230668,8.137553581800184e-05,0.44067224297439583,0.5571667784117454,0.9983413816757096,0.9256226174768682,0.9764594328743587,0.006199727681637016,0.004460347401451425,0.004460347401451425,-9.754161373896219e-12,-1.1759693906648575e-11,True,0.8916661518272295,0.15630559965713228,0.0,568.5513582609092,6.992893892674703e-18,7.433205085968965,8.59205286492327,12,0,0,80,0.1,0.5,80,10,16.562229818236176,0.3481444686291496,7.855573258428651,14.19077530521456,-7.898748177748086,14.747517688933812,-16.485063504896214,0.13570348161434104,-8.439331455258209,-14.020773573385917,8.908182949625203,-14.268396305377209
estimated-subspace-empirical,14,44,1.125,0.195,0.205,0.2333618725366985,0.23154901917666784,0.036549019176667835,0.233960434865471,0.0024114156888031535,0.23253797950940602,0.23304263830667424,0.0,0.023687349639610826,0.02376622428635506,0.012769141533868577,8.216143513779643e-05,0.43965008053829735,0.5551325042094293,0.9982916696448134,0.9215042467964799,0.9766638127463302,0.009502579130077734,0.007792565631641279,0.007792565631641279,-1.1825180178493085e-11,-1.1825180178493085e-11,True,0.9029363162886034,0.15782492045793353,0.0,622.2111736492448,1.5540063044689707e-17,7.44601541852239,8.450386977737512,12,0,0,80,0.1,0.5,80,10,16.622801303271114,0.3536532131253573,7.874680545515685,14.249582480389677,-7.930715474501233,14.794361281480619,-16.536843473335008,0.15329643490817463,-8.487855995373112,-14.084602195260233,8.935299600171948,-14.304653015007114
estimated-subspace-empirical,14,45,1.1500000000000001,0.195,0.205,0.23154901917666784,0.22984686018033265,0.034846860180332645,0.2322286184825114,0.002381758302178738,0.2306842414725487,0.23115254384347936,0.0,0.024308326343592434,0.024383459802703216,0.013211817375876945,8.144937727773149e-05,0.4386874310891433,0.5532850850692573,0.998243262919609,0.9175493044512999,0.9768450980823332,0.008903777504527187,0.006925869512869645,0.006925869512869645,-1.099016238340807e-11,-1.2477004829362362e-11,True,0.9167381540846886,0.1613026106074583,0.0,650.7159721620351,1.9645312551903404e-17,7.28482204605544,8.311484348440972,12,0,0,80,0.1,0.5,80,10,16.67868748691231,0.3589733425613755,7.892251187704326,14.31097218777054,-7.960202361541372,14.839456515610673,-16.58889698854514,0.16442625176399336,-8.532948316020326,-14.144122440025436,8.957691330008283,-14.347051646776992
estimated-subspace-empirical,14,46,1.175,0.195,0.205,0.2298468601803326,0.22819666362480825,0.03319666362480825,0.2306874120872975,0.002490748462489256,0.2289471853110063,0.22948302582362573,0.0,0.024837089028627957,0.02490769518532214,0.01353141988399303,8.77725903157482e-05,0.4377886178246073,0.55150768189291,0.9981965710567225,0.9137040856538773,0.9770153139819667,0.005991598758947548,0.004331200066557517,0.004331200066557517,-9.442166829469486e-12,-1.3532812429898875e-11,True,0.9294271811864132,0.1627477054248703,0.0,507.26470212614015,1.393864076242399e-17,7.026033300297084,8.171133413773939,12,0,0,80,0.1,0.5,80,10,16.748572492622056,0.368239054964603,7.92280637035622,14.364149940788275,-7.972194699839631,14.884859472934851,-16.632545177008748,0.16838951216627904,-8.574166724692887,-14.211733430649085,8.988832439912043,-14.381092669872736
estimated-subspace-empirical,14,47,1.2000000000000002,0.195,0.205,0.2281966636248083,0.2266165144133337,0.031616514413333685,0.22914603252220586,0.0025295181088721697,0.22727759579355022,0.22789322096071815,0.0,0.025598064340641453,0.025667583100165984,0.01389400260129994,8.017814020001012e-05,0.43697279035965797,0.5497420451122788,0.998150431174795,0.9099486175960658,0.9771803336375192,0.00380936857770607,0.0025882817126091978,0.0025882817126091978,-1.4344383715373335e-11,-1.5667645066546005e-11,True,0.9571600231587069,0.16315503969073117,0.0,552.7987403552771,2.8609792490763984e-17,6.673772358110165,8.024300054278676,12,0,0,80,0.1,0.5,80,10,16.803701829399827,0.37767308356509294,7.948049067515871,14.407374056390053,-7.991198408355309,14.942603309243523,-16.68687271957268,0.18150714950396232,-8.618516779106209,-14.287054310231875,9.034600937610222,-14.423924535153319
estimated-subspace-empirical,14,48,1.225,0.195,0.205,0.2266165144133337,0.2251927159437291,0.030192715943729104,0.2277564438370698,0.002563727893340695,0.22567360956851168,0.2263687378126163,0.0,0.026621171412103267,0.026693919400887896,0.014500539140567254,6.687841481107623e-05,0.43617188732792794,0.5480089809851751,0.9981025324117878,0.906053546739154,0.9773383485586666,0.005827014198679961,0.004197276003361952,0.004197276003361952,-5.79677614426288e-12,-1.669913662677536e-11,True,0.9829869854622789,0.1731258701024322,0.0,576.2386440576325,1.5515838457795457e-17,6.628954216346198,7.884258396882301,12,0,0,80,0.1,0.5,80,10,16.86976574080614,0.3807446071006203,7.980971794670318,14.462253199858656,-8.00182961226659,14.985869905678223,-16.727970820450803,0.1814998105136486,-8.654272169641283,-14.355380560324281,9.073033286204597,-14.465049437559376
estimated-subspace-empirical,14,49,1.25,0.195,0.205,0.22519271594372908,0.22389235422466558,0.028892354224665573,0.22658840986634007,0.002696055641674494,0.22422098252595882,0.2249943336086451,0.0,0.027376962050470587,0.027448198355944576,0.014956102067571392,7.365704680501068e-05,0.435422337944916,0.5464061687740923,0.9980514448232166,0.9023325770329971,0.977480728405627,0.006702346286979116,0.005080899774280884,0.005080899774280884,-1.4125512213315449e-11,-1.603792247034567e-11,True,0.9987412071284238,0.17262359737759986,0.0,813.1824842094358,3.104379629778137e-17,6.728950005808472,7.752778968779113,12,0,0,80,0.1,0.5,80,10,16.93144166211769,0.38552159361344046,8.010238366382918,14.503514419544489,-8.006713300007144,15.030513014752906,-16.772764277959734,0.17612813484845438,-8.682620408481991,-14.423437161483895,9.10694033830563,-14.50579671653353
estimated-subspace-empirical,14,50,1.2750000000000001,0.195,0.205,0.2238923542246655,0.22261055286398712,0.027610552863987115,0.22533555354171347,0.0027250006777263525,0.22290991543430017,0.22378581465026873,0.0,0.028111097260829918,0.028183698682889703,0.015373038559014267,7.25438380345797e-05,0.4347574100792642,0.5449128229319646,0.9980030887353802,0.8989037888779754,0.9776107645775335,0.0035939520715726416,0.0018172810948422781,0.0018172810948422781,-1.0851246919832606e-11,-1.652789642471872e-11,True,1.0286436603977258,0.1781432516211351,0.0,399.77373220659547,1.5521898148890684e-17,6.1353198655217405,7.609417339612375,12,0,0,80,0.1,0.5,80,10,16.98963275514729,0.39676368953072644,8.029672265063981,14.556224741000392,-8.025535363286647,15.082471101068,-16.8295523251935,0.18404780805612228,-8.733576470975379,-14.494300417259995,9.127358887489223,-14.54303896151684
estimated-subspace-empirical,14,51,1.3,0.195,0.205,0.22261055286398715,0.22152067038190568,0.02652067038190567,0.22419420401182888,0.0026735336299232026,0.22160269720853557,0.222560453167958,0.0,0.028817098935553315,0.028889584498765067,0.0157750087240307,6.628616370947836e-05,0.4340584612399877,0.5434154373310368,0.9979579502418958,0.8951856452483871,0.9777389447136012,0.008083843244944504,0.0066267909579267115,0.0066267909579267115,-7.652795779325696e-12,-1.707351352051854e-11,True,1.0440474901481822,0.1827839293418125,0.0,633.4768053256659,6.938893903907228e-18,6.493008534856612,7.476283836384242,12,0,0,80,0.1,0.5,80,10,17.064187667942445,0.409970095940279,8.047274144464309,14.59772042059786,-8.04192075223959,15.14593217135291,-16.868635298009043,0.19746694421400351,-8.778205150400698,-14.555969478845313,9.15762319939245,-14.566456996802069
estimated-subspace-empirical,14,52,1.3250000000000002,0.195,0.205,0.22152067038190573,0.22048477437737857,0.02548477437737856,0.22324145380687757,0.002756679429499004,0.22047531293954456,0.2215063927922527,0.0,0.029757464183139792,0.029828561231378583,0.016312829489165827,6.0260316161545446e-05,0.4334112800781681,0.5420984324917368,0.9979082471989735,0.8917223692080137,0.9778479329618094,0.004769071166685756,0.002601511293846752,0.002601511293846752,-7.783861087266424e-12,-1.8426654160502118e-11,True,1.0629095808082138,0.185330585462027,0.0,1044.3394913822187,1.3904866443919908e-17,6.513747390689747,7.355278407651217,11,0,1,80,0.1,0.5,80,10,17.118349546253672,0.4181455295039877,8.056515123502688,14.648886981489314,-8.052562429163027,15.188209438357331,-16.929476788977333,0.20113361907824892,-8.80033674573452,-14.596272236400937,9.175969025684205,-14.611622178827952
estimated-subspace-empirical,14,53,1.35,0.195,0.205,0.2204847743773786,0.21950438766280347,0.024504387662803467,0.22227795688557953,0.002773569222776051,0.2194298708762682,0.2205872141584519,0.0001024397810732991,0.030285477209326245,0.03035469704124547,0.016461599693014892,6.143429698675947e-05,0.4328042646302821,0.5408119475691273,0.9978608799961979,0.8885888349696407,0.9779515225622621,0.00644834536632636,0.0048613315625555716,0.0048613315625555716,-1.0456577807695672e-11,-1.8285506528370647e-11,True,1.0769912944859807,0.18629507068323006,0.0,662.2456879446578,1.5521898148890684e-17,6.318231412554963,7.2288091921355635,10,0,1,80,0.1,0.5,80,10,17.181096857627434,0.4213681269947924,8.080436640236993,14.689964920956793,-8.065543374413103,15.229244277903948,-16.964598543859505,0.19354255914254345,-8.85119883318882,-14.672476854322163,9.191575248868991,-14.639054453895344
estimated-subspace-empirical,14,54,1.375,0.195,0.205,0.21950438766280345,0.2188103796473176,0.02381037964731758,0.22134463459313583,0.002534254945818243,0.21842171655547812,0.2196471522154054,0.00014276455260195386,0.03107831510704473,0.031146445046584686,0.016991698732381138,5.824104681190841e-05,0.4322388523343968,0.5396144523841901,0.9978183286714959,0.8853714365886076,0.9780495612337197,0.010751311371199957,0.009483447400612703,0.009483447400612703,-1.601079122666081e-11,-1.7988769480074645e-11,True,1.0876352995632372,0.18951116406321208,0.0,872.9444581789696,6.952433221959954e-18,6.9379179773985244,7.123212907560307,9,0,1,80,0.1,0.5,80,10,17.225980495916083,0.4151365666599764,8.094975344639794,14.732603218177555,-8.0933177674346,15.257568773063278,-16.99429626617577,0.19623185311612895,-8.90022144605307,-14.735922786061638,9.21048925238885,-14.664013654068397
estimated-subspace-empirical,14,55,1.4000000000000001,0.195,0.205,0.2188103796473176,0.2179718102103849,0.022971810210384885,0.2205466073323858,0.002574797122000899,0.2176562760641051,0.2188994453758977,8.906572858011219e-05,0.031828844349392454,0.031894185946814584,0.017559690799201576,5.701947454015101e-05,0.4316954640580881,0.5387623976868624,0.9977728991315744,0.8825782315960784,0.9781189620352683,0.006274953346129416,0.004331857463611552,0.004331857463611552,-6.164958072614634e-12,-1.885176589345125e-11,True,1.1128508843267537,0.19810593695349601,0.0,604.5907715892242,1.962885079083901e-17,6.391940348331812,7.012500132729531,9,0,0,80,0.1,0.5,80,10,17.267859223719523,0.41750818941582846,8.11417437912693,14.789275434078215,-8.096449139543864,15.294262143226087,-17.031626398579103,0.18793211689423778,-8.9224910096873,-14.789289075758052,9.231507330153825,-14.701791973850575
estimated-subspace-empirical,14,56,1.425,0.195,0.205,0.21797181021038495,0.2171921836981328,0.022192183698132806,0.21959715780478323,0.002404974106650415,0.21680168652365384,0.2181734718423656,0.00020166163198065412,0.03258775592871423,0.03265184803112694,0.01791198629932929,5.8107218150016956e-05,0.43116390755940276,0.537675328779308,0.9977340725336696,0.8797809798513129,0.9782028189789616,0.006212269699875828,0.004146882355283426,0.004146882355283426,-1.5716332805711344e-11,-1.8315644330451608e-11,True,1.1431446007952537,0.20248935640522694,0.0,930.5626027769105,1.5540063044689707e-17,6.048853783513153,6.894273296767925,9,0,0,80,0.1,0.5,80,10,17.32672667039001,0.411947107706315,8.138988183744102,14.845418196346506,-8.10491318336862,15.33029259826261,-17.08227648669373,0.1887325487336671,-8.951055704279774,-14.84594901809838,9.251810888734596,-14.71999920949607
estimated-subspace-empirical,14,57,1.4500000000000002,0.195,0.205,0.21719218369813284,0.21653080227216917,0.021530802272169164,0.2187958990336844,0.002265096761515234,0.21596256551203327,0.21744267776117052,0.0002504940630376762,0.03332214963738171,0.03338693174068318,0.01836026342507545,6.27509536703474e-05,0.43053871741840527,0.5366546543759331,0.9976933585054903,0.8767162680773044,0.9782807816301867,0.008273784282385836,0.006238590128523456,0.006238590128523456,-4.906538933386797e-18,-1.8050734773581754e-11,True,1.1517426597652558,0.20633120407841446,0.0,1080.4378662832557,4.3885418357208765e-17,6.433633535455742,6.791058274092679,9,0,0,80,0.1,0.5,80,10,17.373775897816667,0.40457750097936646,8.164216641453494,14.902395752013211,-8.109705224293037,15.356213122690507,-17.12538780395235,0.18198161438034932,-8.97293012263776,-14.89808651667986,9.266217551665585,-14.737677715409383
estimated-subspace-empirical,14,58,1.475,0.195,0.205,0.2165308022721692,0.21604719639452385,0.02104719639452385,0.21800077137463636,0.0019535749801125046,0.21524388282048623,0.2168165442058308,0.0002857419336615985,0.033952459307841805,0.03401760525558472,0.018731605915012828,6.783884201301489e-05,0.429952776248254,0.5357708273567419,0.9976486495954838,0.8740500324730363,0.9783469197727831,0.008750101175214575,0.007424390507806697,0.007424390507806697,-1.7807437524072748e-11,-1.8286695137427258e-11,True,1.1664917449263612,0.2077667725586692,0.0,1256.9909579106604,1.962615573354719e-17,7.026043738550893,6.701524265862113,9,0,0,80,0.1,0.5,80,10,17.427052266026784,0.40347762335326576,8.183150115883198,14.957071021512085,-8.12418084498945,15.397352463134506,-17.142668567761362,0.19569578209145083,-9.005492420191619,-14.938629185036262,9.287532044542107,-14.735082919820341
estimated-subspace-empirical,14,59,1.5,0.195,0.205,0.21604719639452383,0.21563185250902495,0.02063185250902494,0.21741099992545118,0.0017791474164262355,0.21461938718797494,0.21608739383434955,4.0197439825723214e-05,0.03487229429210413,0.034934854927787376,0.01935766207453468,6.428478654134467e-05,0.42939515356352626,0.5351012657194738,0.9976092673530075,0.8716579239372726,0.9783952803605476,0.012671064341589829,0.010691695175766102,0.010691695175766102,-1.7761260016224533e-11,-1.8552550889664545e-11,True,1.1815571183649176,0.21426960490844546,0.0,1245.5891759891165,1.3904866443919908e-17,7.4622847926925875,6.627992028494853,9,0,0,80,0.1,0.5,80,10,17.464641494093453,0.3882943793251599,8.214430558302082,15.011678212341057,-8.113555775925013,15.401426956578572,-17.179605576563077,0.18249065210405305,-9.004093853802827,-14.970934012959777,9.304956179656159,-14.745572177997428
estimated-subspace-empirical,14,60,1.5250000000000001,0.195,0.205,0.21563185250902492,0.21505151226595115,0.020051512265951144,0.2170589435493771,0.0020074312834259533,0.2141056816740926,0.21554160655795254,0.0,0.03545130813139614,0.03551393183188563,0.01967211753847486,7.500518446863034e-05,0.42887290196123096,0.5345107590081455,0.997573254574258,0.8697494063167894,0.9784368147490975,0.007997836688334127,0.006343881269315421,0.006343881269315421,-1.841472774431913e-11,-1.841472774431913e-11,True,1.193513259483415,0.21701072768312166,0.0,1486.3640763302742,2.8609792490763984e-17,7.372025841648174,6.553873968318575,9,0,0,80,0.1,0.5,80,10,17.47259311042058,0.3955257011385443,8.233337076187633,15.071789120449337,-8.110282905887358,15.415778982873798,-17.23854715134338,0.17010594692066516,-9.011033632504303,-14.965109191116188,9.317938475831262,-14.777046661285787
estimated-subspace-empirical,14,61,1.55,0.195,0.205,0.2150515122659511,0.21442033468841887,0.01942033468841886,0.21644173812468448,0.002021403436265612,0.21357109035867053,0.2151583156385508,0.0001068033725997175,0.036119784975520895,0.036180851990012974,0.019969117539474807,7.10646028918929e-05,0.42850388675498313,0.5337374000234676,0.9975449305397788,0.8679933814027072,0.9784948487734049,0.0030829388541690583,0.002027364464666588,0.002027364464666588,-1.8063129380909525e-11,-1.855236827441862e-11,True,1.232500234978171,0.22489900479666686,0.0,1605.5153178048593,6.952433221959954e-18,6.3055822355949145,6.45647157815206,9,0,0,80,0.1,0.5,80,10,17.48777597111866,0.40970079938813575,8.25899357235868,15.143085641030252,-8.123715924387339,15.446105410573885,-17.287222481811202,0.173475864327605,-9.051613441466117,-14.983178256369236,9.336010611722108,-14.79898903616806
estimated-subspace-empirical,14,62,1.5750000000000002,0.195,0.205,0.21442033468841887,0.21397294518888363,0.018972945188883622,0.21612797060624245,0.002155025417358819,0.21289241404012435,0.21445933390574096,3.8999217322088775e-05,0.03700198719728896,0.03706091745655477,0.020589087919738007,6.234995712770676e-05,0.42809257176416476,0.5329115230835537,0.9975171031840337,0.8656040252588859,0.9785579665311581,0.007998271161622068,0.005957540945682114,0.005957540945682114,-1.8416418353640362e-11,-1.8416418353640362e-11,True,1.2384035725219313,0.21647919134125895,0.0,1919.5155108152496,1.3904866443919908e-17,7.589897175661117,6.396991211305118,8,0,1,80,0.1,0.5,80,10,17.51523332712508,0.41678391714139207,8.242306578442385,15.177749590539264,-8.139638892832679,15.477960579972091,-17.328782529391187,0.16926551012871438,-9.074733983716385,-14.991354719173756,9.319092170473493,-14.809174377905858
estimated-subspace-empirical,14,63,1.6,0.195,0.205,0.21397294518888366,0.21384950431815583,0.018849504318155824,0.21586252219693658,0.0020130178787807484,0.21246478516168021,0.21414406537998193,0.00017112019109827292,0.037621032707422,0.03767705223087922,0.020705846687061123,6.045510549761276e-05,0.4277515470401983,0.5322531402964856,0.9974794585094224,0.8641254522626833,0.9786027054811116,0.015249117059686883,0.012969149008676342,0.012969149008676342,-1.817748846043477e-11,-1.848787366009135e-11,True,1.2404791245355251,0.22111125678749902,0.0,1668.0944801652981,1.5540063044689707e-17,8.78198180740282,6.368732447061655,8,0,0,80,0.1,0.5,80,10,17.530101292457182,0.4187597855165627,8.228525979850343,15.217723802774872,-8.132110290703295,15.478569097459925,-17.34785287374931,0.17328869843706107,-9.09792525531866,-15.019955816390265,9.300046861412662,-14.795804720991546
estimated-subspace-empirical,14,64,1.625,0.195,0.205,0.21384950431815583,0.2136419389675927,0.018641938967592697,0.21529931993424978,0.0016573809666570738,0.21225332837586927,0.21380318802136722,0.0,0.03854415434043132,0.03859653371274641,0.02106647890077738,4.281252994085091e-05,0.4274110310627307,0.5320016400248753,0.997455111572885,0.863460308247624,0.9786150495681845,0.006633007663433293,0.006257706885832821,0.006257706885832821,-1.813066290612399e-11,-1.8653317859703587e-11,True,1.293005536710671,0.23772923941915952,0.0,2507.4790571036137,1.5540063044689707e-17,7.881645050788766,6.3097782363472605,8,0,0,80,0.1,0.5,80,10,17.510604970988467,0.4113028318143658,8.26716759651654,15.28029243109279,-8.127517303605535,15.471377207947977,-17.36656563163501,0.17247273129791063,-9.12827614424206,-15.051671084419457,9.337484980931809,-14.820350719258416
estimated-subspace-empirical,14,65,1.6500000000000001,0.195,0.205,0.21364193896759276,0.21316769177727843,0.018167691777278422,0.21502753812187309,0.0018598463445946567,0.2118649770284365,0.21325243063028004,0.0,0.039709948335728266,0.03976032632008944,0.022100899540414685,3.715757826920109e-05,0.42709490985938553,0.5316907360629455,0.9974403525669797,0.8620161881560754,0.9786358061032407,0.006586341976519742,0.004985080725012356,0.004985080725012356,-1.8225921212904912e-11,-1.837266536600728e-11,True,1.3491253876399045,0.24402056421900065,0.0,2604.78643932681,2.0304417714388973e-17,7.951573351137064,6.247179764286828,8,0,0,80,0.1,0.5,80,10,17.535626085320448,0.4114601561812148,8.300857934829668,15.34485237799845,-8.115828206830287,15.478620532008975,-17.42250595862284,0.15990111964104645,-9.107970942825615,-15.00723521337661,9.364436702687868,-14.851885044156889
estimated-subspace-empirical,14,66,1.675,0.195,0.205,0.21316769177727843,0.21275031674857917,0.01775031674857916,0.2147682383523081,0.002017921603728934,0.21142425664574083,0.21289856244488586,0.0,0.04005667558782733,0.04010511101334872,0.02217786380500728,6.178657206693149e-05,0.42681834701364085,0.5310413311401925,0.9974150249030902,0.8604254679200716,0.9786832308222722,0.007747723475962879,0.006694549159462442,0.006694549159462442,-1.7876119026068283e-11,-1.850669667673324e-11,True,1.3359861439127907,0.23824504390438828,0.0,2502.4574576260497,3.7407331837740725e-17,7.751602543507582,6.192383956238405,8,0,0,80,0.1,0.5,80,10,17.539851405921315,0.40934181177879403,8.325875724086206,15.392157614453788,-8.110510918814775,15.494119954367534,-17.4759019220447,0.14930367565008687,-9.098753275525475,-14.979529295034887,9.392603836220584,-14.880005003183431
estimated-subspace-empirical,14,67,1.7000000000000002,0.195,0.205,0.2127503167485792,0.2126816347702099,0.017681634770209897,0.21483363886163576,0.002152004091425852,0.21102584524950543,0.21258838868868596,0.0,0.0407554903709603,0.040803180181638664,0.022611520095281595,6.141612906287722e-05,0.42659465826305043,0.5304735192051924,0.997390976755701,0.859043735103717,0.9787249683251421,0.013080461889830992,0.013400669830275722,0.013400669830275722,-1.8546708581758958e-11,-1.8721970152459534e-11,True,1.3530735655842963,0.23620160443659324,0.0,2031.713796971765,1.3904866443919908e-17,9.697984325630578,6.190000596163705,8,0,0,80,0.1,0.5,80,10,17.504396565512096,0.39534664292665417,8.360026630844349,15.375228541296039,-8.100217637377225,15.494444356917056,-17.45704449873677,0.12090665181880389,-9.121713027046463,-15.005957655177333,9.420581071321815,-14.883904045705926
estimated-subspace-empirical,14,68,1.725,0.195,0.205,0.2126816347702099,0.2126856775288852,0.017685677528885196,0.21427104125461424,0.0015853637257290387,0.21097958018244486,0.21259591099773523,0.0,0.042087698156185814,0.04213547465606127,0.023847640765260386,5.145679782765867e-05,0.4266897715081211,0.5304619005760297,0.997366507615674,0.8591241466713546,0.978731836522979,0.006933350901668392,0.0052967454975112165,0.0052967454975112165,-1.862823164611323e-11,-1.862823164611323e-11,True,1.4070878860537979,0.2462574789895058,0.0,2395.2989357064757,3.104379629778137e-17,8.329024941127514,6.151037406600164,7,0,1,80,0.1,0.5,80,10,17.533825240668907,0.37181830785963865,8.376645513165252,15.415481356418002,-8.102141355177807,15.480304176517247,-17.490889219998955,0.1246104256778334,-9.14764844178272,-15.042582484399523,9.412434227639809,-14.851642734372804
estimated-subspace-empirical,14,69,1.75,0.195,0.205,0.2126856775288852,0.21248440579174166,0.017484405791741653,0.2141938669316708,0.001709461139929147,0.21072148834936832,0.21201112069395409,0.0,0.042714513181121454,0.042762107636781836,0.024281146708461352,5.931701187872386e-05,0.4263140338238456,0.5304129059776238,0.9973641343218401,0.857975639306242,0.9787314322471115,0.014831069856069266,0.014344984893629831,0.014344984893629831,-1.7800079938948122e-11,-1.8605892481008203e-11,True,1.412971617524559,0.25614144389048255,0.0,1890.9398463164741,1.962615573354719e-17,8.78319570308423,6.127025545898267,7,0,0,80,0.1,0.5,80,10,17.514974903902015,0.3721244488300242,8.413731298823093,15.464161382988218,-8.07912487393324,15.473706478422649,-17.511583543009223,0.10661563484078879,-9.139459177086279,-15.030278398018206,9.434213696232844,-14.865164308754869
estimated-subspace-empirical,14,70,1.7750000000000001,0.195,0.205,0.21248440579174163,0.21256371397885143,0.017563713978851425,0.21434613168920927,0.0017824177103578365,0.21053942700508224,0.2118760857218814,0.0,0.04338291569365337,0.04342981375483113,0.024675542512813415,6.165348737417586e-05,0.42619415766968466,0.530147726603689,0.9973465113271544,0.8573917886935518,0.9787515594208258,0.025769234012007026,0.024649350244073026,0.024649350244073026,-1.0393809681755588e-11,-1.8689697392625183e-11,True,1.5149941014394013,0.26504161866736414,0.0,3519.9471938434117,1.962615573354719e-17,11.710696860173345,6.147181722721438,7,0,0,80,0.1,0.5,80,10,17.46626485834115,0.34140796345520374,8.445758454648034,15.494921486243598,-8.049987071613868,15.39567590017093,-17.56594976398518,0.06994901985443142,-9.098264418782968,-14.974318896230596,9.459717145882871,-14.915763384827155
estimated-subspace-empirical,14,71,1.8,0.195,0.205,0.21256371397885143,0.21249991922752723,0.017499919227527222,0.21430220302574313,0.001802283798215898,0.21062863968925497,0.21198505337415505,0.0,0.04360329936496945,0.043648339707149465,0.02476211326933211,6.916189496081464e-05,0.4261988844381875,0.5302574196465419,0.9973373952091485,0.8577206474675205,0.9787436286021148,0.01973686263736712,0.019315817035748986,0.019315817035748986,-8.699089907529055e-12,-1.8706755281885785e-11,True,1.42614163083143,0.25690921048077514,0.0,1116.4084071662153,8.673617379884035e-19,9.322582241226321,6.1409265194502,7,0,0,80,0.1,0.5,80,10,17.459262942386122,0.3423976407876537,8.473880180698947,15.5370137818143,-8.031166623050483,15.395446901682043,-17.57336964652578,0.06584775928454455,-9.087471952806178,-14.948056343804586,9.478378494453676,-14.910524224971695
estimated-subspace-empirical,14,72,1.8250000000000002,0.195,0.205,0.21249991922752726,0.21217622276835588,0.01717622276835587,0.21420445760165782,0.002028234833301945,0.2105465110797539,0.2118828778409163,0.0,0.04419557488622679,0.04423903194350462,0.025129873383714484,6.530468589808729e-05,0.426128472439974,0.5301848300653046,0.9973444014340705,0.8574682314824269,0.9787500080772473,0.009175799290559734,0.0086489441959245,0.0086489441959245,-1.8767433375569587e-11,-1.8854947170632184e-11,True,1.4617012703146277,0.2599030354386076,0.0,1879.3491335280896,6.992893892674703e-18,8.360677932555312,6.108127686619657,7,0,0,80,0.1,0.5,80,10,17.447518391496452,0.34507327676804217,8.495993100192903,15.581736045204572,-8.018182222624173,15.405454916737511,-17.612296910936998,0.04768353964378472,-9.078385530952763,-14.925764549371696,9.491281718896904,-14.931775743535134
estimated-subspace-empirical,14,73,1.85,0.195,0.205,0.21217622276835585,0.2121672272081167,0.017167227208116698,0.2140002713365162,0.0018330441283994914,0.21028408916084862,0.2117663854162876,0.0,0.044737932975618094,0.044781163431019844,0.025340779364817566,6.640760139023025e-05,0.4260186500987113,0.5297270731154164,0.9973397627385558,0.856600675509757,0.9787823777231645,0.016104937592149194,0.01553351285868886,0.01553351285868886,-5.9323864405493414e-12,-1.875792588308076e-11,True,1.455279941087341,0.25661126134129886,0.0,1562.9530316235064,7.05981306231723e-18,8.882738708766198,6.095598236974877,7,0,0,80,0.1,0.5,80,10,17.442726673534317,0.34533433582686157,8.504085853955154,15.615222899975889,-8.026694988754299,15.416947746878913,-17.623111904145276,0.06156460315332057,-9.097496535477985,-14.921083892465974,9.49192344068186,-14.90787493635513
estimated-subspace-empirical,14,74,1.875,0.195,0.205,0.2121672272081167,0.21178481538116406,0.016784815381164053,0.2139061391647997,0.002121323783635637,0.21017387578211535,0.2114951776499803,0.0,0.04531444222385108,0.045356532099369476,0.025815861477397763,6.0280976025391604e-05,0.42587105386060986,0.529727060442767,0.9973248871780316,0.8561706619938922,0.9787832772791883,0.005823767857800652,0.005471838831822568,0.005471838831822568,-1.807950257799491e-11,-1.8655111199683738e-11,True,1.5057348653575855,0.2657423311021401,0.0,2168.8141439824535,2.0816681711721685e-17,8.250793117484372,6.058669470886007,7,0,0,80,0.1,0.5,80,10,17.434841904913416,0.36082873508988356,8.511883257522467,15.664023191005354,-8.02931642578197,15.445877966759197,-17.670769764188876,0.052102733207684306,-9.10326486300348,-14.884090038290973,9.492563274737632,-14.915229066366212
estimated-subspace-empirical,14,75,1.9000000000000001,0.195,0.205,0.211784815381164,0.21174916416308076,0.016749164163080754,0.21355009887548002,0.0018009347123992547,0.20987393213709704,0.211371981797386,0.0,0.04590239984573527,0.04594364444686778,0.02602666626898965,6.690866473490462e-05,0.42577107793421826,0.5291826166093127,0.9973177427779999,0.85521169409157,0.9788215184618836,0.008560711328072611,0.00750787436197193,0.00750787436197193,-1.8581712443827107e-11,-1.8581712443827107e-11,True,1.5232197585550087,0.26211695023379483,0.0,2585.6835598958,1.963094669071206e-17,8.480953193913583,6.029991530322135,7,0,0,80,0.1,0.5,80,10,17.46973668582545,0.3455689271709939,8.5144825473092,15.696876932692023,-8.022371681348874,15.439612741300401,-17.70693719366595,0.041528213540381206,-9.11313046166699,-14.909046260000814,9.466139705656147,-14.881776474275973
estimated-subspace-empirical,14,76,1.925,0.195,0.205,0.21174916416308073,0.21150865620660714,0.01650865620660713,0.21314034992941303,0.001631693722805888,0.2096773576446949,0.21104341110367839,0.0,0.04629462761323565,0.046336029226901124,0.0261447830842452,6.715130089295845e-05,0.4254469518867151,0.5290040285570785,0.9973013258420597,0.8544109058273035,0.9788250835836919,0.006474092773129824,0.0066029895047060175,0.0066029895047060175,-2.9132574916984104e-18,-1.8563299123186157e-11,True,1.5161983655508464,0.2561982176080687,0.0,841.8425298952708,1.553438879648335e-17,7.343632935419583,5.982624588648824,7,0,0,80,0.1,0.5,80,10,17.480227520408896,0.3236887964801134,8.521341895758434,15.709564324988419,-8.035532158893565,15.443603778445006,-17.730475871884934,0.02981148265243491,-9.14037408624738,-14.943573721744446,9.480214790418303,-14.897693570106597
estimated-subspace-empirical,14,77,1.9500000000000002,0.195,0.205,0.21150865620660717,0.21169956975147775,0.01669956975147774,0.21301763701856152,0.0013180672670837779,0.2093312406051698,0.21058062847606385,0.0,0.047252828807613,0.04729291572268744,0.026838886535665317,5.202995898536185e-05,0.425163869424907,0.5286522799293778,0.9972870339096301,0.8531928894313683,0.9788491343793393,0.019034804133593108,0.017286901702987165,0.017286901702987165,-8.051641429400333e-12,-1.8538053447080463e-11,True,1.5580534310972647,0.26766944434893764,0.0,1983.168124369657,6.992893892674703e-18,9.804240758718668,5.991866431533815,7,0,0,80,0.1,0.5,80,10,17.464097546753305,0.31668418620379285,8.492767795571469,15.718133466894745,-8.041040230986452,15.42247452487205,-17.748220710362837,0.03554522622264494,-9.176596015196402,-14.971737852613378,9.446325211948075,-14.874557112566299
estimated-subspace-empirical,14,78,1.975,0.195,0.205,0.21169956975147777,0.21142907920945145,0.01642907920945144,0.2127777068536015,0.0013486276441500578,0.20937255085419038,0.2104723025380616,0.0,0.04798505665468423,0.048022997205796975,0.027190020607737196,3.483962148493127e-05,0.4249650450541675,0.52879721314222,0.9972632551239866,0.8534187599166099,0.9788300430248522,0.005840953837327217,0.00616545209673224,0.00616545209673224,-1.8943028207594282e-11,-1.8943028207594282e-11,True,1.5871147004823816,0.27839221996440905,0.0,2533.028908036052,3.469446951953614e-18,8.156413866023739,5.958060945051888,7,0,0,80,0.1,0.5,80,10,17.42644771082153,0.3044139588529474,8.518745253475965,15.754510260624256,-8.047874732521096,15.430070448175492,-17.78422624754317,0.02415901234814958,-9.186268345819693,-14.974027915591689,9.47217881602081,-14.899454767410015
estimated-subspace-empirical,14,79,2.0,0.195,0.205,0.21142907920945148,0.21178079978903436,0.01678079978903435,0.21274078675097605,0.000959986961941689,0.20908862800993866,0.21015570954729967,0.0,0.04874311993702532,0.04878219967035081,0.027871756736545877,4.765652222610498e-05,0.42476974712369203,0.5285005741675973,0.9972642983054925,0.8524104603222411,0.9788570920790548,0.02156230311639729,0.020281731032797144,0.020281731032797144,-1.8796914468080184e-11,-1.8796914468080184e-11,True,1.6023237056572,0.27745359911296424,0.0,1890.0600284208042,0.0,10.529706140321919,5.987073457622403,7,0,0,80,0.1,0.5,80,10,17.424149745916306,0.3092843051312851,8.491379699874157,15.773647701179687,-8.040786151801846,15.427362887221165,-17.764001284713924,0.04537834507592904,-9.21071876362713,-14.987011642065033,9.438503779869754,-14.847800121505227
estimated-subspace-empirical,14,80,2.025,0.195,0.205,0.21178079978903444,0.21189581384837047,0.016895813848370467,0.21287539877290493,0.0009795849245344546,0.20925215692941343,0.21014047079994688,0.0,0.04942839426776137,0.04946441970752813,0.02812724028933976,3.0188090368242487e-05,0.42460632844780555,0.5288118939294131,0.9972446302150897,0.853127503789815,0.9788219200210966,0.024581548332107555,0.025165682478643914,0.025165682478643914,-5.857255983107906e-12,-1.811385065046874e-11,True,1.6558745682123182,0.2841510913844203,0.0,1235.3094451191016,7.152448122690996e-18,10.286967848981439,6.00245873208869,7,0,0,80,0.1,0.5,80,10,17.450246578319675,0.3072049736079914,8.474207904594058,15.73844447171729,-8.045298915567729,15.453975184327888,-17.718637148676873,0.040385120055426625,-9.236336320086888,-15.012625546441656,9.415506662439075,-14.799994056374645
estimated-subspace-empirical,14,81,2.0500000000000003,0.195,0.205,0.21189581384837056,0.2115371783674832,0.016537178367483196,0.21291243445616875,0.0013752560886855503,0.20936727773647465,0.21025076470304244,0.0,0.05009266395668286,0.0501273759598203,0.02850683556601081,2.839885672156654e-05,0.4245823129899223,0.5289504352002965,0.9972523882420523,0.8537240323889527,0.9788104186151629,0.006329964674648474,0.006967013714964332,0.006967013714964332,-9.506419183436919e-18,-1.8814564515258312e-11,True,1.649680603478863,0.28341566908043814,0.0,966.7382285515051,4.336808689942018e-19,8.082887888309358,5.970518346448455,7,0,0,80,0.1,0.5,80,10,17.481949490853356,0.3062193687620662,8.483517373786412,15.711635318658084,-8.044246870846548,15.485636349065558,-17.70521919287095,0.012635773348337983,-9.25579839900018,-15.03514755625555,9.420974415894436,-14.801456632867104
estimated-subspace-empirical,14,82,2.075,0.195,0.205,0.2115371783674833,0.21141473967359228,0.016414739673592277,0.21280175871992063,0.0013870190463283472,0.209167462876402,0.2102393627057156,0.0,0.05086552162486379,0.050899919292499776,0.028920943747169785,2.6732155677162036e-05,0.42456820963425984,0.5284988072306995,0.9972572592188519,0.8531823826278832,0.9788462821632516,0.014741832096404011,0.015345924918733149,0.015345924918733149,-1.803095436853049e-11,-1.873007207487329e-11,True,1.7006056526313411,0.29566557744926725,0.0,2114.4280895298034,1.5612511283791264e-17,8.883382863105563,5.950627163993417,7,0,0,80,0.1,0.5,80,10,17.53476002264363,0.30217228893249976,8.48906769582278,15.698418225239957,-8.042071935022868,15.521825440680882,-17.671072737016424,0.0023823969239614128,-9.27223179138794,-15.068849315046409,9.415434817752306,-14.764481251223446
estimated-subspace-empirical,14,83,2.1,0.195,0.205,0.21141473967359226,0.21120734733251106,0.016207347332511057,0.21291007729150355,0.0017027299589924827,0.20902738890813152,0.21009540469188775,0.0,0.05150266068654591,0.05153659018273808,0.02929506253885576,2.9596689201114794e-05,0.42446554259134617,0.5282885261750442,0.9972434546473711,0.8527826336202875,0.9788585260326408,0.010993894183547133,0.01197178601007486,0.01197178601007486,-1.8899408999811802e-11,-1.8899408999811802e-11,True,1.748032611004888,0.3139945675694526,0.0,2823.371430231751,8.673617379884035e-19,9.704934874534585,5.940080841514075,7,0,0,80,0.1,0.5,80,10,17.586603928350062,0.31045134421172194,8.459145965302094,15.627312871663111,-8.047548134110599,15.577147284806305,-17.643650864920293,3.125988143920164e-05,-9.294245213208336,-15.095387805847041,9.419223571953584,-14.74100242031452
estimated-subspace-empirical,14,84,2.125,0.195,0.205,0.21120734733251106,0.21106752385979755,0.01606752385979754,0.2132426497559966,0.0021751258961990594,0.20894693285810328,0.21021578334391475,0.0,0.05279683105066875,0.05283014010678137,0.029918200488333473,1.8420345455003663e-05,0.42451847770298645,0.5279478850352681,0.9972311611964013,0.852838041236206,0.9788792652667488,0.0128780695425637,0.01323934777866298,0.01323934777866298,-1.8142594995492622e-11,-1.8626578449151363e-11,True,1.7383250913070256,0.2983571020973982,0.0,2006.9049954443499,1.393864076242399e-17,9.718592726002257,5.949689411269025,7,0,0,80,0.1,0.5,80,10,17.58506415146607,0.2990641749455925,8.462351507869355,15.602256910501332,-8.040881719431578,15.563008710571445,-17.667263634547346,-0.04178217478178528,-9.282508034945984,-15.055508819174433,9.417829850488884,-14.757683479157738
estimated-subspace-empirical,14,85,2.15,0.195,0.205,0.21106752385979746,0.2112403060932877,0.016240306093287693,0.21297897760602127,0.001738671512733575,0.20899331382009645,0.21051894028345697,0.0,0.05307522911715726,0.05310812283917786,0.030009038984177498,2.8926630197840907e-05,0.42471852839099344,0.5277632954321911,0.9972246092300923,0.8532109264180787,0.9788932476140203,0.012262535261650897,0.011964624344490409,0.011964624344490409,-1.810304649006976e-11,-1.8702373435959587e-11,True,1.7612216084685737,0.3053809617407256,0.0,1991.1454295458307,3.469446951953614e-17,9.593651815926929,5.9510158546326215,7,0,0,80,0.1,0.5,80,10,17.580704648895974,0.25586067517844957,8.463923725558406,15.600077277603022,-8.04897903612793,15.516343603215478,-17.687305894449945,-0.06109592070595177,-9.30645527889902,-15.09737424639188,9.409177080393658,-14.746763632203475
estimated-subspace-empirical,14,86,2.1750000000000003,0.195,0.205,0.21124030609328773,0.21127225716724712,0.016272257167247117,0.21293062880949543,0.001658371642248302,0.20896490312922522,0.21019629127478956,0.0,0.053649670244165,0.053682229473104,0.03060159138343875,2.5237831877076554e-05,0.4245844094393026,0.5279922789076975,0.9972285330014233,0.85305311884457,0.9788759693906712,0.016589415113297645,0.016863312684191806,0.016863312684191806,-1.8877286642395893e-11,-1.8877286642395893e-11,True,1.7537092543231478,0.3045593434680955,0.0,2293.2134493800486,2.862293735361732e-17,9.318847619475553,5.953531019048584,7,0,0,80,0.1,0.5,80,10,17.584567385385075,0.21805940269183766,8.470478886618375,15.605078329243417,-8.062512240182162,15.492661521177329,-17.676601164979992,-0.08876921913061443,-9.307334229621638,-15.09204074666104,9.413437157664346,-14.764024857525907
estimated-subspace-empirical,14,87,2.2,0.195,0.205,0.21127225716724718,0.2112787295790556,0.0162787295790556,0.2128004267605088,0.001521697181453202,0.20894131700435656,0.21002819608452233,0.0,0.053725289445938726,0.05375506191175093,0.030754900588473574,4.442868366682236e-05,0.4245370380184043,0.528074516351356,0.9972248413991368,0.852932287750455,0.9788727742832752,0.009681505175044604,0.01063901475811141,0.01063901475811141,-1.799269164463452e-11,-1.897850915390903e-11,True,1.774189840649921,0.3050893585644083,0.0,2085.2742596567973,1.3877787807814457e-17,9.36548952030649,5.952264063819934,7,0,0,80,0.1,0.5,80,10,17.580645110927456,0.1797432387712391,8.47667829003183,15.610540321170072,-8.074514019032199,15.46116171414779,-17.65634729800397,-0.11002954907687112,-9.332965735229045,-15.13034997925888,9.417678337739865,-14.772094059942159
estimated-subspace-empirical,14,88,2.225,0.195,0.205,0.21127872957905558,0.21118966431435507,0.016189664314355062,0.2128043120278712,0.001614647713516132,0.20887272400041854,0.20970083377971824,0.0,0.054328077876251636,0.054355004106268597,0.0312847424601727,3.9914623491534576e-05,0.4244120267131681,0.5282112333519944,0.9972230464767737,0.8527050409557546,0.9788721270420945,0.009820003060255387,0.011550983309797123,0.011550983309797123,-1.876267909267248e-11,-1.876267909267248e-11,True,1.801800023614584,0.30828306365572866,0.0,1813.006149893807,1.3985787785349405e-17,9.53846561065324,5.955043138386605,7,0,0,80,0.1,0.5,80,10,17.576000935809216,0.14209296218879022,8.475153838716494,15.599191826053417,-8.08424354326756,15.427464381497863,-17.635931977528024,-0.1301262103215643,-9.35696389386245,-15.163310870364073,9.433338910514141,-14.794403559783941
estimated-subspace-empirical,14,89,2.25,0.195,0.205,0.2111896643143551,0.21106601986788392,0.01606601986788392,0.21294887559762243,0.0018828557297385085,0.20881422529440977,0.20959069746027345,0.0,0.05525956927093617,0.05528311355242539,0.03189529790583867,3.198667361103427e-05,0.424316774263838,0.528155007906879,0.9972162189207646,0.8526304301060645,0.9788810335685645,0.013128533908227708,0.014563614944209817,0.014563614944209817,-9.638010717678252e-12,-1.8553723475804955e-11,True,1.8248263654450336,0.3141832261603342,0.0,1842.4829667965366,6.938893903907228e-18,9.519178709724239,5.9591183579543845,7,0,0,80,0.1,0.5,80,10,17.560381920394896,0.15034280131601915,8.50038094387649,15.620259140985254,-8.072415127000639,15.46076142734829,-17.601670940610898,-0.11952293399422975,-9.352834661503843,-15.154761518507911,9.459247494129771,-14.77322728690624
estimated-subspace-empirical,14,90,2.275,0.195,0.205,0.21106601986788404,0.21087519199304858,0.01587519199304857,0.21282331730062296,0.0019481253075743776,0.20880109111046566,0.209758450260656,0.0,0.05600573418534936,0.056029369177510786,0.03244446653352456,4.0620404709524466e-05,0.4243143237730062,0.5279327163287258,0.9972109724962472,0.8527393432815711,0.9788933980132116,0.010586582747000639,0.012294772703377262,0.012294772703377262,-1.860320584428349e-11,-1.9022720749603045e-11,True,1.8484787932307363,0.32255928928280364,0.0,2149.6118742138,1.3877787807814457e-17,8.398074754610803,5.935923728014341,7,0,0,80,0.1,0.5,80,10,17.551643964576765,0.17689934150787323,8.506665263012406,15.660830326559012,-8.065626276621135,15.486857467764885,-17.61956747751779,-0.09639697920311023,-9.365700111583683,-15.140342154728575,9.47078288166037,-14.762850364242489
estimated-subspace-empirical,14,91,2.3000000000000003,0.195,0.205,0.21087519199304872,0.2107436354822869,0.015743635482286883,0.21281823936283922,0.0020746038805523337,0.2086253814236667,0.20962788615141084,0.0,0.0567622455631453,0.05678535760412321,0.03274044070937173,2.6326954548705878e-05,0.42421272926387416,0.527686702369234,0.9972094985350416,0.8522107593141671,0.9789124808006952,0.011260947719859662,0.011647227637021985,0.011647227637021985,-8.097339936385178e-12,-1.870014586728383e-11,True,1.8671445026087592,0.3247437866050454,0.0,1040.8044324251114,1.5517353602416792e-17,8.949470606808019,5.928569932120106,7,0,0,80,0.1,0.5,80,10,17.53218333239094,0.1891084370688933,8.515640800165531,15.69635469262768,-8.077806865438685,15.509165533238983,-17.627881323544646,-0.07353809288618822,-9.378729535191695,-15.124266930382586,9.47040138871584,-14.743064592950494
estimated-subspace-empirical,14,92,2.325,0.195,0.205,0.21074363548228695,0.2104379404175065,0.015437940417506485,0.21268153469138396,0.002243594273877464,0.20854266677891398,0.2096453273871912,0.0,0.05691335997505324,0.056936722600498986,0.03289656859078445,3.717968996738125e-05,0.424123385877285,0.5274910349046724,0.9971994171084217,0.8519138340219219,0.9789256364517713,0.004780834680316208,0.0058792462943028975,0.0058792462943028975,-8.51135039500351e-12,-1.881504596939115e-11,True,1.855884538579964,0.32389235589862836,0.0,1168.4205304896432,1.9645312551903404e-17,7.824793740581891,5.897394646511446,7,0,0,80,0.1,0.5,80,10,17.520046916914758,0.18665979650218667,8.527250448120572,15.72821197272447,-8.09052021608962,15.51263031541719,-17.652956780177853,-0.07797312070955023,-9.400112314890967,-15.127547347966178,9.475598625663409,-14.755294594175172
estimated-subspace-empirical,14,93,2.35,0.195,0.205,0.21043794041750657,0.2101565285183948,0.015156528518394802,0.21247213957401348,0.0023156110556186715,0.20829187102052768,0.20949647504581964,0.0,0.05733410060174746,0.05735686272984469,0.03313691380593177,3.951779874758304e-05,0.42398666232313154,0.5270712123600277,0.9971963974956947,0.8510420643308303,0.9789562059582494,0.0004909615371739787,0.0018079638811229757,0.0018079638811229757,-9.250878049343e-12,-1.8730493423904195e-11,True,1.877982793273183,0.32574353059110633,0.0,1494.2100068632242,2.082119873069895e-17,7.38898878381277,5.854948979223609,7,0,0,80,0.1,0.5,80,10,17.527752827382468,0.20495010551367815,8.522642738092157,15.736245501200234,-8.094002662343604,15.552718528817108,-17.69200800896933,-0.08527762789479539,-9.411255193724077,-15.115362479036676,9.479322446618305,-14.765795891944162
estimated-subspace-empirical,14,94,2.375,0.195,0.205,0.2101565285183949,0.2101928767148248,0.015192876714824805,0.21236421029673452,0.0021713335819097124,0.20801393436801882,0.20921216279139987,0.0,0.05810144508541419,0.05812454584396426,0.03332899078550202,3.2423570609062575e-05,0.423935592146759,0.5267176203976246,0.9971812039954151,0.8501615477783728,0.9789843471481605,0.014010251149071548,0.01452287698524051,0.01452287698524051,-1.7993904479727118e-11,-1.8697827527637804e-11,True,1.909822164652756,0.33364694174680487,0.0,1813.6042826401522,1.5612511283791264e-17,9.147023390047394,5.854560616460653,7,0,0,80,0.1,0.5,80,10,17.551453924675148,0.16829359156818582,8.527681219063577,15.72060028180455,-8.084945330141764,15.53119679162089,-17.695189292122507,-0.10876024191852007,-9.415382056481194,-15.146435559234968,9.475927936377568,-14.75373084965927
estimated-subspace-empirical,14,95,2.4000000000000004,0.195,0.205,0.21019287671482476,0.20998408036113764,0.01498408036113763,0.21193852362091503,0.001954443259777394,0.20797020076927097,0.20912622562838185,0.0,0.058779609345442,0.05880253886638347,0.03374047618393918,3.743596109636343e-05,0.42380379533955664,0.5266482303671158,0.9971629983164155,0.8500809455893537,0.9789807123285175,0.0025175559623096984,0.0030930417258828303,0.0030930417258828303,-1.8788121950311557e-11,-1.8806968273013377e-11,True,1.929322797704798,0.33617901799845046,0.0,1665.1328122397583,9.81547334535603e-18,7.3052843970843,5.811244655812623,7,0,0,80,0.1,0.5,80,10,17.592336943811315,0.16489895971037374,8.533659604480443,15.757598892949659,-8.0728895812314,15.534641241414668,-17.710600212403325,-0.10002241568233707,-9.42623818468578,-15.165931482314829,9.490164977299733,-14.755721299849533
estimated-subspace-empirical,14,96,2.4250000000000003,0.195,0.205,0.20998408036113766,0.21016096502767062,0.015160965027670614,0.21181835007848687,0.0016573850508162513,0.20763696100672183,0.20868664437630755,0.0,0.05964557572990138,0.059666439439124044,0.034071818270855765,1.982126707968637e-05,0.4234920217378344,0.5263145011247846,0.9971580807669751,0.8489228079517983,0.9790015919638863,0.013469655129216012,0.0129726770093242,0.0129726770093242,-6.133173666733496e-18,-1.868458414657306e-11,True,1.9427235817628374,0.34032918511648047,0.0,2314.0258577155096,1.734723475976807e-18,9.082458038241493,5.813249580583025,7,0,0,80,0.1,0.5,80,10,17.601351980344443,0.17057963644483443,8.501662440048728,15.776471414277927,-8.081851009608005,15.547213886689082,-17.702002305888616,-0.10917021666669359,-9.434521476035451,-15.154715318949707,9.455079784705443,-14.754119735914378
estimated-subspace-empirical,14,97,2.45,0.195,0.205,0.21016096502767043,0.20984546767956475,0.014845467679564739,0.21186043126902937,0.0020149635894646245,0.20766124337735936,0.20849490066824833,0.0,0.05964073810022273,0.059658825124060726,0.03369668889966847,3.279940905319651e-05,0.42342013659241123,0.5265596064566404,0.9971366258446828,0.8490009342817344,0.978983903497233,0.0016840030143438277,0.0037429423337275226,0.0037429423337275226,-1.8621009527461967e-11,-1.890579915345517e-11,True,1.9455847315638193,0.3369894786215951,0.0,1592.7413991843625,2.083474391183281e-17,7.960748471329925,5.787684304759614,7,0,0,80,0.1,0.5,80,10,17.605837952957728,0.16365481642192972,8.524841601994238,15.755896547691448,-8.076640347447844,15.569437017606955,-17.70446974832471,-0.14025363589081227,-9.432548586816871,-15.162328620618005,9.474972260947071,-14.772909419114256
estimated-subspace-empirical,14,98,2.475,0.195,0.205,0.20984546767956472,0.2097398092873989,0.014739809287398903,0.21178137255667814,0.002041563269279234,0.20748768406827187,0.20846539339785555,0.0,0.06023908752951294,0.06025834844379292,0.03418709215536395,2.7766519967991327e-05,0.4234713633367735,0.5261738759483997,0.997138428017435,0.8485117095189063,0.9790154532320435,0.0081146804165589,0.009220868929115963,0.009220868929115963,-6.782189784051435e-12,-1.8847082142051307e-11,True,1.965943188853681,0.33745580084097915,0.0,975.9771480576287,1.3877787807814457e-17,8.278517423875476,5.77092828525114,7,0,0,80,0.1,0.5,80,10,17.62855624181236,0.16800016196018153,8.51240206572389,15.741944291779113,-8.082501207882066,15.601557891755201,-17.69996114176278,-0.15104096319008428,-9.448376641091565,-15.180601376292213,9.458609700124322,-14.759943003552845
estimated-subspace-empirical,14,99,2.5,0.195,0.205,0.2097398092873988,0.20962157522812827,0.014621575228128264,0.21171541444629793,0.002093839218169663,0.20737723401469887,0.20830883689602325,0.0,0.06071776355648812,0.060737142280537455,0.034378037961009564,2.140213125538928e-05,0.423462402449505,0.5259774487453448,0.9971269785996532,0.8481990931178036,0.9790260190712601,0.006939156901014629,0.008027808713447496,0.008027808713447496,-1.027293862842502e-11,-1.894494536101783e-11,True,1.9843437579250518,0.3400350620063928,0.0,983.3455310429885,2.502441019312058e-17,8.283213329467358,5.7545497717661345,6,0,1,80,0.1,0.5,80,10,17.64650244761489,0.16737460970682297,8.497658713450493,15.72185660089018,-8.086961796970783,15.622280004791552,-17.702323301319392,-0.17095553190511134,-9.466406876686733,-15.207478103537731,9.438916331729759,-14.75550230404618
estimated-subspace-empirical,14,100,2.5250000000000004,0.195,0.205,0.2096215752281282,0.20974457040496675,0.01474457040496674,0.2118630769223825,0.0021185065174157414,0.20726631981465224,0.20830987068379375,0.0,0.06121817525948842,0.061237783649428654,0.03457496098253978,1.5139055571623297e-05,0.42346642395031775,0.5256867798835473,0.9971196361193916,0.8479002269832636,0.9790378424771872,0.016213672866870824,0.016900144305817193,0.016900144305817193,-8.917385504579633e-12,-1.867104395823518e-11,True,2.0087007868522866,0.34291021336027255,0.0,1154.1094439597207,6.952433221959954e-18,9.713342868926595,5.773990341803551,6,0,0,80,0.1,0.5,80,10,17.668892327765086,0.16990143530864182,8.488792178828447,15.698880723379952,-8.072375718803496,15.639227771470319,-17.662889382539102,-0.18403267674255952,-9.46020743416925,-15.217349422064148,9.424502885347692,-14.73387644109378
estimated-subspace-empirical,14,101,2.5500000000000003,0.195,0.205,0.20974457040496672,0.20974243451546104,0.014742434515461034,0.21175106567163948,0.002008631156178442,0.20739533090869366,0.20856167255562247,0.0,0.061480073758878206,0.06149925370336757,0.03463512142024588,1.6308947850324115e-05,0.42357796489792165,0.5257390446051182,0.9971123470958541,0.8484811540684531,0.9790255429595033,0.0057501335068357445,0.006272396082100777,0.006272396082100777,-1.8385126594934005e-11,-1.8385126594934005e-11,True,1.9975341217068083,0.34503974929197195,0.0,1861.399948761436,1.3904866443919908e-17,8.446775127890279,5.7625570642962005,6,0,0,80,0.1,0.5,80,10,17.670740644597196,0.16668176138320326,8.472361324388498,15.717775289469293,-8.071280853299735,15.646449071996125,-17.694279687711923,-0.19664892371684706,-9.443093984373103,-15.202777091648398,9.407213168466894,-14.744672214238088
estimated-subspace-empirical,14,102,2.575,0.195,0.205,0.20974243451546104,0.20952951845294324,0.01452951845294323,0.21190336999408318,0.0023738515411399486,0.20732797293109698,0.20860764777791455,0.0,0.06135340839101742,0.06137266644855788,0.03437566652286735,2.3858180277549173e-05,0.42352109349613376,0.5255634112299272,0.997121571242871,0.848222128414587,0.9790257565484539,0.005558333902542761,0.008107855855297146,0.008107855855297146,-1.8492815771432005e-11,-1.888268625015975e-11,True,2.0080397908434766,0.34604201398614354,0.0,2024.8152328090582,1.5540063044689707e-17,8.736963203604942,5.75651208765101,6,0,0,80,0.1,0.5,80,10,17.649560414887098,0.15676128624812763,8.497574602369847,15.704836715010181,-8.057326802055808,15.642268290199757,-17.69881267423528,-0.22603080557822505,-9.43598253153823,-15.20299176532466,9.43277107483712,-14.76945159406802
estimated-subspace-empirical,14,103,2.6,0.195,0.205,0.2095295184529433,0.20932475613632712,0.01432475613632711,0.2116176824321788,0.002292926295851677,0.20726824567448943,0.2086950786344063,0.0,0.061999147681889986,0.06201953085740343,0.03501061761359947,1.3733312687732634e-05,0.4236538963144592,0.5253557773385581,0.9971160533324519,0.8481855624700292,0.9790470481547057,0.004160363842610296,0.0066379687792534475,0.0066379687792534475,-1.8748751575251376e-11,-1.8776157661781174e-11,True,2.031951994175794,0.36183160033788814,0.0,2282.783441124044,6.938893903907228e-18,7.656768019980165,5.7229921761047615,7,1,0,80,0.1,0.5,80,10,17.63601066518999,0.15902265127384319,8.515233307929297,15.75147233576625,-8.04890389725309,15.635745987050663,-17.731357472435718,-0.2214578833750918,-9.44520447074367,-15.207267894531102,9.453716590302404,-14.7847710093242
estimated-subspace-empirical,14,104,2.625,0.195,0.205,0.20932475613632703,0.20925495017260137,0.014254950172601366,0.21154031199744047,0.0022853618248390994,0.20701088409089483,0.208363624200714,0.0,0.06270737338732009,0.0627274945607077,0.03557334670881371,7.86094566567805e-06,0.42352807936085424,0.5250781963432671,0.9971099145513778,0.847292940960238,0.9790675243863673,0.009306698782177892,0.01124751202469853,0.01124751202469853,-8.166723686765554e-12,-1.882577871664925e-11,True,2.0372031761931937,0.35855666876063563,0.0,1860.787559424633,1.3879481770324007e-17,8.517277617507613,5.715106275403426,7,0,0,80,0.1,0.5,80,10,17.616190116349042,0.15471872923824817,8.535768927596086,15.782399590981356,-8.039452652644014,15.628926214671534,-17.740704340140645,-0.223297758080152,-9.436720617346591,-15.197803256626395,9.474697957852396,-14.797016630789093
estimated-subspace-empirical,14,105,2.6500000000000004,0.195,0.205,0.2092549501726014,0.20926671748658565,0.014266717486585645,0.21153301582331005,0.0022662983367243983,0.20692672215397565,0.208223750591446,0.0,0.06308481089237987,0.06310484817728451,0.03595508569160685,1.674473815354764e-05,0.4234862150639338,0.5250168484938422,0.997091712637261,0.8470214392845956,0.9790745049827398,0.01287545254809493,0.014410798316935812,0.014410798316935812,-8.922448439441522e-12,-1.8885247501815314e-11,True,2.0463127162264225,0.3585837594118626,0.0,1022.0615309684368,1.5521898148890684e-17,8.895721143811867,5.717779435101869,7,0,0,80,0.1,0.5,80,10,17.606099468126384,0.16393385645172442,8.54614550797882,15.814493789133447,-8.035615184621333,15.639317006487856,-17.73781594672855,-0.21055830232557182,-9.429823859647055,-15.17254393832806,9.483016382416572,-14.786955727852146
estimated-subspace-empirical,14,106,2.6750000000000003,0.195,0.205,0.20926671748658568,0.20912565481671502,0.014125654816715016,0.21143626106434119,0.0023106062476261624,0.2069225565289551,0.2081728530010143,0.0,0.06322129348408649,0.06324076815479006,0.03611810243755155,2.1742343287346543e-05,0.4234772581899253,0.5250685693347685,0.9970867973960797,0.8470170552361318,0.9790733282513414,0.007170275329770526,0.008854551572826077,0.008854551572826077,-6.178775039580393e-12,-1.8915055492482347e-11,True,2.046313982734858,0.3598510448225834,0.0,943.8795829464824,1.5540063044689707e-17,8.10388079430533,5.701181623295252,7,0,0,80,0.1,0.5,80,10,17.594141691160733,0.17051013242909227,8.557509885814971,15.84753901167554,-8.033818911769663,15.643498539985718,-17.759469493555343,-0.21011155733796258,-9.428928815341633,-15.157237214512685,9.491645467108256,-14.794475043875083
estimated-subspace-empirical,14,107,2.7,0.195,0.205,0.20912565481671516,0.20904923621959798,0.014049236219597971,0.2114024140290233,0.0023531778094253164,0.20678762413747062,0.2080529657486722,0.0,0.06347206831691862,0.06349134728119576,0.03628635416541571,2.2826267060724105e-05,0.423425737826518,0.5248895759412752,0.9970875006625445,0.8465498371114875,0.9790874345183285,0.009208984856733651,0.01092834806550706,0.01092834806550706,-8.597397134925022e-12,-1.8876794148550456e-11,True,2.04669797808127,0.35951293873828843,0.0,988.887743387667,1.5515838457795457e-17,8.48091679681065,5.695168102975883,7,0,0,80,0.1,0.5,80,10,17.57806772610877,0.1790598889218186,8.56805820487029,15.877994510224722,-8.032254249727577,15.645996773435787,-17.773209447637,-0.20621306390706753,-9.429977118666049,-15.140722260276636,9.496990354616075,-14.793450945781764
estimated-subspace-empirical,14,108,2.725,0.195,0.205,0.20904923621959803,0.20897080054083078,0.013970800540830774,0.21133026566452537,0.0023594651236945874,0.20672096249928532,0.20797828370056617,0.0,0.06368656224983384,0.06370559688890584,0.03646499322030221,2.4169125981072347e-05,0.42340362983112345,0.52481826592393,0.9970797467051906,0.8463311559315724,0.9790950763780402,0.006732203103766054,0.008282770270379014,0.008282770270379014,-7.2402581256987594e-12,-1.851209616950009e-11,True,2.0635552171054408,0.35761508996227165,0.0,1405.6492973447141,6.992893892674703e-18,8.415186417278914,5.6872410208004744,7,0,0,80,0.1,0.5,80,10,17.571817126916976,0.18759635736851185,8.573547519111466,15.904452120724844,-8.045322584497173,15.663255697479178,-17.77013294749717,-0.1875615287638675,-9.443880457165038,-15.131891309268283,9.49986960738533,-14.780681299733413
estimated-subspace-empirical,14,109,2.75,0.195,0.205,0.20897080054083073,0.20873207454577378,0.01373207454577377,0.21139996986718984,0.002667895321416064,0.20663881277228327,0.20779136308563195,0.0,0.06384130652212001,0.06385966249841757,0.036693131739816344,2.494620463290042e-05,0.4233506030756825,0.5248280102970692,0.997076888166792,0.8460143354034828,0.9791029199459169,0.0023543976601955335,0.004467285590607723,0.004467285590607723,-5.954419866947082e-12,-1.865157205181935e-11,True,2.0538286013121163,0.34992419302182337,0.0,1324.4938651039813,1.9645312551903404e-17,8.10400765180071,5.673625441061168,7,0,0,80,0.1,0.5,80,10,17.5595071670006,0.2021823731104435,8.576329104727897,15.914208897396868,-8.051927727447653,15.682046772172507,-17.775912344503073,-0.19344107514883518,-9.463456203365071,-15.122699194697127,9.498798988792089,-14.784565869921247
estimated-subspace-empirical,14,110,2.7750000000000004,0.195,0.205,0.20873207454577375,0.20882962252927761,0.013829622529277608,0.21117077768973022,0.002341155160452607,0.20652215203278693,0.2077966580471367,0.0,0.0643272838534725,0.06434516388595189,0.036949896111059866,2.4284158875156744e-05,0.42341734776570694,0.5245418428913659,0.9970723285515101,0.8457319741770339,0.9791267925454227,0.009192145944452314,0.008967901580316837,0.008967901580316837,-1.8717411671131736e-11,-1.9007233872777176e-11,True,2.0833331392770087,0.35361420538831767,0.0,2057.1995102201,8.673617379884035e-19,8.379958962981828,5.665841044020423,7,0,0,80,0.1,0.5,80,10,17.569383754335544,0.18411465858453013,8.563877704473219,15.918057097582553,-8.049569942420689,15.662732495553186,-17.80024543458933,-0.20109899882176527,-9.456603986840387,-15.138305697144181,9.493106203321542,-14.792437048331788
estimated-subspace-empirical,14,111,2.8000000000000003,0.195,0.205,0.2088296225292776,0.2087776086567801,0.0137776086567801,0.21102660584284574,0.0022489971860656377,0.20646877222775817,0.20768171869013172,0.0,0.06451504216265493,0.0645325889972332,0.03691203516930587,1.9575907764176102e-05,0.42327377048641807,0.5245484676369039,0.9970665620786222,0.8454815716193146,0.9791170377470723,0.0066062414629545,0.007723887708133997,0.007723887708133997,-2.414937131276314e-18,-1.8728402625001206e-11,True,2.0722774012700227,0.35524606980301804,0.0,893.5640517733792,2.0817811058350035e-17,7.996932720292489,5.65061120296753,7,0,0,80,0.1,0.5,80,10,17.59135172002944,0.18520068509820511,8.554843728539591,15.926060427381756,-8.047489397918048,15.686216782517494,-17.797029552783773,-0.20425544117387423,-9.454092203889703,-15.14613263016251,9.488595038730313,-14.785653934058102
estimated-subspace-empirical,14,112,2.825,0.195,0.205,0.20877760865678016,0.20870552134143217,0.013705521341432159,0.21108835511696786,0.002382833775535692,0.20636128465866443,0.20762299300561174,0.0,0.06486022381394285,0.06487742674729803,0.03696867673947088,1.5974075266230555e-05,0.4231715927770177,0.5243471396113345,0.9970624559018243,0.8451343973687009,0.979122239134322,0.007945992766998247,0.010191047482616877,0.010191047482616877,-1.89101675063993e-11,-1.89101675063993e-11,True,2.1137960631386905,0.35902196343901877,0.0,2121.5518892662067,1.963094669071206e-17,8.799240660776208,5.651931949413895,7,0,0,80,0.1,0.5,80,10,17.59048644256481,0.159835996237159,8.560006414113559,15.910365332981007,-8.051195134279597,15.663243129261845,-17.80247297051567,-0.22795648994568105,-9.452723234653071,-15.13633237776512,9.503594866679133,-14.811584909922779
estimated-subspace-empirical,14,113,2.85,0.195,0.205,0.20870552134143203,0.208478107711257,0.013478107711256987,0.21109624520832934,0.002618137497072348,0.20633876369472626,0.207592221728767,0.0,0.06523381713120552,0.06524987704311282,0.037299908813204344,2.3249786457693078e-05,0.4231998633602114,0.5243030130944971,0.9970543753188186,0.845145405565624,0.9791294478658568,0.001994456083798007,0.003996030670429932,0.003996030670429932,-1.8809920782816545e-11,-1.8921191886065255e-11,True,2.099263146824452,0.3587241944026307,0.0,1646.534592305176,6.942281208919283e-18,7.843259522876831,5.6333425157494545,7,0,0,80,0.1,0.5,80,10,17.610447840219624,0.15223161905626353,8.571994867564078,15.9015806821033,-8.050923943402115,15.667321548371614,-17.804809501735956,-0.24858446426199315,-9.455872307077026,-15.131877023985922,9.51256298715269,-14.826161178772182
estimated-subspace-empirical,14,114,2.875,0.195,0.205,0.20847810771125697,0.20842904519270952,0.013429045192709516,0.2109722172349229,0.002543172042213382,0.20619842829394588,0.20755400854869163,0.0,0.06557540996247867,0.06559078252767529,0.037501052723996335,2.8964106499169285e-05,0.4232326718633365,0.5240180555074572,0.9970528021195395,0.8447347821834218,0.9791521892288743,0.007300049397735867,0.008136576192453492,0.008136576192453492,-1.8258235371661515e-11,-1.881313625244067e-11,True,2.1560075160506953,0.3770517134729137,0.0,2504.4568030321425,1.5521898148890684e-17,8.523616129853878,5.623670834396483,7,0,0,80,0.1,0.5,80,10,17.60419570416602,0.16151439424192887,8.580987523031665,15.944080509530256,-8.030874841563087,15.644129612399043,-17.83839745312232,-0.24803071078179173,-9.447548417378696,-15.107396386313697,9.520880069540233,-14.841480204126483
estimated-subspace-empirical,14,115,2.9000000000000004,0.195,0.205,0.2084290451927095,0.20842062527889602,0.013420625278896009,0.21107819714912732,0.002657571870231301,0.20610404787036662,0.20748585724547097,0.0,0.06585919003066498,0.06587332451195156,0.03752988765247934,3.006876752857475e-05,0.4231824586779795,0.523868401656866,0.9970445751374459,0.8444192181429893,0.979157095480729,0.009847049960884528,0.011435844893497487,0.011435844893497487,-9.764193406062894e-12,-1.8813105433242993e-11,True,2.151981125762481,0.36448558206006915,0.0,1861.3585885788098,1.9636933743427033e-17,9.140910129685277,5.633408569574072,7,0,0,80,0.1,0.5,80,10,17.57908588847257,0.15581710470750645,8.583459516695143,15.951104876313668,-8.032940147692635,15.624663737892554,-17.87036791419506,-0.2615097683580421,-9.437646771866994,-15.07396110484428,9.52110075231978,-14.857564423359232
estimated-subspace-empirical,14,116,2.9250000000000003,0.195,0.205,0.20842062527889596,0.2083342170069167,0.013334217006916699,0.21100384876061798,0.0026696317537012737,0.20614015311773295,0.2075870202126956,0.0,0.06584038380351671,0.06585437263262015,0.03756186319183292,3.250544312642829e-05,0.4232626694848345,0.5238854224176935,0.9970398471122415,0.8445868085619608,0.9791579374721104,0.006796261750836459,0.008903647091201974,0.008903647091201974,-9.724152368462259e-12,-1.8962711440175264e-11,True,2.114981891414538,0.3658283184748739,0.0,932.6754645786702,2.5018537765542006e-17,8.140760769845592,5.623095370073464,7,0,0,80,0.1,0.5,80,10,17.574731550693198,0.16503372309597503,8.584999931534247,15.972792090531728,-8.03787469061707,15.640573152726812,-17.879529024069825,-0.25447537647972557,-9.445392205172109,-15.066889666698472,9.51909997205762,-14.848141802779041
estimated-subspace-empirical,14,117,2.95,0.195,0.205,0.20833421700691665,0.2082891296374873,0.013289129637487296,0.21098018962900122,0.002691059991513922,0.20605089735817006,0.20749805413478398,0.0,0.06609763383404473,0.06611148368242228,0.037768307647090035,2.64094862749551e-05,0.4232469679768295,0.5237923938230187,0.9970438078954562,0.8442811664535649,0.9791665782993083,0.006766442688006524,0.008850058068534896,0.008850058068534896,-9.253442329253062e-12,-1.9007057237375573e-11,True,2.1256761259182553,0.3608811242506339,0.0,1498.8102471599943,1.5521898148890684e-17,8.396448014603985,5.619077508791192,7,0,0,80,0.1,0.5,80,10,17.579145535280794,0.16978842075959297,8.585082386838408,15.981562805281257,-8.05055659539837,15.656815282502357,-17.864304027205336,-0.24402975546248126,-9.461455951656351,-15.066684404164532,9.517515021281369,-14.834097722180696
estimated-subspace-empirical,14,118,2.975,0.195,0.205,0.20828912963748725,0.20811151845582918,0.013111518455829169,0.2111632461704308,0.003051727714601632,0.20601055267843002,0.207387627802426,0.0,0.06628897282467479,0.06630199275248645,0.03800741507395671,2.8426685813634823e-05,0.4232518455934507,0.5238197706197788,0.9970384506347008,0.8441438292296157,0.9791710870362513,0.0025248374861065945,0.004822937860900994,0.004822937860900994,-1.8537199709306054e-11,-1.8792719990609507e-11,True,2.1536885770310965,0.3757963256377516,0.0,2241.7223759308276,1.3884562417838567e-17,8.53084288197184,5.614400490336133,7,0,0,80,0.1,0.5,80,10,17.587989765408203,0.1858152204263183,8.565779805076684,15.952225986657805,-8.06000175767005,15.68847009768187,-17.850439989535335,-0.2487877037794201,-9.477712430992755,-15.061509949029208,9.514908884226351,-14.834819058890611
estimated-subspace-empirical,14,119,3.0,0.195,0.205,0.20811151845582923,0.20812098722698247,0.013120987226982461,0.21128316879299297,0.0031621815660105024,0.20598200960660382,0.20757157761746023,0.0,0.06690673321089644,0.06691911548628797,0.03824074479157411,2.2912101407713163e-05,0.42341686672739676,0.5235694334424794,0.9970351668755792,0.8442599930572248,0.9791888481544171,0.009631766218983227,0.01186442465512352,0.01186442465512352,-7.939740142557364e-12,-1.8720185188094672e-11,True,2.159257125494829,0.3706141400882253,0.0,1032.2349133788607,0.0,8.9166969139823,5.623080349639701,7,0,0,80,0.1,0.5,80,10,17.59726521249603,0.17950024393874825,8.578675774905578,15.93760576021213,-8.04007607819631,15.67449024536785,-17.836498459244805,-0.26709415526064995,-9.46890481857784,-15.066033823727665,9.521519582965091,-14.836864750106324
estimated-subspace-empirical,14,120,3.0250000000000004,0.195,0.205,0.2081209872269824,0.2080527865183493,0.01305278651834929,0.21123882376961556,0.0031860372512662605,0.2060370926062013,0.2076995638432755,0.0,0.06720391492391038,0.06721607916813029,0.038404571194161116,2.5024693510994806e-05,0.42354249818953693,0.5235860158668794,0.9970341842010573,0.8445598837577574,0.9791879012773017,0.0065591557487120625,0.00898335170509986,0.00898335170509986,-1.8195464179134597e-11,-1.888375990054245e-11,True,2.1797242327586517,0.37459086591938995,0.0,1667.6237432634293,3.104379629778137e-17,8.319165039108528,5.614660891734958,7,0,0,80,0.1,0.5,80,10,17.61197697124314,0.19565507775586,8.568740415763177,15.938049891820098,-8.041454155415137,15.7075180008427,-17.833746945105016,-0.2477100759103194,-9.472470759901803,-15.058591081569027,9.526623099965654,-14.820019825673894
estimated-subspace-empirical,14,121,3.0500000000000003,0.195,0.205,0.20805278651834938,0.20809649261086427,0.013096492610864263,0.21117392294361245,0.0030774303327481822,0.20597596085964587,0.2076826820699316,0.0,0.06769762922180404,0.06770974482205568,0.03865954381885099,1.4635073048601554e-05,0.42357367844858257,0.523470653529743,0.9970374061104698,0.8444113169931177,0.9791947213481651,0.010002416929645245,0.012379838848467132,0.012379838848467132,-1.8874679430270166e-11,-1.8874679430270166e-11,True,2.193355765329397,0.38163933444024184,0.0,1524.7397264452366,2.082119873069895e-17,8.742246087657968,5.617570185379057,7,0,0,80,0.1,0.5,80,10,17.616132244447634,0.1982421635464535,8.58310095834738,15.964065776432289,-8.033673033052844,15.72031249360231,-17.817091457373873,-0.23525773461545113,-9.4605728223052,-15.047307288587438,9.540925782465536,-14.803923321158935
estimated-subspace-empirical,14,122,3.075,0.195,0.205,0.20809649261086424,0.20792698376046373,0.012926983760463723,0.21096185779503254,0.003034874034568813,0.2059703090723819,0.20757810582759528,0.0,0.06786099645779071,0.06787285108206491,0.03888179792451642,2.048253648965142e-05,0.42355801744708316,0.5235586632098601,0.9970330405259529,0.8443696266561669,0.9791903507389136,-0.0006426593203857703,0.0021296770982292346,0.0021296770982292346,-1.8850453087627883e-11,-1.8850453087627883e-11,True,2.193961915289956,0.3733893408490155,0.0,1760.3817266808571,1.3904866443919908e-17,7.568769076382284,5.592731505359984,6,0,1,80,0.1,0.5,80,10,17.61937135130623,0.18265321591429248,8.59063591018421,15.97692939918492,-8.048196500653969,15.724515310751759,-17.810701550449362,-0.2375838214335565,-9.476378857859379,-15.070780886445329,9.554722728027388,-14.818051544121037
estimated-subspace-empirical,14,123,3.1,0.195,0.205,0.20792698376046373,0.2077972584349159,0.012797258434915887,0.21085486708379828,0.0030576086488823817,0.20577169735775816,0.20723563210238619,0.0,0.06824814280419839,0.0682592941599328,0.039277260217239776,1.988890948280281e-05,0.4234481239710566,0.5234219676766673,0.9970316936632863,0.8436323060580462,0.9792073016239536,0.0030516430552182615,0.005733459251747934,0.005733459251747934,-1.8749474676426684e-11,-1.894970784703472e-11,True,2.1796717351011927,0.369169951643042,0.0,2074.0787791619373,2.168404344971009e-19,7.746783135543349,5.575503413782715,6,0,0,80,0.1,0.5,80,10,17.624185499564664,0.18784714624788068,8.587329776505603,15.978164385125751,-8.041237665661484,15.737967730283671,-17.827255931778293,-0.23470554554018255,-9.474738970048582,-15.073084513036239,9.5661468619035,-14.8253647757287
estimated-subspace-empirical,14,124,3.125,0.195,0.205,0.20779725843491595,0.20789069432658477,0.012890694326584767,0.21061140846894272,0.002720714142357944,0.20564336073768955,0.20718584501595944,0.0,0.06888858466649839,0.068900006140757,0.039527689501975036,4.592901211657763e-06,0.42339074907789265,0.523158716360061,0.997017086740766,0.8432575929400645,0.9792202741565084,0.0076868148194200545,0.00814721777119997,0.00814721777119997,-1.8654089566280202e-11,-1.8704229947628507e-11,True,2.232465651503506,0.38087520522006635,0.0,1861.875164192781,1.5540063044689707e-17,8.204526171773418,5.566669966137032,6,0,0,80,0.1,0.5,80,10,17.647962140026003,0.18073300431483302,8.579206256594892,15.993461002664471,-8.043498775722238,15.754093646122314,-17.818601452932008,-0.22502940997900384,-9.473317747417989,-15.09048116490347,9.557167930895694,-14.805561936419641
estimated-subspace-empirical,14,125,3.1500000000000004,0.195,0.205,0.20789069432658477,0.2079223645507604,0.012922364550760401,0.2105011584616047,0.0025787939108442848,0.20558254469447323,0.20700722170090094,0.0,0.06897052544327663,0.06898173256805017,0.03953022436655653,1.1034763667603222e-05,0.4232107550982453,0.5232011254432242,0.9970088551861609,0.8429489954591317,0.9792109305673415,0.008369561017410106,0.009158889083604295,0.009158889083604295,-1.863188119110362e-11,-1.8716259247799756e-11,True,2.2681064482782016,0.3909521813571284,0.0,1958.154244486286,2.1942709178604383e-17,8.555158302928827,5.560773281257088,6,0,0,80,0.1,0.5,80,10,17.686016574294005,0.18395489259083203,8.553921929511109,15.969803691396557,-8.044184937587385,15.786024337240327,-17.803397483855537,-0.20880082858192237,-9.476700075262263,-15.105756378120038,9.555879779199723,-14.785813757816607
estimated-subspace-empirical,14,126,3.1750000000000003,0.195,0.205,0.2079223645507605,0.20792832222722477,0.012928322227224759,0.21054869281817526,0.0026203705909504937,0.20554763862943692,0.2069806891664695,0.0,0.0695509314482767,0.06956197362790806,0.03972206625170049,1.1702179507049969e-05,0.42310429037710456,0.5231206898441936,0.997002353879367,0.8428993929579073,0.9792077635449239,0.008455101770533987,0.010240576664849682,0.010240576664849682,-9.11973799334821e-12,-1.902038140383721e-11,True,2.2851969226198183,0.39278867974149656,0.0,1023.6025415937349,6.938893903907228e-18,8.766085904197826,5.561635950294082,6,0,0,80,0.1,0.5,80,10,17.720092151914894,0.1846164870346215,8.54455065039802,15.939629448504672,-8.045905686316356,15.807016090124007,-17.777268841124226,-0.21308329434004003,-9.48307013952418,-15.12505832214049,9.541628532466012,-14.765180912932346
estimated-subspace-empirical,14,127,3.2,0.195,0.205,0.20792832222722474,0.20796075103961204,0.012960751039612028,0.21040412699120417,0.002443375951592136,0.20556950703337218,0.2070662560708598,0.0,0.06958886135415443,0.06960004056610646,0.039692551565680016,7.5345777491367165e-06,0.42309736935537084,0.5230959531698054,0.9969985017158708,0.8430168281475932,0.9792071677772776,0.003971208092249841,0.004592471189001039,0.004592471189001039,-1.8215005083754178e-11,-1.8924092263892252e-11,True,2.247410944760893,0.38950145833207206,0.0,2048.588707281806,1.9645312551903404e-17,8.203618293437692,5.5535973803891165,6,0,0,80,0.1,0.5,80,10,17.729648423004942,0.18593183664809315,8.527262186389722,15.958532018849498,-8.039484108799009,15.796753244793518,-17.80583950861036,-0.21396794208516892,-9.480206103568612,-15.118870940221944,9.527218148491606,-14.769923146954829
estimated-subspace-empirical,14,128,3.225,0.195,0.205,0.20796075103961206,0.20813949704471224,0.013139497044712234,0.2102628541837203,0.0021233571390080475,0.2055123441273676,0.20702878860710897,0.0,0.06961343658587295,0.06962399510119816,0.039494391811079194,1.4873660499425913e-05,0.42296914328774254,0.5229828908420503,0.9969997281167081,0.8428160203864739,0.9792039248960388,0.01047240993355739,0.010796814461425674,0.010796814461425674,-1.0269078102260495e-11,-1.8603081264193384e-11,True,2.2469036822699366,0.38949928321539923,0.0,1575.7571476909104,2.5022296277959446e-17,8.829066749172053,5.561549412454668,6,0,0,80,0.1,0.5,80,10,17.736187540455834,0.19026240068884553,8.513902841670156,15.980056496387949,-8.036941841440226,15.797606001264363,-17.797151630689104,-0.19478578932541948,-9.489703968563408,-15.127554956677939,9.512885988907012,-14.745678399880013
estimated-subspace-empirical,14,129,3.25,0.195,0.205,0.2081394970447122,0.20833275864516107,0.013332758645161064,0.2103876723629355,0.0020549137177744425,0.20554537378379253,0.2069134381083506,0.0,0.06969081443494828,0.06970064635601367,0.03956785241423239,2.1949694688400384e-05,0.422829218155857,0.5231476863111866,0.9969940354945275,0.8429151311313532,0.9791860502955287,0.016791176847839217,0.019523461162473187,0.019523461162473187,-8.769658817055858e-12,-1.89083511670179e-11,True,2.253708430810662,0.39048593421237376,0.0,1081.6677364775396,3.1080126089379415e-17,9.486583979519411,5.587124298698009,6,0,0,80,0.1,0.5,80,10,17.736208533958358,0.18220990377865032,8.503450356971252,15.95594890258769,-8.037662746889191,15.789663671993173,-17.77568811228536,-0.19783556937393681,-9.49797191293188,-15.14073053298637,9.498487630688007,-14.725668217214096
estimated-subspace-empirical,14,130,3.2750000000000004,0.195,0.205,0.20833275864516115,0.20824771251430457,0.013247712514304566,0.21025980648618464,0.002012093971880069,0.20571639182309417,0.20703274867771415,0.0,0.06972172318202834,0.06973155604428559,0.03970083537790433,1.8974208115411828e-05,0.4228465501386444,0.5234208159055757,0.9969935927421602,0.8435690824094029,0.9791667241354839,0.00426561454421967,0.007491749329229412,0.007491749329229412,-1.8267677699180134e-11,-1.8812161537815684e-11,True,2.2666166147101787,0.3983384975365506,0.0,2340.6707305190325,1.974558093044457e-17,8.24373156774944,5.576171507111982,6,0,0,80,0.1,0.5,80,10,17.70478664823863,0.1846823202910128,8.520391106139968,15.990169014391004,-8.031113034850627,15.7858098314352,-17.790301676137243,-0.19101662816272047,-9.500190480578798,-15.142391897010103,9.5189895020487,-14.735050752738163
estimated-subspace-empirical,14,131,3.3000000000000003,0.195,0.205,0.20824771251430452,0.2080856066644188,0.013085606664418797,0.21012020259778505,0.0020345959333662456,0.2056093154502515,0.20684725272245733,0.0,0.07013100383859215,0.07014141927840314,0.04013711620015826,2.0441270379224008e-05,0.4227373977536134,0.5233498054266766,0.9970020629575554,0.8432060080557635,0.9791752287485695,0.0017445350107785332,0.0036009629687725367,0.0036009629687725367,-1.819782932256217e-11,-1.8744941954428285e-11,True,2.274339598467832,0.39232726619886826,0.0,1887.3221839285054,1.5529469437643404e-17,7.6420914764295365,5.552940597831303,6,0,0,80,0.1,0.5,80,10,17.713005037046752,0.18196085443858975,8.528056024105465,16.01403055613722,-8.030010096165114,15.789819659712105,-17.81809735938214,-0.1990150403915736,-9.485796349919267,-15.122540767544923,9.527078420997821,-14.75358002425968
estimated-subspace-empirical,14,132,3.325,0.195,0.205,0.2080856066644188,0.20806788194326162,0.013067881943261611,0.21021566736113387,0.00214778541787225,0.20544085941928328,0.2067297347521756,0.0,0.07001116547982973,0.07002158614855522,0.03998629520257729,2.9960439763568042e-06,0.42260741673632773,0.5230505339657623,0.9969933693018324,0.8425777548924702,0.9791914393335581,0.00717430738746244,0.010762714782405241,0.010762714782405241,-1.8325556152414416e-11,-1.8886507121523287e-11,True,2.275350080382606,0.3899090800396597,0.0,1904.779433136122,1.3904866443919908e-17,8.892796429088664,5.561197714967994,6,0,0,80,0.1,0.5,80,10,17.68481605005118,0.17065851984658664,8.545821367425146,16.007877749719558,-8.018667337633763,15.766655786865986,-17.819586031904493,-0.2147101653694904,-9.484800605714302,-15.131037547559998,9.544250614834176,-14.76651544695051
estimated-subspace-empirical,14,133,3.35,0.195,0.205,0.20806788194326153,0.20790070946834505,0.01290070946834504,0.21018399484004796,0.0022832853717029145,0.20547828889521466,0.206758810960065,0.0,0.0704610876608323,0.0704721782412132,0.040434349189614034,1.4416626494958042e-05,0.4226381207072396,0.5230952565646029,0.9969810288288813,0.8427974093200691,0.9791932118056739,0.002407869265087315,0.0060809895017044065,0.0060809895017044065,-2.6065988083617358e-18,-1.8632539587296742e-11,True,2.2550827564854883,0.3866436520221489,0.0,1793.707345697331,6.960037514078963e-18,7.8745878695669065,5.547675344859802,6,0,0,80,0.1,0.5,80,10,17.673013372919968,0.17463332315068594,8.557165058918391,16.015022307027735,-8.015973756987995,15.782759128570852,-17.823116116616255,-0.2155726671681477,-9.484799904263431,-15.13535434203185,9.560398244787125,-14.77275338070551
estimated-subspace-empirical,14,134,3.375,0.195,0.205,0.207900709468345,0.20770584552132282,0.012705845521322812,0.21021172540668465,0.002505879885361828,0.20536691216976807,0.20668982725336693,0.0,0.0709133998970019,0.07092543569816824,0.04075598775255487,1.6469105365034773e-05,0.42260843019951344,0.5228985147525486,0.9969814457164525,0.8424650778781914,0.9792099290531655,0.00020389675121897175,0.0038266473589636902,0.0038266473589636902,-1.8728479902989406e-11,-1.8728479902989406e-11,True,2.2767069573902043,0.39154102056727336,0.0,1576.3405720202777,1.0842021724855044e-18,7.939937126800133,5.53578836681556,6,0,0,80,0.1,0.5,80,10,17.66338084491772,0.1747364104347225,8.57359563045635,16.01016324349664,-8.017975977808165,15.796380512007614,-17.81679992122599,-0.2212813695109147,-9.494692273044919,-15.14874207451374,9.573417034862135,-14.775733876794188
estimated-subspace-empirical,14,135,3.4000000000000004,0.195,0.205,0.20770584552132282,0.2076214237144971,0.012621423714497093,0.21025892917760886,0.0026375054631117556,0.20526844886723325,0.20662168193978445,0.0,0.07135319397881372,0.0713662119160949,0.04114308082811669,2.062033701431887e-05,0.42262319235324125,0.5227281554847947,0.9969730571034614,0.8421831614582302,0.9792294154478677,0.003037411265878369,0.006611327880955347,0.006611327880955347,-1.062554490226208e-11,-1.8762504603881658e-11,True,2.3066725662748766,0.39912601635266787,0.0,1892.6821297950207,6.938893903907228e-18,8.526626167862196,5.536875543714783,6,0,0,80,0.1,0.5,80,10,17.634578937097807,0.16340277357111566,8.585512715755254,16.00613468582345,-8.020104120459031,15.781849321217669,-17.824451667222466,-0.23018991859191454,-9.503701300183005,-15.160269000064226,9.58627904758041,-14.786605021599433
estimated-subspace-empirical,14,136,3.4250000000000003,0.195,0.205,0.20762142371449707,0.20748449031960411,0.012484490319604108,0.21028532321397264,0.0028008328943685268,0.20524323887112964,0.20654334600598379,0.0,0.07183323856847558,0.07184704874084766,0.04157066838196324,2.558584600246395e-05,0.42263712052199937,0.5227268228992296,0.9969661886415669,0.8421681497748482,0.9792378576285503,0.002391098331544469,0.0054498242845804805,0.0054498242845804805,-9.219382515941566e-12,-1.8805332862255143e-11,True,2.325946383714674,0.4037980045283994,0.0,922.7422519946305,4.336808689942018e-19,8.073269920242204,5.5253407421748415,6,0,0,80,0.1,0.5,80,10,17.665853706512404,0.15740776409591423,8.591900137383265,15.978549780332818,-8.019810201475554,15.790876158731448,-17.810286391498632,-0.24228132795363772,-9.511360005038497,-15.174269775035956,9.587891840423046,-14.785163169890277
estimated-subspace-empirical,14,137,3.45,0.195,0.205,0.20748449031960406,0.20737931725192515,0.012379317251925148,0.2101881110546226,0.00280879380269744,0.20517138252630376,0.20653753489878507,0.0,0.07205885519004132,0.07207270990938838,0.04162776589107631,1.7408852669035567e-05,0.4226640138357662,0.5225536459073962,0.9969649993541823,0.8419743182509611,0.9792515509680396,0.0012196160228344134,0.004291990538207164,0.004291990538207164,-1.8995363728462582e-11,-1.8995363728462582e-11,True,2.321961988965845,0.40514868974675544,0.0,2345.6172381386245,1.3010426069826053e-18,8.038637996168374,5.5152069024320545,6,0,0,80,0.1,0.5,80,10,17.64360440067738,0.1584268274562204,8.601931160046615,16.005117091964227,-8.025715805070748,15.795924560426894,-17.814239628514137,-0.2325910640541713,-9.520063749836595,-15.18010373569279,9.598763191762025,-14.789025482495317
estimated-subspace-empirical,14,138,3.475,0.195,0.205,0.20737931725192502,0.20724257147175373,0.012242571471753727,0.2100460804534005,0.002803508981646774,0.20506448371505315,0.20632750349205148,0.0,0.07235129570757964,0.07236533052642986,0.041893845706221775,2.1099998198410918e-05,0.42259261144762555,0.5224658754333067,0.9969617656038972,0.8415909143738161,0.9792620682748074,0.0009173957835881423,0.0035107428593143274,0.0035107428593143274,-1.8539706950701015e-11,-1.8798984414192708e-11,True,2.343007130096959,0.4067870259399853,0.0,1881.3663908882975,1.3884562417838567e-17,7.647204819934101,5.494439399331628,6,0,0,80,0.1,0.5,80,10,17.639038470219834,0.15690606145760394,8.612777336955874,16.031842014750648,-8.027425978958822,15.804978081620826,-17.838059807941384,-0.23845926391255576,-9.505810932091437,-15.162941761487264,9.607668880316092,-14.806973239235475
estimated-subspace-empirical,14,139,3.5,0.195,0.205,0.20724257147175373,0.20715030318124966,0.012150303181249655,0.2099582978902973,0.0028079947090476343,0.20490872847450045,0.20621720022153978,0.0,0.0722865725153463,0.07230081846147544,0.04174506586379815,2.8184370892597948e-05,0.4225081944827485,0.522267697610153,0.9969571264881948,0.8409930073945819,0.9792757428528246,0.0007188109461375917,0.003361095930127126,0.003361095930127126,-1.8343584463078437e-11,-1.8825293889270894e-11,True,2.309327245497233,0.3987860464735869,0.0,1826.3717938842556,1.962615573354719e-17,7.90989541149294,5.484426457294814,6,0,0,80,0.1,0.5,80,10,17.631368917560827,0.1510402370157884,8.620700063112736,16.04754611567902,-8.039609700140709,15.806364151234101,-17.835941220782857,-0.23312650465034512,-9.515693024886245,-15.170961620671841,9.614050885327654,-14.81082784222607
estimated-subspace-empirical,14,140,3.5250000000000004,0.195,0.205,0.2071503031812497,0.20717407524439485,0.012174075244394844,0.20993446359378676,0.002760388349391907,0.2048117313136721,0.20611781321991132,0.0,0.07237519509681427,0.07238906177200272,0.041905197587911946,2.3646562636751933e-05,0.42242374990987064,0.5221167925335558,0.9969494855751265,0.8406102120877599,0.9792849696818751,0.00730585341198813,0.009716468946779978,0.009716468946779978,-7.913057559692396e-12,-1.8852519430500878e-11,True,2.3111767563820376,0.4031743111224231,0.0,941.3761673956566,1.3884562417838567e-17,8.395904394192186,5.486240919104104,6,0,0,80,0.1,0.5,80,10,17.627681945895752,0.1557845745174321,8.630263434649832,16.069977183474514,-8.036463040307176,15.80869175163451,-17.834206643725402,-0.2252114781221182,-9.506462382779437,-15.156063475120968,9.618802086323583,-14.80765857043159
estimated-subspace-empirical,14,141,3.5500000000000003,0.195,0.205,0.2071740752443947,0.20720860864938528,0.012208608649385277,0.20989639296900223,0.0026877843196169426,0.20480940784383964,0.20610597805654687,0.0,0.07224590078296605,0.0722593723918127,0.041783883412886254,2.760781489634738e-05,0.42237758703517264,0.5221564855723222,0.9969460402776587,0.8405624734748114,0.9792825924755605,0.007299290863583112,0.009508417636507567,0.009508417636507567,-5.8216550565833015e-12,-1.9000049319814622e-11,True,2.30200244819773,0.39523352249892474,0.0,936.5275531436245,2.5022296277959446e-17,8.280114067054983,5.4860278475078355,6,0,0,80,0.1,0.5,80,10,17.62129144929547,0.1582469976321483,8.62932917748506,16.083402424899344,-8.035592251619779,15.804433976807138,-17.849241404251238,-0.22701322537463217,-9.501724060274759,-15.14634081306032,9.61238412006181,-14.808561877795475
estimated-subspace-empirical,14,142,3.575,0.195,0.205,0.20720860864938523,0.2073731987532439,0.012373198753243886,0.20993794827438955,0.0025647495211456595,0.20480674179653938,0.20603992080322617,0.0,0.07214527921030715,0.07215863636703326,0.041603308682143895,2.5265230123394166e-05,0.4223365328478765,0.5222443272258475,0.9969490187443336,0.8405236349829498,0.9792791391350615,0.010667879242663159,0.012119227517367848,0.012119227517367848,-1.8698695218382306e-11,-1.8915679542902936e-11,True,2.329346682563759,0.3988977395691572,0.0,1793.3520127987902,6.952433221959954e-18,8.9790403155193,5.501249609282677,6,0,0,80,0.1,0.5,80,10,17.624623497249356,0.17403637386735066,8.609197441337503,16.084987285325667,-8.029079105952338,15.818595289686977,-17.843114174311417,-0.21361009194094127,-9.4988461669092,-15.134283476653284,9.599128162781591,-14.788394135396711
estimated-subspace-empirical,14,143,3.6,0.195,0.205,0.20737319875324386,0.20752981990252906,0.012529819902529049,0.20975019723568478,0.002220377333155721,0.20491918601256517,0.2061400028786348,0.0,0.07228310788421986,0.07229618709387348,0.041468599174905675,8.537043030558563e-06,0.4223451697583883,0.5224118312037069,0.996949617489562,0.8409720516032864,0.9792626801246757,0.00446722261066886,0.006062573174320051,0.006062573174320051,-1.838717921483092e-11,-1.900773679301785e-11,True,2.334541715421744,0.39868073747684357,0.0,2288.6617994686944,3.9273867486854066e-17,8.32245943753934,5.4980950045364025,6,0,0,80,0.1,0.5,80,10,17.644137389171643,0.16204487039791146,8.60372509095202,16.097677876758524,-8.02932176581098,15.815826210322392,-17.860249347585313,-0.22159795920022762,-9.485659141494077,-15.138093263234717,9.574295621219356,-14.773368553748158
estimated-subspace-empirical,14,144,3.625,0.195,0.205,0.20752981990252906,0.2075553031173144,0.012555303117314398,0.20972714589074232,0.002171842773427912,0.20491258990550434,0.20609804481829166,0.0,0.07176159288728745,0.0717748774377886,0.04103953938367689,2.2189545274341677e-05,0.4221906028346404,0.5224785507385044,0.9969588940502637,0.8408150498016851,0.9792470180097471,0.006321619722309382,0.007977283145604124,0.007977283145604124,-1.8492713960749138e-11,-1.8740719896842274e-11,True,2.319249531838771,0.4024624339049799,0.0,1846.3476077275882,6.952433221959954e-18,8.412257893192058,5.496764630346141,6,0,0,80,0.1,0.5,80,10,17.671460021334422,0.16639886922635103,8.583192979850725,16.077084851344267,-8.025890094414803,15.838119746502375,-17.85359947355363,-0.21287983186697046,-9.47912671469445,-15.136908731400572,9.575971633539979,-14.76505803816166
estimated-subspace-empirical,14,145,3.6500000000000004,0.195,0.205,0.20755530311731446,0.20777125908769384,0.012771259087693831,0.20972439705434326,0.001953137966649421,0.20491464439783358,0.20616387733446256,0.0,0.07211139789620928,0.07212463279493467,0.04109146210274991,8.589659003892548e-06,0.422138239846615,0.5223779033198098,0.99695683502552,0.8409018898715015,0.9792444696882685,0.013144528783284839,0.013676538746172388,0.013676538746172388,-1.0135358970074172e-11,-1.903994523119337e-11,True,2.317312924591344,0.39963275783083696,0.0,1417.8957805432897,6.952433221959954e-18,9.089139865351815,5.514408918881274,6,0,0,80,0.1,0.5,80,10,17.66932663639819,0.16777318820389145,8.562666837772621,16.081007965862852,-8.034101251671775,15.845608574632605,-17.844515557393507,-0.20210119066118346,-9.482602691979906,-15.138450985057958,9.551646330799905,-14.74141583338343
estimated-subspace-empirical,14,146,3.6750000000000003,0.195,0.205,0.20777125908769384,0.20763558940843463,0.012635589408434622,0.20967832575969303,0.0020427363512584007,0.20503430979171489,0.20621009384425087,0.0,0.07182671544818103,0.07183977969153424,0.040930830690912814,5.210800725717708e-06,0.42207455421811724,0.5226099849955362,0.9969553436919071,0.8412917053611302,0.9792228740912307,0.0021361158927856432,0.0043551662821581,0.0043551662821581,-1.8141074198417285e-11,-1.9011189616462877e-11,True,2.3424298165139463,0.4006294499221264,0.0,2146.666379700552,1.3904866443919908e-17,8.106116881517288,5.500555908033168,6,0,0,80,0.1,0.5,80,10,17.66603872457347,0.16393424388427746,8.575749724712237,16.102216269223145,-8.032767179916503,15.841412661482334,-17.874473605086834,-0.21227971519346298,-9.459786574514624,-15.10450851938728,9.565111930399443,-14.767185615613746
estimated-subspace-empirical,14,147,3.7,0.195,0.205,0.20763558940843466,0.20751357215302105,0.01251357215302104,0.20968207842222705,0.0021685062692060053,0.20493036639909323,0.20617297774352,0.0,0.07151767123161507,0.07153071502828952,0.040753144253981785,1.0388250012652289e-05,0.4220138482255139,0.5224058204358163,0.9969636991645345,0.8408733169096768,0.9792364410591565,0.0023836824835594015,0.004697670489146,0.004697670489146,-1.886271084851822e-11,-1.8939296401412087e-11,True,2.329204968899799,0.39550979419957694,0.0,2239.828417859724,3.105893887528681e-17,8.300713833457577,5.49212086810831,6,0,0,80,0.1,0.5,80,10,17.66119635757783,0.15892113208642977,8.58794262210532,16.11778953280836,-8.031268363276247,15.838239160375519,-17.901544984224845,-0.22352296775150418,-9.43420041789504,-15.06770867512871,9.578643310196814,-14.792589732555712
estimated-subspace-empirical,14,148,3.725,0.195,0.205,0.20751357215302102,0.2074105012817112,0.0124105012817112,0.20969859902947663,0.002288097747765422,0.20485751907093544,0.20618304736715737,0.0,0.07125236579559587,0.07126541904637763,0.0405998726875456,1.7041314511816657e-05,0.42199335488191625,0.5222250316851645,0.9969577569495868,0.840586163473023,0.9792486427846979,0.002931025661147143,0.005190978498032649,0.005190978498032649,-1.8187381576217893e-11,-1.903862069567537e-11,True,2.316079469654811,0.39329436525902606,0.0,2240.234295595379,1.963094669071206e-17,8.37071193015879,5.4867694790747255,6,0,0,80,0.1,0.5,80,10,17.658066860781133,0.15235139164114558,8.599097461544192,16.129422696634382,-8.029600635132708,15.832192647941888,-17.926390189646156,-0.23503835716093663,-9.409168005231692,-15.03260546176178,9.591302218760319,-14.817030312233973
estimated-subspace-empirical,14,149,3.75,0.195,0.205,0.20741050128171123,0.20729811888678795,0.012298118886787945,0.20970791405358596,0.002409795166798012,0.20480136344225056,0.20620230565350856,0.0,0.07101655609785802,0.0710294936887195,0.04046623034374603,2.354262969764718e-05,0.4219955346193158,0.522086097783208,0.9969544232388483,0.8403655328527264,0.9792589498718289,0.0023823359805287955,0.004725875922122998,0.004725875922122998,-1.858851352010615e-11,-1.901054302662906e-11,True,2.298126212555274,0.3896137896747106,0.0,2201.0437550247016,6.992893892674703e-18,8.277803953881973,5.48085460194289,6,0,0,80,0.1,0.5,80,10,17.655934550241074,0.14675951869054446,8.609421582924202,16.14007221124444,-8.02848841747596,15.82906656005356,-17.948957557990745,-0.2452409737570157,-9.386366225246652,-15.001160153775732,9.603612756272858,-14.839341366614644
estimated-subspace-empirical,14,150,3.7750000000000004,0.195,0.205,0.207298118886788,0.20720286925083573,0.012202869250835718,0.209722842076343,0.002519972825507283,0.20473651343058608,0.2062117703399037,0.0,0.07086326586419488,0.07087608547980209,0.04038180486059777,2.768216616112962e-05,0.42200541717486845,0.5219437148007703,0.9969524455387105,0.8401232187128734,0.9792701881113212,0.0028018851089156895,0.005078293247581302,0.005078293247581302,-1.8504514493542614e-11,-1.8820968315213088e-11,True,2.2908271276575327,0.38843008373102356,0.0,2212.3456498396827,1.393864076242399e-17,8.336908443934599,5.477176114361551,6,0,0,80,0.1,0.5,80,10,17.65487862257637,0.14044132688307917,8.61903442671067,16.148896142687146,-8.027327015424545,15.823525048181908,-17.970188893785004,-0.25524841005478094,-9.364112555025,-14.970571970557595,9.615056014711827,-14.860733303506196
estimated-subspace-empirical,14,151,3.8000000000000003,0.195,0.205,0.20720286925083573,0.2070601296334718,0.012060129633471806,0.20994724682967988,0.002887117196208072,0.2046840318678489,0.20622524464705422,0.0,0.07071384837660091,0.07072643767562717,0.04030029635787633,3.21023599030221e-05,0.42202571221594987,0.5218312404022635,0.9969500945245492,0.8399261153012187,0.9792797130749165,0.0004814531290738538,0.003576356859959742,0.003576356859959742,-1.8982282589007488e-11,-1.8982282589007488e-11,True,2.2953825518798645,0.3972255874219492,0.0,2534.9109292674016,1.3010426069826053e-18,8.68693671255984,5.481700698211964,6,0,0,80,0.1,0.5,80,10,17.652041377729173,0.14629415826165335,8.60765655135754,16.119043219439412,-8.024264856963564,15.840266367079783,-17.986231812358653,-0.26169128210804643,-9.34365434064278,-14.9426070472513,9.626641225981038,-14.876650034343204
estimated-subspace-empirical,14,152,3.825,0.195,0.205,0.2070601296334718,0.20695433615335548,0.011954336153355477,0.20987980259567657,0.002925466442321084,0.20470579889149595,0.20648305848143678,0.0,0.07113713693387048,0.07115031750628838,0.040515996026329104,1.6619654630259605e-05,0.4221756927738358,0.5216431084501647,0.9969466102145339,0.8401587390307605,0.9792939870366528,0.0018494199194707896,0.004135174507326554,0.004135174507326554,-1.8953863417184952e-11,-1.8953863417184952e-11,True,2.284609609514681,0.39105340797844956,0.0,1968.7578127007098,2.7758963540648015e-17,7.942006447582216,5.471355799690704,6,0,0,80,0.1,0.5,80,10,17.657606074694165,0.14083731505744548,8.618148680254158,16.132880616354505,-8.023541195745992,15.835212886277304,-18.002113990183716,-0.2692447061869102,-9.330777911746399,-14.926398425072513,9.635799529296868,-14.89276908517314
estimated-subspace-empirical,14,153,3.85,0.195,0.205,0.20695433615335543,0.20681563838459951,0.011815638384599508,0.21004229501935767,0.003226656634758157,0.20460830245847708,0.20640682014084608,0.0,0.07105288660800581,0.07106572726582798,0.040473455722662526,3.088919325608902e-05,0.42217968279689405,0.5215211782227082,0.9969495295429615,0.8397839859877132,0.9793045663846645,9.844690400517928e-05,0.0031214088440523367,0.0031214088440523367,-1.8945115863245766e-11,-1.8945115863245766e-11,True,2.2905287507892953,0.3950698876300586,0.0,2398.25214063514,1.5521898148890684e-17,8.445803153653982,5.472587066696564,6,0,0,80,0.1,0.5,80,10,17.658398354146467,0.14626913428561905,8.6087640599531,16.109673342078484,-8.021187531959592,15.849936803582274,-18.015520397131187,-0.2735828513285962,-9.315122234379388,-14.905001646702654,9.646092614855826,-14.905823138209136
estimated-subspace-empirical,14,154,3.875,0.195,0.205,0.20681563838459951,0.20671805137992502,0.011718051379925015,0.20995610164657935,0.00323805026665433,0.20460098885410538,0.20659183247794263,0.0,0.07145216404720985,0.07146537121719052,0.04083526255576238,1.7749795727193554e-05,0.4223073958078626,0.5213415707548577,0.9969429293491459,0.8398944830509413,0.97931843616154,0.0014871225308875286,0.0037620953178053337,0.0037620953178053337,-1.8173813462773662e-11,-1.8800580419310132e-11,True,2.2890038875391,0.39330551271069775,0.0,1915.7899626066112,6.938893903907228e-18,7.867468762738518,5.461490543636571,6,0,0,80,0.1,0.5,80,10,17.66623432498533,0.141172846721479,8.619025459206702,16.124379923206256,-8.02085885980842,15.844975928655156,-18.02855991868111,-0.27968405244662853,-9.30494467615104,-14.892387466335052,9.654236112104225,-14.919720863192614
estimated-subspace-empirical,14,155,3.9000000000000004,0.195,0.205,0.206718051379925,0.20659330930487513,0.011593309304875121,0.21011369205367403,0.0035203827487989003,0.20449930682903805,0.20649436113642616,0.0,0.07136945254064585,0.07138221916166022,0.04076365164567,3.085508082438356e-05,0.422308887657038,0.5212311688896609,0.9969439307845945,0.8394978043908802,0.9793281948620075,3.451242386006591e-05,0.003033594367505174,0.003033594367505174,-1.834941879785826e-11,-1.8974048496701214e-11,True,2.295564139841269,0.39718962514404577,0.0,2397.854598065851,1.5521898148890684e-17,8.446939350121843,5.463715020915069,6,0,0,80,0.1,0.5,80,10,17.66799064373406,0.14652395457993644,8.60914304663877,16.101000279180706,-8.018977620327961,15.858558687490726,-18.039855678223617,-0.28299931368110587,-9.290900879967683,-14.872800358792588,9.663594904555163,-14.931298660496948
estimated-subspace-empirical,14,156,3.9250000000000003,0.195,0.205,0.20659330930487516,0.20651372219121072,0.011513722191210718,0.21002184379718405,0.00350812160597333,0.20449634601799427,0.2066707942479305,7.748494305534481e-05,0.07175293638576376,0.0717659776379157,0.041092345084879266,1.761173119722507e-05,0.42243874495755673,0.5210757610534372,0.9969370218117154,0.839623789051678,0.9793406690695124,0.0015738725657357827,0.00383293430349167,0.00383293430349167,-1.883304560746828e-11,-1.883304560746828e-11,True,2.2957013794424403,0.3953315157898548,0.0,1926.497903673607,6.938893903907228e-18,7.8873967325953505,5.4537109726566655,6,0,0,80,0.1,0.5,80,10,17.67529330271586,0.14117255161651276,8.619345817399099,16.116209627299728,-8.019248681944308,15.852409647410376,-18.051239681449793,-0.28818192852605845,-9.28199869333619,-14.861519979464157,9.671011947684482,-14.944089281390003
estimated-subspace-empirical,14,157,3.95,0.195,0.205,0.20651372219121072,0.20640316707516407,0.011403167075164061,0.21016677903629885,0.003763611961134783,0.2044028663782008,0.20656622656578774,5.2504374577017066e-05,0.07164542306452604,0.07165797752419702,0.040985546627825824,3.053576681005626e-05,0.42244170104580775,0.5209938824776701,0.9969384348396847,0.8392468742832668,0.9793486277808789,5.2653732802981164e-05,0.0030561633728122596,0.0030561633728122596,-1.886768239909247e-11,-1.8934737920084286e-11,True,2.298275194901863,0.3979804262252883,0.0,2390.7470717075244,1.3877787807814457e-17,8.427164407756655,5.456430400294935,6,0,0,80,0.1,0.5,80,10,17.676419195415,0.14622343098109356,8.609772246783857,16.09416091037456,-8.018009074769282,15.864887893087696,-18.060905627190106,-0.29058169417637353,-9.269649637536661,-14.844069113142435,9.679739161748223,-14.95453994464299
estimated-subspace-empirical,14,158,3.975,0.195,0.205,0.2064031670751641,0.20633795937124172,0.011337959371241713,0.21006740907163454,0.003729449700392823,0.2044015856247584,0.20672720379764994,0.0003240367224858487,0.07200925514470517,0.07202203111563883,0.041280944421146465,1.7096061689847272e-05,0.4225669575104226,0.5208614165489724,0.9969320453664585,0.8393719198020625,0.9793596832924836,0.0015963178512007688,0.003858020024110977,0.003858020024110977,-1.828984605539854e-11,-1.853996270404292e-11,True,2.3000731745567333,0.39689193189526395,0.0,1920.5508298832206,1.962615573354719e-17,7.882815197604263,5.446901464798629,6,0,0,80,0.1,0.5,80,10,17.68337247991944,0.14072246201540306,8.619835531269286,16.109595412037013,-8.018746956866059,15.858019128198265,-18.07062890999656,-0.29496579002002876,-9.262331840467683,-14.834902286768738,9.686497013105223,-14.966200985232675
estimated-subspace-empirical,14,159,4.0,0.195,0.205,0.20633795937124175,0.2062397676073197,0.011239767607319706,0.2102013689605671,0.003961601353247385,0.2043136650692542,0.2066147617421191,0.00027680237087734927,0.0718889006156912,0.07190117116520756,0.04115268908928392,2.951261424390199e-05,0.4225665615366025,0.5207996993131156,0.9969335158006646,0.839006163652736,0.9793662040628758,5.19926172185297e-05,0.0030575980110655347,0.0030575980110655347,-1.881331733439318e-11,-1.899995072904793e-11,True,2.300747769145105,0.39884283465475867,0.0,2381.497770442669,2.0816681711721685e-17,8.406232682333357,5.449887239752648,6,0,0,80,0.1,0.5,80,10,17.684187402281136,0.14556630453591718,8.610399221676332,16.08844162109326,-8.017977917085467,15.86963521526819,-18.078851275112225,-0.296609786886214,-9.251564438434198,-14.819548710366115,9.694579917080102,-14.97557748490005
estimated-subspace-empirical,14,160,4.025,0.195,0.205,0.20623976760731969,0.20618717525745756,0.011187175257457549,0.21009623864082805,0.003909063383370492,0.20431419788295416,0.20676331293336656,0.0005235453260468703,0.0722350129617427,0.07224747218360507,0.04142482442113731,1.7183193888974298e-05,0.4226849113288008,0.520684640531897,0.9969273986981371,0.8391308980849133,0.979376023239268,0.0016173921214833258,0.0038840020668747186,0.0038840020668747186,-1.872620020233748e-11,-1.8737589505836605e-11,True,2.3039120237409194,0.3982234845884529,0.0,1916.6861073426765,1.5515838457795457e-17,7.880644930561259,5.440774531466689,6,0,0,80,0.1,0.5,80,10,17.690777402941112,0.13996098763178105,8.620314012794168,16.104051394495997,-8.019088825980745,15.862183567137631,-18.087233350254852,-0.3003362821623322,-9.245571802871847,-14.81213075606214,9.700702886819446,-14.986226464885656
estimated-subspace-empirical,14,161,4.05,0.195,0.205,0.20618717525745753,0.20609977231790735,0.011099772317907347,0.21022052772470326,0.004120755406795906,0.20423169932809018,0.20664514929193653,0.00045797403447900287,0.07210076269402366,0.07211271241772103,0.04128089516980029,2.8154998445149538e-05,0.4226795331189081,0.5206393954446649,0.9969289191592677,0.838776566121413,0.9793812824742543,4.854511662407674e-05,0.003058446503685967,0.003058446503685967,-1.8845853820695202e-11,-1.9024634913104434e-11,True,2.3028499928550032,0.3994968070807456,0.0,2372.7713702172405,8.673617379884035e-19,8.386793433037688,5.443925931621928,6,0,0,80,0.1,0.5,80,10,17.691254652764485,0.14462973521896502,8.61104407885926,16.083780350528492,-8.018703395173604,15.873114303467402,-18.094270586099874,-0.301362509224761,-9.23615383396038,-14.798574162969285,9.70817773899089,-14.994630899709614
estimated-subspace-empirical,14,162,4.075,0.195,0.205,0.20609977231790735,0.20605780583929598,0.01105780583929597,0.21011100879704,0.004053202957744029,0.20423399242876727,0.2067831068269263,0.0006833345090189458,0.07242875697993596,0.0724408762943887,0.04153476169151845,1.6988061173789884e-05,0.4227898840568629,0.5205383804939177,0.9969230818416924,0.8389006280954919,0.9793900227682093,0.0016238208777064305,0.0038996886879965084,0.0038996886879965084,-1.8686036462931176e-11,-1.8686036462931176e-11,True,2.3069729491978084,0.39931739910569575,0.0,1912.7955568144578,1.3985787785349405e-17,7.878013812510091,5.435143154339702,6,0,0,80,0.1,0.5,80,10,17.69751541509151,0.1389631263342018,8.620810005635791,16.0995027755321,-8.020099892025435,15.865253034498627,-18.10152349634891,-0.30455483465127897,-9.231300261214503,-14.792678448330333,9.713698655427224,-15.004343346449827
estimated-subspace-empirical,14,163,4.1000000000000005,0.195,0.205,0.206057805839296,0.20597964991993797,0.010979649919937967,0.21022735314773014,0.004247703227792166,0.20415638005451173,0.20666074679468133,0.0006029409553853227,0.07228212659298247,0.0722937424725779,0.041380009002606744,2.659327885383025e-05,0.4227787910127954,0.5205061658462831,0.9969246448471256,0.8385570332556069,0.9793942194160704,3.960900050080893e-05,0.003055463831350101,0.003055463831350101,-1.8305921410237734e-11,-1.9044601459976485e-11,True,2.3046018539113784,0.40003926180544896,0.0,2364.8209380015087,1.3877787807814457e-17,8.369832434337711,5.438407556969379,6,0,0,80,0.1,0.5,80,10,17.697705859938914,0.14349134621584914,8.611682021916115,16.079978885208927,-8.020008239471986,15.875653208812945,-18.107566091662207,-0.3050857167541217,-9.223031455396182,-14.780670643714531,9.720593484616144,-15.011852220107668
estimated-subspace-empirical,14,164,4.125,0.195,0.205,0.20597964991993792,0.20594667957558768,0.010946679575587676,0.2101147425311206,0.004168062955532931,0.2041604787485952,0.20679016060933625,0.0008105106893983305,0.07259333292329535,0.07260510889940311,0.041619885935442455,1.6217248150740513e-05,0.42288106639413386,0.5204164084065314,0.996919066908556,0.8386812073721366,0.9794020350080062,0.0016222459192517659,0.0039099132586203475,0.0039099132586203475,-1.8536206480163064e-11,-1.8843932604044097e-11,True,2.309387666921185,0.40020970133978034,0.0,1909.6908011716762,2.787728152484798e-17,7.8762163092392665,5.429916093093495,6,0,0,80,0.1,0.5,80,10,17.703655250711265,0.13779095940553035,8.62130910583181,16.095772665084418,-8.021616696326422,15.867500678403763,-18.11387660649385,-0.30785017467389564,-9.219133270781452,-14.776060763675538,9.725546535985425,-15.02070436832244
estimated-subspace-empirical,14,165,4.15,0.195,0.205,0.2059466795755876,0.20587643326526214,0.010876433265262136,0.21022464368267757,0.004348210417415427,0.20408734244918766,0.2066649245854048,0.0007182450098172088,0.0724356150693901,0.07244689990296319,0.04145748279546856,2.494185693650673e-05,0.4228642163559759,0.5203947111427024,0.9969206848086791,0.8383480940796302,0.9794053320424413,2.76574632511375e-05,0.0030509721609150216,0.0030509721609150216,-1.8698989150730285e-11,-1.887389039747794e-11,True,2.30599508062241,0.4004666394915892,0.0,2357.7528324041505,7.152448122690996e-18,8.35530735751743,5.433267617851904,6,0,0,80,0.1,0.5,80,10,17.703581882140924,0.14220356565394535,8.612312806396675,16.076895495043544,-8.021747010982587,15.87748965627977,-18.119084812210406,-0.307987665603878,-9.211834637669721,-14.765376073429849,9.731895162493345,-15.027392258558804
estimated-subspace-empirical,14,166,4.175,0.195,0.205,0.2058764332652622,0.20585104057907333,0.010851040579073323,0.21011000600704335,0.004258965427970024,0.2040932399725562,0.2067874678624923,0.0009110345972301037,0.07273161170003324,0.07274305341277651,0.0416863543062888,1.5103800882059494e-05,0.42295879345508675,0.5203141060228902,0.9969153576845047,0.8384730652864203,0.9794123566734738,0.0016136954929113763,0.003914862524254764,0.003914862524254764,-1.8850676565143366e-11,-1.8897456197316312e-11,True,2.3112137118484495,0.40092533272585085,0.0,1907.1854858783165,2.8662335771926895e-17,7.875027300964128,5.42503828257494,6,0,0,80,0.1,0.5,80,10,17.709238484420723,0.1364917288387458,8.621813284396278,16.092727020011342,-8.023506277708536,15.869141640886053,-18.12460112664375,-0.3104122201195558,-9.208737197906423,-14.761855809078673,9.736316824473478,-15.035454167584504
estimated-subspace-empirical,14,167,4.2,0.195,0.205,0.20585104057907333,0.20578755222334222,0.010787552223342212,0.21021483173381028,0.004427279510468063,0.2040241656250508,0.20666039445065157,0.0008093538715782389,0.07256431494862887,0.0725752814698542,0.04151858070008592,2.327657940857669e-05,0.42293649184769117,0.5203009142988873,0.9969170409620433,0.8381500927017931,0.9794148959420926,1.3779022931119509e-05,0.003045476763607554,0.003045476763607554,-1.886991272769638e-11,-1.886991272769638e-11,True,2.307066553891881,0.4008060251743784,0.0,2351.6302473080486,1.3877787807814457e-17,8.343210508100974,5.428468267893956,6,0,0,80,0.1,0.5,80,10,17.708926757106063,0.14081049438946922,8.612931801070042,16.07439044804088,-8.023799045504045,15.878814013373246,-18.12910388373286,-0.31024021718818684,-9.20225562636885,-14.752299990104449,9.74215374240507,-15.041390681744478
estimated-subspace-empirical,14,168,4.2250000000000005,0.195,0.205,0.2057875522233422,0.2057685558467796,0.010768555846779604,0.21009903710554334,0.00433048125876373,0.2040318577328135,0.2067775428798009,0.0009899906564587169,0.07284687893913241,0.07285800319900256,0.04173872360587331,1.3806156558751521e-05,0.4230240315532872,0.5202278116801978,0.9969119524716722,0.8382766365999812,0.9794212447776658,0.0016006896557406967,0.003916064252455278,0.003916064252455278,-1.8781628644353578e-11,-1.8781628644353578e-11,True,2.312544908359894,0.40149167522308027,0.0,1905.324433538325,1.3877787807814457e-17,7.874522019619557,5.420482900579544,6,0,0,80,0.1,0.5,80,10,17.714305437193264,0.1351039544429862,8.62231883314486,16.090235162076812,-8.025660497366914,15.870341059646737,-18.13394882075273,-0.31239646827383605,-9.199825683480181,-14.749697292899949,9.746081263709547,-15.048730167044697
estimated-subspace-empirical,14,169,4.25,0.195,0.205,0.2057685558467796,0.20571085090557845,0.01071085090557844,0.210199928387068,0.004489077481489551,0.20396647543785204,0.20664945842706778,0.0008809025802881676,0.07267137167042244,0.07268203852061697,0.04156713325181847,2.1654501102325636e-05,0.4229967788201938,0.5202215683130774,0.9969137116442998,0.837963470601665,0.9794231444153221,-8.877686853898766e-07,0.0030395834586067214,0.0030395834586067214,-1.894474572621498e-11,-1.894474572621498e-11,True,2.307850874301948,0.40106984573567617,0.0,2346.384711091317,2.8662335771926895e-17,8.333248760714904,5.423989607060999,6,0,0,80,0.1,0.5,80,10,17.71377618890043,0.13934676215653818,8.61353742235174,16.07234811153137,-8.02606879480586,15.879769558296557,-18.137852194214798,-0.3119824486034666,-9.194031966614926,-14.741103890262247,9.751441936410615,-15.05398168154016
estimated-subspace-empirical,14,170,4.275,0.195,0.205,0.2057108509055784,0.20569725718878992,0.010697257188789916,0.21008365476050278,0.004386397571712858,0.20397593143410245,0.2067624221682969,0.0010515712627185148,0.07294219220416964,0.07295302014348372,0.041780218950623914,1.2392709713723357e-05,0.4230780438374092,0.5201546787875058,0.9969088492197533,0.8380922123406707,0.9794289149094422,0.001584617365372806,0.0039142141936463,0.0039142141936463,-1.8122636766737356e-11,-1.8408398002436377e-11,True,2.313460254286281,0.40193226568013846,0.0,1904.0053129594482,2.862293735361732e-17,7.874557032326235,5.4162332177735415,6,0,0,80,0.1,0.5,80,10,17.71889195297189,0.13365888995536146,8.622823439099415,16.088187927522576,-8.027994300690349,15.871224983339262,-18.14212625848398,-0.31392759287428745,-9.192158507005223,-14.739273784433337,9.75491251435595,-15.06066293529097
estimated-subspace-empirical,14,171,4.3,0.195,0.205,0.2056972571887899,0.20564451223894967,0.01064451223894966,0.21018154573106665,0.004537033492116982,0.2039138963548487,0.2066339607325479,0.000936703543757994,0.07275971624338357,0.07277010517618035,0.04160589565097254,2.019614003310076e-05,0.42304641498514695,0.5201541451913266,0.9969106910591133,0.8377884508801108,0.9794302742811211,-1.563712806505901e-05,0.003033514339608296,0.003033514339608296,-1.8749009781862747e-11,-1.9029159661977064e-11,True,2.308384623490084,0.4012706686185295,0.0,2341.9085694211694,1.3877787807814457e-17,8.325094543274748,5.419817201158911,6,0,0,80,0.1,0.5,80,10,17.718165419576152,0.13784085922341657,8.61412811315161,16.070671320579084,-8.028481356765717,15.880465339629795,-18.145517381998417,-0.31332517200972215,-9.186945239913836,-14.731502217833883,9.759832118633016,-15.065291930673649
estimated-subspace-empirical,14,172,4.325,0.195,0.205,0.20564451223894967,0.2056354888425479,0.010635488842547891,0.2100653084497664,0.004429819607218499,0.20392506387165676,0.2067437232962629,0.0010992110573132263,0.07302033447647634,0.07303088926712661,0.04181317765415862,1.0947411946018845e-05,0.42312218342650754,0.5200924445329747,0.9969060403026914,0.8379198589809385,0.9794355487761051,0.0015666225635972857,0.003909934098892165,0.003909934098892165,-1.8711434970058175e-11,-1.8830969068194064e-11,True,2.314033535254423,0.4022679008466731,0.0,1903.1391455376,2.7769124835677133e-17,7.875005153646464,5.412276363253493,6,0,0,80,0.1,0.5,80,10,17.723033439238694,0.1321823180493697,8.623324404065942,16.086493611969317,-8.030441552060145,15.871888665523043,-18.14930365261508,-0.31510436307489526,-9.185536157267219,-14.730322380406214,9.762882147630924,-15.071375473423267
estimated-subspace-empirical,14,173,4.3500000000000005,0.195,0.205,0.2056354888425479,0.20558700938901986,0.010587009389019852,0.21016094184389247,0.004573932454872615,0.20386605831397211,0.20661536274000802,0.0009798738974601262,0.07283197025223914,0.07284210427196354,0.04163687586076706,1.879765230950235e-05,0.42308676335768247,0.5200966309776257,0.9969079681107148,0.8376250452303008,0.9794364511157452,-2.9968470886953245e-05,0.0030273973551133435,0.0030273973551133435,-1.886719143854045e-11,-1.8963516304222016e-11,True,2.308700884602449,0.4014176519599796,0.0,2338.0779267427015,6.938893903907228e-18,8.318411188101114,5.41593789876553,6,0,0,80,0.1,0.5,80,10,17.722128892999343,0.13631609335287417,8.61470297352049,16.069281617216625,-8.030979048609387,15.88098306564748,-18.152254722175375,-0.3143556876018222,-9.180814623349928,-14.723254423128093,9.767395050635804,-15.075440466386661
estimated-subspace-empirical,14,174,4.375,0.195,0.205,0.20558700938901986,0.20558185677415594,0.010581856774155934,0.21004512036953615,0.0044632635953802124,0.2038788644604915,0.20672270441303292,0.0011356950240130614,0.0730837394745513,0.07309404481033001,0.0418392962560603,9.528267223235143e-06,0.4231577745482503,0.5200392987772451,0.9969035136441544,0.8377594192657155,0.979441299061098,0.001547472745597901,0.0039036455410932326,0.0039036455410932326,-1.8431673051510612e-11,-1.8747854598602616e-11,True,2.3143308562117277,0.4025161482983701,0.0,1902.6286696190134,2.7769124835677133e-17,7.875729940948052,5.408599325645686,6,0,0,80,0.1,0.5,80,10,17.726764800575413,0.13069548700977804,8.62381949513295,16.085077945921665,-8.032951631504996,15.872403534087757,-18.155622081885966,-0.3160042158975794,-9.17979411726832,-14.722622488673185,9.770059604468113,-15.080982779849858
estimated-subspace-empirical,14,175,4.4,0.195,0.205,0.20558185677415597,0.20553705632619557,0.01053705632619556,0.21013907632707035,0.004602020000874785,0.20382259484462764,0.20659479522191176,0.0010129384477557957,0.0728904175788256,0.0729003197219269,0.041661549693311,1.7479619414863625e-05,0.4231191195014116,0.5200474045985322,0.9969055275275208,0.8374730488570662,0.9794418143225844,-4.3572782141357535e-05,0.0030212717850658165,0.0030212717850658165,-1.8877171338730957e-11,-1.8877171338730957e-11,True,2.3088290810267984,0.40151843501121315,0.0,2334.773304217595,1.962615573354719e-17,8.312894979244673,5.41233739642528,6,0,0,80,0.1,0.5,80,10,17.725700905621228,0.13479162987670895,8.615261454723036,16.06811637386465,-8.03351800042041,15.881383647132408,-18.158193242339493,-0.3151421612700721,-9.175491340459068,-14.716159109552025,9.774198852736253,-15.084538132679086
estimated-subspace-empirical,14,176,4.425,0.195,0.205,0.20553705632619568,0.20553518549989178,0.01053518549989177,0.21002394094823484,0.004488755448343068,0.20383695130263127,0.20670032651440842,0.001163270188212745,0.0731345055325389,0.07314458465802555,0.04185982649980916,8.173743053510009e-06,0.4231860484079746,0.5199937769099346,0.996901253454744,0.8376105415241215,0.9794462943673804,0.0015277164110193934,0.003895679960389987,0.003895679960389987,-1.863854434763983e-11,-1.863854434763983e-11,True,2.314422420888329,0.40269173192758057,0.0,1902.3880372666301,6.938893903907228e-18,7.876614762727702,5.405187629345793,6,0,0,80,0.1,0.5,80,10,17.730120562504418,0.12921587375808338,8.624306872938861,16.083881516865365,-8.035486296451719,15.87282265232291,-18.161199162096626,-0.3166873933133332,-9.174797161682015,-14.715989556408731,9.776511311238659,-15.089591542837686
estimated-subspace-empirical,14,177,4.45,0.195,0.205,0.2055351854998918,0.2054935679142455,0.010493567914245494,0.21011666459606945,0.004623096681823952,0.20378314737164252,0.20657311817971788,0.0010379326798260757,0.0729370191947055,0.07294671176196384,0.041705240804400905,1.625385652544911e-05,0.42314466674087564,0.520005149152856,0.9969033510639691,0.8373320797476402,0.9794464814500108,-5.6267707480409416e-05,0.0030151417169196415,0.0030151417169196415,-1.862529232263345e-11,-1.8813846013963253e-11,True,2.308794672084079,0.40157919454443575,0.0,2331.887477332631,6.938893903907228e-18,8.308284310186329,5.408999669342079,6,0,0,80,0.1,0.5,80,10,17.72891522861406,0.13328313888334747,8.61580338671772,16.067126392509966,-8.036065329420039,15.881712003507252,-18.163440855259395,-0.3157374377395785,-9.170853160373136,-14.710047887935493,9.78030831233093,-15.092687430963645
estimated-subspace-empirical,14,178,4.4750000000000005,0.195,0.205,0.2054935679142455,0.20549448159681313,0.010494481596813127,0.21000239967156775,0.004507918074754619,0.20379895515773402,0.20667730963175748,0.0011837417175119824,0.07317442124673439,0.0731842963598172,0.041875705521899,6.907686033757187e-06,0.42320811330890434,0.5199546841690196,0.9968992415417045,0.8374727224991818,0.9794506432085754,0.0015077296558426564,0.0038862948658190126,0.0038862948658190126,-1.827622374003203e-11,-1.848248076048619e-11,True,2.314424055350087,0.40280683741018986,0.0,1902.3431760099106,1.3877787807814457e-17,7.877563426470176,5.40202506217271,6,0,0,80,0.1,0.5,80,10,17.73313446351907,0.12775774891801994,8.62478518619195,16.082857507982055,-8.038017088870385,15.873185017128863,-18.166133550067826,-0.31720045505287636,-9.170434217119025,-14.71026935953887,9.782300120428147,-15.09730008190631
estimated-subspace-empirical,14,179,4.5,0.195,0.205,0.20549448159681313,0.2054556261895645,0.010455626189564499,0.2100942271932627,0.004638601003698201,0.2037473689131616,0.20655097266558978,0.0010564910687766438,0.07297344363938979,0.07298294773628669,0.041741042724554804,1.512568336629e-05,0.42316445743767445,0.5199687860282003,0.9969014187614832,0.8372016203158673,0.9794505518403187,-6.796207126741577e-05,0.003008992811614477,0.003008992811614477,-1.902020001522602e-11,-1.902020001522602e-11,True,2.3086194873426313,0.401605081424337,0.0,2329.3290978808227,6.938893903907228e-18,8.304363058223407,5.405907109995421,6,0,0,80,0.1,0.5,80,10,17.731804735150604,0.13180333875383501,8.616328913563013,16.066273416322886,-8.038596778892042,15.88200088507764,-18.168088343176667,-0.3161822391401863,-9.16679962209656,-14.704780029465388,9.78578442815575,-15.099982540637717
estimated-subspace-empirical,14,180,4.525,0.195,0.205,0.2054556261895645,0.2054589034989685,0.010458903498968497,0.20998095092887142,0.00452204742990292,0.2037645229899653,0.20665418212581396,0.0011985559362494569,0.07320500245053552,0.07321469436096617,0.041887647705528455,5.74325288498306e-06,0.4232249454197819,0.5199210381972785,0.9968974584152742,0.8373453513679405,0.9794544373810435,0.0014877712446890352,0.003875700277020093,0.003875700277020093,-1.8836204958553356e-11,-1.8920779583465508e-11,True,2.3144499791015045,0.4028714914455054,0.0,1902.4335196579743,1.3877787807814457e-17,7.878501934069405,5.399094021307855,6,0,0,80,0.1,0.5,80,10,17.735839057960405,0.1263326461044084,8.625253539915427,16.081969382179558,-8.040523201418832,15.873518897785228,-18.17050850424409,-0.3175791910567487,-9.166613900280202,-14.705332940650745,9.78748495859004,-15.104198480181491
estimated-subspace-empirical,14,181,4.55,0.195,0.205,0.2054589034989685,0.20542245268115744,0.010422452681157435,0.21007213216423062,0.0046496794830731825,0.2037149278209833,0.20652882635749745,0.0010699228585289433,0.07300110310131958,0.07301043838815206,0.041769613183260376,1.4095772948990857e-05,0.4231794106455238,0.5199374254409577,0.9968997099884729,0.8370810600335914,0.9794541096501032,-7.862669517239324e-05,0.003002804780785751,0.003002804780785751,-1.8695467482410846e-11,-1.8947337298747856e-11,True,2.308322089133476,0.4016004191180025,0.0,2327.022959287507,1.5540063044689707e-17,8.300957472260151,5.403041039808965,6,0,0,80,0.1,0.5,80,10,17.73440098030456,0.13036242867980846,8.616838449305607,16.06552796495128,-8.041094810335087,15.882273799320137,-18.17221253953521,-0.3165077919875742,-9.163247939871749,-14.700237757479018,9.790684158529901,-15.106509534747982
estimated-subspace-empirical,14,182,4.575,0.195,0.205,0.20542245268115744,0.2054277365337317,0.01042773653373169,0.20995991281134838,0.0045321762776166785,0.20373332095811583,0.20663132223663752,0.00120886955548008,0.07322752921579609,0.07323705717636421,0.04189620757776773,4.6859429399436975e-06,0.4232373914993016,0.5198920258608534,0.9968958842182675,0.8372277497395673,0.9794577547318842,0.001468015842551143,0.003864070860371945,0.003864070860371945,-1.851088310441348e-11,-1.8811208442627874e-11,True,2.3143968706835008,0.40289390622213483,0.0,1902.6109428056131,1.962615573354719e-17,7.879376140329215,5.396376068684225,6,0,0,80,0.1,0.5,80,10,17.738265343933325,0.12494975401790583,8.625711450788671,16.081188857830494,-8.042989761990603,15.873844422410311,-18.17439470653921,-0.3178509923853572,-9.163260769233673,-14.70107225752009,9.792120658041128,-15.110368871881347
estimated-subspace-empirical,14,183,4.6000000000000005,0.195,0.205,0.2054277365337317,0.20539338560271578,0.010393385602715771,0.2100506302453258,0.004657244642610026,0.20368551066918963,0.20650701161701726,0.0010792750832855635,0.0730211892645055,0.07303037384705584,0.04179190324809706,1.316159747000974e-05,0.4231903186666924,0.5199103287228195,0.9968982042438196,0.836969732566756,0.9794572263466268,-8.82727560851073e-05,0.002996557935360868,0.002996557935360868,-1.886568758435737e-11,-1.886568758435737e-11,True,2.3079181764349945,0.4015688789193796,0.0,2324.9087598529595,1.5540063044689707e-17,8.297931061810354,5.40038230577505,6,0,0,80,0.1,0.5,80,10,17.736733868144263,0.12896845582700128,8.617332621552677,16.0648674767831,-8.043547075202843,15.88254727051741,-18.175878849839588,-0.31673794114831494,-9.160129606441892,-14.69632225300941,9.795060328460476,-15.112346722566947
estimated-subspace-empirical,14,184,4.625,0.195,0.205,0.20539338560271583,0.20540037239384434,0.010400372393844337,0.2099394990978012,0.0045391267039568695,0.20370503653582314,0.2066089922920579,0.0012156066893420636,0.07324308069996353,0.07325246235218526,0.04190182343777907,3.7359235196329377e-06,0.4232461780154965,0.5198669701022882,0.9968944994150991,0.8371192051414316,0.9794606614397284,0.0014485801328437706,0.003851555840333397,0.003851555840333397,-1.8860636302525446e-11,-1.8931404233537733e-11,True,2.314200963321648,0.4028807918611513,0.0,1902.8384041035654,2.787728152484798e-17,7.880148966758957,5.393852519221463,6,0,0,80,0.1,0.5,80,10,17.74044248006298,0.12361625381302868,8.626158779405621,16.08049417493051,-8.045406466896672,15.874175572215691,-18.17785250698238,-0.3180367423987035,-9.160312236334185,-14.697396508331636,9.796257925752052,-15.115885837772941
estimated-subspace-empirical,14,185,4.65,0.195,0.205,0.20540037239384434,0.2053678610745301,0.010367861074530083,0.21002988337934517,0.004662022304815078,0.20365882430345608,0.20648575671004962,0.001085384316205279,0.07303470632139505,0.07304375673408094,0.04180873979866514,1.2318534059573628e-05,0.4231978581497902,0.5198868792904481,0.9968968817280023,0.8368669464412741,0.9794599627606155,-9.693770473012752e-05,0.0029902356381391196,0.0029902356381391196,-1.899528645047438e-11,-1.899528645047438e-11,True,2.3074209435903663,0.40151359530634456,0.0,2322.939127395709,2.6020852139652106e-18,8.295178605250799,5.397911841728052,6,0,0,80,0.1,0.5,80,10,17.738831401135457,0.12762762709894465,8.617812219680498,16.064274783698146,-8.045945203554455,15.8828325720609,-18.179143260853213,-0.31689083689125347,-9.157387618750047,-14.69295030750727,9.79896165426655,-15.117565084367483
estimated-subspace-empirical,14,186,4.675,0.195,0.205,0.20536786107453017,0.20537629214887912,0.010376292148879113,0.20991984497162205,0.004543552822742936,0.20367937977796124,0.2065873663436541,0.0012195052691239272,0.07325256627006009,0.07326181766406255,0.04190484772167638,2.8897785625500164e-06,0.4232519232403298,0.5198453042378922,0.9968932852754601,0.837018997541303,0.979463213892547,0.001429539093063148,0.003838283867748207,0.003838283867748207,-1.811498636090248e-11,-1.854098019755423e-11,True,2.3138664075280815,0.4028376244798591,0.0,1903.0880650317401,2.7769124835677133e-17,7.880797008492227,5.391504955199303,6,0,0,80,0.1,0.5,80,10,17.742397599412186,0.12233761114027995,8.626595661782614,16.07986866943653,-8.047766500601172,15.874521716593419,-18.18093371023684,-0.3181523224425179,-9.157716067337812,-14.694229080750308,9.799943417859284,-15.120816868316389
estimated-subspace-empirical,14,187,4.7,0.195,0.205,0.20537629214887912,0.20534539760736376,0.010345397607363749,0.21000998736638082,0.004664589759017068,0.20363459698045247,0.2064652108849519,0.0010889187360727803,0.07304250049842043,0.073051431746472,0.04182083660420639,1.1560693460665965e-05,0.42320260299115303,0.5198665599010507,0.9968957237195081,0.8367720088089128,0.9794623707851121,-0.00010467424362717606,0.0029838258090278923,0.0029838258090278923,-1.894337097533758e-11,-1.894337097533758e-11,True,2.306841436185827,0.40143726360506504,0.0,2321.077538067704,8.673617379884035e-19,8.292620493056551,5.395611129756645,6,0,0,80,0.1,0.5,80,10,17.74071953578364,0.1263445809919756,8.618278141404799,16.063736872670944,-8.048283849810051,15.883137056799155,-18.182053944615106,-0.3169802632304859,-9.15497424202429,-14.690051557364857,9.8024328598442,-15.122228755410713
estimated-subspace-empirical,14,188,4.7250000000000005,0.195,0.205,0.20534539760736378,0.20535505222497574,0.010355052224975736,0.2099010273760871,0.004545975151111353,0.20365608379715208,0.20656655213754277,0.0012211545301789861,0.0732567528184989,0.07326588847914452,0.04190556848110559,2.3890465690196988e-06,0.4232551502423342,0.5198265517454481,0.9968922241806931,0.8369264193005115,0.9794654602392636,0.001410939223655664,0.0038243674442170763,0.0038243674442170763,-1.873396717680436e-11,-1.873396717680436e-11,True,2.3134093148270707,0.40276887441416104,0.0,1903.3396157199168,7.152448122690996e-18,7.881307584720324,5.3893156379539935,6,0,0,80,0.1,0.5,80,10,17.744155712551358,0.12111783107805196,8.627022439908984,16.07929961456499,-8.050065688070886,15.87488879050498,-18.183683007515576,-0.31820978783873044,-9.155428374263051,-14.691505039088117,9.803219883463234,-15.125222865163442
estimated-subspace-empirical,14,189,4.75,0.195,0.205,0.20535505222497571,0.2053255832669092,0.010325583266909188,0.20999098957872994,0.004665406311820747,0.2036125787906217,0.20644546427474708,0.0010904120497713665,0.0730452855545195,0.07305411119208552,0.04182880687440048,1.0881524265873181e-05,0.42320503746029353,0.5198489347602921,0.9968947127972423,0.8366842431609892,0.9794644947775024,-0.0001115433025514968,0.0029773209347344447,0.0029773209347344447,-1.9000648684211205e-11,-1.9000648684211205e-11,True,2.306188860283414,0.40134220739685655,0.0,2319.2962494791873,2.0978681678024108e-17,8.290197484434197,5.393462547823489,6,0,0,80,0.1,0.5,80,10,17.742422114667022,0.12512262244667338,8.61873134826518,16.06324390706238,-8.05055994684011,15.883465172367467,-18.184652547019937,-0.31701667640009284,-9.152849223303358,-14.687566217784152,9.805514848487562,-15.126395537620366
estimated-subspace-empirical,14,190,4.775,0.195,0.205,0.20532558326690925,0.20533627273931684,0.010336272739316837,0.2098830808485427,0.004546808109225864,0.20363490460666442,0.20654660835199545,0.0012210250850862026,0.0732562880612031,0.07326532108120987,0.041904224631360766,2.307867406790679e-06,0.4232562995880089,0.5198103102710813,0.9968912998004988,0.8368407894354897,0.9794674416733091,0.0013928062155068293,0.00380990500550786,0.00380990500550786,-1.8146378473662957e-11,-1.8936449842184014e-11,True,2.3128457518797703,0.40267819506210395,0.0,1903.5786793482532,1.5612511283791264e-17,7.881676021456609,5.387267804057318,6,0,0,80,0.1,0.5,80,10,17.745739684844438,0.11995968000878626,8.627439601747222,16.07877730383545,-8.05230183340599,15.87528019536679,-18.18613912776737,-0.3182182894448156,-9.15341201733936,-14.689169073941812,9.806126360441022,-15.129158655586869
estimated-subspace-empirical,14,191,4.800000000000001,0.195,0.205,0.2053362727393169,0.2053080649814896,0.01030806498148959,0.2099729026257365,0.004664837644246911,0.20359254144059805,0.20642656344235175,0.0010902907030348463,0.0730436647558749,0.07305239698415644,0.04183317604495989,1.0274243251559177e-05,0.42320556864341763,0.5198336352196302,0.996893832948962,0.8366030017139976,0.9794663727260683,-0.00011760918393207034,0.002970717633135425,0.002970717633135425,-1.9072296418985985e-11,-1.9072296418985985e-11,True,2.3054708807891044,0.40123043764110605,0.0,2317.5744923752604,2.5078606370050884e-17,8.28786628020864,5.391449605930689,6,0,0,80,0.1,0.5,80,10,17.743960870848838,0.12396392854655158,8.619172826510605,16.06278845855236,-8.052772125226538,15.883819236943738,-18.186975227187208,-0.31700801360274034,-9.150978372568398,-14.68544323715702,9.808244917188585,-15.1301174134192
estimated-subspace-empirical,14,192,4.825,0.195,0.205,0.20530806498148957,0.20531962779673665,0.010319627796736647,0.20986600968221092,0.0045463818854742655,0.20361562044723805,0.20652755796061661,0.001219492979127046,0.07325172051085632,0.07326066265779495,0.04190101710811606,2.2462471847965534e-06,0.42325574112357844,0.5197962387848457,0.996890497167795,0.8367614631656959,0.979469193501851,0.0013751516800626627,0.0037949832280604803,0.0037949832280604803,-1.8811319759729924e-11,-1.8811319759729924e-11,True,2.3121896726976487,0.402568580608956,0.0,1903.7954768915495,2.5018537765542006e-17,7.881903442069253,5.385345858528034,6,0,0,80,0.1,0.5,80,10,17.747170273245683,0.11886488047570372,8.627847729188735,16.07829433148066,-8.054474206461249,15.87569748641157,-18.188335770240133,-0.31818478282512386,-9.1516353377904,-14.687173835071214,9.808698400264092,-15.132673502939683
estimated-subspace-empirical,14,193,4.8500000000000005,0.195,0.205,0.20531962779673665,0.20529253962903002,0.010292539629030012,0.20995571479238223,0.004663175163352212,0.20357427757611754,0.20640852339403748,0.0010888955973008263,0.07303814943656411,0.0730467992113419,0.041834393843417764,9.73213113643444e-06,0.4232045377620626,0.5198203483061803,0.996893069596416,0.8365276735268832,0.9794680372203264,-0.00012293655857650412,0.0029640157472620127,0.0029640157472620127,-1.8979100698509188e-11,-1.9090465945973683e-11,True,2.304693888335136,0.4011037011104,0.0,2315.896978017982,1.3877787807814457e-17,8.285595919234211,5.389557088945631,6,0,0,80,0.1,0.5,80,10,17.74535548246883,0.12286972795377686,8.619603555837854,16.062364911118355,-8.054920263470382,15.884200029035709,-18.189053501081613,-0.31696031673540354,-9.149332437175099,-14.683638797694528,9.810656989519654,-15.133441050987058
estimated-subspace-empirical,14,194,4.875,0.195,0.205,0.20529253962903005,0.20530483737059813,0.010304837370598119,0.20984979719157315,0.004544959820975025,0.20359803076921132,0.20650939850909522,0.0012168588800651747,0.0732435161857822,0.07325237801415611,0.041896117050562745,2.2023723704644034e-06,0.423253784554219,0.5197840472415352,0.9968898026852311,0.8366878377879055,0.979470746037097,0.0013579773618798646,0.0037796786252567746,0.0037796786252567746,-1.8169971719453492e-11,-1.865184743131699e-11,True,2.3114527658175943,0.4024424933569459,0.0,1903.9837237011193,3.737715246063124e-17,7.881995000895197,5.383535483608361,6,0,0,80,0.1,0.5,80,10,17.74846620520023,0.1178342800326161,8.62824745572412,16.07784503105406,-8.056583146376472,15.876140894341754,-18.190302363617437,-0.3181145778408158,-9.150071153881699,-14.68547857854758,9.810968307852768,-15.135811601885395
estimated-subspace-empirical,14,195,4.9,0.195,0.205,0.20530483737059804,0.20527874658686085,0.010278746586860843,0.20993939785143345,0.004660651264572602,0.2035575997817979,0.2063913367993379,0.0010864994287398677,0.07302917464273175,0.07303775178399333,0.04183284528410372,9.25084446203864e-06,0.42320223022172054,0.5198088074321492,0.9968924095662879,0.8364576893258542,0.9794695162629402,-0.00012758777991684435,0.0029572182336615326,0.0029572182336615326,-1.897259800112903e-11,-1.897259800112903e-11,True,2.3038632394010046,0.40096351694354104,0.0,2314.252566981729,1.97026712507607e-17,8.283364698010313,5.387771120491997,6,0,0,80,0.1,0.5,80,10,17.746623663078083,0.12184045708480659,8.620024486809807,16.06196900743225,-8.057005142267345,15.884607233755426,-18.190914932653342,-0.3168782073265447,-9.147886213142677,-14.682115102038388,9.81278186205103,-15.13640828748819
estimated-subspace-empirical,14,196,4.925000000000001,0.195,0.205,0.2052787465868608,0.20529166050288322,0.010291660502883215,0.20983441262151484,0.0045427521186316155,0.2035819549580209,0.20649210986713165,0.0012133632802708572,0.07323207268016875,0.07324086364290067,0.04188967191732117,2.2057554136108883e-06,0.4232506887087421,0.5197734881964098,0.9968892040851518,0.8366193556219345,0.9794721253413139,0.001341278144743961,0.0037640584461798273,0.0037640584461798273,-1.8696696033760963e-11,-1.909839245962057e-11,True,2.3106447168089788,0.4023019685512387,0.0,1904.13972246716,1.5515838457795457e-17,7.881958463947029,5.381823676196108,6,0,0,80,0.1,0.5,80,10,17.7496442871387,0.11686799967481601,8.628639434383338,16.077425049051453,-8.058629757437085,15.876609720594045,-18.192064689744484,-0.3180117535020732,-9.148695967622592,-14.684048072178808,9.81296538614732,-15.138612549210873
estimated-subspace-empirical,14,197,4.95,0.195,0.205,0.20529166050288317,0.20526646145396038,0.010266461453960374,0.20992391293417384,0.004657451480213459,0.2035423393484065,0.20637498092672754,0.001083320423844375,0.07301711212331671,0.07302562542254107,0.041828860383747286,8.838750266805486e-06,0.4231988843209661,0.5197987848399742,0.9968918410236741,0.8363925236914447,0.9794708339497117,-0.00013162224661046064,0.0029503299058129314,0.0029503299058129314,-1.8967936789142316e-11,-1.8967936789142316e-11,True,2.3029834597004677,0.40081121396417557,0.0,2312.633328416868,2.5033568429418485e-17,8.281157937839255,5.386079170089763,6,0,0,80,0.1,0.5,80,10,17.74778127828112,0.12087589709779183,8.620436522408356,16.061597499261374,-8.059028179477167,15.885039780772294,-18.192583701278767,-0.3167652522901335,-9.1466178393062,-14.680839387964154,9.814647446041299,-15.139056587025765
estimated-subspace-empirical,14,198,4.9750000000000005,0.195,0.205,0.20526646145396038,0.2052798895706767,0.010279889570676687,0.20981981631539237,0.004539926744715678,0.20356723093179496,0.20647566010969476,0.0012091986557343781,0.0732177308022675,0.07322645935788119,0.041881810159909515,2.5720381812855886e-06,0.4232466695668742,0.5197643499312428,0.9968886903592711,0.8365555049237826,0.979473353854604,0.0013250443673823932,0.0037481820247703508,0.0037481820247703508,-3.373245516703423e-18,-1.865745131209628e-11,True,2.3097735398424843,0.40214869810364934,0.0,1904.261659641962,6.938893903907228e-18,7.88180316060985,5.380198737020445,6,0,0,80,0.1,0.5,80,10,17.750719530980362,0.11596556159630887,8.629024312005251,16.077031013604053,-8.060615676929807,15.877102634742705,-18.193645397914555,-0.3178794791576896,-9.147489333753692,-14.682851708120054,9.814716177029899,-15.141111786231834
estimated-subspace-empirical,14,199,5.0,0.195,0.205,0.20527988957067675,0.2052554907732651,0.010255490773265097,0.20990921480408978,0.004653724030824674,0.20352834493060726,0.20635942288601816,0.0010795333153414133,0.07300228119368615,0.0730107385159339,0.04182272262881545,8.47153938180683e-06,0.42319469875864857,0.5197900853989404,0.996891353385828,0.8363316954736302,0.9794720110429324,-0.0001350952609389613,0.0029433574379218027,0.0029433574379218027,-1.8964524291314144e-11,-1.8964524291314144e-11,True,2.3020584142830067,0.40064795703034484,0.0,2311.0337051541633,1.5540063044689707e-17,8.278966086295982,5.384470016577135,6,0,0,80,0.1,0.5,80,10,17.74884247424966,0.11997529126365107,8.620840507523356,16.0612478852498,-8.06099122843216,15.88549609691258,-18.19408107260679,-0.31662423995936223,-9.145508237157841,-14.67978313129027,9.816279009032568,-15.141419467227951
estimated-subspace-empirical,14,200,5.025,0.195,0.205,0.20525549077326513,0.20526934545102601,0.010269345451026007,0.20980596347819228,0.0045366180271662615,0.2035537136634593,0.20646000984703983,0.0012045190737746958,0.07320078434899693,0.07320945806249306,0.04187264483133726,2.8953156008764876e-06,0.42324190710975745,0.5197564508199077,0.9968882516719598,0.8364958192289094,0.9794744509226735,0.0013092631919635624,0.0037321013598051395,0.0037321013598051395,-3.4499101875375914e-18,-1.8744305331001678e-11,True,2.308845885424746,0.4019840992222328,0.0,1904.3491021592263,6.938893903907228e-18,7.8815392403965285,5.378650223340193,6,0,0,80,0.1,0.5,80,10,17.75170528990374,0.11512600090471913,8.629402712545922,16.07666028626332,-8.062542898610001,15.877617896506116,-18.195064434014796,-0.317720253616879,-9.146433359317703,-14.681862777511837,9.816244696942189,-15.143341009752845
estimated-subspace-empirical,14,201,5.050000000000001,0.195,0.205,0.20526934545102604,0.2052456675538512,0.010245667553851201,0.20989525498909498,0.004649587435243768,0.20351548114361218,0.20634462349144134,0.001075278040415295,0.07298495774579185,0.07299336612492792,0.041814676288538355,8.144111676418046e-06,0.42318983901816587,0.5197825414983844,0.996890937223205,0.836274766847761,0.9794730654548974,-0.0001380581986087766,0.0029363081834363706,0.0029363081834363706,-1.8961870160409865e-11,-1.8961870160409865e-11,True,2.3010914405186567,0.40047477247607866,0.0,2309.449907173802,1.9645312551903404e-17,8.276783326509522,5.382933683909526,6,0,0,80,0.1,0.5,80,10,17.749819816029596,0.11913744876280676,8.62123722176803,16.060918213995766,-8.062896425807976,15.885974294426253,-18.19542579239431,-0.3164573894656599,-9.144540663305797,-14.678921390153294,9.81769940200357,-15.143526894513242
estimated-subspace-empirical,14,202,5.075,0.195,0.205,0.2052456675538512,0.2052598734315032,0.010259873431503197,0.2097928068936651,0.004532933462161909,0.20354127370201539,0.2064451154381758,0.001199447884324606,0.07318148806997189,0.07319011370610772,0.04186227638659003,3.1803377179233356e-06,0.4232365511518056,0.5197496346544347,0.996887879264836,0.8364398756918419,0.9794754332446148,0.001293920352696039,0.003715862458172047,0.003715862458172047,-1.0119736550110269e-17,-1.892558906492562e-11,True,2.3078673060233132,0.4018093685583594,0.0,1904.402551714313,6.992893892674703e-18,7.881177085262486,5.377168877397017,6,0,0,80,0.1,0.5,80,10,17.75261339960538,0.11434796129523277,8.62977522419696,16.07631077464428,-8.064413640783293,15.878153520626588,-18.196339400301778,-0.317536086374266,-9.145512299876703,-14.681057880132327,9.817572657683307,-15.145328550601013
estimated-subspace-empirical,14,203,5.1000000000000005,0.195,0.205,0.2052598734315033,0.2052368475014601,0.010236847501460089,0.2098819839748908,0.0046451364734307055,0.2035036271651548,0.20633054009289725,0.0010706666613939653,0.07296538157277611,0.07297374729915226,0.04180493253427044,7.851900196516662e-06,0.4231844427609876,0.5197760088285945,0.9968905841583211,0.8362213414730906,0.9794740126568496,-0.0001405579260081418,0.002929190371008689,0.002929190371008689,-1.8959579113386656e-11,-1.9019479520649516e-11,True,2.3000854496516987,0.4002925678610287,0.0,2307.879426713581,2.7809732887839817e-17,8.274606487105883,5.381461357622139,6,0,0,80,0.1,0.5,80,10,17.750724424693463,0.11836083182709142,8.621627376833144,16.06060693780393,-8.064746077643303,15.88647231004648,-18.196634418192332,-0.3162665041547632,-9.143700349446384,-14.678232273097978,9.818929275584058,-15.145405646647646
estimated-subspace-empirical,14,204,5.125,0.195,0.205,0.20523684750146007,0.20525133973698365,0.010251339736983639,0.2097802988451947,0.00452895910821105,0.20352979573028865,0.20643093128224577,0.0011940837807856985,0.07316006422799722,0.07316864783666506,0.041850871468923405,3.431409521499721e-06,0.42323072623792385,0.5197437668020274,0.9968875653600714,0.8363872927123359,0.979476315249854,0.0012790003480793015,0.0036995055859422536,0.0036995055859422536,-8.279784450090219e-18,-1.9068833015816382e-11,True,2.306842475086462,0.4016255252829483,0.0,1904.4231495055596,6.938893903907228e-18,7.880726927319654,5.3757465403630835,6,0,0,80,0.1,0.5,80,10,17.75345431473673,0.11362977714476535,8.630142393081947,16.075980791717555,-8.066230247055122,15.87870739792974,-18.197485858977647,-0.317328632247912,-9.144712237122544,-14.680416440530626,9.818719675351817,-15.147099720276207
estimated-subspace-empirical,14,205,5.15,0.195,0.205,0.20525133973698365,0.20522890579730016,0.010228905797300153,0.20986935275135885,0.004640446954058686,0.203492675374034,0.20631712861485335,0.0010657888778697056,0.0729437624688272,0.07295209116904558,0.04179367467257416,7.590835386204081e-06,0.4231786243700201,0.5197703628672531,0.9968902867650521,0.8361710620871674,0.9794748660263016,-0.00014263711355919792,0.002922012530756197,0.002922012530756197,-1.8957298492758683e-11,-1.8975949933867243e-11,True,2.2990430061414706,0.4001021503749589,0.0,2306.3206791079006,7.152448122690996e-18,8.272434237277258,5.380045291479579,6,0,0,80,0.1,0.5,80,10,17.75156611212508,0.11764363180905704,8.62201161641047,16.060312803107262,-8.066542574398415,15.886988006664449,-18.197721599620724,-0.31605308794100556,-9.142974212491259,-14.67769650024888,9.819987281650539,-15.147079643520357
estimated-subspace-empirical,14,206,5.175000000000001,0.195,0.205,0.20522890579730013,0.20524362857683126,0.010243628576831254,0.20976839243858267,0.0045247638617514074,0.20351917718511273,0.2064174114666679,0.001188505669367762,0.07313670802594413,0.07314525501951788,0.041838788690763636,3.652404952223076e-06,0.42322453577532854,0.519738730973771,0.9968873030650238,0.8363377271852963,0.97947710942027,0.0012644872872295911,0.0036830660798348354,0.0036830660798348354,-7.05314971674352e-18,-1.8824216137328306e-11,True,2.3057753680177475,0.4014334463084894,0.0,1904.412448487218,1.5540063044689707e-17,7.880198586756647,5.374376058899491,6,0,0,80,0.1,0.5,80,10,17.754237243162226,0.11296954458166777,8.630504719094537,16.07566895138749,-8.067995113370056,15.879277382997357,-18.198517590750008,-0.31709929043364754,-9.144020815806044,-14.67992030788187,9.819703464692028,-15.148677125951796
estimated-subspace-empirical,14,207,5.2,0.195,0.205,0.2052436285768313,0.20522173435730007,0.01022173435730006,0.2098573138633081,0.004635579506008042,0.2034825300526816,0.20630434499468767,0.0010607164178563777,0.07292028518963553,0.07292858189873491,0.04178106249929281,7.357305062351139e-06,0.423172478758561,0.5197654959452171,0.9968900384721111,0.8361236077677165,0.9794756371423169,-0.00014433458284763938,0.002914783222284873,0.002914783222284873,-1.8954757518908554e-11,-1.8958338985671244e-11,True,2.297966388779068,0.39990424222637894,0.0,2304.772761507822,7.152448122690996e-18,8.270266533027913,5.3786787111572325,6,0,0,80,0.1,0.5,80,10,17.752353509803157,0.11698383469785449,8.622390517285227,16.060034769899566,-8.06828832898524,15.887519246341745,-18.198700317285724,-0.31581843170246904,-9.142350617036396,-14.67729703900453,9.820890260796368,-15.14857024722689
estimated-subspace-empirical,14,208,5.2250000000000005,0.195,0.205,0.20522173435730007,0.2052366396235352,0.010236639623535188,0.20975704250514668,0.004520402881611485,0.20350932696471336,0.20640451091838571,0.0011827765610856467,0.07311159205735197,0.07312010728042453,0.041825424205041775,3.846790722074217e-06,0.4232180655022071,0.5197344265217279,0.9968870862814253,0.836290871571346,0.97947782656427,0.0012503652619802108,0.0036665748171314486,0.0036665748171314486,-1.1653029966793642e-17,-1.8676958944248718e-11,True,2.304669411177594,0.40123389370901547,0.0,1904.372242722576,1.3877787807814457e-17,7.87960130440055,5.373051190665549,6,0,0,80,0.1,0.5,80,10,17.754970271210425,0.11236518185574067,8.630862654211453,16.075374089828134,-8.06971063506551,15.879861356743575,-18.19944681517439,-0.31684927899532195,-9.143427028829763,-14.679553423777746,9.820540017019221,-15.150080956628171
estimated-subspace-empirical,14,209,5.25,0.195,0.205,0.2052366396235352,0.2052152395030354,0.010215239503035406,0.20984582206244118,0.004630582559405766,0.2034731061772963,0.20629214619516703,0.0010555065716318368,0.0728951135088461,0.07290338273509502,0.04176723592736512,7.148113109372748e-06,0.4231660845749011,0.5197613147836708,0.9968898334727951,0.8360786910856288,0.9794763360376465,-0.00014568516202962878,0.0029075110868193033,0.0029075110868193033,-1.8951761463572354e-11,-1.9033072933435123e-11,True,2.296857639947709,0.3996994910233904,0.0,2303.23519570033,1.3904866443919908e-17,8.268104088629569,5.377355716204458,6,0,0,80,0.1,0.5,80,10,17.753094189935968,0.1163792757716129,8.622764593751963,16.05977195500004,-8.069985731864588,15.888063941493794,-18.19958208844013,-0.31556367304948024,-9.141819181742267,-14.677018802567657,9.821653412933383,-15.149896534014657
estimated-subspace-empirical,14,210,5.275,0.195,0.205,0.20521523950303547,0.2052302858696911,0.010230285869691103,0.20974620613365,0.004515920263958889,0.20350016422323977,0.20639218615182997,0.0011769466487945024,0.07308486986407513,0.07309335765589951,0.04181090916792579,4.017656026593967e-06,0.4232113863771994,0.5197307661852638,0.9968869096214019,0.836246450858665,0.9794784760496964,0.001236618627273461,0.00365005896613749,0.00365005896613749,-1.8437863455354123e-11,-1.845356713986911e-11,True,2.3035275984656383,0.40102753598454643,0.0,1904.3044448181888,3.470530984772429e-17,7.878943651530801,5.3717665096051865,6,0,0,80,0.1,0.5,80,10,17.75566048188351,0.11181447921432573,8.631216604191076,16.07509520990378,-8.071379168619725,15.880457269643804,-18.200284381050196,-0.31657968599163255,-9.142921040606497,-14.679301546076148,9.821243766306292,-15.15132924035998
estimated-subspace-empirical,14,211,5.300000000000001,0.195,0.205,0.2052302858696911,0.20520933994831975,0.01020933994831974,0.2098348347270681,0.004625494778748351,0.20346432828459113,0.20628049083619707,0.0010502049665059576,0.07286839357546591,0.07287663935837833,0.04175231806314792,6.960436741883625e-06,0.42315950685787207,0.5197577384283303,0.9968896666411242,0.8360360551723451,0.9794769714130309,-0.00014672091063665742,0.0029002040755583113,0.0029002040755583113,-1.8948108545336448e-11,-1.908210397699646e-11,True,2.2957186114689407,0.39948848360442535,0.0,2301.707842115381,1.9645312551903404e-17,8.2659481483045,5.376071187394764,6,0,0,80,0.1,0.5,80,10,17.753794779508755,0.11582768550514734,8.623134300562816,16.059523586870206,-8.071637119363324,15.888620090435419,-18.200377142652986,-0.3152898456729396,-9.141370617619033,-14.676848395760175,9.822290456519193,-15.151075538502448
estimated-subspace-empirical,14,212,5.325,0.195,0.205,0.2052093399483197,0.20522449177278834,0.010224491772788336,0.20973584303168327,0.00451135125889493,0.20349161726398904,0.2063803957753913,0.0011710558270716098,0.07305667902817516,0.073065143278459,0.0417953592836711,4.167743397631744e-06,0.42320455701455817,0.5197276741467043,0.9968867683282823,0.8362042196402879,0.979479066005168,0.001223232196199287,0.0036335421743840177,0.0036335421743840177,-1.818755200178116e-11,-1.878601673845045e-11,True,2.302352589521735,0.4008149664386852,0.0,1904.2110276845337,6.938893903907228e-18,7.8782335054940775,5.370517317679061,6,0,0,80,0.1,0.5,80,10,17.756314063131043,0.11131514377300274,8.631566929362004,16.074831437124345,-8.07300300525911,15.881063170622797,-18.201039930077997,-0.31629151098817476,-9.142494038810277,-14.679152014620643,9.821827738915246,-15.152438076501676
estimated-subspace-empirical,14,213,5.3500000000000005,0.195,0.205,0.2052244917727883,0.2052039651090767,0.010203965109076701,0.2098243120589959,0.004620346949919196,0.20345612944515665,0.20626933964755845,0.0010448478747701606,0.07284025664977098,0.0728484826117797,0.041736417721745266,6.791787885643521e-06,0.423152799294218,0.519754696481479,0.9968895334551089,0.8359954709462372,0.9794775508227211,-0.00014747007338104643,0.00289287029283555,0.00289287029283555,-1.8944590863579892e-11,-1.9108192044505276e-11,True,2.294551010580952,0.39927175263386233,0.0,2300.1907511156214,2.5018537765542006e-17,8.263800207186081,5.3748206986302405,6,0,0,80,0.1,0.5,80,10,17.754461062218887,0.11532673094567918,8.62350003771997,16.059288976458774,-8.073244751938923,15.889185799741714,-18.20109457638725,-0.31499790595575644,-9.140996593139494,-14.676773901071062,9.822813771605032,-15.152122473606482
estimated-subspace-empirical,14,214,5.375,0.195,0.205,0.2052039651090767,0.20521919169321598,0.010219191693215973,0.20972591565252455,0.004506723959308567,0.20348362254166577,0.2063691007725209,0.0011651356634442,0.07302714348649296,0.07303558768506276,0.041779304721224216,4.299482925945164e-06,0.4231976257105675,0.5197250844504568,0.9968866582065807,0.836163959277847,0.9794796034890924,0.0012101912060202692,0.0036170450693596397,0.0036170450693596397,-1.8914412122564705e-11,-1.8914412122564705e-11,True,2.3011467853674765,0.4005967158245467,0.0,1904.0939198907668,6.938893903907228e-18,7.877478005185357,5.369299560133491,6,0,0,80,0.1,0.5,80,10,17.756936408889118,0.11086483383220758,8.631913947458838,16.074581989810895,-8.07458435307972,15.881677225516114,-18.201722039668127,-0.3159856886167664,-9.14213811087074,-14.679093554778289,9.822303690865022,-15.153421843769113
estimated-subspace-empirical,14,215,5.4,0.195,0.205,0.20521919169321598,0.2051990536191592,0.010199053619159182,0.20981421714547352,0.004615163526314331,0.20344845032045752,0.2062586556769617,0.0010394639837457142,0.07281082130785402,0.0728190307003416,0.04171963153501451,6.639975762742962e-06,0.42314600606870506,0.5197521276350009,0.9968894299285301,0.8359567343859895,0.9794780808306784,-0.0001479586305071544,0.002885517096181122,0.002885517096181122,-1.8940050168455727e-11,-1.9113815551440305e-11,True,2.293356428604825,0.3990497826968841,0.0,2298.684080293523,6.992893892674703e-18,8.261661831341252,5.373600433929935,6,0,0,80,0.1,0.5,80,10,17.75509807425748,0.11487404575869825,8.62386215686464,16.05906749741008,-8.074810799857179,15.889759297900616,-18.201742484538208,-0.31468876015128133,-9.140689621190859,-14.676784697666521,9.82323453092274,-15.153050927766753
estimated-subspace-empirical,14,216,5.425000000000001,0.195,0.205,0.20519905361915916,0.2052143285261422,0.01021432852614218,0.209716389232958,0.0045020607068158025,0.2034761237361302,0.2063582646300639,0.0011592110109047427,0.07299637560390204,0.07300480288480439,0.041762632420998785,4.415021101794179e-06,0.423190632134311,0.5197229395940548,0.9968865755570342,0.8361254751944094,0.979480094638084,0.0011974814366905923,0.0036005855602719754,0.0036005855602719754,-1.891762360562595e-11,-1.891762360562595e-11,True,2.2999123868976135,0.4003732638002299,0.0,1903.9549879154608,1.5612511283791264e-17,7.876683579127084,5.3681097473295605,6,0,0,80,0.1,0.5,80,10,17.757532208213046,0.11046118865621488,8.632257938400821,16.0743461593529,-8.076125325623893,15.882297727213912,-18.202338346228057,-0.3156631104764973,-9.141846139785423,-14.679116110281985,9.822682232230118,-15.154293386729085
estimated-subspace-empirical,14,217,5.45,0.195,0.205,0.20521432852614216,0.20519455208273454,0.010194552082734537,0.20980451593791433,0.004609963855179783,0.20344123830337424,0.2062484043963055,0.0010340758701633534,0.07278019531702139,0.07278839106109497,0.04170204573494314,6.503073107546827e-06,0.4231391634286387,0.5197499783868746,0.9968893525473463,0.8359196639810564,0.9794785671473858,-0.00014820958607421428,0.0028781517059382235,0.0028781517059382235,-1.872268650714381e-11,-1.9101291610812834e-11,True,2.2921363858505703,0.3988230210568877,0.0,2297.1880756149753,2.8609792490763984e-17,8.259534628964543,5.3724071130956235,6,0,0,80,0.1,0.5,80,10,17.755710191098263,0.11446725824771506,8.624220963930997,16.05885856748498,-8.076337334405183,15.890338943252237,-18.202328077002335,-0.31436327631774885,-9.140442962383366,-14.676871306593506,9.823562818078816,-15.153873040858283
estimated-subspace-empirical,14,218,5.4750000000000005,0.195,0.205,0.20519455208273454,0.20520985256080193,0.010209852560801924,0.20970723174970676,0.004497379188904832,0.20346907094142433,0.20634785338437836,0.0011533013016438165,0.07296447779263575,0.07297289097324478,0.04174529551806504,4.516253442415879e-06,0.42318360874757616,0.5197211893747548,0.9968865171183027,0.836088594415872,0.9794805447917265,0.0011850896906056764,0.0035841795690417107,0.0035841795690417107,-1.8201208739584873e-11,-1.8732902151197133e-11,True,2.2986514384910306,0.40014504744128615,0.0,1903.7960365982092,1.962615573354719e-17,7.875856020849336,5.366944885828022,6,0,0,80,0.1,0.5,80,10,17.75810552746816,0.11010185300454486,8.632599145829277,16.07412329084048,-8.077627935202786,15.882923100348885,-18.20289565454042,-0.31532463348389506,-9.14161171374488,-14.679210698554693,9.822972939951216,-15.15506418259652
estimated-subspace-empirical,14,219,5.5,0.195,0.205,0.20520985256080188,0.2051904139899397,0.010190413989939695,0.20979517716118903,0.004604763171249332,0.20343444676825087,0.20623855372442512,0.0010287011636232468,0.07274847709728052,0.07275666181997387,0.04168373759484011,6.379383583213211e-06,0.42313230098828775,0.5197482019979766,0.9968892982150364,0.8358840984257807,0.9794790147439199,-0.00014824411424592992,0.002870780485300911,0.002870780485300911,-1.8650659742236425e-11,-1.9072644783250255e-11,True,2.2908923495725997,0.3985918788116389,0.0,2295.7030021687337,6.938893903907228e-18,8.257420097378654,5.371237923805215,6,0,0,80,0.1,0.5,80,10,17.75630120339764,0.11410401407978452,8.62457672511689,16.05866163953757,-8.07782632329634,15.890923225495746,-18.202857780513316,-0.31402229471955045,-9.140250541916016,-14.677025257075865,9.823807735459866,-15.154599662242115
estimated-subspace-empirical,14,220,5.525,0.195,0.205,0.20519041398993962,0.2052057204519094,0.0102057204519094,0.2096984138254882,0.004492693373578799,0.20346241992877226,0.2063378355855283,0.0011474215955886713,0.07293154383451676,0.07293994545025796,0.04172734142126182,4.604851096488044e-06,0.4231765819920377,0.5197197898906782,0.9968864800165769,0.8360531632716592,0.979480958601006,0.0011730027463651203,0.003567840352013483,0.003567840352013483,-1.8518536461838184e-11,-1.890551058763415e-11,True,2.29736586271812,0.39991246788700735,0.0,1903.6187449983786,1.97026712507607e-17,7.875000454949282,5.36580241284103,6,0,0,80,0.1,0.5,80,10,17.758659885410133,0.10978449845742091,8.632937781418251,16.073912773595058,-8.079094090052548,15.883551901782168,-18.20340003190704,-0.31497109234891535,-9.141429049490192,-14.679369287498636,9.823184459481485,-15.15574448981813
estimated-subspace-empirical,14,221,5.550000000000001,0.195,0.205,0.2052057204519094,0.20518659877418277,0.010186598774182765,0.20978617217918633,0.004599573405003554,0.2034280343697941,0.20622907398425538,0.0010233535323459775,0.07271575697671966,0.07272393304308242,0.041664776652272806,6.267416435102899e-06,0.423125442826917,0.5197467575309753,0.9968892642029276,0.8358498944263636,0.979479427954809,-0.00014808120962665723,0.0028634095069177672,0.0028634095069177672,-1.8919405292576135e-11,-1.902975181989459e-11,True,2.289625755040718,0.3983567367996934,0.0,2294.229121194245,1.97026712507607e-17,8.255319614795223,5.370090459566397,6,0,0,80,0.1,0.5,80,10,17.756874389085073,0.11378199332079272,8.624929670903363,16.05847619413705,-8.07927962918537,15.89151076486387,-18.203337327331276,-0.31366663620485846,-9.140106878311977,-14.677238972063758,9.823977500557325,-15.155240490830211
estimated-subspace-empirical,14,222,5.575,0.195,0.205,0.20518659877418277,0.2052018943770027,0.010201894377002696,0.20968990857710373,0.0044880142001010315,0.2034561314806583,0.20632818220932417,0.0011415834351413967,0.07289766002674995,0.07290605236178593,0.041708814756760415,4.682285824431822e-06,0.423169573281989,0.5197187026641509,0.996886461718488,0.8360190452809477,0.9794813401225817,0.0011612084712962713,0.0035515798307255123,0.0035515798307255123,-1.8769247415010868e-11,-1.8769247415010868e-11,True,2.296057480694319,0.39967589584650803,0.0,1903.4247005614382,1.9645312551903404e-17,7.874121460122398,5.364680140104085,6,0,0,80,0.1,0.5,80,10,17.75919831878577,0.10950683764115782,8.63327402780933,16.073714032949567,-8.080525593809233,15.88418281784485,-18.203856892156647,-0.3146033014911961,-9.141292926293447,-14.679584687114119,9.823324597627318,-15.156343480895567
estimated-subspace-empirical,14,223,5.6000000000000005,0.195,0.205,0.20520189437700276,0.20518307102566738,0.010183071025667373,0.20977747483311196,0.00459440380744458,0.2034219644349571,0.2062199377974067,0.0010180434204039301,0.07268211824400599,0.07269028778546507,0.041645225773408304,6.165860041745973e-06,0.4231186083973109,0.5197456090842619,0.9968892481053304,0.8358169247419722,0.9794798105622997,-0.0001477379600964117,0.0028560444909704885,0.0028560444909704885,-1.8910108934590784e-11,-1.8974308543264683e-11,True,2.2883380187951756,0.39811794907371084,0.0,2292.7666894450654,1.5540063044689707e-17,8.253234437726187,5.3689626667557215,6,0,0,80,0.1,0.5,80,10,17.757432573992116,0.11349892402024482,8.625279999798485,16.058301735008065,-8.080699010360753,15.892100308254937,-18.20377183364866,-0.3132971036483741,-9.140007021492673,-14.677505666696169,9.824079534234135,-15.155804200667536
estimated-subspace-empirical,14,224,5.625,0.195,0.205,0.20518307102566738,0.20519834129672593,0.010198341296725921,0.209681691465799,0.004483350169073086,0.2034501708129376,0.20631886653717793,0.0011357955115105511,0.07286290611377148,0.07287129122816469,0.04168975762308774,4.749853526127835e-06,0.4231625998346395,0.5197178939292554,0.9968864599902315,0.8359861192758498,0.9794816928974333,0.0011496953614490314,0.0035354082016890967,0.0035354082016890967,-1.8358306073160037e-11,-1.8527422050517207e-11,True,2.29472803164845,0.3994356761025368,0.0,1903.2153672314828,6.938893903907228e-18,7.873223066079864,5.363576203236258,6,0,0,80,0.1,0.5,80,10,17.759723440647765,0.10926663731818485,8.633608041525163,16.07352652514525,-8.081924147150175,15.884814659789674,-18.204271068832902,-0.3142220580670424,-9.141198626707705,-14.679850457027264,9.823400403770018,-15.156869360937572
estimated-subspace-empirical,14,225,5.65,0.195,0.205,0.205198341296726,0.205179799795866,0.010179799795866001,0.20976906127904543,0.004589261483179424,0.2034162044218117,0.20621111997516953,0.0010127786784435155,0.07264763793112068,0.07265580287059523,0.04162514196051496,6.07356016660634e-06,0.4231118132892547,0.5197447251229602,0.9968892478012654,0.835785076408869,0.9794801658703274,-0.00014722998868340248,0.0028486905736206393,0.0028486905736206393,-1.889959636826732e-11,-1.890785867317246e-11,True,2.2870305430226217,0.39787584596772363,0.0,2291.315944046304,6.938893903907228e-18,8.251165665361508,5.367852795790929,6,0,0,80,0.1,0.5,80,10,17.75797818699867,0.11325259487918891,8.625627882020138,16.058137785569677,-8.082086122699241,15.892690724011798,-18.204165868790323,-0.31291448374846037,-9.139946497853884,-14.677819262863219,9.824120538424467,-15.156298552658383
estimated-subspace-empirical,14,226,5.675000000000001,0.195,0.205,0.205179799795866,0.20519503229969877,0.010195032299698759,0.2096737401435693,0.0044787078438705274,0.20344450705577113,0.20630986403138643,0.0011300642355204227,0.07282735600124456,0.07283573575503428,0.041670209794664355,4.8086961685216155e-06,0.42315567536726895,0.5197173340012152,0.9968864728622293,0.8359542776840043,0.9794820200204134,0.0011384519836895824,0.003519333948870861,0.003519333948870861,-1.8978664629861482e-11,-1.9039579004060797e-11,True,2.2933791813253332,0.39919213008214294,0.0,1902.9921075728548,6.938893903907228e-18,7.8723088220489155,5.362489016857294,6,0,0,80,0.1,0.5,80,10,17.760237492752672,0.1090617288340603,8.633939957054887,16.073349731437553,-8.083291350128382,15.885446357737461,-18.204646879846536,-0.3138281453176363,-9.141141885936092,-14.680160824651464,9.823418246880294,-15.157329472665655
estimated-subspace-empirical,14,227,5.7,0.195,0.205,0.2051950322996987,0.20517675799150062,0.010176757991500612,0.20976090981775497,0.004584151826254351,0.20341072543115568,0.2062025973980268,0.0010075650983280837,0.07261238759950069,0.07262054967368699,0.04160457713414698,5.989500516927058e-06,0.42310506988495034,0.5197440778778936,0.9968892614201192,0.8357542491410003,0.9794804967700301,-0.0001465714550353106,0.002841352466577159,0.002841352466577159,-1.909844397827937e-11,-1.909844397827937e-11,True,2.285704716440967,0.39763073660028214,0.0,2289.877081466471,6.992893892674703e-18,8.2491142322359,5.366759358565202,6,0,0,80,0.1,0.5,80,10,17.758513310355198,0.11304086298950376,8.62597346385215,16.057983885952535,-8.083442523428108,15.893280995101996,-18.20452351548309,-0.31251955023562056,-9.139921262618062,-14.678174312261477,9.824106568632445,-15.156730493732262
estimated-subspace-empirical,14,228,5.7250000000000005,0.195,0.205,0.20517675799150062,0.20519194206961747,0.01019194206961746,0.20966603427083705,0.004474092201219582,0.20343911278787127,0.20630115219270645,0.0011243942012058306,0.07279107844708395,0.07279945452159856,0.041650208927998866,4.859818291406196e-06,0.4231488106914053,0.5197169967212834,0.9968864985966357,0.8359234249848718,0.9794823242008499,0.0011274681203895314,0.0035033648460756337,0.0035033648460756337,-1.883060583098365e-11,-1.895056089482709e-11,True,2.2920125283744923,0.3989455596094437,0.0,1902.7561829569447,1.5612511283791264e-17,7.871381865425475,5.3614172355406,6,0,0,80,0.1,0.5,80,10,17.760742391706632,0.10889001503360088,8.634269888493867,16.0731831568311,-8.084628706481062,15.886076953505128,-18.20498818467503,-0.3134223300077592,-9.141118846693162,-14.680510613416537,9.823383882198993,-15.157730390494486
estimated-subspace-empirical,14,229,5.75,0.195,0.205,0.20519194206961744,0.20517392188195793,0.010173921881957926,0.20975300071010677,0.0045790788281488415,0.20340550178275077,0.2061943488624819,0.001002406792864452,0.07257643387447495,0.07258459465354203,0.04158357872047249,5.912785339931713e-06,0.4230983878894244,0.5197436428714287,0.9968892873109448,0.8357243538878099,0.9794808057930382,-0.0001457750383422864,0.002834034641148563,0.002834034641148563,-1.8973875541203813e-11,-1.8973875541203813e-11,True,2.28436191337521,0.39738291082883376,0.0,2288.4502719429343,1.3877787807814457e-17,8.247080934535674,5.365681092013078,6,0,0,80,0.1,0.5,80,10,17.75903972155583,0.11286166047041297,8.626316869700915,16.057839592923454,-8.084769674671207,15.893870212386505,-18.20484842446282,-0.31211305884344187,-9.139927657506762,-14.678565928927688,9.824043097490254,-15.157106245482597
estimated-subspace-empirical,14,230,5.775,0.195,0.205,0.2051739218819579,0.2051890483986927,0.010189048398692696,0.2096585553567141,0.004469506958021396,0.20343396363757868,0.2062927104041428,0.0011187885221848881,0.07275413755591324,0.07276251147266435,0.0416297906852581,4.904105860992603e-06,0.4231420141922937,0.5197168590202006,0.9968865356596596,0.835893476342009,0.9794826078118042,0.001116733504718285,0.00348750710508442,0.00348750710508442,-1.8683352317808265e-11,-1.8853897171300438e-11,True,2.290629611204118,0.39869624865963266,0.0,1902.5087435039013,2.862293735361732e-17,7.870444918619062,5.360359718913762,6,0,0,80,0.1,0.5,80,10,17.76123976984757,0.10874947610685891,8.634597932346066,16.07302632820359,-8.085937627233184,15.886705593745901,-18.205298435149377,-0.3130053628277863,-9.141126019728564,-14.680895179944349,9.82330251175203,-15.158078003723865
estimated-subspace-empirical,14,231,5.800000000000001,0.195,0.205,0.2051890483986927,0.20517127062735194,0.01017127062735193,0.20974531602071667,0.0045740453933647285,0.20340051063197565,0.20618635494534968,0.000997306546656973,0.07253983897264857,0.0725479998777365,0.04156219018259395,5.842624695015336e-06,0.4230917747824894,0.5197433984709774,0.9968893240162247,0.8356953115419609,0.9794810951601307,-0.00014485280838262291,0.0028267407587579266,0.0028267407587579266,-1.884482804739944e-11,-1.884482804739944e-11,True,2.2830034855196093,0.39713264109011115,0.0,2287.0356383153617,3.470530984772429e-17,8.245066400958706,5.364616924319743,6,0,0,80,0.1,0.5,80,10,17.7595589339812,0.1127129986723683,8.626658205317106,16.057704479374454,-8.08606894782957,15.894457567223741,-18.205143861094705,-0.3116957520250462,-9.139962373280081,-14.678989730595955,9.823935072303165,-15.157431382719237
estimated-subspace-empirical,14,232,5.825,0.195,0.205,0.2051712706273519,0.2051863317700698,0.010186331770069806,0.20965128660173896,0.004464954831669143,0.20342903790923897,0.20628451979277784,0.0011132491654259336,0.0727165932950223,0.07272496643240452,0.04160898892339856,4.942338196541515e-06,0.42313529224637875,0.5197169004727856,0.9968865826962943,0.8358643563520014,0.9794828729372648,0.0011062385822528554,0.0034717660971831034,0.0034717660971831034,-1.8531176932765322e-11,-1.8753748271837665e-11,True,2.2892319090700637,0.39844446506708203,0.0,1902.2508417418742,2.8662335771926895e-17,7.869500365613371,5.359315501292266,6,0,0,80,0.1,0.5,80,10,17.761731014159146,0.10863817279878686,8.634924169611185,16.07287879279388,-8.087219435423561,15.887331522304319,-18.205580719710454,-0.31257797903486784,-9.141160247505116,-14.681310357477962,9.823178838950342,-15.158377590778425
estimated-subspace-empirical,14,233,5.8500000000000005,0.195,0.205,0.20518633177006979,0.205168785916384,0.010168785916383982,0.2097378394505312,0.004569053534147216,0.20339573163084704,0.20617859786513826,0.0009922660950684725,0.0725026611196669,0.07251082343829504,0.041540451458367864,5.77832218333854e-06,0.42308523620015903,0.519743325507506,0.9968893702473391,0.8356670517820597,0.979481366822993,-0.00014381526180665198,0.0028194744916632663,0.0028194744916632663,-1.8714081051172016e-11,-1.8809275572946802e-11,True,2.281630763404313,0.3968801846069261,0.0,2285.6332752875946,1.5540063044689707e-17,8.24307114750209,5.36356594729154,6,0,0,80,0.1,0.5,80,10,17.760072232377336,0.11259297127294766,8.626997559471057,16.05757813281083,-8.087341628521092,15.895042344041627,-18.205412748431137,-0.31126835321378815,-9.1400224154708,-14.679441784915367,9.823786966520021,-15.157710903322155
estimated-subspace-empirical,14,234,5.875,0.195,0.205,0.20516878591638396,0.20518377501809912,0.010183775018099112,0.2096442127424407,0.0044604377243415705,0.20342431627533197,0.20627656308304773,0.0011077771666637704,0.07267850179274958,0.07268687540084687,0.04158783574879027,4.975202766369141e-06,0.42312864956169055,0.5197171029863707,0.9968866385084775,0.835835997958694,0.9794831214083616,0.0010959742933783897,0.003456146428850481,0.003456146428850481,-1.8377457674581122e-11,-1.8720349077994746e-11,True,2.2878208424224384,0.39819046185780316,0.0,1901.9834485979927,2.8609792490763984e-17,7.868550291492888,5.358283766181963,6,0,0,80,0.1,0.5,80,10,17.762217297135553,0.10855424875797141,8.635248667557137,16.0727401164742,-8.08847537087178,15.887954072725925,-18.205837803663208,-0.31214089424931574,-9.141218672679,-14.681752406495889,9.823017117725929,-15.158633885234522
estimated-subspace-empirical,14,235,5.9,0.195,0.205,0.20518377501809912,0.20516645162265904,0.010166451622659028,0.20973055620094638,0.004564104578287348,0.20339114664062952,0.20617106134570842,0.0009872863276093047,0.07246495487402267,0.07247311977386658,0.04151839933206163,5.7192616703512795e-06,0.4230787762497815,0.519743406981102,0.996889424864815,0.8356395120646453,0.97948162249819,-0.00014267248690706455,0.002812238874892513,0.002812238874892513,-1.857919845594111e-11,-1.8935107597127048e-11,True,2.2802450444765157,0.39662578345694405,0.0,2284.243252624086,1.9645312551903404e-17,8.241095572855139,5.3625273921569585,6,0,0,80,0.1,0.5,80,10,17.760580699801924,0.11249975595635232,8.62733500678383,16.057460155767224,-8.088588921182401,15.895623912898529,-18.205657703790575,-0.31083156919444643,-9.14010507505014,-14.679918563793322,9.823602826833078,-15.157949290648977
estimated-subspace-empirical,14,236,5.925000000000001,0.195,0.205,0.205166451622659,0.20518136300932596,0.010181363009325956,0.20963731992031776,0.004455956910991793,0.2034197814948023,0.20626882447458075,0.0011023728519217457,0.07263991574349656,0.07264829095724486,0.04156636166168779,5.003305739008387e-06,0.4231220894771913,0.5197174504837634,0.9968867020363809,0.835808341496201,0.9794833548377341,0.0010859320434308366,0.003440651946527856,0.003440651946527856,-1.9057873647791294e-11,-1.9057873647791294e-11,True,2.286397776438644,0.3979344789943213,0.0,1901.7074518217999,1.734723475976807e-18,7.867596507276538,5.357263823718588,6,0,0,80,0.1,0.5,80,10,17.76269960380146,0.10849593188417539,8.635571481829382,16.072609884039288,-8.089706594905923,15.888572660705302,-18.20607216396465,-0.3116948063579517,-9.141298709729623,-14.68221797084854,9.82282119673847,-15.158851134546659
estimated-subspace-empirical,14,237,5.95,0.195,0.205,0.20518136300932596,0.20516425353412446,0.010164253534124451,0.20972345281910246,0.004559199284977999,0.2033867394680937,0.20616373049764278,0.0009823674883168154,0.07242677147635602,0.07243494001738775,0.04149606777922046,5.664898670072394e-06,0.42307239778506633,0.519743627766598,0.9968894868598535,0.8356126367216519,0.9794818636990674,-0.00014143319185469164,0.0028050370194890478,0.0028050370194890478,-1.8440896616391004e-11,-1.8923059744105457e-11,True,2.2788475950875315,0.39636966641663673,0.0,2282.8656030245406,2.8609792490763984e-17,8.239139966001282,5.361500608188973,6,0,0,80,0.1,0.5,80,10,17.761085245104493,0.1124316148598229,8.627670609502355,16.05735016606938,-8.08981195395512,15.896201722153108,-18.20588107265498,-0.3103860852950809,-9.140207901108726,-14.6804169016276,9.82338631498951,-15.158150568930445
estimated-subspace-empirical,14,238,5.9750000000000005,0.195,0.205,0.20516425353412446,0.20517908238401047,0.010179082384010468,0.2096305955429224,0.0044515131589119294,0.2034154181697914,0.20626128950138903,0.0010970359672645702,0.07260088462160977,0.07260926247245732,0.041544595595143535,5.027182718689059e-06,0.42311561419669286,0.5197179286691438,0.9968867723415092,0.8357813338136791,0.9794835746465875,0.0010761033607737567,0.0034252856490621314,0.0034252856490621314,-1.8888388300050047e-11,-1.8983418069447212e-11,True,2.284964020099454,0.3976767436497059,0.0,1901.4236612198304,1.5515838457795457e-17,7.866640581335283,5.356255091030859,6,0,0,80,0.1,0.5,80,10,17.763178756975357,0.10846153416802165,8.635892657724977,16.072487698547864,-8.090914195099433,15.88918677735471,-18.206286020334268,-0.3112403927367269,-9.141398019472133,-14.682704038738567,9.822594559310895,-15.159033152298003
estimated-subspace-empirical,14,239,6.0,0.195,0.205,0.2051790823840104,0.20516217908365883,0.010162179083658823,0.20971651709005468,0.004554338006395847,0.2033824956372561,0.20615659169136594,0.0009775093073555452,0.07238815909842347,0.07239633224374266,0.04147348824297832,5.616919959216802e-06,0.42306610262392447,0.519743974383354,0.9968895553387153,0.8355863761522875,0.979482091761599,-0.0001401059128856052,0.0027978713100666637,0.0027978713100666637,-1.8299876554271802e-11,-1.9080814170574344e-11,True,2.2774396424743126,0.39611205031118557,0.0,2281.5003396295538,6.992893892674703e-18,8.237204525627982,5.360485044448907,6,0,0,80,0.1,0.5,80,10,17.76158662661162,0.1123868943540392,8.628004418549203,16.05724779598068,-8.091011783237564,15.896775292109774,-18.206084957080435,-0.3099325689625764,-9.140328676775017,-14.680933958265147,9.823140745373932,-15.158318352437089
